Loan ID,Credit Score,Months since last delinquent,Number of Open Accounts,Number of Credit Problems,Current Credit Balance,Maximum Open Credit,Bankruptcies,Tax Liens
f738779f-c726-40dc-92cf-689d73af533d,747,NA,9,0,621908,1058970,0,0
6dcc0947-164d-476c-a1de-3ae7283dde0a,734,NA,11,0,679573,904442,0,0
f7744d01-894b-49c3-8777-fc6431a2cff1,709,10,10,0,38532,388036,0,0
83721ffb-b99a-4a0f-aea5-ef472a138b41,727,27,16,1,156940,531322,1,0
08f3789f-5714-4b10-929d-e1527ab5e5a3,744,44,14,0,359765,468072,0,0
a4957169-d809-44cc-847b-975400bc8d11,741,NA,6,0,258647,476872,0,0
43467302-94fe-494b-b52f-3fd891fea71c,733,NA,42,0,281599,1449162,0,0
930c7cb3-6086-434a-9547-3ed41c181552,,NA,9,0,233206,342232,0,0
0b2f1b66-741e-4e37-a929-99926cdc9e9a,736,NA,2,0,0,0,0,0
d08f3a5e-93df-40e7-bdd8-cba59180bddf,683,56,8,2,31445,251130,2,0
3102b699-a2d2-4df4-9c33-005dc41e3525,,52,4,0,102087,198330,0,0
663ad9a3-4691-4f8c-90c6-75a5f4f0b34f,723,64,12,0,128402,266904,0,0
1e277d73-10b5-475f-8538-2a5a09d62c8d,680,NA,13,0,167903,388828,0,0
79d992b7-0aa7-4059-a10b-3d416809d77e,,21,9,0,384522,657646,0,0
c3c63911-be01-410b-a20a-85cb9bb83712,,8,25,0,318953,971872,0,0
a913063f-af67-4a8d-b663-e83b9085180d,696,NA,16,0,431490,999262,0,0
e326b52a-66a2-4155-925a-91dcefa97c8a,729,NA,13,0,151088,264242,0,0
add946a5-20a5-4211-bf22-408525123b1d,742,29,37,0,212800,502876,0,0
cb6f7b00-62e7-4e18-8e73-73e60396e270,715,25,14,0,65474,284966,0,0
e6246fe9-6b7b-448c-a817-f91b58199e32,715,47,5,0,137332,272734,0,0
ebefe6f6-41d6-4903-a694-7e98d69ab755,744,68,14,0,729695,1307922,0,0
eda0e007-b2b1-486a-b4ce-58adefd6c0bd,747,NA,7,0,164350,569778,0,0
82bf9406-2a78-4db2-ac3f-05b024cfbb54,722,NA,8,0,347396,553300,0,0
5dfdc862-7427-4cb7-ae6a-a6b8c9f9eae2,740,55,17,0,330581,843128,0,0
c5dca97f-d869-458b-ad84-b12093926dd4,736,NA,8,0,121467,215380,0,0
0905734d-fa9f-42fe-a612-b653393ef027,708,NA,8,1,125020,343860,1,0
10d9c56c-56f9-4a82-ad94-e95ecc25a58a,,NA,11,0,827051,1003816,0,0
ac8e5698-16a9-46f0-8b57-3fa2e145f8fd,705,15,14,0,174344,348062,0,0
a656f70b-632d-4513-a20b-88f1edf2c21e,,NA,4,0,85633,126632,0,0
6b3d25b3-33b8-41e3-9995-d6a274ac5844,,NA,16,0,684950,1054636,0,0
af0a5a13-350d-4540-a254-c32545ebe2cb,740,18,8,0,164008,225280,0,0
d4407af5-9e67-4465-9415-94c3b9575ea4,,6,7,0,16511,108064,0,0
65d23a2f-1818-4cfb-923d-75bdb52013f4,738,NA,11,0,380228,608938,0,0
f95c766b-55ca-43a7-966c-67a3ad82e142,717,32,9,0,256139,423104,0,0
cc43b784-97e5-4a6d-a75d-1e03f7d059dd,706,NA,13,0,549100,1464980,0,0
f8fa11bd-d0d2-4c9f-998e-9f9d866803a7,6470,NA,19,1,183863,809490,1,0
875c3df0-d022-4aa5-aced-8f29d6722489,712,NA,9,0,458679,624096,0,0
769e4e52-d0e7-435c-a87d-1dbf2daaaf94,706,NA,4,0,1596,306196,0,0
41e8f5a6-78a8-4f1b-9de3-4c6079d52076,704,NA,18,0,423092,769054,0,0
c3552bfe-912d-42f2-b25e-73d899e0de8b,736,46,10,0,204516,621566,0,0
89dbf9cb-714a-44de-9412-add4e3e85c45,,38,10,0,402059,650188,0,0
dd80a04f-e1d4-4182-9bf7-a1966558e28a,,69,10,1,209361,338580,0,0
4066eff2-4f29-48dd-9408-9c0cc68afc42,,13,11,0,165186,466532,0,0
a652d67e-e99d-46d7-b8c4-aba02bfe3403,,37,21,0,356687,1868768,0,0
628dd91e-2c5e-4a07-b5f5-00b4cbc93253,733,NA,5,0,110884,224840,0,0
1e5e3699-94cc-4887-ba33-29d0b1096a15,,NA,10,0,126179,241890,0,0
b69432ba-4651-415b-9fe1-200469d3c9fd,,25,12,0,321898,847066,0,0
2f5d0697-7dbb-44b2-9bd4-db4a51370f61,706,NA,17,0,258172,797170,0,0
8ab9234f-3964-4c1c-bda0-d993fbd62f24,646,11,7,0,130264,187594,0,0
42a25517-cef8-41d4-b56e-629e17618252,682,53,13,1,81358,382910,1,0
9386034f-3370-496c-8695-0082aa055281,,NA,26,0,658559,3272720,0,0
443bcf4c-2f98-42c9-8034-0870be82c4c6,717,2,10,0,136952,554488,0,0
a58abd00-1fa0-412b-8d02-4a272f3c4d66,713,NA,7,0,232655,386496,0,0
65688ec3-f816-4745-8eb0-79a08c41ecfd,716,71,7,0,94677,167618,0,0
d4fe49c5-f897-4540-9366-f2099e3bc9b6,649,NA,10,0,510093,925760,0,0
534159bc-4ac2-4f65-9637-12ba88afa78d,688,NA,7,0,115444,218064,0,0
8310d972-63ad-4a60-9a79-4a75862fb5f6,747,NA,26,0,137256,2337082,0,0
119b9755-018f-436c-aa50-0a9b4c13f0d3,702,NA,13,1,155800,451044,1,0
61d9fcf2-81ac-409a-8582-7dbee3c2d28b,674,26,13,0,155078,1081740,0,0
2948d139-5fcf-40af-9a32-7e3d0f181164,742,NA,10,0,226708,653026,0,0
121819ed-eaeb-44a0-b6be-5311b12fea37,,74,10,0,333678,482966,0,0
2107184a-4425-409d-a86e-76c0134d797e,733,40,19,0,16492,149138,0,0
f30d1652-e200-4672-8d07-e4e2b2c1f3a8,712,40,5,0,70205,109692,0,0
96352ce5-5129-4444-a07c-9e7390d2352e,746,NA,15,0,668629,1084314,0,0
875edb92-c7ec-4a05-8824-912927f015e3,719,NA,17,0,384351,1101562,0,0
a4f187d0-8f0b-4b39-afed-525e169f53cd,740,52,15,0,189449,507782,0,0
dee684fd-e1f1-48f7-a97e-c4fb2287f7be,707,NA,9,0,356554,571010,0,0
d1fc9fab-c527-4bb4-83bf-09ac9e459766,726,NA,7,0,168074,321156,0,0
5caa7b9b-6313-4d33-8e01-cd3a81a1f771,7440,NA,9,0,387277,1047706,0,0
14357507-a87b-4196-9895-0e9fdae22b65,740,NA,8,0,218614,371184,0,0
872e132f-e066-40a3-926c-16e51fabce5b,731,NA,11,0,84930,339086,0,0
6d56e22d-99f0-458b-a02f-3480c5ccb3b1,751,NA,18,0,354920,2151556,0,0
f07b51a2-773f-403c-bca8-8b49db584b1c,685,NA,13,0,358359,527912,0,0
885c40ae-6672-457c-8ee4-03c2f5069b6c,722,NA,17,0,448514,1022318,0,0
57c8c784-d7cf-4cdb-a0c1-4a79716dee82,721,48,9,0,431414,731368,0,0
e44cd186-969e-402a-a477-34623d8cb71f,,NA,7,0,54986,117260,0,0
99565f3b-7644-4f15-b869-4bdde4cbec4e,7110,34,18,0,143697,311608,0,0
3fad35c7-6e68-4844-975c-337531bdb98f,652,NA,9,0,133817,303226,0,0
20bca72c-e5f3-4513-bab8-42f8fde05607,740,13,14,0,579937,948464,0,0
572b4f50-926c-4fa6-9c78-864898ffdee4,748,NA,11,0,211242,1881462,0,0
170a2bf9-fd2f-4a9d-9f2f-7d2ecfb22b34,740,NA,15,0,1137036,3033580,0,0
efd9fafc-ba0e-4d8d-98c2-86a24e361606,667,6,7,0,196992,254584,0,0
f8edc5d8-1b14-41e1-8f74-0df42e6d9e61,743,7,15,0,133133,213510,0,0
ad1bee4b-5993-49e6-afbe-f344f079ada0,,43,11,0,721715,1069992,0,0
4dd12f87-b666-40ad-a1c8-3794557f96ed,,NA,22,1,563293,949388,1,0
41408c28-ce1c-4acf-8a2a-2941c93b84dd,,NA,10,0,304133,525602,0,0
e840a6a8-28a2-4b38-9863-390381eebee2,746,20,5,0,298623,917180,0,0
a900656d-6764-4fe1-bd64-8452ee62e540,747,11,10,0,160474,529386,0,0
01579727-e7e1-4621-98de-ea7b6f0a68a3,738,14,11,0,589285,1201288,0,0
32c5d204-f4d0-4174-907b-a7882629a563,,NA,11,0,97774,193182,0,0
008f1b41-9312-44b3-8531-c00f3f28da51,716,9,21,0,466108,958606,0,0
ea65b743-89e5-4d97-8ecf-03703ebb2254,717,40,7,1,127699,176858,1,0
7648926c-e646-442d-a9e3-12e388c104a6,690,NA,11,0,97869,602822,0,0
976a2cac-aebd-4945-84fe-b2d6dfdab4c1,742,NA,5,0,79363,685740,0,0
1eb4c0ae-7d6b-4764-8b74-60a24e341cd7,7150,66,8,0,80750,102520,0,0
b23ef893-c6c5-4265-a1b1-b15dae47049c,,NA,7,1,85424,202708,1,0
210e2ee1-da9f-4425-91ce-3ceef9375924,736,NA,13,0,170221,227348,0,0
7d91aa45-370f-4d1f-9552-bfe5b2114dc6,701,76,9,0,231401,380050,0,0
a203fa20-677f-44b3-ae93-cbb2c9071c2d,730,NA,6,1,30552,123288,1,0
d75e5258-a7de-439b-8793-7a7c09f79469,,NA,18,0,209171,552970,0,0
4b6f02e7-0ed8-4741-a068-b8366b05d6f1,746,NA,3,0,3553,32428,0,0
67005762-fca0-4199-b797-72b89189aa99,,39,10,0,117439,358776,0,0
e9ca0f79-3980-43aa-96b7-d210f4b4f8a0,,NA,14,1,186257,346720,1,0
697dc6eb-f12f-4751-88c1-350f9acc1583,730,NA,7,0,763857,1188792,0,0
4a624373-e8df-4aec-b8a3-9fe0d51a81b4,697,NA,9,0,786942,1143274,0,0
81efdeb9-ed7a-4ac2-905d-e771d943781c,727,11,11,0,175427,448404,0,0
fac9e81c-fcea-4670-a7b2-2761de9c2c6a,717,78,7,0,276754,494538,0,0
26881993-c57d-436d-9c53-747c93062d58,699,36,14,0,107730,188452,0,0
54f7a5d4-9950-4609-9ad4-1567214d55f4,,NA,8,0,93176,567842,0,0
77621b6d-9931-4e65-84a9-a63e526c8425,648,NA,19,0,473214,740432,0,0
90eacbeb-a1db-433d-881e-0f0b899dbd35,673,NA,8,1,363375,627990,1,0
ab2dd4c2-7967-4ca8-a1e3-06b2180d2eda,738,NA,10,0,95456,311366,0,0
ce6562c3-f100-4342-8fe8-f03d33ba9ff4,749,NA,15,0,65968,606210,0,0
8b38a9dd-8ced-48eb-9274-b11eacc9d61f,657,NA,24,0,600096,1030942,0,0
e18004ba-2c00-4b05-8a7c-4aa5e064bd15,704,40,14,1,109003,167376,1,0
e1b24cf6-7a52-45fb-9819-20fec94fd46c,6640,NA,7,0,75487,195558,0,0
79806be3-e91d-4778-bad3-1625eab52c4a,707,NA,13,0,419710,880396,0,0
1114a7c5-4cea-49c1-b4e3-7ca2183da503,712,19,5,3,159239,312510,0,3
46042ce5-d55b-48e7-a7ef-e366bd9a990e,707,82,12,0,772806,963204,0,0
b2d8c240-ab29-4e47-ad29-b36d33ce850c,743,NA,7,1,30438,244750,1,0
b982ff23-cc94-4f94-8b9f-ffb6952a5d0d,,NA,11,0,210615,258874,0,0
b9fd3ef3-a307-4f0f-8eb7-6dd81065eaf9,,16,10,0,257925,449768,0,0
e5aee504-b3ea-46a6-8080-323b9e03606b,725,5,14,0,144704,504680,0,0
cb107c87-a35b-4dd4-8def-32b1d1fc022d,675,NA,12,0,66006,250580,0,0
98897c15-fe6e-4355-a7c5-172f2fef683c,,NA,7,0,110580,158092,0,0
b3b5a924-cf67-4854-bc9d-fb4578e415a1,721,77,18,0,323380,455510,0,0
4743708e-2969-462c-baca-1bbe549fa00d,720,33,9,0,300694,399278,0,0
bbc5843d-49f6-4133-b380-7c992c9bde86,,NA,15,0,386612,1695628,0,0
c8db376b-19cb-48de-ac87-86fbc191c6ca,728,NA,15,0,334628,646844,0,0
15b6288b-6cc7-46ab-a05f-07a66de90594,742,NA,10,1,580963,1067792,1,0
4d944982-59d6-4a3c-8e11-e16e01107f79,746,NA,8,2,692949,1582548,0,2
74b7e7f9-537d-4f7d-99b7-18a7d19a074f,,NA,7,0,338428,876678,0,0
620f3b20-fcc6-4d91-8518-b6e840265b4a,731,51,14,0,160341,1355156,0,0
8f9d314b-fd65-4ae0-9670-f9bcbe365266,724,NA,10,0,52934,255332,0,0
1b4770da-77b2-4d1b-91ff-f1aff109ec60,748,NA,20,0,291099,1353660,0,0
332119fd-3f18-414b-a20f-caab811e1c5b,709,NA,13,0,220286,362824,0,0
f0c23640-cc6f-4b51-b581-caacfcf96a1e,695,36,32,1,294614,1176274,0,0
4a6b72d0-a633-4663-81e3-a8d80a6ddd6c,643,2,8,0,64619,82676,0,0
1f6909a8-e8ab-4a06-8613-4d1c3e47f682,745,36,11,1,69407,275220,1,0
b0f056bc-5174-48f8-9e07-36efa8ea3b9c,747,NA,16,0,607107,2440878,0,0
cfd7fec3-7953-4d1e-9c37-a1f85d946780,714,56,5,0,78546,117656,0,0
374d894c-0b82-4b42-8839-f3cc41bc4097,725,NA,7,0,211679,441628,0,0
ec82d38a-9841-4651-a99b-bbae805d8260,,14,11,0,25365,114730,0,0
8fc3a318-ec83-47bd-812b-0752bc03ca26,,23,9,0,137750,301510,0,0
e9ec45d6-2b2f-408d-847d-60152b09c9a7,746,28,10,0,74765,250206,0,0
d1e923ec-acf9-477a-a6ef-bc7a452b1f20,738,78,16,0,539961,897006,0,0
9bceb9c7-2f9c-4083-aed1-074fa65116b7,,12,9,0,105412,266508,0,0
8ea4a6b3-f3e9-4650-8dd1-06a4658c13c2,,NA,4,0,489744,851466,0,0
a0b5d6a8-1d2d-4ccc-afb8-071ce8568abf,741,NA,7,0,861156,1140876,0,0
7a803b96-d81d-47d9-971d-40fc1a72e912,716,61,11,0,231344,401038,0,0
86996221-8347-488a-a56f-acd59fefd078,708,44,10,0,99180,219164,0,0
ea469114-fc51-480c-8f4d-b3a9819255bb,,NA,14,1,1136485,1638780,1,0
fd149f1c-f169-453a-8a9d-24adbec35042,745,NA,7,0,154261,472538,0,0
ba96acd2-d156-45f8-a4d3-34aab4b12e32,737,28,16,0,346617,707850,0,0
7b58bc6b-da5a-4b55-84b1-922fcb35108e,742,NA,15,0,201134,684992,0,0
3facb4ad-7820-433c-979f-bb8df0ab3060,743,NA,7,0,101973,219076,0,0
d00c7418-06c3-4b0d-a329-defa9884c7b8,708,NA,10,0,76304,552222,0,0
eb427bde-c8db-4bf8-b681-a28129acdb52,737,45,16,0,166136,307296,0,0
d17473da-6063-475f-9a80-01fbec10657f,742,26,10,0,1172718,1398430,0,0
e31c29cf-ca05-425f-9b3f-4764bf806173,713,72,9,0,539030,762058,0,0
b6e99e16-fe7c-4bc6-bb1a-3e3893acc6f5,606,NA,9,0,34238,72732,0,0
a2d200ae-277b-4536-baec-cf670467315f,709,NA,19,0,211489,1475166,0,0
29209e40-7ce0-49dc-9d40-648211a05673,713,49,10,0,132544,534732,0,0
c44ca1fc-ff25-4efe-9cb4-84744ef604ee,741,28,15,0,284278,901802,0,0
6348a923-fd5f-4b80-b1c7-66a9493c4671,707,41,13,0,316160,416460,0,0
6c46a87e-2937-41eb-896e-04f480db12bb,675,10,4,0,38722,53196,0,0
1a0951dd-d662-4a40-b063-647839111d0b,731,33,6,0,114,67188,0,0
e92b5887-7d96-4a98-8d7c-754222991380,634,65,10,1,44327,255310,1,0
545f60ac-a2cf-4390-a21f-8f96d74f6588,713,36,21,0,87799,612370,0,0
99cf2720-48e8-45d7-953b-52ff1020907c,,49,10,0,227335,427306,0,0
a8a6724e-668f-40e2-ac82-97a58c23eb24,683,NA,14,0,146338,382470,0,0
dfa94735-8756-45f8-be1c-4ef12f9397ce,735,55,17,0,73549,197120,0,0
93b90b03-2616-48d6-8ddb-fb484d881d98,707,NA,13,0,953857,1434378,0,0
8ff2d033-21ae-442e-98fe-df70d8340875,,NA,6,0,339226,458348,0,0
9d892d0d-5b6e-4cbb-8bcb-348e1a64cc79,722,55,12,0,238621,325820,0,0
f0ab9acc-c8c6-48ad-b91b-555530cdbba3,697,37,2,0,19950,54384,0,0
a44e0215-3183-4296-a3b2-79f2ee3fc58b,695,NA,6,0,89547,148324,0,0
0bf9cfd3-d64b-446d-9a21-02455e00e823,701,17,7,0,75316,192940,0,0
64a2901e-440b-45db-afc6-ef26192f3445,,36,8,0,62814,246576,0,0
a0c5de8b-543e-4b5e-9d41-53239196ab90,731,20,15,1,32110,97328,0,1
cbc7488c-f536-41eb-b248-1977abb00d8d,,NA,11,0,338732,1431430,0,0
350f8d58-46e3-4755-9770-9aeafc865975,710,15,11,0,56544,382888,0,0
13ba0f3a-fdc5-4450-96c8-148605eb3650,,6,22,0,2660095,11536008,0,0
0db1e80a-9ad6-4fe8-a477-834adb949c77,7350,NA,19,0,2092280,4017640,0,0
3df2de5c-2eb9-489c-8272-931e92168d49,732,51,9,0,0,0,0,0
3e698954-5597-4ab9-bc4b-134620e0dd1b,736,NA,22,0,537852,777524,0,0
54f66553-d57d-4726-9a60-87c0d58921ae,707,14,12,0,150936,232078,0,0
5692a0fd-f3f6-4fe2-916d-ac3c73fadeb3,701,42,9,1,97071,226138,1,0
dccfdd5b-5556-47e2-a3f4-ee3303280a5c,732,NA,19,0,725135,1367476,0,0
b2103475-bde1-4346-8fca-469eb4bbb06b,706,NA,10,0,177004,513656,0,0
fee689ce-e931-412f-8074-cca0c074b380,709,12,5,0,239229,352418,0,0
6b5a6e83-7511-40c8-aafd-0229cfad2aee,701,NA,13,0,347947,489566,0,0
b45c6064-00c6-4081-9ffc-b0232487c940,652,33,9,0,193971,271260,0,0
5bb59772-5822-4d9d-8090-a137b7cbb605,746,48,19,0,203471,1095842,0,0
7dfc1e9f-9560-4d0b-9484-87febccab72f,737,NA,4,0,220457,312818,0,0
0bbee426-08ff-4672-88b6-199edcd1ae22,708,NA,19,0,406885,651662,0,0
829d30a3-677a-417a-923f-ee9a2e44a262,746,50,10,0,14611,144540,0,0
311e9385-6606-44fd-bc33-468404e6b020,731,NA,4,0,130188,268224,0,0
c3673488-fadd-45b2-9557-61bbd083e5d9,,NA,8,0,457881,1084226,0,0
55a2bb5e-cd16-4141-9bac-9dbaecfdf3da,7400,NA,10,0,285570,387200,0,0
31e379bf-2c2b-4ce0-9525-936c5a9fe733,737,NA,9,0,255417,332310,0,0
e84bf849-90a1-46a8-abdd-c3ddd8603609,,NA,6,0,322981,408276,0,0
1719704e-0ac6-49b6-ad0c-c1f830be7b0c,749,64,9,1,323912,713042,0,0
fe48b90e-6bbc-43bb-82df-039593bca3b7,663,49,17,0,165528,426888,0,0
48f0170f-9883-4077-bf28-185aec7d4bfc,720,73,9,0,635265,793496,0,0
7e8bf45d-6ca8-490c-8fd5-65996aaf8c55,707,NA,8,0,254391,388586,0,0
295e39eb-0101-4aed-8bd3-15cd40e4d638,732,NA,7,0,331569,467060,0,0
d45e0169-fe85-4a83-b0a7-7b17fc1957d7,744,NA,8,0,54169,285142,0,0
63d12b72-4b31-4b49-952b-2f0a8c669980,,NA,7,0,24377,239228,0,0
57ced483-0ac3-41eb-b22e-8e2bb22e7b5f,,71,26,1,410362,1044318,1,0
b1f7294d-794c-4d44-b1c6-c558d4c71855,712,20,9,0,339815,496826,0,0
cf677437-10a9-4cf0-bf77-c8c588749b33,706,NA,11,0,401375,511852,0,0
35e87c65-34d4-4c50-8e25-fc6d9c48b53f,740,NA,10,0,285323,671484,0,0
b0abe073-893c-4529-a0b8-b2f98da2ae18,727,NA,13,0,356231,440682,0,0
5558b7ae-153b-454e-ba32-16a7d4439108,,8,10,0,165281,285648,0,0
7414a8f0-3d74-45aa-94e3-2b90ff04c48a,744,NA,10,0,453150,1097690,0,0
fb697810-b2e7-4d98-8a08-59d4a69d56f0,704,35,13,0,2203791,5406258,0,0
f340deb1-d4f1-4c46-bf49-1467aa0c15ee,676,NA,10,0,59166,110682,0,0
014b7156-33db-4dac-b093-0901ff4b4dbf,744,5,20,0,373692,1456884,0,0
c35cedca-ff49-49c6-83b3-896180af11e6,733,NA,18,1,343938,502216,1,0
e52b1146-d633-4b9d-8f96-1f62be018ff5,698,27,15,0,472283,654896,0,0
50520e11-f7c1-47ed-b38d-591694014064,,46,7,0,104234,179322,0,0
d4b0672c-0753-4409-9ab0-a6b6e09ba2cb,,19,16,0,175731,929104,0,0
3ae5ca1b-5bcb-4570-8f77-ea92b39b8f4a,719,66,11,0,285950,453574,0,0
f7374548-ac77-40fa-96ef-5c6c8a718861,730,NA,10,0,360867,426800,0,0
e328f5e1-aa70-4220-8cdd-a95062bf7073,745,NA,8,0,44688,522588,0,0
d1cd4a3b-1c0b-4ecb-85bb-f1e57159a3dd,750,57,12,0,255816,881562,0,0
76cf3285-ac14-4f89-b089-0352eea85221,744,50,7,1,166459,338140,1,0
41c9a7b9-eb1d-4e97-adfb-0e35d43233fe,,NA,8,0,79724,566324,0,0
a8a1ff3a-e9d1-4b16-b31f-bc911dd9f9af,746,NA,5,0,73302,297792,0,0
67ec3be4-48db-4a2f-8e14-465680189cf1,,NA,8,1,302024,434962,1,0
b0bc39c4-4786-46a1-924e-b7a38a7bd55c,721,33,8,0,145293,199320,0,0
7a4158ac-a251-4150-b0cd-999456d308c2,745,NA,14,0,622383,1168002,0,0
e4524b23-f90f-4790-a286-c3022ea0e4a7,,22,11,0,147592,401170,0,0
2f23b2cc-53b0-469a-b69c-a0f565f3c1fc,730,NA,10,0,155591,488246,0,0
69382bb1-d5fe-459c-ac95-8e49a7f07526,729,50,11,0,372077,474474,0,0
88a599fc-5760-4a52-b07e-d6ce5a8eba99,668,20,21,0,579500,1235740,0,0
617b1d39-9349-48e5-b9ac-323268c96c2e,740,NA,16,1,97318,450692,1,0
e583c5f6-4c42-4494-9ce4-b19b7a577225,749,NA,26,5,262694,1376320,0,5
796e46ac-07f1-4e93-8869-592a92c73baa,717,14,6,0,234099,512380,0,0
5c6ede3e-b576-4da2-8047-e4447cbde5c3,729,29,5,1,79914,106854,1,0
778cfdb2-fa4c-4407-965c-acd2843f7c43,7030,22,11,1,14592,238106,1,0
b8215a16-4301-4a6c-a4f8-1b35725e6925,745,40,13,0,205770,505868,0,0
b88a6b90-ef3d-4eeb-9035-bf6a2bd8bb51,746,26,20,0,89281,494670,0,0
a18b8bdf-d9e1-4ed2-bf9b-be8eed6feb50,,NA,12,0,291935,931194,0,0
cf045fc8-1d73-4b28-9038-72d2e5367c30,7070,NA,9,0,237082,315524,0,0
712fa429-26ed-4eb7-9a90-ec5a38515d50,7450,67,11,0,170088,360074,0,0
947fccf7-dd72-4523-87dc-c2aa4d519b2f,741,71,9,0,229805,474298,0,0
94fb329a-df15-4cbb-9548-01fdcf471517,749,NA,9,0,381273,796884,0,0
3946cb35-af9b-4987-a149-17a680a0e644,,18,6,1,89357,215578,1,0
b73342fe-151f-4834-8c07-fac9e131a0bc,694,33,12,0,201761,295350,0,0
cc497727-8f03-4a42-9b62-66264228dfb8,656,30,11,0,285342,358732,0,0
e39e64d2-01c7-472b-b2a6-2cd9d5adb75d,,9,9,0,312246,936650,0,0
d14505fa-f9df-4df4-b99d-9b225508edce,,NA,18,0,426683,748550,0,0
2c677e68-e88e-4e4c-8764-be39f33d4372,741,19,6,0,4484,33110,0,0
9cac1412-0ff2-43d8-8b0b-8c2410b0877b,706,NA,15,0,548568,903518,0,0
13223345-1aa9-41f8-9992-7cd4bee7bebc,737,NA,19,0,585561,2023912,0,0
ff1cd31b-5399-42af-9781-1de4a826da19,,NA,10,0,659661,1483130,0,0
bbd1f989-501c-4ade-a106-52dbd0e605a1,741,NA,21,0,343691,487696,0,0
275b5f09-53ca-4cc3-849f-ce0de768823c,736,NA,13,0,133247,232716,0,0
ea6f86c1-b858-4c1f-9a15-f2e156075698,,22,12,0,281865,490776,0,0
dbc6a3de-a8e0-4717-ba5d-fa29b32ad01f,729,NA,8,0,186105,388960,0,0
6cb83e11-1b4a-4de8-9bfa-c05ad4f7a74f,703,NA,5,0,92530,173360,0,0
5ef05316-4c55-446b-8f4d-3717ef24139e,650,NA,15,0,390640,637054,0,0
09ee53d8-721c-409e-964c-02d61a32a20e,702,77,6,0,448571,548460,0,0
33e3bb16-2f75-4f9c-a411-c24d8cdaac01,718,48,4,0,57741,134244,0,0
a5f48dc3-a1e8-4142-8dca-db3bad348221,714,NA,7,0,229786,515636,0,0
0a263af1-3cf0-46a5-8778-2088cb578f6d,715,36,18,0,386574,1177924,0,0
ccf52b75-8043-4c53-b4c4-2a11e7491d64,,NA,15,1,404643,632302,0,1
7ecfc187-4291-48de-bcb9-c69fea1b01d3,706,59,14,0,89566,349228,0,0
b4774176-fa67-4511-9c85-8d520d8f6dc9,,NA,18,0,684722,7016218,0,0
45b4b502-67d5-4ed6-83d4-816b75a99054,713,26,9,1,120156,244948,0,0
446efa73-f5e7-4669-91d1-f7dc862616a5,,48,9,0,412281,885676,0,0
2face333-cbeb-4a53-810a-7c3772361300,732,NA,13,1,114646,250470,1,0
224479ee-d733-43ee-9026-0f8a55a4c736,652,77,9,0,248007,483428,0,0
589b77fb-9fef-476f-9dbb-9ec8334c976c,657,38,9,0,288363,431376,0,0
4fab3b4e-b6c8-4026-9489-bd85500aa57c,,NA,8,0,272365,430254,0,0
9b7b1c39-ef85-4df8-a960-eed6c1c9dd93,731,NA,8,0,269116,407352,0,0
3b69b469-aa46-4a88-8894-2deb3f5ee6c4,,NA,9,0,428583,615714,0,0
0873dcf0-0420-49ee-895a-8387a46067fe,732,3,10,0,198493,314842,0,0
672f3954-fb2d-46de-98f7-4feb10d679d5,,NA,11,1,227658,976272,1,0
cf50bd7c-6054-485f-a13d-50582c9d126d,,NA,11,0,343919,892870,0,0
7a38c71c-2ec7-40e6-82ca-d17404b2c8fa,665,NA,17,0,41420,128238,0,0
1ca21fca-3a48-4e3b-b102-86593f1d46cb,693,52,16,1,75050,297594,0,0
d5b06de7-8937-49b0-9a26-fb924fa295cb,705,20,12,0,275728,426250,0,0
bac27e44-8a0a-425d-a6dd-8e7e69b704a2,6620,NA,10,0,56924,219736,0,0
0de7c2a5-69ee-499f-9306-b7848d21c8c1,664,NA,3,0,61788,87780,0,0
a65d7dda-ddc7-45c9-b5d2-dd21360e6f94,750,31,14,0,218253,1989944,0,0
a0a1a2e4-d9b1-4b93-abd1-b78ecd0bd03f,725,NA,20,1,106267,585970,1,0
bf516feb-c0c4-4726-b0e3-64529cff38c6,701,16,8,0,99617,324016,0,0
db2b921e-bee8-421d-9940-152ac1c218b2,710,26,16,0,361285,712668,0,0
2c9c59be-1ae5-416e-be3f-35d4119d300d,725,36,30,0,133532,495550,0,0
3f372a25-fa51-459c-b656-474a4aae4d56,747,NA,10,0,210140,779878,0,0
18824443-89e1-410b-aadd-0b67744bdc6e,740,NA,13,0,585238,892804,0,0
3c0cd075-74d4-491d-841c-9974e4347339,740,NA,13,10,278065,356554,2,8
21cba266-0f92-4708-a59d-1e044c320b74,698,NA,17,1,490257,719466,0,1
7039e8b5-5638-4e16-b394-e0b001986da5,696,NA,15,1,168473,330616,1,0
41d0511a-5f2d-40c9-a0ee-3faf245a7f67,,NA,10,0,832922,1303302,0,0
26c8f507-3222-40b3-ba06-f87016ea7b60,706,13,28,0,354673,1153592,0,0
a4390dc7-f064-4fac-8b9b-e8e34bae216e,,NA,9,0,376428,581922,0,0
dc88617d-995b-4e19-aa38-8291c7cd824c,735,46,11,0,219279,316602,0,0
74e7f127-771b-4ff4-9e30-5c22ba667a5d,720,NA,14,0,566618,1115796,0,0
d2bc00d7-000d-421c-b06e-e2af6768ed18,,25,13,0,447336,808060,0,0
f6485fa0-5051-42da-8b4c-0db7d86cc116,712,NA,18,0,1201959,1486892,0,0
69e0f3d1-38d3-4755-b6cc-b0097582521c,7280,24,8,0,218329,396220,0,0
af3f0141-7a33-4207-b841-1d72f43530d3,740,NA,7,2,194465,405702,1,0
b9856971-bebc-496e-bc7e-a272dc3d1616,704,72,2,0,112328,134508,0,0
7f576521-7a53-4308-a07b-e7a73c775d59,741,31,14,0,489725,572198,0,0
f04efa44-f832-49b8-a299-c6288c7451e7,734,58,6,0,83296,111386,0,0
0d560e64-77a6-4e11-ba6e-5a8fe4cf8fd1,668,NA,8,1,34390,362010,1,0
f6fa99fd-5a17-4d2f-86f3-a2273b72339f,722,34,11,0,106761,166386,0,0
b2ded006-94f2-48b3-9bc7-9cbeba77fb9b,690,NA,13,0,419444,788436,0,0
21512a3d-b0bb-4582-8f05-bcb5888c35c9,721,NA,2,0,10564,359788,0,0
cdea9e7f-3c6c-4592-a2d6-6ddc02745f8c,735,NA,7,0,394820,499070,0,0
20dd745a-83dc-431e-a0e4-23dd45ab8d8d,703,NA,11,0,792433,998426,0,0
7e2841df-e290-4f85-894c-70e8593ec1b1,748,NA,12,0,113829,1029688,0,0
5ca0880a-a5d5-4dea-a6bc-b2bc4992282f,747,13,13,0,180348,506858,0,0
05bccf31-675d-45d2-9cf4-e442c75649dd,740,NA,5,0,65626,140976,0,0
bbb39b35-957a-4991-a5f2-b216530f4f58,,49,22,0,279186,1561626,0,0
b5c8dce6-bdba-411d-b499-d1a858f14602,689,NA,6,0,205637,773102,0,0
5c5ddef4-c6b6-4a31-b82b-74cf776cf9fa,,NA,12,0,350018,706068,0,0
9d5d574e-54fc-49b1-b703-4fd987e5cb20,,NA,8,0,204174,547228,0,0
1a9aeef4-ce80-45b2-b46c-02a7f8d1aa82,6170,21,6,0,28424,144958,0,0
65a38a69-dfb4-4b7e-b643-54a09ec4b88f,727,28,6,0,552805,807158,0,0
c907e4a8-bc42-45ca-8b15-6d279548a13e,745,NA,9,0,38836,371690,0,0
49dab571-442c-4ad5-8b53-af4c70a576fd,670,NA,5,0,685862,807884,0,0
b28969ef-0236-4d90-8968-2b16d70e7f93,751,NA,7,1,87989,307802,1,0
3d8754ee-b6a2-4426-8a23-2c834e02455f,723,NA,6,1,112461,171556,1,0
91fc42ab-13d9-479d-b836-a041432ee327,671,69,12,0,131480,286682,0,0
6a491870-47f6-4e8f-a1f7-69238cbb36f6,729,58,5,0,104139,320694,0,0
aace3752-f07d-42a9-9235-7e8636d38115,719,61,21,0,329593,529320,0,0
a40c6aca-f661-4d5d-8b86-0931da884ef6,,NA,10,0,229824,344696,0,0
8802227d-5c24-4840-aaff-f98572e12685,715,NA,7,0,88787,229460,0,0
dc4411df-1a8d-4bd8-9651-027746328744,,NA,9,2,613700,835010,1,1
6369130f-be4f-4b12-bf74-c4c10d8e40f1,722,NA,6,0,130606,183964,0,0
052b4dca-5f63-49d2-8ee3-9c00d1bf30e0,734,NA,8,0,271453,356356,0,0
5ff402e8-0e66-480c-976b-ae4956c1c037,608,11,18,0,528789,1101232,0,0
660a90bb-1f5d-4b3b-bb9b-07bb300f7584,679,NA,8,0,112936,198726,0,0
23fb927c-a359-4a52-bdc0-c87954bddae8,728,46,9,0,514843,1141998,0,0
c720f6eb-4ca0-44ed-8f2b-ec793ab3fe99,713,9,10,0,186485,319880,0,0
50fc569b-4c10-4bf7-946a-19271094eeb1,735,45,7,0,343539,1156342,0,0
0ff9f655-f448-4dde-90bc-bafc15201291,621,NA,6,2,66861,130328,2,0
334adf3c-1d49-40fc-a096-56d5bfc3a9ae,737,NA,11,0,322658,585596,0,0
6f57ec66-e98e-4b87-9430-6da1ceefb465,649,14,21,0,372723,802164,0,0
70f98c0b-b451-4164-a1e0-b38eb0b9d869,712,19,11,0,72390,139920,0,0
7c13e540-46dc-4b18-a514-9069809e3eda,743,NA,28,1,23731,639034,0,1
551477b7-6c79-4dfb-a73a-269083b9d01c,711,NA,14,0,484747,1013144,0,0
ff945309-e3bf-490c-bfc4-623efd090e44,692,NA,17,0,487008,860926,0,0
198f88f6-6b01-474d-b28f-21c65b7a25c0,718,18,16,0,796670,1677192,0,0
3952776c-7f3c-45a9-a60c-d0af79f6d95d,,NA,19,0,788481,1269818,0,0
4ceaf239-8680-45a4-9b95-f4ed2e717cc7,6400,NA,22,0,327465,442948,0,0
2e3b5a0e-8003-4ad7-bb36-7708bf105829,731,NA,6,0,63650,118294,0,0
d2fcd137-f3ad-4c1d-8e22-93f4d9cba21e,742,NA,12,0,518168,739794,0,0
b1f222c1-b025-426c-8762-d7b4d0d2d150,735,NA,11,1,165243,331012,1,0
8e726630-6b95-4b50-80d4-e78a30ca0cc3,721,8,17,0,375934,551012,0,0
543eea46-a6fc-452a-9070-dd4a5a49d26e,738,44,11,0,460693,1162150,0,0
8e4e2db2-7719-481d-802f-7fb550dc6530,,55,9,0,87343,103400,0,0
86107c32-a9ca-4b3a-819c-be7a2044188d,731,NA,25,0,647539,1999382,0,0
337bd0a9-616e-4479-9d56-bf0352305f0f,692,22,11,0,378309,656744,0,0
70a21210-7fea-412f-913f-5c288fa089e8,6980,31,15,0,497173,790768,0,0
bea030f7-a415-4585-8f25-697235249315,698,24,24,0,377834,788282,0,0
2f31db44-10b0-4650-8523-16ce660da02b,720,12,10,0,598975,744172,0,0
7e09e279-b2eb-4e12-a9df-0603da7d1401,692,16,7,0,322164,481360,0,0
0e8ef568-94aa-4db5-aac1-e2fd32cab5ec,731,NA,9,0,269496,477862,0,0
84b651a9-1d98-4754-b321-93e00ea22224,730,17,7,0,0,0,0,0
a1946f5b-3349-42b9-8837-541f665e6bda,722,9,10,0,49704,182138,0,0
d1f77567-b385-44a7-85b5-15e6d4fe55c4,735,34,6,0,53751,363924,0,0
e8ce26b9-0d9d-4d17-abab-b185ca7f1c33,705,76,6,0,505039,600996,0,0
8af53bc0-56a4-4801-a960-52a46a90b33f,,48,11,0,336927,507320,0,0
d392107d-ee3f-47ab-9ee2-58e871c748ea,717,16,11,0,162051,400928,0,0
86efca2a-66b9-4c88-8048-5b1db32e57b9,,14,5,0,377454,672408,0,0
a503c8aa-2eb4-477c-86c0-56a69c55aaa2,711,NA,6,0,153444,205392,0,0
b87b6cec-f436-4259-946d-30b3e658ca74,6600,12,9,1,131689,336622,1,0
fe3d5087-8419-4974-85eb-50289bef6a6e,710,NA,3,0,0,0,0,0
04420fd1-3ef1-4e15-a103-be8a82e734fb,748,NA,14,0,205466,826056,0,0
33c0d9e8-479c-4ace-8635-b5a6a215bd2f,744,NA,9,0,88274,292050,0,0
36cdd8c0-0524-4a4b-b2be-c7334871fb84,651,41,16,0,412205,802164,0,0
0b0be66f-b289-4bff-bb7d-55b2c83f2458,674,18,10,0,167542,216766,0,0
faa71fe3-795f-49d4-9114-038a564eee5c,723,71,12,0,345971,794838,0,0
4af7782e-a6e7-489c-b620-951689927eed,705,NA,5,0,132449,206712,0,0
6249b6e1-e0da-45b4-959d-168c4327c5d2,746,NA,6,0,176149,283294,0,0
7757259a-9e51-4cf0-8efd-f8ce0811a190,712,62,22,4,268527,410212,0,4
55c26512-3838-4493-9595-cfdd1cf940be,,NA,8,0,87647,120230,0,0
11c69f33-a585-4d54-a7d9-d91448658fd9,716,NA,14,0,447146,583704,0,0
252f9029-5323-40a5-9981-71309e540194,694,24,5,0,280725,422686,0,0
231ed59e-c72a-47ac-a1b9-859d4cab4c59,,NA,8,0,194180,265760,0,0
aad6e955-1704-4b99-aef5-aba1557da3b0,744,NA,11,0,151373,572770,0,0
30f73ec0-139d-4a76-b8ff-789ab92a9b6e,,NA,11,1,92796,383724,1,0
7ab541f8-1363-454a-835e-3a276af2e818,,44,5,0,187720,335962,0,0
251f8ba0-a368-4971-896e-acc3cbf04e3c,,NA,7,0,102885,408012,0,0
4c406f7b-03bc-4726-9560-5ac7e0ddf918,715,NA,5,0,150005,271832,0,0
52ce73bf-bcbe-4c3d-be80-dab8a30aa8a3,724,NA,12,0,143659,274472,0,0
bbce74bc-994e-4088-a9fa-6b53885544a7,729,56,10,0,409108,503404,0,0
b1f7005f-fe35-4ec7-85dc-bc115a02ce3e,731,22,19,0,89889,198638,0,0
ae21d0b3-20ed-4b74-97ee-5d0ae36b4c77,695,27,6,0,39463,164978,0,0
104bcd45-1ed7-42de-b4e3-437fd5828184,726,30,12,0,134254,706552,0,0
463ac4b7-e7ef-4c68-9ef3-59e1b48a20cc,719,NA,9,0,483018,689612,0,0
a30ee24a-532f-4da8-8e5e-efce4ab6ffa6,746,NA,9,0,297445,549274,0,0
b7338701-7366-4318-a67a-18781eeed25b,716,NA,4,0,61123,91564,0,0
b7f2896e-7fe5-441d-bc24-fb60def0b57b,,11,12,0,120042,239250,0,0
c0e09b3f-675e-4e8e-91d0-ffbfba42841e,665,NA,11,0,256253,321464,0,0
f409b5d7-755b-42bb-97ce-d60a327504ea,718,NA,18,0,207518,370238,0,0
5bd92448-d734-4870-b8c8-e453f796b0d8,716,38,12,1,224884,401236,1,0
898e9058-a89b-4dba-ade8-9dc9e764687b,720,0,7,0,215992,1078000,NA,0
6952af9d-2b85-4a8e-ab8d-b7d0c4b5c737,723,73,8,1,172615,342276,1,0
cbd4a55c-de64-4484-8832-a6679c3e8b39,744,NA,9,0,168169,236874,0,0
dc878bea-681e-4314-9f8b-bffdbf432c0b,732,18,13,0,514140,1263966,0,0
d2cf9b72-1ad0-434e-9d56-62204a7f5bc0,722,15,10,0,1140798,2100032,0,0
894172aa-0545-41e9-a3ba-12fcacf3d21b,729,NA,10,0,2095700,2598068,0,0
f84b177d-7e5f-4ed6-9106-3957a3b0c0fe,744,NA,8,0,164540,558712,0,0
26127fef-4ffc-405b-b770-b09d5ce433e8,,23,11,0,601996,1909732,0,0
418de1dc-15bf-43b1-a176-97ab9b47c9a8,723,32,18,0,708795,993586,0,0
de986a16-57fd-407f-8299-b96545418ca4,,NA,9,0,136002,519750,0,0
10fe9bcd-cd9c-4621-bf3e-3c75e3f17213,739,72,18,0,396758,664840,0,0
f79b50e4-4923-42bb-8f34-25877d67ea73,724,12,10,0,9234,10846,0,0
6a8507c7-b17f-4261-bec8-8501f6c92f7c,,NA,11,0,216163,452628,0,0
ad1127c3-f0f6-4de7-8822-9365577c3103,735,9,11,0,228342,317812,0,0
58ea8a3e-9a8e-4fcb-8790-4c0d2c6401af,717,7,24,0,155781,784212,0,0
39a303d4-325c-4428-9ba0-229664fefe62,7210,NA,15,0,276051,910646,0,0
68997ede-e8e3-4ec4-b827-8a3b004b5ed9,,NA,19,0,66443,1373900,0,0
7319b744-5b28-4157-bf77-dd0140667bd8,,NA,5,1,233529,333410,0,0
634ef5a0-9a0f-4d3b-994f-bd319a863b91,749,NA,16,0,427253,1054812,0,0
30b146ec-ccd3-4a78-9098-a5a35fb04342,,38,19,0,394763,719818,0,0
7ce271c2-f5cc-4b5f-90ac-15fe511550fb,7480,NA,11,0,407303,990770,0,0
146d048d-dcc5-481c-a38b-da80922ce384,706,NA,9,0,215194,361130,0,0
e1777c63-0ccb-4271-8b7b-fb876257aad1,716,NA,8,0,146946,193358,0,0
2c529a9b-19dd-4859-8d1c-4e109af82cc1,748,24,12,0,73036,1879438,0,0
f7a19274-7b48-4113-9db8-c1ddae7b48d6,,NA,7,0,86678,214478,0,0
0f11021a-735c-4603-8eae-437b3015c5b2,708,NA,3,0,65037,365552,0,0
19ab349e-f2a1-4b40-946e-02aa7e21b620,634,10,9,1,322373,541772,0,0
60d79426-60f1-494b-a638-a4f96293971a,725,20,4,0,50559,609884,0,0
ef003eac-063d-470d-8183-f41a3924a049,718,NA,8,0,24491,162008,0,0
cd142aff-0345-4186-9de4-48f141d2e024,723,NA,15,0,238697,774158,0,0
afc11ed0-d8d8-4c17-b41a-e5eca1dbdca1,723,NA,12,0,302917,741532,0,0
3a8cbd7c-a112-4f12-b865-89f1863457d2,707,30,5,0,189715,241384,0,0
5f25f043-6fb6-4926-a235-06a5af552024,716,NA,6,0,117059,132880,0,0
27c84903-47f9-4521-bedb-4dee6597f75e,,NA,18,0,929328,1814626,0,0
cdcb8fc8-e9a7-4253-acba-9232d70d81e3,702,NA,4,0,143146,172282,0,0
72cb0e8c-210c-4a89-9473-3d6389a6d21e,674,NA,4,0,95000,162976,0,0
6c1e9543-97d9-4530-8318-fb834e065d12,717,57,7,0,130530,191334,0,0
908071ff-6485-45c0-a366-16270ada3063,712,NA,11,0,494228,647350,0,0
4fe45d92-7af3-483f-8742-c698df9aab08,731,0,4,0,57627,101706,NA,0
01c0be5d-406d-4f62-8aa0-a2a749aa9af0,747,NA,5,0,202065,1299848,0,0
3109be79-d1e3-4459-a3db-0b96c26ae948,,15,29,0,92663,558822,0,0
51c7fcc5-7f6a-4d83-ba65-285b61c56580,719,NA,21,0,399114,1610202,0,0
4cdc7e7b-30db-457a-9848-37a5d885718c,,NA,12,0,184148,253528,0,0
b8bf6471-4e0a-43b1-a136-56fd9068d303,,29,8,0,357960,581328,0,0
b51831a4-533b-420a-9421-992ab7caa677,723,53,17,0,316806,824340,0,0
4980928c-e71c-4606-8a00-1c445993f64f,692,NA,16,0,559854,704616,0,0
dd743d28-f7ba-4cb5-b98a-70a7d94721f8,744,NA,5,0,198417,355652,0,0
ba3bcb51-0897-4d4d-b53a-d810bbe21001,739,8,9,0,102543,305998,0,0
3d2ca694-aeae-438a-a1f7-89989754f0f3,700,NA,7,0,128649,156464,0,0
2d93916d-3536-45ce-8d7a-6f0e012e96dd,733,82,4,0,515261,0,0,0
b3fa4669-da05-4c67-ab99-14bbeb8aa3f6,,14,9,0,671270,1024056,0,0
fbec14e9-c124-4274-b5e3-a6f4ce775efe,726,NA,6,0,2356,57838,0,0
1287ffc1-d407-4c0b-bc7e-3234b2bffa14,738,NA,21,0,635303,1261766,0,0
69062944-583e-414f-8988-38b6f4489a1f,746,57,10,0,199500,559306,0,0
d771c795-5990-4818-baaf-e92a265f3e29,679,72,16,1,328320,678876,1,0
e3a1d4b5-40e0-4154-8c54-51d8d36d01fa,728,54,23,0,184167,614570,0,0
f70b5570-ae19-4932-bc0d-85e127ff02e0,743,14,15,0,124716,465828,0,0
4ac7c3a5-381b-4df2-a8dd-4b4ac07451c1,,NA,18,0,1181021,3279408,0,0
2577881b-7182-47f5-a5b1-15d5ce6ed8ee,719,53,11,0,144457,255002,0,0
f9bec73c-47ef-4cd6-9dee-48bab732206d,742,3,14,0,184528,387794,0,0
7d83b1f6-cd92-4259-95ee-327302f38262,684,50,8,0,15637,116754,0,0
5646438b-3a07-4e74-b3a2-d45dba2c5ff2,660,71,9,0,138111,346148,0,0
fc4047b4-fc3b-4c4c-b1ec-36c0605e8aa6,743,NA,7,0,179303,307582,0,0
079099b8-dd59-4de0-8395-1ac649e0857b,,NA,19,0,809875,1045440,0,0
c9744206-6ff3-46d7-906c-03dbccbad8f6,680,1,14,0,117534,1193808,0,0
92a40d27-b253-4bac-bfc8-c40671dbf070,717,NA,10,0,230774,383350,0,0
edcef72a-de44-49fe-86cd-c595e288d830,,NA,7,0,104861,123134,0,0
a8722212-71a0-4df4-8961-f0c968a2ca1c,751,5,10,0,167428,297792,0,0
9d7117e0-b34e-4c46-9b32-467d5f272af6,686,3,10,0,162146,297572,0,0
c4bd092e-0a93-44fb-9488-0da9377feed8,7040,10,5,1,13870,32912,1,0
91115279-4ef1-453e-8f81-7e7640015609,,60,18,1,159999,312400,1,0
2f8fef38-5dda-4c53-b568-291ccd61c6e8,727,24,8,0,229216,312598,0,0
722f3f3e-af1b-4f1b-b87f-bed01cebbff9,,23,17,0,216999,807906,0,0
9a0821bd-fd68-4b1f-bb3c-306b05aae23b,741,75,5,1,20406,74316,1,0
e29b11ca-7ebd-482d-87d8-018a35a00dc8,686,NA,10,0,111853,238062,0,0
4fd589dc-e657-484f-94f8-2f2f868bcb46,697,NA,12,0,374528,832370,0,0
79515501-dcc9-4069-aba1-50e997250e67,748,17,10,0,20121,113102,0,0
335d98ce-04ae-4996-a7fc-95b7182c7986,738,NA,9,0,227601,545644,0,0
5bfc9a04-264c-4131-97aa-2c6483c4b622,703,NA,10,0,135204,241978,0,0
e9973a04-a446-497d-84b5-af7d745a24d3,706,NA,15,1,235505,504042,0,0
490bb92f-a36f-4280-a173-a1c46933352f,728,NA,13,0,124678,780340,0,0
0b2717aa-d4a0-47f2-b763-27358c4d9a2a,725,4,9,1,212458,546656,1,0
2de4f37d-df49-4495-8af3-dcf1a02329e3,739,NA,9,0,227126,452650,0,0
6d383d58-6ee3-4986-b434-d96ca58bf587,723,NA,18,0,573363,918236,0,0
aa2ae732-89cd-4be6-ab9a-cd11f9c942b9,,45,8,0,400995,679822,0,0
4deeb396-8ce2-471b-9bbb-af896505d6ad,738,NA,11,0,169024,495462,0,0
dc2da644-d2d2-48f2-81ec-2d6ede737536,735,6,6,0,95665,250052,0,0
451d340d-076c-40ac-8ebb-1cd45dfe88bc,744,41,12,0,534945,1162106,0,0
d72077da-f7f7-4575-b27c-fb65e246d3b5,731,NA,6,0,95133,142692,0,0
101d808f-d1b1-47eb-90a9-2176bf62d0f3,676,67,9,0,573705,818070,0,0
579fa918-fdc5-47c2-acbc-ff41675ab57c,749,NA,10,0,415891,1364220,0,0
cfc59665-2766-4bcc-930a-9c785d44b810,697,NA,11,1,252757,542982,1,0
cad75897-91b8-495f-8c91-cca7aedb3ff0,,NA,12,0,206967,559944,0,0
534405ce-e320-4b2e-baab-defc519be63f,725,NA,14,0,378461,1019084,0,0
cf282b9b-b391-4f13-a9e3-67ee778ed53c,725,38,9,0,336642,537658,0,0
b34900ff-bab1-4be1-ba71-fbf0781eb787,708,NA,5,0,15067,356114,0,0
d3c0b600-2ad5-4515-b81b-a9aee31ccc25,702,NA,20,0,1071182,1789788,0,0
c5aaca69-43c7-4237-ae7a-855df4a842ae,742,7,5,0,516325,1156408,0,0
ec8937f9-6b50-4614-9c5b-7a65e46a1d7e,714,12,11,1,255721,508750,1,0
32fa1bcb-18d8-4f06-a757-c80d5c94fe7f,707,33,10,0,133494,361130,0,0
24c7d115-4356-4dbd-8ebe-e6d243ae55d4,734,NA,8,0,381330,648362,0,0
63bb3e26-ee5a-4c35-9d29-253ed61f96f9,736,NA,5,0,208050,372900,0,0
5cac967b-d131-487a-9bd5-8152c252917e,739,43,6,0,175503,227546,0,0
a5a1e8e0-961b-4f70-ad1e-2bf3f38f7d21,714,33,7,0,660687,944460,0,0
288be5d4-fa9f-448f-9d4c-d4ddea13520e,724,NA,8,0,194294,371228,0,0
a8f95a10-9405-4461-b7c7-58ba079e8bc2,724,NA,10,0,368942,621808,0,0
ab648386-9ad1-47f8-89ed-3da59d80d9c0,751,NA,11,0,316673,555566,0,0
1468624f-e777-4d83-9d04-abac4a0c55ff,748,NA,7,0,74252,1074788,0,0
214e3655-269e-4644-808a-f2fe393b5b98,733,47,11,0,92644,319242,0,0
12513bb7-5b45-45b5-85bd-fbd6335a8846,738,NA,15,0,307040,491722,0,0
855b8d13-2cbc-4497-ac55-6462356e7e24,725,NA,4,1,209494,321288,1,0
f692fd57-e2c8-4aa9-aeda-b4828ff04593,679,NA,17,0,663195,1211210,0,0
860dc298-4222-4fe1-b15e-0aa8f8cf896c,639,42,15,0,240350,466950,0,0
4c119d42-d1b8-4cff-af1e-26b1e86793e5,708,NA,10,1,274588,349008,0,0
1117ad6b-dd9a-423c-a084-640293239388,741,NA,5,2,69103,295262,0,0
abff1e64-62c5-4d18-a15e-518d94d7c8c9,,NA,11,0,287394,538450,0,0
5dbf98eb-c2c7-46ff-9b4b-6b0d4706f9ef,720,64,29,1,75449,970706,0,0
ffae0171-ea9e-4ae1-a31b-d905421ea121,,77,8,0,137066,822338,0,0
0de251d3-c894-472e-8018-c534da135f64,700,NA,14,0,195681,235268,0,0
da7e996c-35bd-4761-9df5-6aed61f75874,729,NA,8,0,250515,487520,0,0
be51ad48-3a65-4eed-8256-16268140de5a,703,NA,9,1,66196,203852,1,0
41528397-7640-4dfe-b177-d0bb4bbc3ff1,683,5,17,0,362406,670340,0,0
b44f2a51-b62a-4875-8d97-1ff3755768ae,,57,17,0,503766,973830,0,0
4f9dadf0-5192-40e2-b414-172230b778fb,,19,17,0,249565,847396,0,0
58d26615-813e-4860-be82-66c649911591,747,NA,9,0,129770,1036222,0,0
e649de8d-5031-4ae8-a623-06d2a1b2c71c,7250,NA,7,0,140125,204622,0,0
3ca99329-b196-47e1-8ef3-fb79785c964f,,17,11,0,15048,152812,0,0
fce47fa3-198d-4084-8b78-69ac65823405,665,NA,7,0,142937,349206,0,0
7d1281ce-e030-430e-aa73-ce1de77010fd,6880,NA,15,0,212059,1197724,0,0
03d44d6b-e583-48d7-8a2b-5dea8f72977b,719,NA,6,1,125666,179630,1,0
89a96ebb-fca6-4f68-84a4-5ebb361c6849,,NA,16,0,450623,791758,0,0
6596eeda-0941-4735-9495-26a2ed6b9538,,47,20,0,312645,509168,0,0
431e37d9-b4c5-44ba-be2d-300ff85184fb,713,NA,8,0,94487,110506,0,0
143d5e60-9a29-460e-b06d-2ddcb076aeae,742,NA,5,0,451896,549626,0,0
73da3edd-8381-4493-9c3d-8d6b72c341a2,675,NA,8,0,76,0,0,0
24a32166-8f8f-4aad-8a62-f7807e8f81a1,693,NA,16,0,213066,763796,0,0
e2ffd7f4-e4e5-4912-9b8c-0687a001079e,,4,7,0,165870,321684,0,0
096d61fb-29e9-4bfe-ae72-16c87e5854c0,711,NA,11,1,61522,202400,1,0
0a3a34eb-b501-4867-90a8-cf2501e74ca4,,NA,20,1,496090,783662,1,0
e0c1fa65-4360-48ce-8733-89a5ffbace3c,729,NA,8,2,34903,288618,2,0
d3b25b26-43f3-43a8-ac3a-973f33f7c6f3,716,NA,15,0,792167,1172952,0,0
e478bddd-2324-4e89-8c98-fe252556ab93,736,43,7,0,144742,175318,0,0
2383e95c-104e-4f46-accb-2a3caf9511d6,719,NA,13,0,791483,1251998,0,0
36ba4b22-c23f-461d-885f-c0a52e9cd6ba,,NA,23,0,146756,1213740,0,0
4453aef8-cf3d-48b4-94b0-3fcd4f55735c,712,NA,9,0,178999,265716,0,0
49bfe26d-631c-461f-b1c7-7025ced6fe79,748,NA,6,0,77311,412522,0,0
8fb4d4b6-ee02-439f-b79f-2a4c1a94c756,743,NA,17,0,297331,599808,0,0
65292f08-aabf-42c5-806c-3a5145a361c6,750,13,13,0,99845,649528,0,0
23f36715-5a73-4402-a6e5-0c4fce3f0051,721,NA,8,0,50388,136290,0,0
6c4cd297-22d5-478c-8a6c-3d275cce79eb,743,NA,9,0,84930,24582712,0,0
65073e90-b338-47b4-b714-0eb6b48b47a9,747,NA,13,2,164274,1132208,0,2
dfc2707c-eb6a-466a-b62b-433dba4aa692,680,27,11,0,455449,938344,0,0
12b69dd2-a99a-470f-ac2b-b7b8ae7fbd2c,675,31,11,0,120422,170478,0,0
658e7204-9640-457e-868e-d2afda78ceed,740,79,7,0,313842,506132,0,0
f3fdee01-7050-4414-84ba-988d47bab888,705,NA,11,1,128687,447480,1,0
335cfc18-c9af-4423-9baa-99903c134793,688,40,13,1,72694,252780,0,1
3bb7bc78-afdf-48a8-b450-e470aea3de76,631,NA,9,0,416556,1074260,0,0
6f48c4bd-d93e-4dbe-a97b-13a43d1237af,706,35,7,0,145502,167640,0,0
c5258f59-754a-447f-be59-396295897bf0,720,NA,11,0,331607,662024,0,0
75141969-e723-4da2-b43d-06335e982197,746,25,9,0,96330,290444,0,0
fcc52548-7cbb-409f-b8ce-c2d80a8c7cc6,,NA,14,0,447469,638088,0,0
03a7e8c2-6439-4c2a-bd32-2fa1f250500d,,28,6,0,187188,328416,0,0
0819139b-5875-4495-bf65-923057e4e79e,708,NA,18,0,638647,1966734,0,0
4a0a7c2f-4ee8-49f9-a258-c3a9152c2d3e,743,NA,19,0,986195,3535312,0,0
756641e7-785e-401a-bafc-9687414c88a3,,12,7,0,159296,267322,0,0
2925b3ef-8c48-4b70-825e-a6cca78ebbdf,715,49,11,1,88293,293788,1,0
8dee3c24-2e5d-4da2-ba79-db0685bb796d,750,NA,8,0,886160,1671142,0,0
d0e6e4a7-e344-4a46-a095-f2eceac01b11,,20,7,0,175921,345224,0,0
ecec655b-a5fd-4a19-b694-fd2d2709a421,744,7,10,0,57057,100276,0,0
b25b439a-fb64-4d84-b237-ce185a1078b7,666,28,8,0,311296,411928,0,0
c0d083d9-a8fa-43ed-9bd9-a2ccfe418c0a,738,NA,12,0,280155,628650,0,0
80e1e47a-b5c4-4aea-94b5-1da50e13797b,688,41,4,1,58843,68464,1,0
9cf0154e-2335-44d8-af3b-927e85c6907c,741,NA,10,0,339511,1129656,0,0
be235a44-a7ab-42a6-821b-068a66eed81e,704,22,8,0,94088,178002,0,0
0293ffa4-93a6-4f4c-83ba-16864172fa2a,742,NA,13,0,54169,746636,0,0
e61b2c3a-500f-4e9e-9937-09fb71b76f7c,683,NA,5,2,8721,234916,0,1
846d8ef9-6a01-4cb1-af63-a001ca0558a7,746,NA,21,0,455886,986656,0,0
75205da7-77af-43b9-baf4-4597d942f476,,43,15,1,272346,804496,0,1
3c28b64a-924e-4602-82bd-6e1c1218a1e8,678,NA,16,1,345895,490226,1,0
1b0e81ea-81a0-4b2d-96d5-d275825ea5e5,710,NA,15,0,144951,570900,0,0
c8d3864e-366d-451c-8e23-6bdca5fb6bd7,,NA,4,0,107521,124498,0,0
148df809-9ea8-4558-a641-e50b60f63238,,74,9,0,171266,221342,0,0
32389692-88a4-4bf7-a008-d1d8225b5d50,,NA,15,0,51205,357104,0,0
f3475898-5b32-4e3a-bee8-b737c4d2cb50,747,45,22,0,333393,1142130,0,0
db3e20b5-d903-4555-a8ab-27b3dac22fb6,720,NA,4,0,16237438,37527424,0,0
0c6706b0-acf4-4c79-869f-043a66488eeb,702,56,9,2,203034,371404,2,0
732b1101-9a7d-4df9-b7f9-497e598f0454,721,20,6,0,100795,171138,0,0
1adf0dcb-2d22-43c4-aa1d-dba665484cb1,720,NA,12,0,225378,343816,0,0
c7651b1d-3ba0-48f2-af64-40755518431c,680,44,7,0,764123,1150556,0,0
4b3adf0f-01da-4be9-9752-48599b11d33f,682,20,9,0,339416,657206,0,0
881b512c-daae-4587-b47b-ad30109c850c,719,8,15,0,1926733,2802690,0,0
92418167-8286-46d4-a1e7-dd9a0dbe870b,,NA,17,0,279300,1547370,0,0
cf24f4cd-0cf5-404b-ae80-dd59cfa5e92c,729,49,8,0,154128,195668,0,0
ce37f199-02e6-4bfd-afa4-6d426c49ab5d,750,NA,18,0,798779,2083136,0,0
04d84683-4a61-428f-ad1c-e8c24f9dfa6b,705,NA,8,0,110542,337722,0,0
a1f011a5-9011-4beb-8f0e-d1e0454d7aac,741,NA,15,0,157738,247830,0,0
6057917b-f21d-48e3-a2c6-96464f70044b,724,NA,10,2,211280,582494,0,0
9ccdd8bd-490d-4407-b10b-dd2cb7bcf093,,NA,12,0,602319,1110538,0,0
ecc8114c-5111-49e2-b5d3-309be9a957a6,670,20,9,0,92055,304568,0,0
9209a0c5-cd92-4d86-9075-e7ee6407d8c6,742,NA,11,0,166554,514272,0,0
bca30391-40a8-4ca3-9826-50bab5bbd592,714,55,13,0,261801,343288,0,0
1c949391-c0e4-49f7-8dfc-0a5e86aa0cd2,7350,14,7,0,238697,493548,0,0
bbd5411f-1486-4720-a8c7-8744b843eb41,,NA,18,0,479940,2196480,0,0
62c5de04-47d5-4068-8080-f8eeac15bd70,722,NA,5,0,221160,278058,0,0
4b06df35-6e05-4a5d-8d9e-0f06faccf764,712,37,4,1,67203,153164,1,0
c559a327-ce3c-4a9d-8356-1ce0ded3f433,,16,21,0,201476,530222,0,0
39ae5a81-54e1-41cf-9666-1d34eb154b56,746,NA,8,1,65208,216986,1,0
48316067-7300-4fb5-99cf-faca40482d56,710,NA,8,0,224599,579172,0,0
5df01a6a-7109-4bc9-86a5-c315eed0825c,727,50,7,0,17632,137984,0,0
48457da6-e1ce-4cea-a3fa-d4526ad41c0c,750,NA,17,0,373977,1924560,0,0
6cddcb24-2493-4ef3-830a-96c78d1942df,724,NA,6,0,40945,282238,0,0
88e9196d-fb60-4cb9-9cca-0a2f3e149490,738,NA,16,0,425410,639716,0,0
bb17f5d9-5ed7-4f46-bbcb-662a5a007e5c,743,29,17,0,263796,644424,0,0
0d171c4f-f993-4d5d-b560-211a9ab5aea7,7190,NA,6,1,61788,260150,0,0
085db717-c72d-46d6-a11d-44eef898361c,665,NA,10,0,404073,493526,0,0
a5cb9cd6-a551-42a0-9464-9bca2db8e2f4,,76,11,0,411255,671616,0,0
fe0483d2-ad52-4c83-814a-b744e3889211,693,9,14,0,134026,277112,0,0
e3725edd-6a1e-496b-923f-d0b69cef53ac,,NA,7,0,28842,126038,0,0
8348872d-6a17-4a7d-bd26-e67790a7e88b,,29,11,0,86393,162932,0,0
01961118-4a9b-4f56-b65f-0b1b819fa936,628,5,8,0,101213,131098,0,0
720eb131-b29d-4b8a-82f1-d57ed915c065,747,NA,22,0,633023,2118424,0,0
a33bceb2-c5c2-42e6-aa23-97c67c312679,704,NA,12,0,1062518,1618804,0,0
6e26d3ad-7bf1-45cd-83d0-993961607444,697,78,20,0,384617,853160,0,0
26c92040-5225-444f-9acc-f259a299ffa0,674,20,15,0,360544,619388,0,0
5c4c0e17-66b7-4bee-a85c-07bbdf5baa2a,732,68,24,0,156142,1051160,0,0
3da11c35-b7da-4bc1-9bd6-f55caa51c9b6,703,37,15,0,17537,250734,0,0
c788573c-a092-4c71-8432-e64bf898d563,720,11,11,0,83866,243386,0,0
5b8a87ba-14a0-4c0f-8cbd-25049e8bf758,,9,15,0,293455,666248,0,0
0c023c62-d53e-4f1c-b98b-40d062be4272,,NA,11,0,669294,1026454,0,0
49dc21bd-fee1-486f-ac93-3984c7ec8cbd,735,NA,3,0,126996,241846,0,0
7e64e3c8-e041-4306-8fb0-8d24f91551fe,717,NA,6,0,51699,66506,0,0
f94dd2f8-77b8-4458-9a30-cdaeb981b4b4,,NA,13,0,54853,705804,0,0
547d511d-518d-4edb-a7e4-4da7d99c4451,7180,43,6,0,77007,284878,0,0
029d3437-12de-41ff-893c-59e394b5545c,,NA,5,0,13737,44286,0,0
c1d14e6b-9bee-4f21-90d0-24ea3277e450,,44,5,0,213465,361878,0,0
ecd5c346-d804-4e41-9c04-bf89e1426ea2,709,12,18,1,569563,1290608,1,0
e775057a-27a1-4a58-a743-722bb38537e9,705,NA,6,0,54036,84194,0,0
34ed8884-abfe-4b80-8f60-d757389df2ab,,26,6,0,192014,231110,0,0
06bd25e1-d5ce-49e6-bc57-75b5b1288e8a,702,2,12,0,189582,333608,0,0
7f582ff7-63ba-4d16-a954-7aac88bf800d,707,NA,10,0,196308,279928,0,0
9b2de8bd-9cba-41ec-833e-8d418ad28bba,726,NA,17,0,23617,109846,0,0
57bbba46-dcbb-422a-9339-4811e73328cb,725,43,8,0,174971,512886,0,0
245c4275-1d68-4593-99a5-14a1bbae3f5c,714,35,6,0,106818,129910,0,0
102e3547-43b0-4afc-87be-80725df43531,,NA,13,0,457216,1116896,0,0
7fcc46c0-e856-4208-8a14-9ef934540545,,NA,8,0,431376,736714,0,0
01d09a1b-da08-4655-8acb-69f413163df8,690,35,21,0,288154,644138,0,0
def77c62-e19d-4420-8ae8-93003d45c22c,7340,44,7,0,181450,327250,0,0
a7e1808f-57c7-4bc0-a9b4-b2a4035a5cf2,741,25,12,0,73929,239074,0,0
2a25e85c-5d56-460d-a205-af0f74426cab,6330,48,16,0,813922,4188602,0,0
3b0c39cd-50e8-4e95-b908-d8be7c3b3ff4,727,20,14,0,244302,474606,0,0
d7aa67c0-7a24-44d4-8cdb-f10680d653ba,686,NA,6,0,152304,209440,0,0
1138eb3d-b661-4f35-b566-6a00b936757b,730,28,31,1,106134,426734,1,0
eee8c699-f22a-4b65-9033-3ac420666118,736,NA,5,0,323038,383240,0,0
29efca41-df8b-4962-b843-4e05fe82b3f5,,NA,11,0,138719,225258,0,0
9651ad66-9c39-4528-8de1-90f633d552f7,741,NA,9,0,478458,682264,0,0
bc9dc2b6-fcfb-4320-97d3-6552b732712e,712,48,12,0,232275,1120658,0,0
6333a342-db91-4dbc-be8e-ada0e9643e2a,6450,28,4,0,3116,31152,0,0
e5680b96-23a6-49f2-b54a-cc30be6ef477,744,NA,5,0,189335,388014,0,0
4a8b66e6-84fb-4207-91db-8686aa2fbf05,,NA,10,1,211071,441144,1,0
2b1c1c46-558f-405e-8e77-be173829fe98,,6,9,0,51091,318032,0,0
e15896f6-a73e-4bd1-a60b-c225670f394a,698,NA,14,0,399475,763290,0,0
3a1d08de-f898-431f-a0c1-6e8eae6b52b7,723,NA,7,1,228950,436040,1,0
147f9f4f-af24-475a-a433-ac7faec7b241,681,NA,12,0,3144709,14058858,0,0
e7d8b321-e7d5-477a-a7e5-a14db66fa4a9,691,29,10,0,1748,290444,0,0
7c7ef6bf-ec84-4a90-aab1-fecde6f410a0,728,NA,4,0,54492,110286,0,0
1b552571-c7d0-451d-a4eb-2c88b6733fb8,708,NA,8,0,180842,250184,0,0
5f5791b1-a70e-41c7-ba41-38c2f7b56428,667,NA,6,0,135774,219560,0,0
cf863afb-2bbb-4c54-9576-692f7fec03bf,704,NA,13,0,101802,222838,0,0
aa9516cc-0e62-4403-a7d5-56bdf56c2327,721,NA,6,0,13756,23188,0,0
278e48b9-d468-42cd-b10c-54d5bc95c77e,701,32,6,0,61655,261514,0,0
4e2cdfc6-7075-420d-9d33-b411df3a423a,727,NA,5,1,15333,65780,1,0
62bd523b-fe11-4304-a5fe-8ecf8b70bf84,715,NA,17,0,1731432,13189616,0,0
f7e48066-d9d0-4bb9-911c-abaa655ba903,740,NA,6,1,200982,263560,1,0
6341e3f0-bb80-458f-b11c-20b173b78197,747,NA,7,0,549328,1041040,0,0
0b0a4f24-d71a-4147-9acf-a4bd8ed27aa1,650,13,16,0,65417,235950,0,0
0e30c15f-b285-4153-a145-264dcd297672,685,NA,9,0,233491,356202,0,0
60914f05-796e-423d-bdf1-cb30971daebf,709,53,10,0,71459,131736,0,0
48d1a3a1-2e47-4e47-ab31-1c3c65a2c34b,735,NA,6,0,223402,468622,0,0
873778fa-04b4-4782-a6da-cf8781d5696b,715,19,14,0,327199,464288,0,0
5fefd479-b29d-4000-832b-f8e66acd10d5,,NA,9,0,585637,812108,0,0
3a091fd6-cb3b-4fa4-9c56-3cd37f9486c9,701,NA,12,0,180747,275726,0,0
10188856-7cc0-47c7-9ea2-28a5ad265ba0,743,67,12,0,1012187,1814252,0,0
616c5401-4e9c-415e-9b7f-5f57ac80760d,699,6,9,0,150385,177496,0,0
b28c47e9-5ad8-460b-8df5-cc02fb8b79b2,7300,NA,9,1,83980,200508,1,0
7bf9cf90-b214-477e-b8a2-b49a4bb39d3d,744,NA,10,0,380342,703494,0,0
e3d42aaa-5eb6-4a70-ada2-537e30210a8a,620,57,10,0,136287,167354,0,0
4f0fb3dd-9f66-491f-804e-beb1d8ffe01a,,NA,13,0,268356,681406,0,0
8a986e31-aed4-459b-833e-25ddc7919e62,,NA,15,0,344280,665500,0,0
5f2c1e45-3469-472d-94ff-355a7449f4a4,704,NA,4,0,326420,424666,0,0
9fcea1b3-1447-4a51-be07-cc98d5c0459d,720,NA,12,0,131803,205128,0,0
cd2b5d30-3e91-4712-a8e2-a430ec4af765,,12,7,0,70376,167002,0,0
523362f7-020c-4321-a6a2-9f0c124edd19,715,66,14,0,214434,323730,0,0
1d71c452-1c07-480a-9bec-ed656a319501,721,30,5,0,24605,182556,0,0
6eaf8ab1-2b5f-408d-8e0e-795fe6235052,693,57,8,1,159695,209396,1,0
a2ca1902-9dc1-41ef-9a8a-27978a362a6e,708,NA,36,0,464037,1297824,0,0
366d01a7-e9a3-43b6-b47d-67ac9e4a2c61,745,NA,6,0,56620,528704,0,0
d5471734-c351-438c-913c-1c19b8cb053f,682,NA,11,0,162203,225742,0,0
b9a9f4c1-ea3f-48cb-80ab-707a7ffbd98f,742,68,8,0,180671,286176,0,0
22ce66b7-7d80-44f8-8172-ebf097d9195d,684,NA,20,1,476349,570966,0,0
41b50163-6c7d-4887-91b7-4b1e26733c17,663,NA,21,0,386042,833954,0,0
d3eb5219-abb5-49fb-85f4-202952a064f8,728,29,7,0,94297,335984,0,0
f26bcb7b-da6b-4284-9ab9-f1ccb7c3ce36,,NA,11,0,393243,489082,0,0
dbafbd6c-60da-457e-9a22-289d3a39b6b6,740,NA,12,0,275310,937574,0,0
84ccace3-cc1b-4847-8a9d-2b4036907ae8,718,33,7,0,291308,447942,0,0
35e52040-c7a2-46df-8814-096de074ebc9,,2,6,0,19209,142516,0,0
3682e768-364f-4eb8-93a4-eeb87d82f37b,748,NA,8,0,692968,2084104,0,0
3eef640f-9680-4f86-a724-49ae70ae1bcc,6980,NA,5,0,38190,51546,0,0
cfa3779e-9dba-4d08-8e02-e94e2cc1da56,708,18,6,0,70623,323224,0,0
7d439e4f-ca8f-44b9-8f8b-5a08233a74e0,734,NA,14,1,149644,1264780,1,0
de49db7c-73db-4308-bd33-09a4936a11ce,734,NA,10,0,250876,579832,0,0
37a0ae65-699d-48bb-92ea-eeed71acae14,713,21,10,0,148903,200948,0,0
f5b66727-1166-47bc-87a3-f2e7b6a52209,734,11,15,0,88939,145244,0,0
82860ac5-f836-4ebc-9cb9-b76dbf0f0c68,742,5,19,0,517674,733678,0,0
9bd020dc-24a6-44f8-852b-2eb1db44025a,659,NA,7,0,550411,986546,0,0
45e9eed1-2337-4311-8794-aae754d5efdb,704,23,11,0,384959,564256,0,0
16ab22ce-ce4a-40c9-9956-3be815613015,703,NA,12,0,558125,880462,0,0
0ff3dc88-fb2c-4a55-a16c-e05640f5b74b,700,NA,17,0,308370,515966,0,0
8521048f-5013-4fbe-8ef2-d4f99b33195d,680,NA,16,0,674956,1289640,0,0
129f054c-ef1c-47c1-a4c9-b1b276790391,738,NA,11,0,156807,384670,0,0
2e9eccfa-1434-4e1c-a9bd-d4e076eaa3d6,706,45,6,0,84797,275022,0,0
b2b56bc6-4a82-433b-adbf-591c454b2199,745,NA,6,0,2642634,3138344,0,0
b43eddb0-b935-4727-912c-836824250f9b,712,55,6,0,377359,624206,0,0
f6f5d383-3289-47ff-add7-d3cb0da8a3d4,695,NA,6,2,154679,415536,1,0
8dc38a27-e50d-4943-bf17-b98cace1c8d4,698,34,9,0,195206,393096,0,0
b561136f-8303-4e97-b3e3-48ec6ec59e1f,749,NA,4,0,384807,718674,0,0
78b0468f-e25b-48e0-9a28-081ca8a34e3b,730,6,13,0,50996,218724,0,0
2f2192b3-3b03-45bb-ab7c-798f751bb38e,704,15,6,0,43548,88000,0,0
46e63e5c-f470-4074-8754-f54dc77d6fdc,703,33,15,0,168302,302588,0,0
325c515a-76ce-4253-b831-9cd0718ce727,,NA,13,0,495900,1201244,0,0
d3b351c0-0890-4bff-a78f-5517fca55a37,705,5,8,0,244834,400422,0,0
9cffeff1-1ce7-40e8-a8d7-cf7b97471706,714,63,10,0,80503,120252,0,0
e037dafd-939e-4858-9660-1f0d4a66a2a2,698,NA,19,0,692569,1104576,0,0
5d5a27ea-fde9-4346-8813-cb593fc1039c,,NA,4,0,34048,96624,0,0
535934c6-6883-4a1e-bdac-528e6fd586fc,656,19,12,0,282815,575520,0,0
e50eda22-43a0-45dc-ac1a-cd3c656c1c1e,741,NA,21,0,224276,551386,0,0
f115e293-26b5-4121-988c-0e24dbc5138d,742,NA,9,0,41344,368258,0,0
ca3195e3-c84b-4bf3-9a34-22b18da2ad7b,647,27,16,0,533026,1062292,0,0
bd49b9d4-3cd6-4864-aa07-3f0e316e284a,712,NA,10,0,864747,1030150,0,0
2dbfff01-c73b-4050-bbe6-ff33263c178c,743,28,6,0,35986,148302,0,0
0a0f745d-af21-452e-9fd2-61e58d82cefd,714,38,24,0,525597,723646,0,0
f3875275-fe3e-419d-bc03-613c6d0ab679,738,NA,10,0,604143,860420,0,0
3e1b8afb-a4ce-4c4f-a35e-aadd2d94e3e6,604,6,11,0,135337,404954,0,0
0d0ad90a-1640-4a72-8522-cd9ef624e45f,726,21,11,0,40451,195206,0,0
5d0fb375-fe28-4a92-93a2-198a58db08f0,,48,5,0,85880,203346,0,0
985715b6-1fc1-4bd8-bd33-5a15b6e252ba,,36,25,0,2353435,5084002,0,0
5c777161-95c0-4994-8784-f4118cb90d00,714,77,15,0,297654,457710,0,0
c44aea4a-64c4-4d27-aa3c-a68a508e758b,,12,7,0,88008,183282,0,0
025a2809-be89-4092-bbef-25abdba9a84b,747,NA,7,0,61883,192610,0,0
b0368b10-1e70-4b7e-b7d0-bfe8921ac3a7,702,NA,12,0,143925,280082,0,0
8006e540-35f3-401d-8189-2e74c05dceab,737,54,10,0,198075,356664,0,0
fa51e339-3b33-4540-9c79-06f926cf5f41,608,NA,16,1,113335,330550,1,0
eef02c95-0eb0-4cf8-bc36-ab59317c6d35,,17,7,0,121657,207174,0,0
ae062a52-eeeb-48df-a223-1c23d9c371a6,735,NA,5,0,123120,174064,0,0
f4bf1845-041f-486c-9581-aee7f5d1e1f0,674,37,17,0,139289,225258,0,0
e6db2d55-ad8d-4058-8550-48abb60c9946,691,33,9,1,74461,103136,0,1
0b868838-2e4d-4383-8f4b-6b72b23e0533,720,NA,4,0,80066,218636,0,0
07018d69-926e-4670-81ab-ffe21aa310fb,715,50,12,0,279604,478192,0,0
d33424fb-225a-4da7-be13-02898a30f0b3,699,NA,8,1,90155,262966,1,0
96cdd3a3-9416-44d6-85bc-84ad5692e8ac,,NA,19,0,49856,1254770,0,0
0dfff725-9a67-459f-ad36-c42a1f2415ed,,NA,5,0,174458,231396,0,0
67280b2b-bd71-4044-a916-30c8754ece25,705,NA,11,0,871758,1141866,0,0
c0bac377-83a4-4802-b06a-3fece9d48d26,,NA,7,0,229596,309122,0,0
2d25a5e8-d919-4ffa-bae9-44a3c7e2ab1a,660,NA,8,0,427614,557568,0,0
1040ce75-242e-4c2b-b010-b5a5cc7304df,698,NA,4,0,731956,1039896,0,0
3540b028-272c-4165-9a49-7545c189e40b,7260,44,9,0,216372,539968,0,0
eb3f604d-def5-4483-baf0-985db4295954,737,NA,4,0,56335,152064,0,0
72121902-8a40-410c-993d-2c65aa4dd8ec,747,12,22,0,156009,907720,0,0
a9840b25-3e50-45de-9bb8-1e801313ee27,744,NA,16,2,554268,1309748,0,0
bc0d512f-d85a-4072-8c24-6b9f8a5e8fda,748,NA,22,0,307553,522170,0,0
d996ca0d-458b-482c-ace0-0913fd315c3b,741,NA,5,0,68039,236566,0,0
fb31b667-76f8-47b1-9132-2e9b3eacfb5a,738,NA,9,0,159847,199012,0,0
82468e7d-9012-46fd-89a9-8262ead4e758,660,20,4,0,89604,109098,0,0
587104b6-ec44-4ea1-9267-e694fcb1982f,737,NA,5,0,186637,304810,0,0
47fb3b41-f0d9-4499-ad8d-06ac2b12815b,669,15,8,0,83296,106920,0,0
14473410-367a-4dcd-8e28-f32f3e7a7ea5,695,NA,19,0,424099,994070,0,0
3731c161-d6d3-4ce3-a0e7-3421ec022758,664,28,9,0,170487,600028,0,0
f79e07e8-4585-4dfd-baf3-f81ef9dc9970,660,NA,13,1,210064,338778,1,0
f372a1e3-dd8a-4cc4-9640-ef461c4ea010,726,17,17,0,364914,798732,0,0
f5276daf-b042-41e6-956c-d01b29eb9c48,744,NA,10,0,289959,686576,0,0
7864afb3-c44e-49db-80ce-49752a0fec72,703,73,10,0,298680,357654,0,0
c4362c57-82b5-4504-9fcc-ccdc239ec5ee,738,64,7,0,256652,492008,0,0
bba4710e-8ac3-4945-8134-0e744b53e2c0,692,NA,11,0,309187,986260,0,0
1dcc4639-98f6-4ac0-9740-275e505861cf,,38,11,0,69369,218878,0,0
7f24d6a4-7b7c-4b50-b805-2e0cd8e06dd4,724,35,11,0,323722,410542,0,0
3189e7bf-0372-4dbe-8510-4fb12b1aabff,,NA,14,0,440933,662178,0,0
0a84ae20-7322-46b5-91b8-1ef6ba3bfbee,661,23,7,0,115330,148544,0,0
af2e300c-b36f-40fb-b41f-5e4111c67b30,740,21,12,0,276583,1143736,0,0
2c39bfa1-f599-4151-b890-f9cb128f4459,,41,9,0,195833,442904,0,0
50325561-6df2-4230-9291-6d191fb114d0,707,NA,33,0,108376,653576,0,0
d6a60f35-f8dc-4c7e-9c36-41d8f1a18922,7130,6,8,1,86431,299662,1,0
d793d4d3-e97f-4d1f-bfa8-7a93dcc09b04,,NA,7,1,138681,291434,1,0
2f441684-f9b0-45f6-918f-0be70218bec6,,NA,17,0,364496,813186,0,0
0d528128-e5eb-452c-a82b-e632d68d0a37,,NA,8,0,195339,434962,0,0
4ad3ff10-39ab-400f-b9ef-756311d93647,7300,NA,11,0,136382,225258,0,0
8a99f953-3505-4027-9997-be6bbf8910b4,736,NA,7,2,137408,516604,2,0
e5a147f0-5eed-4dfd-afe6-8b04570ea297,724,39,18,0,563141,917114,0,0
fa584f27-b4b0-4b64-9759-7a96c7be9741,650,9,9,0,76057,533698,0,0
34846126-704e-4da5-a46c-556f4bd22e4a,701,23,8,0,96026,148236,0,0
531649a2-6909-45ef-a53f-72f486cea625,641,NA,11,0,338276,419826,0,0
944be93f-1b22-4771-8c13-7cc1df8fb19b,6830,NA,9,2,194693,291632,0,2
298df863-e50b-40ae-8f9b-d6e35d967460,,28,6,0,130055,285736,0,0
9bd347f8-e817-40da-aaec-e5a933249318,,NA,5,1,46170,115214,1,0
fd474aad-4893-4e87-9cb6-df89a9c7ec05,751,NA,23,0,129048,1800216,0,0
f36a1f08-8378-4c24-8d3a-c6aee24223e6,,NA,5,0,221426,320496,0,0
9eb9018b-c80a-4ac9-8a56-81d90aafecb4,721,NA,9,0,281770,498872,0,0
39600a7a-4951-4254-8f03-3666de16b9f5,679,25,13,0,516230,1039544,0,0
c70c6824-0201-4249-9bfb-12ad818439e0,722,NA,9,0,118541,529980,0,0
c165a1c0-bfbc-45a8-ba02-b95d8a1deb7a,,29,5,0,72333,210936,0,0
f7f37736-0831-46ff-8e52-511d8fde2452,,37,16,0,114874,1072632,0,0
9d7758f7-9965-4255-b9fa-76da15297f7e,747,NA,10,0,512392,894850,0,0
134b2a54-3c0d-42f8-8778-e6153ccbd17d,745,NA,9,0,148200,562650,0,0
3d777466-b355-4329-a176-5f35cb36e9bc,670,13,16,0,649116,1094060,0,0
8190f8f2-2a4a-4a41-9564-af4d7f9ed933,736,26,16,0,198569,429770,0,0
9b5a864e-a819-4a73-89be-23d63eb79f78,725,78,11,0,121657,497794,0,0
3973c3f1-7d09-4a0a-9c5d-e00b8421ba5c,722,NA,8,0,352602,468732,0,0
94736f05-23aa-411b-a2e5-77e7ca602426,746,NA,12,0,318155,782144,0,0
d96bf630-1f39-4f5e-bf98-94b1a21e0266,721,64,8,0,174002,248732,0,0
2a727c5e-e469-4ef0-9e32-e7f0ac91c284,,46,17,0,460655,1008326,0,0
9e81c289-8cd2-4df2-84e8-563fdea43a3e,,42,6,1,10697,37752,1,0
ab2b3b11-9d16-4f81-9ed6-a432153146d8,642,56,26,0,118237,171996,0,0
ca9b7093-a797-4efb-a690-769c4e3065aa,718,76,15,0,449065,749232,0,0
0592f083-a4ac-4456-a550-d0951f116fde,,NA,11,0,588069,1835372,0,0
770bfbef-d171-43f7-8ec2-3c0d35921836,751,NA,10,0,98325,1173634,0,0
f917e21c-1752-421b-9cd7-d78f6fdbd077,743,NA,12,0,170544,615164,0,0
98475dbb-0e5f-417e-978d-24363beaf85c,743,NA,11,1,118674,314424,1,0
761b3af9-076b-446a-879c-89308a7d8d23,718,8,14,0,425885,865150,0,0
728d608a-6a3a-4ea2-8758-a5de40c498bf,738,46,6,0,176814,287562,NA,0
8a14293c-93c0-4811-a767-d7914f34ad7e,,NA,11,0,110808,448646,0,0
d610352d-2f49-47f6-a65d-c5a4f3c29679,748,NA,5,0,99921,201586,0,0
adadf4d9-115f-4c2a-b749-b833e387237b,722,NA,7,0,389728,465212,0,0
ba6b7eec-4549-486d-9ed6-ce3068818145,690,NA,8,0,63308,148368,0,0
cc3bea33-6f75-443b-8b39-2a106bf64943,6680,NA,11,0,376466,501050,0,0
f45ba6be-b06a-4976-b70d-42bff9156541,724,NA,12,0,574845,875798,0,0
1e2ec361-2b22-4883-965d-fdbec486d591,,NA,12,0,405859,600182,0,0
c7aafb0f-ee4c-4138-b205-6b2c244a9237,722,55,9,0,186466,353342,0,0
06106243-70db-4d52-b6d5-0e87b08e319e,742,NA,10,0,355566,493658,0,0
331cd72e-e9cb-4da5-9702-818e17ea0b95,,17,10,1,71858,225500,1,0
b5bff934-6efe-4a70-bac4-d1f14303c822,744,NA,15,0,290339,525272,0,0
3da60ed4-c9db-4c23-958f-53f2b80baa8f,,NA,10,0,298642,589094,0,0
c7d80f81-7233-4954-9017-326293099d3d,7100,NA,8,0,731386,939928,0,0
1037a561-c11e-430e-bf17-232df70385e4,,NA,6,0,106324,125092,0,0
964b2bfe-efbc-4ba9-9c90-378491a63d7f,,NA,10,0,321860,416856,0,0
5e16fa1b-3ce8-4225-81e9-3e8ff39e9f9b,694,NA,10,0,208297,339196,0,0
dac9ca67-9d7a-4431-92e4-45e9c3406269,678,75,12,1,259863,357368,1,0
ee48647b-a97c-4278-8a7b-1c43b195a638,750,NA,8,0,170221,571296,0,0
dee5fbc1-cf51-43fe-9422-dfb52240e56f,744,23,9,1,195548,473704,1,0
919b0dec-d235-46ac-8cb4-3be4ada80fd5,750,NA,11,0,431300,1055824,0,0
ed605bab-f626-428c-8634-b7d1cc4bd3be,749,NA,7,0,3230,373934,0,0
1fd4aaf1-5e77-4b4a-ae98-71cdd63f3efe,698,22,9,0,94848,142098,0,0
65c7cdce-c40a-4a16-af7f-b371c20f311b,727,NA,12,0,239856,306900,0,0
f4d7fe3f-10ab-4143-9ea5-5c34ba7dcea9,7030,NA,11,0,226917,423104,0,0
0e822182-a82a-4d6f-adec-61382498afd8,658,43,10,0,173090,367774,0,0
d14f1f49-56f1-4a18-a8a5-d6af5864bdfb,,NA,8,0,0,0,0,0
cb87696c-3807-4a44-9ed1-d9997ff1af21,,NA,4,0,178999,298232,0,0
9d88b371-7cb8-46d0-9a4a-f2efe6527a6b,,NA,18,0,591736,1243506,0,0
94aefcb9-b6ff-4018-a8cc-2387af3891ca,707,NA,8,0,592914,767932,0,0
9c2a87cc-5255-421a-87ab-eac29c26e738,6550,NA,14,0,370842,439054,0,0
231cf74f-ea04-4e6f-9466-ff3157f91e06,730,NA,14,0,134501,927058,0,0
41f1777d-abfe-429c-88aa-59297ffb795d,,NA,5,0,231287,303292,0,0
b0ed2ad9-e969-451d-91ad-29fe464c5eb1,720,NA,8,0,81643,172832,0,0
e37ca0a1-94d8-46ed-919d-b9192524ff12,740,NA,8,0,99218,547052,0,0
452f6f26-1a3f-468d-ad9a-4de6f554ca52,747,NA,10,0,132886,680790,0,0
fde1276a-6e8b-4a4c-b0d0-4cd5bc82f680,738,NA,21,0,337022,1867206,0,0
f28c5885-56a2-4262-96d9-6e8ca7f5a8c9,,63,5,0,93822,285890,0,0
d37a6a58-a2a6-4c91-8b69-6cbbd6dc8af1,735,NA,10,0,282758,917092,0,0
f414898e-9dc3-47d3-95f6-f320bb93ee31,746,NA,10,0,704425,1156958,0,0
784e3631-c509-4f18-86b2-40b856a2ca3a,,NA,18,0,402990,804496,0,0
056f9d67-2074-434f-b7a9-0485678a908c,721,7,10,0,82194,205546,0,0
9088ca89-976a-4962-9523-224af249ee4d,,37,18,0,79059,372108,0,0
107d0e6f-4020-4b1a-9876-4fc348c8b0f8,734,54,10,1,97888,184602,1,0
92d03582-3dd8-4369-a8f3-ab5db3b832ec,738,NA,8,0,144647,232936,0,0
92c07398-8c5b-4266-9a05-c3e813ecb390,744,35,5,0,392559,483582,0,0
59e7ce4e-5265-48d3-889c-4a614e2b5c91,,7,12,0,128288,330858,0,0
68b35695-e501-4fd5-abb5-91ce0be70c53,723,74,14,0,630553,802340,0,0
2945b719-a387-494e-9c49-b4e2b500e135,612,NA,8,0,171836,219142,0,0
8c4a99d7-1acb-4a7c-86d6-ab3644386778,,75,14,0,366624,612568,0,0
f4493717-ba99-466b-9919-680b5d800896,748,NA,11,0,122759,167640,0,0
7489c28f-c9e8-4030-ac6e-577ea98cae5f,738,47,16,0,17499,421938,0,0
f04e9359-0719-4ac1-bcec-5e37343ff287,,39,11,0,731690,1313510,0,0
1f0a3b6d-93c5-4ee5-8a79-aaa5238ba776,688,NA,7,0,91105,186054,0,0
6d8902f7-f7ba-497d-af55-84e77fa66ae1,7360,NA,5,0,3648,235224,0,0
af8faa3f-bbd1-4e20-9d83-8051a5ebcc2f,740,20,6,0,85462,322300,0,0
a0887361-e2c9-462c-bb49-f2b2bffe0769,717,NA,10,0,265886,797610,0,0
701f7bfb-1ea9-4bda-8721-acf3dd354604,,NA,13,0,526224,1221088,0,0
87dc09e3-4f70-4566-9270-e5abeef49dbe,725,79,10,0,465215,629288,0,0
d2809691-eaab-401c-9677-5e918cc22ebb,,23,8,0,433352,602404,0,0
a4d97041-2225-4388-8386-92feb3bd2112,724,NA,11,0,225359,417494,0,0
9f95f2f4-3cb9-4b55-a474-094b23ab04ea,640,NA,7,0,134197,166892,0,0
004f8f3a-43bb-44ce-915b-8cfce55021be,732,25,5,0,81149,153516,0,0
9c445f2a-ea91-4a1f-9a4e-5c2cce1eb9c7,744,NA,6,0,12122,111386,0,0
a45e8f55-e306-45aa-9919-a38b8d67e331,721,52,11,0,539049,1141052,0,0
604290e7-6bce-4d5f-bf38-56c63f5cfaf0,7280,NA,11,1,174952,231506,1,0
3f33b47c-8b0e-42e9-ba51-4a7b64af8d6b,7250,NA,7,0,82403,116776,0,0
dcc68ec8-c6c9-4f2d-bd4f-8f64b686561a,736,NA,6,0,145293,361812,0,0
ce9a3804-73e8-4fb7-8fae-fed561304069,7050,NA,2,0,44080,135366,0,0
d191a3be-4cc7-41b1-b79c-2b3291deeddc,714,39,9,1,122170,263912,1,0
5067b3fe-0fa7-4dbf-87d0-4012ae202b34,742,56,20,0,316065,1129502,0,0
123d9a96-018a-4e00-a7bf-8ab6aa26e4f7,696,NA,10,0,111017,479644,0,0
83fd86df-ea16-4594-b26c-17888f0f3ad1,,NA,25,0,266532,518694,0,0
3982200e-53c7-436a-b3d6-8fa446375d8d,718,NA,15,0,154052,272338,0,0
2090bc03-bbb8-4878-a43a-ccccbe1211f2,683,43,22,0,781261,1478136,0,0
097c8cea-c4f3-436a-a3c0-9f4c8760f024,732,4,16,0,632833,1152118,0,0
c0652f30-6be4-4936-bae7-4af4cb649b81,719,11,13,0,588582,723492,0,0
2cf5863a-d1ab-4f02-99ab-8236f10e4ee4,711,47,18,0,77425,166936,0,0
a1ba32f0-7419-47e7-95ad-e98b922950ca,742,74,17,0,871929,1421970,0,0
3bcea931-21e7-444b-bf7d-39878acb22fa,663,NA,5,0,76950,114840,0,0
05ec3f41-bee2-4837-ac8b-48dbc83c1927,710,50,9,1,257070,471724,1,0
a7cd621c-4825-4495-9525-e6d4baf715e2,735,NA,12,0,135223,492404,0,0
4ff8915a-dbd9-45fe-a79a-826a645674f4,722,NA,15,0,606252,858154,0,0
07190dca-2853-4364-886a-2d1550aa48ab,714,NA,20,0,806645,1585760,0,0
6871e41d-108a-494c-aeec-62c0ea26343c,732,23,7,0,231002,277178,0,0
a87c094f-8052-4ce8-afce-44ea58478d9b,,77,15,0,122208,680306,0,0
db4c34bd-d6c2-4f93-899e-4eb0eec86406,711,NA,12,0,405042,598202,0,0
c36bba4a-d84b-4139-a1d9-1f4a8be8847b,737,NA,18,0,210653,670076,0,0
a62b70ff-3895-42a2-ac35-638fead332b7,722,NA,16,0,495197,636394,0,0
4da249fc-4a21-4f25-b8c9-03ebb608047b,741,NA,9,0,179531,296560,0,0
3f901bc1-d908-4975-8958-564cc56cac30,725,NA,18,0,207461,476630,0,0
37faac13-dbbc-49a4-9879-dcd757bf0a94,695,NA,22,0,502512,1140898,0,0
758b37fe-8019-405d-b4bf-c0991dc05046,741,NA,29,0,371393,1250084,0,0
9ed28b3a-c3a9-4ae4-93e6-3de7ff42f64e,662,NA,6,0,0,0,0,0
0bd5beab-6711-45d2-9e85-2bede72ae2f7,699,NA,11,0,454290,718608,0,0
9740eef3-7d0d-46d4-a1b4-5295729ff2f6,747,NA,19,0,180177,755876,0,0
b3ce334b-dae8-442a-8734-f7db5bc1636a,740,NA,5,0,258286,434082,0,0
87dc6858-da3d-44dc-bd06-b911c3d72316,722,80,11,0,514767,1548184,0,0
1879086d-4e6b-43c8-8a61-b67d33be6844,728,10,18,1,39558,289850,1,0
07adf5be-cf0b-400d-a16d-f2e0e40847a0,709,NA,15,0,525483,1379708,0,0
a4c295ad-0876-4eb6-a928-d3ffdc3777b3,717,11,6,0,359195,416328,0,0
a814ced5-282b-4669-8a2d-a241b069f587,713,NA,7,0,117401,204732,0,0
0767b6e0-5dea-4340-91ca-75dc8e128ea5,693,NA,10,0,149644,429946,0,0
a53cb95c-5558-468f-b9e0-470c91865830,,NA,23,0,878446,1284294,0,0
9b537f39-566b-49fc-8353-17345688f35f,,42,2,0,75259,136136,0,0
e028414d-8627-438d-b6a4-11c7360d551e,730,31,13,1,221977,384186,1,0
8d3e9199-1ad0-4ae1-aa85-8d453cc56288,,NA,6,0,95342,477884,0,0
f59e2669-4b6c-489b-961b-08be96eedfae,,NA,6,0,305482,690844,0,0
590055aa-0c29-4e6c-82bd-adc7245e5578,722,NA,17,1,85044,600424,1,0
19720b47-8379-4bfb-ab74-1e7416762828,717,36,23,0,278901,645876,0,0
f4204952-6340-44d4-b0d1-94e2d402fd10,744,27,9,0,80845,205282,0,0
bd22d822-f967-4b25-8f1a-cbd03519cb38,694,29,10,0,102904,236896,0,0
c7f6d4de-47fb-42f0-a52b-df771c08dcfe,744,63,9,0,70737,286374,0,0
be4a8d25-4edf-4c19-8e78-05c01e56270a,706,NA,5,0,43890,113916,0,0
11c3b558-ebd3-4eb5-8773-317154f85b00,,26,7,0,423016,560428,0,0
2d1b843b-2b90-4a99-94b5-29acf09af541,,31,22,1,578854,836792,0,1
83c7848d-e46c-442f-b290-8a2606319ea8,,NA,16,0,833169,1985038,0,0
ae9c53d4-d3d0-44e6-a61c-442af2418a56,711,NA,8,0,377834,653950,0,0
0491054f-cbcd-48a0-9760-b3ab46efde42,689,NA,23,0,403788,770264,0,0
630d4ab4-7f4a-4680-951a-e922f31e4b56,706,NA,9,0,301834,708928,0,0
81a716ef-7411-4bd8-b2b7-0f0b5ceef86f,680,NA,5,0,124507,269962,0,0
ed0c0466-78b9-4eeb-a146-e3753ea17e74,722,70,7,0,207879,301268,0,0
0cd1b589-6347-4138-90dc-8e24f0976730,747,23,10,0,1421846,4885276,0,0
c913eb13-fd04-483d-8b0c-a4b008d2466b,,19,15,0,338751,1010944,0,0
c4c4a004-2b34-42ca-994c-43fee8299b89,742,NA,14,0,338960,824516,0,0
2ab15aa2-b29b-4ef4-849c-afa222b33e9c,723,NA,9,0,599659,982102,0,0
95125dc7-f2e7-4c80-bd73-c91b04bf7f98,735,NA,4,0,167162,201850,0,0
10e9c84c-4185-4e1a-94be-fa6f73543fc4,745,46,7,1,150537,261712,1,0
816398c0-362a-4505-826a-2a76a346808d,,NA,12,0,242573,290774,0,0
4abd2328-d579-40d1-8fb6-ed3a25aae897,648,18,14,0,1016443,1627846,0,0
6127954b-3b65-4ab7-8c01-e527adfdc1f8,717,61,8,0,239324,358028,0,0
7f7bf907-cea3-4aae-b4e2-7c858e02dfc4,714,NA,11,0,127965,447634,0,0
56d2956d-927a-4a50-a41b-386c1d27cc03,698,70,3,0,12825,32230,0,0
85e643d9-3027-409c-9dc7-2f0a88462f67,745,NA,16,0,4091042,8153200,0,0
1b439770-8bca-4e0d-a877-5e7574a171b3,734,80,12,0,165623,729146,0,0
6618863d-5387-4456-980b-476583f6be3d,,9,11,0,684551,949278,0,0
2c1fb4eb-c2d1-487b-9579-7c2c280af4bc,734,35,25,0,524286,1218998,0,0
283578ce-1850-4e17-b8ff-c93bc0a88717,708,NA,7,0,0,0,0,0
8cec13a5-e5ba-472b-b918-3891befd3572,711,NA,6,0,66918,84040,0,0
4a6417ac-068f-430b-94b0-095740c14ac2,736,70,4,0,94069,113102,0,0
8292d3dc-0bd6-4e2c-84e2-20e2ff575744,734,31,11,1,309510,444664,1,0
a23a1b04-ff47-43dd-9337-72bf9fe826af,723,NA,18,0,757321,1889844,0,0
44a9ddae-fb28-4ff3-ab89-9fa37ec1019f,707,59,11,0,111530,208274,0,0
12c1838b-f36a-4921-b883-b0c131e9f847,,11,10,1,139327,270688,0,1
85532592-5062-4b17-986b-b0f6aaffff6b,691,63,17,0,454727,653246,0,0
6a4262b7-6e47-4022-89c3-cbfd40c0946d,707,NA,20,1,349505,1440164,1,0
12d1ac04-b016-489d-8e18-83f1bece09a0,643,31,11,0,571995,877250,0,0
d0896e0f-29de-44d6-9f21-f338197f55f8,685,NA,13,0,91010,288706,0,0
0158e865-fdf1-4dc6-bf29-fb9406e41b0d,720,17,8,0,26505,306922,0,0
2eecb638-fce9-47bb-ad82-09908cc4ac65,723,27,5,0,333146,452232,0,0
8e8c16e5-c18e-40d8-9534-12a3539b0f86,741,30,16,0,328206,484726,0,0
cffe7c9b-dba2-4685-aff2-5e8fb06023cd,6270,NA,5,0,193249,303226,0,0
5db7e4cb-7b23-44bd-83ce-bc0646e1d094,,28,7,0,33744,138578,0,0
7a91a837-63a6-4e09-a13e-4931a95d5de9,710,NA,8,0,74594,179586,0,0
1e493364-7ae3-4e05-89cb-ef4c95dd0389,708,NA,5,0,135755,172942,0,0
2693fff5-e957-4abc-b181-4f3cdf9a036f,746,5,10,0,204592,394174,0,0
43510549-6d36-40dc-aa0b-f1db9f8b0976,725,44,9,0,230698,337282,0,0
5b6088fc-53d8-4ca3-8e35-f83a0fae9acc,724,42,16,0,262219,762850,0,0
ab3af8cb-e279-4266-a112-0aa2c68d4752,737,48,14,0,620958,760848,0,0
3f03cc27-8600-40f3-acb5-3eebb5a56548,716,48,16,0,309928,454256,0,0
b6b428b3-dfd5-4b1e-82e8-521a3131b47b,731,NA,8,0,677996,943558,0,0
1ec94498-152e-441c-a475-4214d6da4b3b,,38,13,0,357542,534886,0,0
de9b30e0-6a36-43e9-bbfc-143ae8a405e5,,NA,10,0,244872,601986,0,0
74b62d17-aa22-41d7-993a-5679f2365065,7480,NA,13,1,38836,499554,1,0
5e5688e2-06e9-43a2-bba5-34729622e5e5,,NA,6,1,19342,263582,1,0
743f1d24-1bd1-42d4-b605-6deccb412c71,701,NA,9,0,250439,313500,0,0
f6f00d01-9570-422d-b07c-eec36e279d71,724,68,8,1,115805,267652,1,0
76ebc2ee-1de7-4d4a-9d91-d8033db13e1a,718,61,11,3,243295,527538,1,1
d6e051ea-9ecb-476d-8fde-35aa9fccf25f,717,NA,7,0,144210,202158,0,0
ab436862-d82b-40f4-8af5-c1c5fe786782,,NA,14,0,729334,1130492,0,0
439ed7dd-703b-4575-9ca9-442123c06aa2,705,NA,4,0,55784,838860,0,0
8bcf3297-9a72-415b-aec1-70ce765bda41,,71,8,0,204839,317944,0,0
7e4c4eaf-dd32-4a19-9c0a-fc2394eca7aa,744,NA,9,0,71478,617672,0,0
207aa08f-c2c4-44c7-b6ea-cae2b7306668,,NA,24,1,146737,491062,1,0
d8fcc990-f5a9-4ad3-a272-990ac80d09a4,706,18,7,0,166326,429880,0,0
b99e8ed6-ec92-4ead-a0e6-00a32224ea96,745,31,14,0,319694,616968,0,0
03cdf35a-9022-483b-9966-0617a2e7c43f,,65,35,0,30362,616638,0,0
b8af8840-8b77-46b9-a13e-fbb28a9e9570,,20,10,0,60325,403722,0,0
bd3cf1d3-a611-43fc-be5b-e2bb4c5e8c60,747,NA,6,0,1957,452078,0,0
6874d6a7-3292-4b1b-8199-de34cfc65a3e,721,77,6,0,131936,215776,0,0
52690f9b-7a14-4fbf-b880-c5c9fded67ce,734,NA,4,0,98876,394746,0,0
52a76d6a-1d30-4583-9fe2-870b195298a5,708,8,18,0,411521,540870,0,0
872d7dab-d61b-4283-ab6d-44471d9537ee,,NA,9,0,168815,519882,0,0
8e0c61ab-709d-4a12-a6dd-8eeee748c9f3,,39,14,0,326762,529892,0,0
d327f118-1a1b-49cc-864e-647eb1f358e1,738,NA,4,0,43092,283558,0,0
8acc7318-c904-4871-b851-8dc12f31ad17,,NA,5,0,74917,223564,0,0
beda21d3-adb2-45c4-80c1-6b0bc581f983,7400,NA,13,0,318440,526724,0,0
d8a3cd62-835f-4ba6-9e89-1a116255ce91,,NA,11,0,385187,1249314,0,0
3b2b16ab-de08-4012-ac67-597b80deae55,741,40,20,0,610033,943074,0,0
773b07be-8c0f-4019-98a7-56e5e9091683,725,NA,3,0,0,0,0,0
96da664f-1541-4e15-8854-c8918572adcc,671,56,9,0,378062,639980,0,0
c74e35b8-4526-4a2f-91ef-7fc87e15e0d4,744,67,14,0,466222,1921128,0,0
d0fcbc4c-3445-4e1f-b57b-f6d737db55c1,,17,14,0,501030,788216,0,0
7f9e3fd8-3315-4ab3-a884-1dabc0176a8a,698,NA,6,0,373958,494868,0,0
6176222b-c27c-444c-94db-4daae61a8f30,,NA,16,0,811775,1289376,0,0
0c0c602d-a015-41b0-a652-3d32d4a84d83,744,42,8,0,139783,569910,0,0
c22b1c6f-3540-481a-ace2-3a52ff4d7ce9,,60,10,0,250458,389290,0,0
00c3ec76-d230-4896-81ad-19553c9c0eb0,720,20,7,0,346009,408386,0,0
a18d7a04-36f3-4930-b0bc-8f319d5ad026,,43,11,0,359233,578512,0,0
a8b492d9-4ac0-408f-906b-b5bb5ccd4aa6,743,27,21,1,82935,578468,1,0
40e78358-b830-410c-9fd5-417217e12ab2,705,NA,15,1,236683,547030,1,0
ad3f24a3-e64e-407f-b545-fd29794335c6,,NA,4,0,15048,44550,0,0
21c24582-358d-4de9-88e1-4ce8db52f64f,723,NA,10,0,505305,1039236,0,0
d0f29246-5a60-46da-8e72-27a49dcbda46,,NA,4,0,123253,189794,0,0
fc2b60ce-5981-4b0c-8c18-8401cd8980b4,,19,8,0,198151,299156,0,0
b1d16842-93a2-4f1c-8818-02b9018e4160,701,NA,12,0,158460,254496,0,0
7999ad51-c218-4094-9580-4d6932ebdd04,731,26,16,0,380190,575432,0,0
36386cf8-ac65-4c0b-909f-2baecc600116,720,NA,10,0,77862,165418,0,0
3fac007b-9fb9-4ea2-929b-6139c42affd0,715,45,11,0,131233,170522,0,0
c506a5c5-c48e-4104-a51d-e8ef71317e8c,,59,13,0,484937,884268,0,0
d69a4422-3668-449e-b1b2-982ab151854c,739,34,21,0,583946,1661286,0,0
e5989e36-193d-4b35-aacb-a9330bf60061,703,12,7,1,145559,198748,1,0
b243f566-7eda-49aa-b2d2-f05573e2cfda,745,NA,8,0,42161,361614,0,0
c81ff056-cadf-4d77-8ec2-f76f0a842dac,707,NA,20,1,235885,388520,1,0
e5d77689-9868-46f0-a7f1-92e9ec790c7d,740,74,14,0,63042,722832,0,0
f17636b2-3820-4ab7-8d88-bd6ec89cbcd2,737,3,11,0,193800,403590,0,0
8343b0ec-434c-4e1f-8316-e70981071323,738,24,5,0,104709,136378,0,0
2bd4c030-8ddd-4c2b-a91c-c551392605fa,7230,NA,9,1,301435,646360,0,1
474dd8c6-0618-40f7-9a63-c53a0cec5207,699,NA,4,0,780406,948200,0,0
a5db0872-18b1-44cb-b28a-8e3558fd7f23,745,NA,16,0,96349,753786,0,0
b9083fd7-54fc-472e-a717-6c802390af13,,7,9,0,9994,128656,0,0
b7590f67-9e59-4b5f-9423-c0a8e38a7bd7,683,40,11,0,244587,468886,0,0
321e026f-2367-47cc-8f59-edd7f6122ee6,701,NA,8,0,200925,355718,0,0
5d14f06c-3541-42c5-832e-3ecdda3bf88f,746,NA,7,0,204516,428208,0,0
2869ee87-d30b-4a1f-8340-2449a1b862a9,730,NA,7,0,108471,232584,0,0
8f171e27-1a1b-4e59-bea0-841902f3797d,744,70,10,0,144058,284658,0,0
4ad209e7-bda2-451d-8af9-a435213183bb,733,NA,6,0,872651,1053646,0,0
730cbfe6-1509-4e8b-9f2f-abf4cbe9ec97,714,NA,12,0,140657,428604,0,0
8772742a-b0e9-4946-87de-a5c728298bd1,743,NA,11,0,270123,831842,0,0
4b146ab4-6196-47fa-be88-c62204c91737,743,28,9,0,26163,383548,0,0
2cf535fe-2de4-491b-9c8d-10eab3752aaa,725,12,17,0,1825976,7660466,0,0
385479a7-4b06-4e86-992a-5026d8c27b9a,725,48,17,0,189905,396198,0,0
58db0228-70e1-4bb1-9275-2a4e11bed124,708,NA,5,0,143203,184668,0,0
dc4b78d3-8b20-4eb9-901e-ed94a72d3797,747,30,20,0,268356,1204368,0,0
041cfcfb-7f02-48ac-b478-64cac787c9e7,7340,NA,15,0,512259,1072610,0,0
17716a48-ab80-4783-bc96-b2cbbc8bae67,740,NA,11,0,120992,428384,0,0
d7c470a3-1616-4f91-9be3-34d7351c840d,7290,27,7,1,186295,220572,0,0
1eb28284-ed3e-41cf-ac34-612543790016,708,NA,10,0,190000,480348,0,0
026ea24b-f92d-44bd-a0d9-d0d3129eda6c,6750,NA,9,0,130435,184844,0,0
7d9cdeff-25c7-40c8-9c95-1b6c5db61163,716,NA,7,0,131727,193292,0,0
9426b887-e2f6-40f1-b71e-18ece364bf6c,751,NA,6,0,97565,418418,0,0
43005b38-3359-4c5d-b9bb-139cd589dc44,697,17,5,0,234080,295548,0,0
d05bcb85-b6c1-4421-aea4-8243c82a88a9,722,NA,14,0,452371,797236,0,0
c4f93226-a69a-44c0-b22e-d9f68ca3ba65,722,33,11,0,591831,907654,0,0
1a7d3944-f0bf-4d72-830c-9b9af365d44f,739,27,11,0,1387,99814,0,0
4dde0588-761c-43e5-b364-eaf4fe3c7eb7,718,45,11,0,195966,360162,0,0
d7c3c8e5-0d18-4430-89e6-9cc70f307b68,670,29,17,0,379012,458568,0,0
9d8d229d-2483-4543-a362-7aea3e4460f7,721,33,8,0,24795,212674,0,0
7437b62e-d7bc-41ed-96d1-12c40e2e411b,716,NA,9,1,234422,477026,1,0
0ab35c50-9fdc-4e8f-b228-e9417f011dda,,24,13,0,62206,660726,0,0
9dc0f41a-c7b1-4174-8b51-975676fca5a9,725,50,5,0,80066,134948,0,0
ce42d446-297a-4cd9-9a38-d31bfaa3dc72,,NA,6,1,113107,172568,1,0
8ba0ebcf-45da-4703-8457-fb06636b8d31,741,38,7,0,143830,466488,0,0
a0990250-b22d-45e3-9a47-9de1a60d4548,732,NA,12,0,268280,448250,0,0
79b7c2b0-06db-4ba9-a45a-88477307d19d,734,NA,6,1,91238,185020,1,0
836f5e13-7a47-40f6-b8ae-e760cf44cbce,700,25,14,0,193971,399652,0,0
7ac39596-b6f8-460c-a189-7693771ee2f3,705,NA,12,0,43643,871376,0,0
1efd8eb1-8a08-4ce6-a749-90124153d419,681,NA,12,0,173261,374968,0,0
1b583ceb-c5fd-48cd-92b1-5fab72ef644c,,NA,14,0,0,0,0,0
175cf51e-53f6-432e-9201-6fbd2786d1c0,6720,NA,11,0,439451,520278,0,0
ecf2530a-ea52-4aa9-8d44-8d63350d923f,,27,10,0,11191,762630,0,0
708a87a7-2186-4587-8e8a-1205b41d6194,740,NA,13,1,245290,832942,1,0
f224759f-f73a-4969-8eb6-cae3c8354d71,712,46,7,0,244587,1539208,0,0
ecc9ed2a-a146-4fb2-83bf-1679a4e576d9,,NA,20,0,393984,570944,0,0
9eb54304-fbc1-44d5-a882-0c90ae6a1f93,728,33,12,0,98458,520520,0,0
7c6b7f91-685e-4325-9f33-38364c17ded6,721,46,7,0,53390,237732,0,0
c1761014-036a-48bb-8b9f-88e093769594,739,20,5,0,30134,40150,0,0
a763367b-f646-4fec-a955-bddaaebd3fca,654,11,19,0,202198,603438,0,0
ef809a0f-468a-40a9-9d36-fdcae280da90,722,70,15,0,510568,671792,0,0
4b15b24c-addf-44a8-97a4-59dbf8aa6b54,,NA,4,0,379658,808104,0,0
4288c901-b2f2-483e-ba2a-f062866e75d7,658,NA,19,0,363394,1492106,0,0
0395b6d8-6e04-488f-b6e3-046ec76b9d98,720,NA,10,0,349410,440242,0,0
e2cb55ca-26cf-484a-8b85-4aed25578c89,709,NA,5,0,76532,101508,0,0
71aee61f-a3db-4917-909e-99b10c31ebc4,7250,NA,8,1,96216,199650,1,0
694087c1-284e-4f4b-8528-98d46eebbbbc,,NA,12,0,91751,134464,0,0
64bec26e-57e2-4bd0-b5d0-2aeafda92781,,24,10,0,494209,686136,0,0
b55a1dc8-b930-4bd4-8404-5483626a51a5,749,NA,19,0,360183,1550428,0,0
ada718f2-6134-4a2c-a2aa-3516faee9105,722,NA,19,0,250971,444356,0,0
abf1d179-a837-4d12-9b66-3a8cc8cc43ca,707,7,11,0,147858,246356,0,0
0d92c053-1776-4624-aac8-ee8a25457159,705,65,10,0,473955,688578,0,0
acfbe42f-207e-4e2b-ba2e-f7346b497593,748,NA,7,0,250401,563024,0,0
be2961bc-9d45-43e8-94c5-83c736552a31,744,NA,18,0,357124,830346,0,0
52ec04da-badd-4f00-876d-a9b252653de0,710,17,11,1,49628,111364,0,0
d9803856-59c5-4bfd-a55a-762676d16408,691,19,10,0,42864,511720,0,0
7db51147-aa51-43eb-8bf9-1d2313e2061e,718,77,16,0,34884,262328,0,0
0f9729f4-69b6-4da9-ad92-e0b89a704846,751,NA,18,0,88730,1902692,0,0
ee90cc2e-2a42-4688-bfd3-b3260e49c015,718,45,21,0,278179,1288430,0,0
e913eebe-cd0b-4ce1-bad5-88ef45092f7f,6850,32,10,0,289351,509190,0,0
e3366e19-f579-4eb7-8ec0-8058721c493e,,28,17,0,462669,691240,0,0
820b8e57-9739-43c0-968b-46eeecbd6d17,724,NA,6,2,106818,232034,0,0
a9ffe7e7-10e1-487b-8954-e19f39baa465,748,NA,7,0,267292,482086,0,0
5b56b28f-9508-49ef-8bb9-56b9ee141b08,6830,39,23,0,583015,1956702,0,0
0537e21b-a1d8-4dd8-9921-b216477c0dff,683,47,17,2,30248,493394,2,0
4cfb0059-bc82-427c-b85e-4bd8315565df,736,NA,5,0,403275,571538,0,0
1e67dc3e-d045-490b-9305-d270aeaaad13,735,17,10,0,206549,569470,0,0
76c658d7-9191-4b5c-ab3a-e6bb640b1968,,20,8,0,140144,209088,0,0
1f49a4bc-0468-4359-84d6-f51040a050b7,713,11,10,1,162583,303160,0,0
fe4200f2-860e-4f1b-beed-3fcdb1c6a7b3,,NA,10,1,169385,434896,1,0
4f331ffb-e20b-46c3-9bea-2ecda734a933,689,17,8,0,117781,188892,0,0
07b307ea-72fb-465c-944a-1374e0221175,709,67,8,0,175807,343860,0,0
9802c8e9-d50e-40cf-8b6a-2e02c09d1017,6790,20,16,0,162241,300586,0,0
1fcf78f3-dbfa-4c06-ad7b-f0ecf02d148e,719,33,13,0,469756,779284,0,0
3d5d5979-834d-4930-b3a5-45f8a69a8748,693,28,12,0,311562,428956,0,0
6fe2740a-e5b5-4ed3-9007-5dce00feee7b,740,NA,8,0,351196,551012,0,0
fbdbf2d6-7fb0-44c0-a0a7-0315e5e7991c,712,15,13,0,44194,62942,0,0
7b7bc08d-dc71-431e-acf1-cf2372504fb5,697,NA,18,0,684114,888052,0,0
ea99d5aa-7748-4cbc-aaea-26385ff39bce,709,NA,10,0,291536,359128,0,0
1d41a5ae-c74e-419f-b444-582aec5a4905,740,44,16,0,357865,591096,0,0
af83ab8a-bf21-4631-b68a-e33f19d2dfde,7450,1,13,0,199253,511544,0,0
5e77b301-2069-4077-8eeb-cea3ba96da73,705,NA,7,0,185744,310816,0,0
a31c33dc-ecf2-4096-ae5a-e0c0db106a1e,,69,26,0,121410,278938,0,0
8d760f72-a042-43e7-ab30-3789413e9b60,659,38,7,0,276621,404910,0,0
5d256409-7cc9-417d-9318-bed31624e470,744,27,17,1,169461,404580,1,0
d90de0be-9b9b-494f-a662-2dab220cb622,750,NA,9,0,371469,734008,0,0
465ec802-10f8-4ee6-944a-f515bb24975f,701,32,11,0,444372,607486,0,0
7ff74f76-7749-4a1d-a227-055bbd25c588,751,47,6,0,5567,339086,0,0
2f78a374-3ce1-45c5-b306-a6777dd433d4,692,NA,14,0,272403,441122,0,0
4f2574bb-d3db-423d-b28c-f3ba6ed773cc,738,32,11,0,188575,347116,0,0
d930af95-0840-47d2-8bdc-587e36ef972b,7240,33,8,0,247133,324082,0,0
15f3e969-b954-478c-918f-de1aafc021e2,734,65,15,0,166934,565180,0,0
602746a8-febf-4eea-ab39-9a21ee44c65c,736,45,11,0,95912,399498,0,0
645f031c-00d6-4e92-9734-59b93faa40cf,742,NA,18,0,275690,667788,0,0
9ad546fc-d8e8-45a0-b2f1-edb7b0b01e1d,745,NA,12,0,589627,777612,0,0
6b9cb984-2f6f-4874-a1ce-ed599e6aa1be,679,NA,15,1,420166,662816,1,0
6ac6289c-9784-4258-9a9f-3eab954b1b8f,731,17,8,0,184357,341000,0,0
df0ed707-d8f4-449c-9325-7859c6502635,,NA,9,0,472112,695486,0,0
25d964b7-ca7c-4e81-972b-536032e67a4f,673,76,10,1,126350,422862,1,0
89afd4e6-3290-475e-b958-2c3859dec214,,NA,8,0,107787,276122,0,0
12f76ec7-ef4b-4eb5-93ee-d30b14983994,742,24,13,0,34751,390698,0,0
3d4bdff7-65fa-448c-8481-d224443ac086,,71,8,0,422959,559064,0,0
11dbf1c8-3ea1-4e6c-bf3d-a9dc586fc43c,692,19,12,0,301397,557480,0,0
a3e0ade7-382b-4220-bf6e-452218b71423,715,NA,4,0,54321,77264,0,0
0e7d75be-e1b2-499e-a5da-ac6bb437a22c,688,20,11,0,370234,452232,0,0
8f78fa69-95ac-462a-913b-3d212ec40404,735,27,4,0,0,0,0,0
9ff51afa-ae0d-42ad-9c2e-62d9a86893a0,704,NA,6,0,345781,499224,0,0
35f895a2-8a8f-4596-a66f-a73c3d194bcf,720,13,10,1,177270,336468,1,0
4cd3d3d7-a051-4021-9591-5e3a07df3678,739,NA,9,0,498389,947584,0,0
1993d2a6-13b8-4e7c-96c9-71a70ce02f19,710,NA,3,0,52022,89386,0,0
c66d50ba-8730-4ee6-9efa-cc9e57a84dfb,714,13,10,0,267938,452232,0,0
d53f5e29-66d0-4403-8959-c51a4054862c,732,49,14,0,153653,413754,0,0
03e1f7ca-c36c-4258-ac5e-89ab7cc49068,722,41,14,0,435100,1376540,0,0
2bbf76b6-a613-488d-a8ac-1e30d2322741,707,27,9,0,97527,256630,0,0
5c7ba421-9f43-4f80-acad-127a902bb7ea,,NA,12,0,239970,528220,0,0
7191c7e1-df32-4e46-b883-58d225d417ec,732,NA,8,0,282283,531454,0,0
3bc36421-9608-4800-a1c8-66db0447b779,741,NA,8,0,328947,757240,0,0
f8d9349e-d4c5-472c-ba5d-2f3c0f2d528a,751,NA,14,0,801724,2796112,0,0
ea3cfd6c-6c31-4d61-ade6-56598febd8ce,716,17,11,0,105393,210782,0,0
c477c11c-9105-4fa2-8801-7f8b325e4b10,739,79,15,0,77330,263384,0,0
0d90ba08-d2ae-4554-9ee4-11a37bee6a5c,728,NA,10,1,161253,359062,1,0
465d1b1a-fefb-4944-a166-b73fa7cf317a,728,NA,7,0,156731,253110,0,0
1efe2c46-ae08-4a84-8193-0e10b05295a7,710,21,11,1,122398,231572,1,0
5350a12e-16d9-40e4-89ae-5499eab81268,728,72,14,0,376770,777656,0,0
addd0642-2d66-4407-be2f-91aa22b0b51b,,NA,3,0,187986,279774,0,0
8bade166-c1e0-49ef-927c-09b55aee9872,,NA,17,0,219184,954118,0,0
5017227e-e36d-43a3-9dc1-c8858315003c,735,NA,13,0,233624,564740,0,0
ed28e845-ff1b-4c9a-b741-7da34a0869f3,715,NA,5,0,251864,351780,0,0
c43540c9-6fb8-4899-ad6a-7f0392dd86e6,727,NA,13,0,106096,617298,0,0
ea66967a-b11b-47e9-a0b5-29a460451b79,699,30,10,0,98078,523336,0,0
71183b09-50b1-4063-bd7b-01602cffc6ae,731,NA,6,0,161747,248732,0,0
1b28442a-1a70-48a8-9624-02163688a499,739,27,7,1,22629,436854,1,0
2aa04d84-bd8d-4475-aeb5-55ae68409417,715,37,28,0,106875,210826,0,0
ccc8ff36-cf6b-425a-8ac7-ca7ae007cee4,723,77,21,0,803681,1340878,0,0
e4a12944-f838-46bc-b032-8aaead89fda0,646,NA,11,1,112518,310970,1,0
e095e610-67da-4ee7-8087-37c00ad9ff34,724,NA,7,0,67697,332134,0,0
0ac0e16a-f6b7-4730-9e46-40afb49ed0ff,,NA,16,0,275975,392590,0,0
3188fed8-5dbd-49c8-82cf-ceefca76718f,736,NA,8,0,845348,1183578,0,0
293d0544-90b2-4ed7-b88f-86daa6e68cdf,735,39,18,0,297958,1189694,0,0
4fbfb179-0288-426a-8a8f-e87c7797272a,,NA,8,0,256139,646162,0,0
500ad956-8365-4610-be3f-6ddd0996cda6,7330,78,5,0,33687,54010,0,0
5ae16ec1-1357-4436-9780-dbc888df27b2,748,NA,16,0,1097231,1896224,0,0
c9795eeb-2640-4931-8552-ea43dc0c852e,663,27,19,0,310954,601106,0,0
94427a9a-8de5-4b1a-8210-498e011b3c79,,24,13,1,222680,344256,1,0
12312e65-bb95-427a-b03b-659cdd44f8d5,6780,NA,8,0,216695,397650,0,0
4c615253-a5fe-4481-ad54-a4cdf5169613,,81,12,0,141284,398046,0,0
09d443bc-feea-4545-a217-94855d3b4ab8,688,9,28,0,334381,569382,0,0
79fb74a1-b990-44c4-9813-8463eb76ab9c,6930,NA,10,0,56639,232606,0,0
21744f45-0ea5-4136-8a25-0ed377ef8350,598,NA,12,0,90706,450780,0,0
df16c58d-4392-4519-aa61-56f724c75277,623,52,14,0,198417,510532,0,0
dd200e91-6379-4770-acfa-8819db968292,710,61,9,2,1786,257378,0,0
abae4fd3-1475-4576-915c-7976bd02946d,716,39,6,0,50388,129382,0,0
90ae3a16-dd15-4378-ac8d-bd49daf47e51,,NA,5,0,141379,178112,0,0
b369043e-eceb-4023-8779-de97f6a4c01b,735,38,6,0,237139,352924,0,0
c18ad129-1acb-4cad-a5d9-dd3834c1fc58,,NA,13,0,596429,868692,0,0
d5369d42-23c2-47b0-8d29-a5b05f126e6a,731,32,10,0,209456,273130,0,0
79b35f0a-e241-4000-a8a0-bc8ef80b0456,740,25,8,0,62054,136356,0,0
34e407ae-23ef-43c6-b397-c06057946df3,733,44,16,0,121296,416768,0,0
16bf8680-e9f4-4c46-8f98-ed01d1ddc8e6,747,38,6,0,4256,11066,0,0
8459ac2f-3508-4037-9701-d9f05177380a,,NA,9,1,449445,811888,1,0
f497800c-23ff-4e4d-8447-00dc9a2bac6a,693,15,12,0,639559,916520,0,0
4a71b7f9-b38a-4d23-9de7-afc3777d724a,738,NA,6,1,153026,282590,1,0
aecfcc61-fe34-4d1e-b9ef-604bab1cc8f3,743,NA,18,0,358188,755436,0,0
55a0732a-b3ab-44e7-8b17-29f4fbc7d596,713,67,6,0,137826,346170,0,0
f1f719ed-764b-4827-8615-fc5c15240974,,45,5,0,49172,237226,0,0
c33d251b-ac3f-416d-b766-a935e5d18b44,751,NA,14,0,159144,890208,0,0
0b36789b-9d5c-4d7a-a15b-67225de55e73,721,NA,17,0,359138,771518,0,0
c4d8c01e-10b8-403b-b904-fb5101e1c744,747,30,4,0,6669,94138,0,0
c4d91efe-482f-45c2-b739-f6384bcde39b,712,73,10,0,86336,146366,0,0
0cd00ab6-179b-47f7-b802-ddc7176b0a66,743,NA,8,1,48146,913836,1,0
1298c91e-4910-4d9e-861d-bb48d6647ad3,720,NA,9,0,16359,33176,0,0
616e4fb5-931b-4658-b408-7b2bd56f5933,,13,14,0,138035,268598,0,0
88b064a2-e676-414f-b61d-1badea5710cd,715,32,12,0,180576,448668,0,0
81c432bd-56f6-490b-802e-a66dd89fcc75,733,81,19,0,397784,910228,0,0
848b2294-600f-4194-865a-69940500ffdd,740,72,11,0,374262,595276,0,0
9c930248-180f-4a58-a0eb-646e2d9d2ec5,710,9,8,0,293303,730334,0,0
a57dba36-d95d-4e96-a2b1-4182a58e1272,,43,18,0,110143,266244,0,0
96dedebe-2b07-4ab0-bf92-47b099e30233,737,NA,12,0,695419,896698,0,0
a3a0cc9b-dbea-4c46-8bb5-e8b6ea066f2e,734,NA,21,0,679896,1171500,0,0
718d6d75-aef9-429e-ba4e-2a50f73fb402,719,NA,20,0,1307181,2899600,0,0
ce5b51db-3c16-4a17-ae24-faf80e3f424a,710,NA,9,0,314830,442948,0,0
cc586716-44b8-431b-8b02-eb6930370dee,745,NA,13,0,73910,278740,0,0
595c7d52-bd5d-48e1-a8c7-114dad93bfd1,713,8,9,0,696027,1241812,0,0
59261e93-ddc9-48e1-8b76-ee9554a4417e,734,NA,13,0,132373,519574,0,0
1ca25219-bd0d-4ebe-845d-8f10da37e50b,746,NA,15,0,1214081,3069396,0,0
a60ac07d-904f-4517-aaf3-acf80b528da1,748,NA,10,0,200203,541618,0,0
6fd446e9-d8c3-4e3d-8538-c4424827b308,687,NA,14,0,120118,556314,0,0
7b7a2525-e8e6-4f3b-87d6-c9b69c8dcbce,717,NA,12,0,246658,531828,0,0
5b5272e4-a887-47e5-95b1-d117bc22fed2,732,29,11,0,105032,140756,0,0
a2338edc-ff9b-4c33-a159-d5367f46583e,718,NA,17,0,120346,881936,0,0
0e21f90a-3b52-4118-b9a1-bac7925a8805,,41,25,0,442833,1259852,0,0
f52949bf-4796-42a7-ac2a-a9174881b6a4,651,NA,14,0,374813,593692,0,0
a11fb5a0-c604-4154-b958-ff7cf9316257,680,4,18,0,612313,835098,0,0
eb5de629-9788-4459-afeb-a3786b37d6e6,746,NA,6,0,317908,961136,0,0
8d266505-5785-4b06-af11-740898d30461,728,NA,7,0,138719,203060,0,0
7427b19a-9a72-4d6d-9f7a-3dac0edc2425,,30,6,0,37088,322916,0,0
fd55fcc0-b1f5-456c-8668-ae0e5678270f,736,NA,15,0,322696,577522,0,0
8eb69fce-3414-4e4e-a795-f4ff7f1acdbb,719,25,3,0,703,29128,0,0
b17798f5-9f7f-42cf-b95a-dce4277ba34e,,NA,5,0,244435,673882,0,0
75a9e617-9822-41fa-a665-843d344e4147,721,NA,7,0,121429,220374,0,0
dc6448c0-0c74-4488-b6a9-ac30e453ba34,741,22,11,0,130150,369336,0,0
8d05fd54-7426-46d0-9775-a0d076c3d912,724,12,12,0,255987,452540,0,0
8859c340-902e-4eb7-8189-f32abb3b30ae,739,NA,10,0,251807,689260,0,0
1463866d-8b8f-40ab-ae72-7edbd5ee0286,718,NA,8,1,57836,323488,1,0
5d9bd018-dae5-49c6-abae-41b27356b5fc,744,NA,6,0,267064,323136,0,0
db6901bf-4f2a-4db2-8635-fa6c0eb6adf8,,NA,10,0,989007,1902274,0,0
9f5f4683-8152-4ad5-845d-41517d975fcc,,13,6,0,150461,205700,0,0
ba17c507-e290-4af4-a1e8-565e4c67f13e,709,NA,8,0,248729,413798,0,0
839a3caa-822c-4adf-90d0-87f798e7bf90,673,10,13,0,288154,552398,0,0
2d2dd06a-0baa-4e9b-86b6-63b61e9ffd73,,67,25,0,233643,556666,0,0
ded83594-e22d-4293-8ef0-4f277c0a3bb7,636,59,12,1,558277,1226610,1,0
110c8608-8b1d-4790-902c-4317d64778d6,742,47,18,0,419577,662794,0,0
20d8dd55-7893-4a67-aeee-93c8917a28a1,730,NA,4,0,146015,215116,0,0
ad04152e-6afe-4957-a6cd-00be56a4247d,674,66,13,1,146718,322982,1,0
da869bd3-e70b-4b06-aca3-a563d4727289,734,NA,8,0,219431,538296,0,0
79428d2f-c979-4468-ab01-c3729f5fc2be,742,NA,8,1,130245,571230,1,0
5809bf7f-2ac9-44bc-b613-1cbb41d5fa26,6890,61,7,1,178695,321772,1,0
ad81311b-d69e-43d2-b4e2-6420a90790d7,721,10,6,0,347016,523182,0,0
779e84c7-44c0-46d1-8c49-01fb71095e56,714,NA,6,0,155629,211266,0,0
ab9615ae-4eed-4c1a-a6fc-68962c5bb867,733,NA,9,0,525540,973632,0,0
32c59a40-d433-40cd-bd38-1df6212e6e89,702,55,13,0,461168,687236,0,0
4505bce4-bfc2-4dff-bfd9-fe9a67de2404,,NA,10,0,102733,364870,0,0
5a5a3bc6-c666-49f0-8eea-b3c74766f172,746,NA,9,0,791597,1072016,0,0
e8c17cef-246c-4901-9062-45c486b46628,629,20,14,0,265126,502436,0,0
cda35f18-f5af-405b-aaa7-83cf930244ac,,23,9,0,462175,579788,0,0
9df4b302-534e-4aad-ab0e-7ae25da1b988,,22,7,0,238393,483406,0,0
3d18e156-d006-4c94-b8da-a4d09eb00a23,739,7,11,0,459325,714868,0,0
f839e4c7-8df8-436a-b63f-7fae16071088,716,8,15,0,235790,560604,0,0
adc5b0ef-fdf4-443e-b799-cd882150edd1,697,17,11,0,516097,951566,0,0
f10a057f-d337-4404-aed1-612e5299c30c,,NA,9,0,360202,529276,0,0
fca84c5a-b236-4fab-8e89-9ff279005596,751,NA,8,0,267349,970420,0,0
3f38082c-625f-4f49-913c-2f109637fa93,,NA,5,0,490086,587444,0,0
a13d76ad-07ee-4ccd-b936-d9724fa2b177,744,NA,15,0,355737,501094,0,0
2689eb80-f700-4fd3-9148-c5cca160fa12,,NA,6,0,617880,870364,0,0
c3f77c8f-cade-48b2-862b-7fbd84aa210e,736,12,10,0,175864,237622,0,0
8e48dff6-41f5-4c0f-9d7a-7e42b7b64c50,,NA,9,1,108680,425150,1,0
1b0bb7de-8615-4a1e-b28b-37215c6021d5,620,NA,9,1,125077,428450,1,0
de0ab942-84ba-4cd8-9fcf-9b893f105cb2,709,3,8,0,510321,986502,0,0
2b1f67db-d7a0-4e78-98ed-fd713fe6db22,743,NA,5,0,82555,179652,0,0
effaf288-d9f4-45ac-95b4-314c5e32ed74,748,NA,7,0,210919,1285328,0,0
dd9d1169-da37-4011-966d-dad2ccf73994,7320,NA,6,0,207480,491304,0,0
f826734f-0c4f-4c3b-ac1e-3eee94ff8d4b,668,NA,16,1,272232,652652,1,0
be34f160-8846-4740-a224-e3ec72e4ef6d,686,40,6,0,55461,133496,0,0
6039645d-144f-4fd4-9948-8cc46f071e28,721,79,11,0,232275,345708,0,0
fa4f24aa-9aaf-4e90-a2f0-5044b7195333,750,NA,7,0,147535,766084,0,0
dbc62851-4123-49e8-8cd0-771b54336b27,741,NA,10,0,245062,388696,0,0
83ea5a43-83c7-4bb9-972f-f354165d0c9e,739,61,6,0,154698,285252,0,0
8d8156f2-bc30-42d4-a8f9-ccd0f0207ca0,724,NA,6,0,190988,426096,0,0
362c7340-cc48-45a6-976d-324210e970af,713,15,9,0,84227,385440,0,0
fccc0f89-d3a1-4cf2-9b39-bb915ae97b9a,715,16,12,0,26809,229900,0,0
5e1c0f61-40fa-4ed2-a26f-7a2d6b74c6c2,,6,10,0,285551,690272,0,0
6ec4ca9f-69a8-4667-a16e-3e50a947f53a,7420,67,10,0,205694,443520,0,0
1f908d00-2d5a-4eef-a88a-aeab60896290,742,NA,14,0,356022,709522,0,0
ab1034b7-300d-4dc8-ad98-da76b6691953,741,NA,8,0,257203,376992,0,0
b108d7f3-9e64-4519-bd0b-6d73c49b2a2a,705,NA,9,0,182875,262702,0,0
8b6e9c7f-4d9f-4a78-9db1-a1f4e33f9e06,,14,16,0,72580,110308,0,0
7bc6a73c-83d8-4867-920c-1d5a3ecccaae,724,NA,7,0,64828,573078,0,0
0d67c44d-f771-4900-afca-0db51705cc60,741,NA,4,0,104063,132132,0,0
229898c7-dd45-4cba-9075-2b445b13ea92,735,16,7,1,161462,279004,1,0
3e968b59-5c85-4e77-bbed-0f2fa2e5cf8f,741,NA,14,0,121942,176066,0,0
0bf46651-fb36-45ff-b47c-6b6ee2b8fd75,704,NA,12,1,177783,278168,1,0
01573b94-ca16-49e7-80cb-ee8e86b34ff0,698,4,11,0,53523,197978,0,0
973c3e63-a1ac-4e4f-8b55-b644716728d0,724,39,18,0,111967,481910,0,0
2d379545-f805-4394-8e91-536d12f9c2ae,,NA,17,0,348232,567116,0,0
0bd10d39-e75a-4d3c-aa56-a7d421c6cf85,714,NA,12,0,154394,226292,0,0
81a9cbbd-942c-4886-903b-2e407ceb6c59,686,7,12,0,138244,291060,0,0
14c29dbd-dbca-4899-b9db-c94dbe823b04,,55,7,0,97489,257708,0,0
5c8aee18-9f37-4b2c-8e35-2f71f5b4b5ee,706,60,11,0,278331,537108,0,0
20eb57a8-b966-4caf-b317-b89ccf2a9e61,695,NA,1,0,152684,177144,0,0
cd1ea1eb-f799-4fc5-aaa0-1b2377673bb4,701,26,12,0,182324,683232,0,0
39096875-94e2-4174-a1ec-5c85246a020a,727,NA,17,0,412528,901252,0,0
50952848-2e75-48e9-bc29-6930ee8c6a8c,711,29,11,0,1606716,2145792,0,0
bcb92201-aab8-4752-bc06-de3143bc3f68,,19,10,0,141645,396132,0,0
066bbc5f-46b7-4d04-8955-a4ba8c832fad,,NA,7,0,390317,600974,0,0
23d7ba99-b9e3-49b5-b5e8-47d7d6cac8d5,730,16,14,0,200013,257620,0,0
4a6aa1c1-0a38-4b49-8f29-2ac815b8995a,717,NA,9,1,105127,346808,1,0
200d0873-ad7c-4dd4-a16f-c9736f3b1463,726,NA,10,0,267292,629090,0,0
10311b82-cabe-4636-8cb8-c78512b59195,,NA,8,0,205523,379522,0,0
3dd08cd8-7db9-49c0-aaa8-aec880a8833a,,73,9,0,247038,429506,0,0
9bea9b0f-e031-4235-a890-9d389babb8ee,653,NA,15,0,402363,555280,0,0
f76e916b-3557-4111-a1d7-d8aa80e17187,710,NA,12,0,147497,410542,0,0
b290291a-41cf-4a75-b3a3-33b3af5733e6,705,NA,10,0,320948,528638,0,0
347f5187-ea30-4f02-a090-de286c461a6d,712,NA,5,0,109668,226732,0,0
e3441704-409d-44d5-a74e-8c5ecdc58468,701,NA,13,0,90060,197472,0,0
0a42f942-e439-4279-962c-23f55b47ddc2,674,NA,16,0,354521,529672,0,0
1a8a5d0a-6ef5-4cb6-8ffa-864c6e0f4645,702,41,8,0,187625,252032,0,0
73c9eb8d-b4bb-4317-b4e2-11960edb602d,,40,12,0,388683,668734,0,0
3801c66a-66a5-46a2-86f1-7f17fc4cea7c,714,33,10,0,80142,282062,0,0
e2b0b89e-56ba-4779-91d5-98ab7e0d6388,6870,NA,8,1,300124,399432,1,0
f1d14b1d-1835-412c-996b-d07c7f7fedd5,689,82,9,1,277210,548680,1,0
bf3eede8-ee71-47e0-bf00-bcc6e310ec36,686,NA,7,0,364173,622842,0,0
8cbd0e08-af64-4817-842e-72c474360745,654,27,12,0,65531,247148,0,0
00ebd3cc-6dab-4fe1-b63d-bcef9d46283d,746,NA,11,0,464968,984236,0,0
6e049cfb-fd61-4ba4-a2bc-71abcbd9695d,,NA,13,0,3534,1360656,0,0
2d6f8182-58b0-479d-b712-cc78fcc00781,738,NA,18,0,459458,1149060,0,0
d36511e7-0ef2-451d-8904-81a6ce0cda8e,742,NA,8,0,94297,381766,0,0
5fdb9b0f-0dba-4f97-b187-dcccfb4745fc,7200,33,8,0,143298,291104,0,0
f4c7ed74-df66-48e3-80f0-155d0b4c8701,,9,8,0,236778,434478,0,0
9f1d3bb4-beb3-407c-b1b1-2992faa785c6,745,NA,8,0,101232,1395350,0,0
17c2442d-47de-4a00-9fc4-fd3b494fa56e,,NA,7,0,86146,269610,0,0
0881be78-254b-44dc-b5b0-2b6c1345d02c,737,40,5,0,111473,216942,0,0
f28d8664-37e0-456c-b63e-98da06ee11c6,748,NA,19,0,1201522,6887364,0,0
155c8e15-019e-4769-9f8d-0f3efedae7b2,705,47,2,0,148276,179234,0,0
483950b1-004a-45df-913b-6258509669ec,,NA,10,0,546668,1338216,0,0
2c686e97-47a7-43a1-8179-a2b7118b0364,745,26,15,0,821275,1523962,0,0
18030b9b-2269-4693-9598-2ba32962b62b,705,NA,8,0,193230,287936,0,0
f02000f9-1d79-4ab2-8538-cb5d83e0480c,735,NA,5,1,32870,152262,1,0
13ac762e-3766-4077-a35e-05f73f366f83,718,9,22,0,278350,584914,0,0
e824b761-4acb-4d50-83d6-c8081f57b93c,660,53,9,0,399133,528176,0,0
d3660758-cb22-443a-8536-7b29765ac019,734,NA,5,0,74214,146124,0,0
a325a67d-c0cd-4fee-bb02-674d58b4cb0c,750,NA,20,0,144058,1635238,0,0
ab35be62-3cb4-47dd-9929-f4592173ac26,714,36,11,0,629793,1432684,0,0
3812ee99-cd76-4098-a1fe-88fa137f9862,,NA,11,2,111663,414414,1,1
46d64666-823b-4caf-af44-ac433a896188,741,51,13,0,66937,227326,0,0
d9831857-1217-4d5f-937a-d9d31dd6fdcc,,19,16,0,214624,487278,0,0
bc4dfdcf-14bb-4de9-9dc1-c39ebc0a3d6d,,NA,11,1,281941,515724,1,0
64e44176-5558-498f-a0af-5ccc062050cd,746,NA,6,0,279015,413116,0,0
7df988a7-e7e0-4d00-a845-c6249a19865b,748,NA,24,0,329555,3376868,0,0
4effad79-806f-4281-b156-321aa8340788,746,NA,22,0,26182,1516350,0,0
794a3cb2-ca4d-48ca-9b6e-307d9056e3a9,727,NA,10,0,183198,248974,0,0
9e825666-4423-4c6b-9297-edfe9b463e74,718,NA,25,0,0,0,0,0
360e4e3a-f672-4f20-a855-236a72fd8148,730,NA,2,0,0,0,0,0
56eef7e2-349f-4e5a-a4bd-7890acfa22c7,675,NA,7,0,105203,127556,0,0
c1b97f79-6374-46a8-8bdb-d619cc82aec7,722,24,8,0,91846,152152,0,0
0ea86ab9-a516-4c48-99c4-4c84152256e6,,NA,10,0,132981,508222,0,0
3fc5ce77-1603-4e0f-81a8-2abf5956d24a,633,NA,8,0,91485,318098,0,0
ce08cb71-0b64-4543-9c66-7393c6c5a9f6,,NA,16,0,516097,786280,0,0
dcfed9b3-1a01-483a-8c4c-a1e4f17e63d4,668,NA,12,0,300048,357808,0,0
dca3683d-377d-438c-9746-7bb88d5c823f,701,45,8,0,325983,662178,0,0
3b305653-f03f-443c-b27f-fca376e92833,750,24,18,0,62586,1393766,0,0
62d9bfd3-d9f1-4d92-b605-c8ff64b11098,735,NA,4,0,150423,187484,0,0
e3322f5b-c8a6-40c3-92f0-07453d7a57c2,748,NA,10,0,132335,1042360,0,0
e69132c2-3554-46ba-b4f8-b1f36cc02486,726,32,12,0,117154,309716,0,0
eafbe253-087a-4a8a-a5de-24da94b98f50,740,NA,13,0,608209,949124,0,0
0a329cdd-c1f7-405b-a446-5c828595cacc,595,32,6,0,0,0,0,0
21b76d58-f975-424c-8efd-6c7ed5b577d2,697,NA,18,0,1025278,2278628,0,0
1b88aa85-a00e-4d67-8567-900484641e48,,37,10,0,211831,435666,0,0
3d397301-0bc8-4050-aede-af1ae9cf9096,,NA,6,0,805562,946968,0,0
de8159f4-74e6-4ebe-bc66-22de0ed6a266,720,11,7,0,682993,901736,0,0
e9aae9f3-133b-48a5-9235-cb26f34c793c,722,NA,7,0,19076,98582,0,0
d9adc4b2-8725-44ec-9eba-23c1a60f6a49,733,44,14,0,216695,261646,0,0
fd9ffbd9-f1ff-4828-9590-3edad66721e5,738,78,11,0,764978,1449712,0,0
25693517-8682-4d53-bcc9-21e40a993c4b,,NA,9,0,244587,329318,0,0
17de5dad-a6c3-4ebc-a13f-84af2ba2ab51,,NA,36,0,202027,4977170,0,0
ae33f0e6-024f-4609-bfa1-0fb8299ae0ce,732,13,9,1,162982,561682,1,0
af336bdb-b044-434b-a45c-a2bd6ad95456,739,40,10,0,109592,267718,0,0
1b22649d-6da1-4bef-8f83-46c70422540b,720,NA,19,0,403788,752906,0,0
ce69da43-abb0-4e67-a5bc-76fd2c65f9f1,,NA,26,0,306888,1149940,0,0
2c2cb3a9-1e3b-481e-8b89-7c88f6aa58bb,,0,4,0,28975,114488,NA,0
5d4b2d95-ce20-4b00-8f40-0d3d08f752ee,,NA,6,0,49704,135410,0,0
416ff54e-4281-48a3-959a-69ecdf05abf0,706,NA,12,0,242041,1148642,0,0
411f804f-6d55-490c-a763-d037ab2bd03b,722,5,14,0,616056,1887116,0,0
3fddfce3-9232-40f9-8e7e-c6ecb53c9c6c,664,NA,9,0,513912,690294,0,0
79a9361f-1236-4539-80b9-b8ea11c6872f,698,33,3,0,80370,143198,0,0
a0044f9c-4d06-4dda-abc9-287ddbd307d5,751,NA,8,0,293854,1604922,0,0
2c1f0736-15b9-4a9b-8f87-98b2be0a322d,720,66,7,0,173185,231572,0,0
b8945af9-23c3-42d3-8152-2bd5a36a56a4,,NA,11,0,333298,563398,0,0
6d3e8de2-cbda-4511-86bc-c74535302d83,,10,19,1,836475,1174008,0,1
92df090c-ba4b-4e59-a12f-59c47c20ca96,742,NA,15,0,413383,801768,0,0
bf7a92cc-cba8-4a1a-9b16-78570c045056,700,53,12,1,146015,243980,1,0
cb3116b6-8576-4cba-89cd-b7f96a209896,733,NA,9,0,286615,492382,0,0
a02b207e-0300-4597-a7a5-b651d5e2d593,729,12,14,0,232807,441188,0,0
7072a58b-2fe7-4511-8231-06e9028a6248,,NA,10,0,248596,310178,0,0
a557bb39-6009-496a-8076-13345c2d655c,717,55,10,0,594738,760078,0,0
264f78b3-a6c5-4242-8bc9-6463f24452da,,64,8,0,17518,174900,0,0
bfef1576-298c-4ae0-a0bc-6e247ffcbd86,719,29,17,0,126331,270380,0,0
9279d6b1-755f-4018-bd64-4f3f901207ab,746,NA,8,0,562438,1535930,0,0
9c22e832-d648-4931-92ba-eb289a3ec33b,,NA,8,0,606347,1164328,0,0
16b7114c-c69d-490b-ba93-ca22f72588ca,700,35,6,0,51376,105666,0,0
d766a80e-cc28-4d38-9caa-fe6ca768dbba,701,NA,18,0,694507,1472812,0,0
35d63435-c98c-4f00-aadc-6784b2b8680f,706,NA,10,0,112879,226138,0,0
1bf9db77-d42d-464a-9f75-52abc2866ec7,703,NA,16,0,452979,671572,0,0
42de1af5-6d81-45d8-bf15-8097d4b7d3ba,690,37,22,0,348878,709984,0,0
83fbc06a-6e2c-44d0-8e2e-d450771b391b,741,25,11,0,74461,313544,0,0
70a17e61-c2b0-44aa-88d4-83c2ae973eca,,42,11,1,114038,369886,0,0
b4a47fac-4177-41a9-9bca-74d263a6f33a,730,10,8,0,508782,714934,0,0
959f4ed2-dcb5-4f42-879d-239c5f4e8932,719,NA,13,0,102087,537262,0,0
ef0f75f7-8da5-47c9-b579-553341672ea2,692,43,9,0,234194,281006,0,0
f6815235-482a-4c4d-8595-15a6341288ed,,57,10,1,147858,710424,0,1
47e190ae-5e4e-42b0-8880-c336f718e0a5,668,NA,25,0,580051,963622,0,0
8a807186-fe2e-46b4-9279-8ad6667246e1,666,77,6,0,228057,312114,0,0
545dabeb-43cc-497a-b206-67e702252dda,7400,NA,14,0,122094,443168,0,0
592b7ec9-7cef-472f-bc21-d159f23351c4,7230,NA,10,0,106153,418088,0,0
cd0c27bc-5289-4c23-a589-058fb691b43f,716,41,13,0,316825,705496,0,0
e8419daa-0b04-4ffc-8d77-04cd3f7d2ac8,,NA,22,0,134919,305118,0,0
c9872b5e-511f-43b2-91b5-e5faf7da2617,737,38,8,0,291612,431222,0,0
0e87e499-c97b-4268-9b24-6448f05e53be,724,34,4,0,19228,50930,0,0
8ada4084-0590-4b54-827b-1a61b9b01d2f,717,4,9,0,90402,131516,0,0
9b8940cf-3ccd-4742-8184-ad3d23383590,666,70,13,0,296438,439494,0,0
59be1ce0-a65a-4462-809e-844938acfae8,,NA,5,5,779,60082,0,1
b80b84fd-3a87-4724-a992-d209e1c7a060,,NA,10,1,180785,1137664,1,0
2160531c-b106-4f6b-88d2-2bca53c7da6d,735,NA,8,1,52820,122320,1,0
6bd2e45a-82f3-4129-b700-51b353677cb7,706,NA,2,0,13737,17270,0,0
f7c35739-258d-4673-b2c5-c252b0d9a933,716,6,8,0,412281,670472,0,0
564c2603-b906-47b8-b02e-92a1af9a5ce5,746,66,12,0,360335,595188,0,0
365fa9f1-3c95-437b-994f-cecddff66a66,,NA,16,0,26999,339900,0,0
18a48123-55d5-4f2f-902e-c89bfff353d8,739,32,2,0,5510,708972,0,0
860f6f96-51d9-466f-b427-200179fbd93e,691,62,27,0,92720,528880,0,0
330d8fd5-6c09-427c-92cb-e2ca1795aeeb,750,NA,22,0,161310,856812,0,0
b2eaf326-5ca5-4381-9473-7c948b8c739a,7390,NA,13,0,202730,241252,0,0
a000f85a-f329-4d82-90b1-5b211527642a,739,67,8,0,307648,675950,0,0
c14a2980-bec9-48a6-ab98-df044f14cfe6,723,NA,15,1,279034,414216,1,0
ed15dc31-8c4e-46da-be72-598be9a800f3,725,40,6,0,95228,171490,0,0
ef251e62-28a2-40bc-948d-59a6fd6ea5ec,6790,NA,19,0,268774,1033934,0,0
e195d17c-1df2-46fa-9ccd-ec2b1cf59b17,697,NA,4,0,41724,90970,0,0
c2cf731c-8ca8-47b9-8565-69d7dec693bc,733,43,9,0,149929,262636,0,0
4b99c219-f29c-41f4-b851-1842d89bfc6b,,46,12,0,16872,85272,0,0
014149a6-a284-488a-bddd-4c40f0ba4d80,739,NA,15,0,315571,964128,0,0
51efe866-5731-483d-a34c-0625d0abf8e8,7130,NA,6,0,61294,78584,0,0
04b78b08-593d-4180-8c04-5a40759f4ec2,708,NA,7,0,823023,1255584,0,0
fbb782aa-c4b1-409d-bd67-e4adbd97f7ff,7290,NA,8,0,300504,432212,0,0
26633703-8e7e-4c3b-8805-331236c42c4f,741,37,16,0,706287,941094,0,0
d070b35b-cb35-474c-9e72-f26ef01c3bbd,732,NA,12,0,178543,1476706,0,0
9595b7cb-f44d-4599-b538-baec969b34c8,747,12,15,0,362463,1462362,0,0
1596dd1e-d8ba-45eb-b4a8-ee75736b66b6,688,NA,3,0,100510,191730,0,0
2220f35b-4b57-4c58-b909-5295cb9bea2f,,12,11,0,193876,810392,0,0
0a666711-7fe7-4771-bb68-cb17ca601b11,714,87,11,0,266722,487872,0,0
96be6225-ed12-48b5-98ce-87a3ed2fb76f,734,55,10,0,191406,297110,0,0
03044e1e-480a-46ae-9923-09ce29fcec37,718,7,6,0,156275,234366,0,0
c294635a-bd44-4e9e-a60e-2317c988efdd,673,8,10,0,472264,566082,0,0
bce0c9aa-4209-4051-9078-666b305c27b3,7270,19,5,2,331968,427086,0,2
f7345eb3-bdef-4265-9f55-b9cbeb037696,7220,NA,10,0,308275,756250,0,0
ea0f993d-1a56-419b-81fc-4a284e84a217,720,NA,5,0,171456,287298,0,0
eeff94d9-a279-4269-8f47-2eabd0359406,,20,7,0,61959,96426,0,0
d9bd50bb-80e2-4b7a-a89b-a4d4b66587ba,,27,10,0,105070,180246,0,0
f1ba0214-a93c-4e38-8582-43096d4f36ce,747,21,15,0,306983,1036288,0,0
3d6b04d5-d5df-4f31-aec7-666db845fec5,721,NA,6,0,737808,888052,0,0
2f69c4d4-6281-4391-9b09-0f16154c584f,740,NA,13,0,227183,1948584,0,0
7e1f54e9-f15d-40be-a684-4b069174f160,684,23,8,1,163248,261822,1,0
55d5ed41-bc9f-4069-be40-a87c688e1835,743,NA,9,0,187055,273790,0,0
f15869fa-65a8-4234-90be-3539af9fbaa8,725,34,6,0,130986,255332,0,0
a2397dbd-d80e-488a-ac72-f618b85d9d7c,,NA,10,0,593123,972774,0,0
0a8bf32b-1d80-4ce1-8a07-9aec77d38882,733,32,8,0,122854,463342,0,0
afaf9f03-80f9-411a-a1c2-d6e10e5b1806,741,NA,16,0,355053,1005158,0,0
2007e5b9-4f79-4561-8c18-ee393bd0d1b1,689,NA,7,0,44916,145684,0,0
a08d7830-085c-4444-b44b-2d8a44183523,704,19,13,0,67792,244552,0,0
ac7a9a32-29b8-4804-ab1a-5fca68cea0e7,673,NA,17,1,626620,1042470,1,0
f8251bc4-aefb-4560-8656-622c807e2b4c,,NA,5,4,59945,176198,0,4
920e1d74-fd35-4afc-8197-bc2041a36303,,21,14,0,269401,550132,0,0
606e2bff-5559-4220-8dfc-cffc3d7ba8d2,705,9,10,0,399247,523556,0,0
b3dbe549-3d9f-46f6-8f97-1c2b7001fdb6,,17,13,0,241167,569888,0,0
fa25d9a5-9dbc-43b7-a19e-c4e3ec88d724,718,40,6,0,61218,94908,0,0
8f7f0628-72a4-4d28-9a0d-ba076e229144,727,23,12,0,455392,645392,0,0
a2b272db-326a-4cd3-bef4-a23b7433d95f,699,NA,13,0,393205,919776,0,0
605f3c8e-765b-41b8-a31c-94397a36d5cd,7390,65,12,0,489744,843854,0,0
31ada3a2-f214-4e84-ad00-77e933e6918f,728,NA,12,0,475285,929610,0,0
c9c80188-4ff3-4429-aad5-5c34e0459413,,NA,16,0,337706,913638,0,0
2c2e6f59-418a-4a73-87ea-c0c364e3ced1,737,NA,15,0,461548,777920,0,0
b7829899-dbca-491d-a853-c6d792493ff3,,NA,8,0,170525,292952,0,0
b26b3632-b5a1-4f36-b5ce-11914077113b,745,56,6,0,164901,285846,0,0
e93f8327-3c1a-45ed-aa60-fa9c83efde23,602,1,6,0,737618,4425278,0,0
bd1e9ee0-4138-490c-9626-bb05efa23418,,70,21,1,50464,402974,1,0
4270535a-dc7b-41d7-9ffb-29365a3a9b70,750,45,6,0,57912,253088,0,0
28f82a8c-9729-4eab-bd06-10d1bbc63a27,717,33,18,0,298718,1160654,0,0
3172bc8d-25f4-4d19-a34d-b214fde40a26,729,NA,8,0,268527,422466,0,0
576c59d6-6484-4503-9429-7a497c34820f,731,NA,19,0,169784,1191454,0,0
6504664a-713c-484a-9645-c3aeabba7f23,,NA,9,0,50027,212938,0,0
d2f03d52-9398-41d7-b4eb-c052345c65dd,,26,6,0,225492,479952,0,0
463e92e2-4aea-43a6-9abd-55075c6f45a0,747,NA,26,0,588373,3423442,0,0
093d986e-0e51-4c37-98da-46c91c715b32,,13,13,1,35321,629156,1,0
24e30a8e-216a-43b4-a2f7-3871083f5368,724,NA,7,0,65797,190916,0,0
6b21bac9-c101-493f-8f80-1b8e843fb8b3,,58,17,0,224865,784256,0,0
ce03bad8-48b8-4fce-990d-87d7e60f33ad,7270,24,7,0,71478,192918,0,0
d29f72b6-e612-487a-802b-a9b0e00323ca,742,NA,5,0,410666,539748,0,0
1a7d424d-aacf-45b8-9992-f032a94623a9,,NA,10,1,145331,568502,1,0
2424b7b9-7ae2-45cd-b9b9-5991d18763a6,739,9,9,0,92321,330990,0,0
2c0e2c8d-a465-4269-86a4-3249323291c7,747,NA,13,0,28272,137544,0,0
cdec8d76-d9eb-4306-872e-4b0478c8ba49,,NA,3,5,9500,125004,1,4
0e9e597a-7bcc-4e1e-ae80-cdd33ada0f57,,29,12,0,61636,229526,0,0
a10170d3-4efd-4499-9a55-69eab0bb0930,6960,NA,6,0,90896,115654,0,0
5cbfe8ed-8971-47ca-9eba-28348092a7ee,701,7,12,0,307914,599214,0,0
7d6678a9-fcb6-480a-97b1-7b1f9ee45966,717,NA,6,0,52307,132792,0,0
b352e12f-a97d-4642-b21a-3e055ece3054,738,NA,15,0,290415,462550,0,0
7c4f0a4d-50cb-489d-b727-dcc88921c683,722,NA,14,0,90763,215358,0,0
dc7bb588-7a25-4031-b705-5d87e95f7c1a,673,64,10,0,489725,728860,0,0
742b1457-0340-4de5-95af-9156ab0f2973,723,NA,15,1,66196,153274,1,0
7c0d207b-6e41-4cbd-aaf5-462bb80e849e,743,NA,9,0,500821,744414,0,0
ab1f7bc3-7a4c-4625-88ee-159da92c7c11,723,17,4,0,155059,342650,0,0
8131bbcc-884b-44cb-b13c-d8eecde60dba,705,NA,10,0,86868,209132,0,0
2f82c451-ddfa-4e38-91a6-9e207b0a3579,,20,20,0,182229,439604,0,0
2d580b35-6d59-4635-96c8-0bd88a467985,723,60,5,0,63061,115016,0,0
59b12fa3-1b1a-43a3-9e81-25f1b41e9c67,644,47,9,0,58026,191400,0,0
6a7b0853-17d0-460e-8530-08223a9d24f7,701,18,10,0,179759,1425600,0,0
882a38a3-a62a-4563-85e4-7def783b6992,726,18,13,0,528846,805706,0,0
83ab2cfe-faf5-43c7-be1b-2cf99592f3a1,,41,9,0,40736,535964,0,0
9582dee0-57e2-424c-921b-05f0dc26aed5,744,39,11,0,440895,1086184,0,0
b5b5080f-902a-4dfc-baeb-7513032b5703,740,14,12,0,145692,1895498,0,0
7c42247b-a971-4990-a777-d5701d9a3e37,,NA,7,1,168435,326678,1,0
d137d6eb-ccaf-4137-b911-1c11de99876b,737,NA,7,0,550981,876348,0,0
414d8f26-5fff-4c1f-b4e9-69d69a605c3e,743,NA,8,0,107502,200112,0,0
a8f8edb1-5b5e-49ea-b779-57a83d4311bf,670,NA,10,0,164939,371580,0,0
93eaa0df-4f95-48ee-ae8a-82c38b820c50,719,NA,15,0,1256869,2130766,0,0
6b675127-d98a-4922-a88f-0a2ff65953fd,725,39,13,0,144704,598378,0,0
4edab07f-7de6-43fa-a619-459bd07bd631,,5,12,0,275557,748990,0,0
c4be017a-fe4e-447e-9063-16810bcb5269,747,NA,8,0,12426,575102,0,0
72c48802-3337-4884-99c5-f88faf1a4fec,750,11,11,0,445854,1870484,0,0
ddc5ce36-1d41-429e-9e4f-205ab88dcf07,724,NA,14,0,365655,606562,0,0
427a6be7-f799-4fad-a3a2-b8061dbc5bbe,,32,2,0,3021,15730,0,0
82a8423c-2589-4732-96f9-b6ec0e6bd659,663,NA,11,0,558049,1054108,0,0
45424515-ed2a-4606-9b1a-a16f92bf60e6,675,NA,12,0,632719,855888,0,0
810e335c-edd7-4151-a4d8-e6efedade4cf,721,NA,13,1,237785,296714,1,0
127d7d72-b68b-4c26-815d-c4c4cf5b5da7,744,45,8,1,230318,381524,1,0
aaeb8efb-2618-47ec-8a61-60c49fc8aaad,662,15,9,0,78698,240438,0,0
b90dc5e0-d046-49e7-b890-13f87cde2b0e,740,NA,22,0,355300,1185624,0,0
a145decf-d736-44dd-9da0-44d87cfeb59e,716,10,14,0,371051,1053052,0,0
7a4f50c4-b9aa-45c0-adf7-32df388a67e4,,60,7,0,208563,401808,0,0
3731a9b7-4097-4636-98b9-173a9fe60978,744,NA,13,0,567834,985732,0,0
afd8c536-1ff4-490c-8a2f-25131e53636c,745,NA,18,0,220761,676280,0,0
9df7cbf1-72ac-47c3-a8e7-afc4cdeacebf,723,NA,11,1,374053,590898,1,0
d608ce6a-27e6-4abb-9260-58607b65a377,723,25,10,0,96539,177738,0,0
3dd38408-736e-48cf-82fc-0c81c95266b8,708,53,8,0,93860,265694,0,0
54a10e1e-153c-429f-845c-fba7024b4f16,734,32,5,0,327218,669416,0,0
f1104ade-7f6d-4544-b166-37e499aac6e7,739,58,11,0,168454,534358,0,0
a6409ec7-c625-47d6-ab89-abea2cc6ed83,712,NA,12,0,170430,850630,0,0
db4aceb2-5098-41f1-913d-11badb73ce28,691,NA,10,0,298091,506066,0,0
8178cbd0-96bc-4545-af57-767205a68bf7,743,NA,16,0,456817,954756,0,0
853645ee-e763-4d37-99b0-cb130af90ae0,677,NA,4,0,100662,143550,0,0
d5c90d82-6485-4767-9708-098551b06b03,,77,11,0,404016,850564,0,0
843290ac-1f0a-432a-99f6-a3ff88e5b98c,739,NA,12,1,73017,327712,1,0
62627415-2b55-474d-b396-d562e7292ffe,,NA,7,0,153292,359304,0,0
96860ea4-3eb8-46c5-a45c-b93346b2a66c,,2,14,0,223611,316140,0,0
510885e7-8a0c-4387-b43e-e6fcc1af04c4,7480,53,9,0,353609,1106600,0,0
532794e5-83a6-424a-9d70-790936a36368,740,NA,8,0,437247,849486,0,0
e09e4350-9bf5-4d66-878a-70970242a81a,741,NA,6,1,107806,135674,1,0
af95ba50-4e00-4f5a-bd19-582811728ba6,684,19,8,1,180728,360184,1,0
392e4cfd-e086-4d09-82d7-d08572a80495,746,NA,11,0,683259,1316370,0,0
0fd7e437-48b5-4f4c-aede-904aea3b5c9b,,NA,11,0,220704,447546,0,0
1c537b66-e82e-4937-a05b-37e01719d8db,,12,6,0,21622,27060,0,0
1e3b032d-c4d7-4453-9207-d0d0bebf78ae,713,NA,9,1,151791,466180,1,0
859aecd2-47df-4ff0-90b9-6fcd56cd92f5,703,NA,15,0,708586,1860474,0,0
bc3a3695-f623-4785-8679-c138b40da63c,741,20,19,0,445189,1396956,0,0
545d13d4-0f23-40c1-80c6-f6ac6cb3ed30,,33,9,0,146452,632764,0,0
41aba999-92d4-456e-bdb1-31ded403e101,742,42,4,1,20140,62854,1,0
d404046c-6158-4a19-b61b-251276a0630f,739,42,7,0,231515,532928,0,0
afd81ba3-0000-4e36-940f-a6deafe04a30,674,NA,13,0,712899,1021592,0,0
3f3edbb6-b758-4afb-bd58-0db7f5b98b4e,744,33,9,0,54511,239118,0,0
396f2570-7e3c-47e1-9788-0fd52abdc822,719,NA,22,0,155477,538978,0,0
1e43af6d-67b0-4da5-9734-1bfff75dc955,7010,NA,10,0,199063,240350,0,0
50821638-ed21-4e3e-9596-a161bafb83ac,,NA,5,0,121600,577060,0,0
0d0fa08a-eb05-4832-8538-6be480b2e26a,,NA,11,0,1101411,4924040,0,0
752c9c30-f390-45ce-a7e6-95165daeb0a4,739,6,10,0,98306,159434,0,0
7aeeb207-bf52-4dc3-9642-d04bdb7758a6,718,NA,7,1,76646,128436,1,0
02aa07be-8d7b-4961-bea5-16db17a0b441,726,40,20,0,811509,1898292,0,0
f6551acc-62fa-44ad-96a3-fa0de4a1879a,686,36,15,0,2037085,3231140,0,0
17175322-6ef4-4694-8814-ae43b1754ced,740,NA,8,0,425923,559152,0,0
b7937877-f6dd-461d-ad0a-06f97025ddea,746,NA,16,0,144609,1116258,0,0
0c276c3f-d60a-407f-89b5-fd9bfa75a07d,668,50,15,0,498066,826232,0,0
4a44ae42-c062-43dc-a898-cea3a3bb8ea8,720,64,4,0,35112,89364,0,0
a2056b13-b2c8-4394-8bcf-eeb9fd357d5d,742,5,22,1,239343,952314,1,0
0a43832c-e083-4f33-8189-5db21e83fcb1,728,NA,17,0,285950,403788,0,0
f12d9105-a741-4795-bb02-cd91b8856c3c,,NA,7,0,80028,151426,0,0
41580b47-061d-4d6b-be32-befbd0555090,742,NA,8,0,411369,693330,0,0
f4397d3b-4d32-4517-a3bf-8352e95fbaa7,704,NA,8,1,245518,548812,1,0
0ad36ce6-d2dd-4bb5-ba10-1f93e542caf5,730,24,6,0,279395,504702,0,0
6d47e2f2-4550-4558-90ed-15c235b3acf6,698,NA,9,0,431300,713438,0,0
caa037f5-e7c9-4a18-95e2-13e509bccf16,740,NA,14,0,725458,2079198,0,0
0ff3fbbd-c424-4b3f-8a07-f215267a90db,747,NA,9,0,265278,846164,0,0
d0e531da-b1b7-411d-b086-89e2f1c8aa4c,749,6,14,0,46398,422950,0,0
126fb344-ab17-4d11-8c46-71ad1ce21c1e,727,NA,6,0,29450,1099956,0,0
c70cd8b0-026d-4d6c-aa88-dda2d98d3a6a,736,77,12,0,452599,1027554,0,0
8fd804e6-2aeb-4b70-93ee-83454c818a1b,734,38,4,0,222585,295592,0,0
685be17d-ff7a-49bb-977f-38b076f00fa6,723,19,3,0,114608,141020,0,0
d7f9a5a2-dc60-48de-917f-fd87fdc57531,,13,16,0,478439,958430,0,0
8348ada6-7f42-4f31-a6a8-db4066751c4c,737,NA,21,0,700074,2167396,0,0
7275d039-c4be-411f-a7f8-68cdd3c5e77e,731,29,17,0,238260,544126,0,0
e35cfe9f-316e-424a-b4a8-0f37206edb21,738,49,8,0,591679,923318,0,0
232794ee-28cd-44aa-ab85-0f45dd9e0376,742,71,13,0,281067,468930,0,0
9b7e1c00-7fef-4fe9-8122-a56811b74492,739,NA,6,0,186466,391116,0,0
e6abae68-8b03-4e99-901c-35920f712ed5,,73,17,0,264746,366696,0,0
cab6e24f-a4a5-46e9-9f87-3f94b0b5481e,,50,17,0,240616,460526,0,0
a2ed3f51-c6b5-4408-87f5-8dcc2dcb81b2,664,NA,4,0,42579,82720,0,0
27a07360-9cfb-467e-89cf-43d532215cd9,,26,5,0,53941,103092,0,0
e02bb1d4-1a63-4784-9753-ddf4f5f32037,715,NA,13,0,846982,1592052,0,0
a8960ba3-7172-4969-ada6-31e968fba022,,14,21,0,553337,774730,0,0
77d82639-17f6-41b4-b5e7-6c6e93754a1a,720,NA,5,0,87913,199606,0,0
459d2d8b-9b4a-4782-9421-d656606ebbea,683,NA,15,0,465177,865964,0,0
664a0815-31e2-4349-b3b4-ce77c10b3796,741,NA,11,0,64049,152592,0,0
b6868233-2b7f-489a-b26b-ec4793b70ec6,727,NA,12,0,161861,551254,0,0
33f57945-ae14-4df8-91b0-20b67e6449b0,745,NA,8,1,127965,309342,1,0
f451cab5-48e3-4c1c-b109-ea61712e5191,743,NA,10,0,380494,523842,0,0
fc144836-0aa3-4f7c-b5d5-91e3f60112bc,,80,13,0,273144,381964,0,0
d6916f70-a4ae-42aa-bc9a-d755f3de4dc6,726,5,10,0,74518,277420,0,0
05012d0b-60ab-43d8-a2c4-621eee7171bb,710,13,9,0,378765,697246,0,0
28f5ddb0-da1c-43ca-ac9e-a450c2e45c3d,686,57,6,0,173869,438592,0,0
b0b8cd3c-72ca-44ab-9c22-68f3145ec22a,623,NA,13,0,475228,1160896,0,0
95fefe9b-6324-43d1-9289-14afe39edd6f,708,NA,9,0,38608,63844,0,0
d5057c00-9913-49f9-9792-17bcb958de38,743,NA,9,0,499244,798446,0,0
a815096e-9001-4e7f-8b62-ed2bd5e43c02,723,NA,7,0,369664,485848,0,0
4f927bfe-f291-421b-bf63-d6b06235c2cf,689,12,13,0,283081,421850,0,0
acd51e0a-b035-4ae0-8595-87d3af1155d0,,33,8,1,162089,279290,1,0
7922b992-3066-401d-b60e-efe3da8b52a0,6940,NA,12,0,376048,757240,0,0
746ff2d9-54e7-4a35-806c-d3909da2cb18,742,NA,9,1,61579,130350,1,0
8447943b-c04e-4079-9b7f-4eda250f767d,711,19,9,0,94563,233464,0,0
d439604d-26d6-48b2-a455-8c94a2bf3e51,714,NA,14,0,271681,427988,0,0
6b44f132-994e-4685-987f-e0aeba1ffba9,730,80,13,0,304893,504328,0,0
e6d65809-b2b8-4338-a43e-29d04d66e7c9,735,NA,6,1,74062,277530,0,1
67126dcd-3d20-42e1-a1be-a435343fdd07,693,8,20,0,349733,677204,0,0
cf6a5c6c-739a-489e-ab0f-7124f42ee10b,734,NA,5,0,390507,472978,0,0
60de2867-5f0d-4977-99f6-effee183b639,721,27,10,1,95988,500654,1,0
3523a79e-09af-4ad2-80d2-79e55fd1631e,725,NA,12,0,249546,323928,0,0
30d0ef99-3ce6-4024-993a-b5b39424e6b6,721,13,12,1,45923,179652,1,0
7b93caa8-ddd1-46a5-a03d-c61c1b3e0cb0,723,31,10,0,179208,393008,0,0
c2ae9f47-85ae-46e8-91c7-0344cd508d2d,713,NA,12,1,183825,242968,1,0
bc4c5890-26bf-478c-a92b-652e2bef422f,662,NA,4,0,119833,270490,0,0
950d6536-2fdc-4d2f-900a-be50a594e3b9,,NA,10,0,549252,1034088,0,0
51c1f25a-5015-4484-b627-3644fcc72ccc,739,20,11,0,164711,225698,0,0
190ee016-3997-4103-ac96-7c23216d87ba,,25,14,0,158973,404536,0,0
efd2bacf-0d75-49f5-8451-e3fc522923a3,751,NA,3,0,93936,389840,0,0
8b42e620-c6d6-49f5-8e30-e5cc3e815cd6,,NA,10,0,315989,655688,0,0
7e286130-729c-4296-b21e-c86eef0449f0,718,NA,6,0,141436,180356,0,0
f8584ff1-d476-4c17-8133-3ec15a375528,714,22,5,0,22952,136994,0,0
e08e0e30-5373-481a-9c90-4028f97b7b7d,741,NA,12,0,381463,664224,0,0
1030f003-15eb-47de-b98e-a782e17454df,662,31,15,0,486248,998250,0,0
7eda9bde-714f-4285-8780-9d6657050426,741,80,6,0,48165,172150,0,0
e855ac82-842a-48e8-9299-b9f4c4be143b,,NA,8,0,187853,269852,0,0
0aa6da6f-96f2-4727-8c70-4cfbd89f7b62,715,42,8,1,91846,136180,0,0
e1e3f904-050d-4ed4-843b-2518836d8131,720,18,20,0,470896,2042106,0,0
944f4dc8-0409-4c6e-9161-2697237f9153,705,NA,23,0,540892,943206,0,0
76c66362-fa0f-420d-9d7a-ae44130a11ad,738,NA,11,0,543305,664994,0,0
471e4b1b-d732-4ae9-bcc3-c379bb090e05,729,NA,9,0,590862,890802,0,0
f83ae0e1-bd30-46c7-9f72-f4f9fe2f36ca,708,16,8,0,129865,203742,0,0
4b221ec7-84fc-48cd-afb1-fa948475b279,720,4,11,0,212173,452474,0,0
a1eca2d8-463c-4076-8f20-af4def662153,706,66,16,0,580773,1141734,0,0
03a1d73c-9eae-471a-8b96-5d06b7feb3d9,653,50,14,0,64771,124366,0,0
539c773e-018d-413f-bf2b-195d1602f5cb,701,NA,9,0,1650834,1995290,0,0
626f391a-2bb9-45b1-ba61-6784e3f12407,740,5,10,0,69711,373692,0,0
d79d6af0-ada0-4aeb-93ca-ab1d38702825,742,NA,16,0,483835,947936,0,0
44810e6b-aed4-465d-937e-aa915c1ac13a,718,NA,19,0,236493,562276,0,0
7c1b84c0-ca9d-49df-b9fb-307af7f5f260,738,73,10,1,196327,309276,1,0
b3e6390b-ce87-471f-9690-2710af1fe140,,NA,9,0,244131,383548,0,0
0f34eb66-92a1-403d-a8d6-773eb07ed5fb,731,23,11,0,156579,360470,0,0
bac90cf9-3c89-43fe-b1d7-3da63fb5bd97,718,34,7,0,192356,462088,0,0
ba2304b2-f82f-45c4-b2cd-544e990eff87,736,NA,6,0,383382,593472,0,0
d6483671-13fd-4122-ad19-29d38fc42008,743,NA,8,0,163780,350526,0,0
b14041e8-4823-4530-9751-7bbd47d99ec6,748,42,8,0,2223,858242,0,0
d2a8ab76-cbff-47ba-9cc6-6482651540d3,688,12,9,1,70300,184998,1,0
82f55633-c59f-4b08-a577-e127290eb72f,6750,19,12,0,1133293,1504866,0,0
35e3298c-1ed7-498a-903c-3d1ee4361eb0,714,NA,11,0,324178,637296,0,0
3b3afce2-b8b6-4c82-905f-162a071fc9d4,675,17,15,0,173204,416944,0,0
d56f1ecd-56c5-4838-858c-4973031abdb7,738,NA,12,0,219526,394086,0,0
1abf8f47-2f65-4338-bf27-0c970f62d240,738,23,10,0,171931,255882,0,0
ab74d1bf-999c-46f9-afea-0145c109885e,731,NA,15,0,337421,919292,0,0
a717dd6d-7685-4eff-a45b-cada2c3e14d3,708,37,12,0,601977,949630,0,0
8a0fb0c4-5c22-4987-91df-cd9c6b79a01a,738,NA,25,0,716908,2286790,0,0
8ec34587-4f38-42d2-98af-852cd221c99e,728,NA,14,0,621927,964018,0,0
d5a83499-dd24-444a-92d3-2d11006a4bcc,737,21,13,0,285019,848386,0,0
6a9570c7-6218-47e6-a2bf-59209b116afd,703,5,12,0,204421,410212,0,0
d7dd7ef5-16ec-48d6-aa63-6c82f0b742a3,725,NA,6,1,93594,272294,1,0
af18eea7-2c95-4071-b729-aee51b6ed5cc,700,NA,9,0,206302,284372,0,0
fe5cf468-4537-4f4d-adea-2995a06a9367,,NA,3,0,192052,287298,0,0
b18d6a37-c438-45d9-a579-8333fee139c9,708,NA,13,1,372818,543004,1,0
fa00fc1b-0a6d-416d-8012-b85ac98e9bae,724,NA,8,0,16264,86372,0,0
ef80e193-b64b-4b4c-9a6b-1680494f14ce,,NA,9,0,280668,427064,0,0
91daab3b-f2f7-4061-9c26-f554621ccc99,,NA,13,0,542716,1072368,0,0
3844a00a-428b-46ae-a996-8906942f73f9,704,7,13,0,219811,321354,0,0
c206d4f5-1748-4b5a-a7fe-a7161dc5ac94,734,16,11,0,237880,456016,0,0
1283a43d-1808-4c39-b79d-feb5a19f16ca,,NA,10,0,233320,365596,0,0
328be7d8-690b-46c6-96c6-0ba27a45b87b,,45,4,0,76760,101112,0,0
41d73d69-7adc-4442-be15-07e06308729a,748,NA,13,0,255493,567842,0,0
098a940f-025d-4dbd-8d60-22c9d90cc458,703,NA,11,0,76551,318824,0,0
acb937c7-c2fc-4b22-a234-2ca99206a375,744,NA,7,0,140676,461450,0,0
78dd4ec2-f0f9-4c48-b2f5-5593f725cd0b,744,NA,15,0,127566,631202,0,0
812c7f44-7b96-4883-b182-7a790ff177dd,,16,15,0,856406,1748912,0,0
ef8c0807-7d88-4aff-9e15-92fe75722846,726,NA,8,1,675089,926178,1,0
f83be4f0-6e20-49c2-91df-19e664f03eb2,,NA,14,0,260832,423566,0,0
51339433-6d52-40ae-90b7-e47bad65cbf8,739,NA,13,1,96140,423280,1,0
0c833750-4bb6-47da-b13d-50302877a445,,NA,11,0,86697,545556,0,0
75af75ae-1278-441e-bbc6-0e22bd3db02e,720,10,14,0,262504,389180,0,0
d35ef146-1355-435a-bf1a-8e274a391df8,736,74,23,0,418247,913726,0,0
99878abc-439a-4ceb-80aa-4ed6e17e2fb1,740,6,6,0,295811,417714,0,0
16ddae98-a54c-449c-bb66-f9dd391ecad3,674,14,11,0,211888,608806,0,0
5043036d-6f78-4c82-8cda-e4732b5c8092,,NA,6,0,52611,230780,0,0
f1c4ceb0-0111-42c5-b2a7-98c4fc694934,737,6,24,0,307249,1464056,0,0
5f55b38d-d68a-4fc1-8c69-da2a0a20d0dc,714,38,9,0,111739,233530,0,0
87fde93e-85b2-43d7-bda1-5d4d563df387,739,NA,23,0,995106,2083598,0,0
b7259798-f6ce-4b67-b6ea-869af181ddb0,736,NA,2,0,62966,87208,0,0
4306a224-d924-4347-bcaf-df8c56203d27,679,NA,9,0,299573,450516,0,0
a1cb4f56-f95d-466e-a5c5-04b7b1601bc0,745,77,10,0,128269,287276,0,0
fde26a66-81ee-462a-bf7d-66c78f3e3bd1,703,65,11,0,270085,466774,0,0
137fb052-17a1-44c7-86ff-5f85f2dc93e2,748,NA,11,0,194959,1181906,0,0
426518f9-f69d-4db6-9ee6-74ccb6b779bd,693,56,14,0,915458,1130074,0,0
6b4a5d5c-1617-4732-b8bf-63a12eb77c87,712,59,8,0,214263,267322,0,0
221daa51-1df9-44b8-a03a-b330a83e8417,,8,12,0,53846,542190,0,0
1e7ce3b8-d828-414f-af99-4064cd79a6d2,718,25,15,0,595118,860266,0,0
ffc84555-1e3d-49b9-8c20-bd823932a17c,704,NA,7,0,5757,370084,0,0
6879f64a-274b-4abc-8422-bd16e3507d6f,735,74,17,1,110143,601524,1,0
c31b4aeb-b8d4-4a45-a8a2-6c732ae25875,721,40,23,0,349220,546436,0,0
3d6b6060-6cfc-4a0f-8b5f-99ec16a0670f,669,4,2,0,1349,11066,0,0
018eb1a9-f9e0-4442-af98-0148e64de8be,685,NA,17,0,213199,501754,0,0
1a9e8fd2-9d97-4cbc-8bec-2481ba5035d2,618,NA,11,0,270199,931128,0,0
cdb798ce-ae3d-45be-91df-a36a6651b67b,751,NA,17,1,205181,794574,1,0
8eafd471-3b28-47c5-9574-af641c0fbc90,713,46,12,0,126806,347138,0,0
39ce7c64-b0cf-4302-bb72-42e04b279cef,751,NA,5,0,61465,352286,0,0
09c859b6-5a4f-4388-95e0-0f69d18bc16d,708,NA,10,0,76000,102454,0,0
43cd3f27-b109-4f12-9402-eed077466c56,725,75,21,0,349866,644028,0,0
bd1f192b-fec8-479e-8cd0-5c04cae7eb20,737,NA,6,0,2020023,0,0,0
f855af01-ca5e-4e20-b0fd-e0fa1b9f1681,730,NA,9,0,74309,282084,0,0
cc1a68d5-ce16-459e-be0d-7fca79568781,732,NA,4,0,702316,892650,0,0
57511dd1-abde-4eaa-8748-94ae2e3f47b2,742,NA,8,0,437532,1013254,0,0
948cea56-346c-43a4-ac2a-d32bef81c474,,42,6,0,64676,282590,0,0
32431981-2329-48d9-b11d-7b632e2e873f,,NA,10,0,319637,545864,0,0
b8c627d0-9c6f-476b-829a-8dbd34d4ea13,717,59,8,0,424935,861696,0,0
6507259b-d954-4552-8ebe-632c353dec69,725,NA,7,0,272935,380292,0,0
e7e85e83-7cb7-4106-9c84-772911c367c3,,49,10,0,214700,341506,0,0
cdc34373-55fe-443a-8fe5-a835e0005414,,NA,11,0,127566,200948,0,0
e91e3a67-7a12-4fc9-b14a-4f6e9571f238,722,NA,7,0,210045,318340,0,0
6cdaa1d3-8bd2-445a-8378-fa0a774e3b7b,722,NA,8,1,54093,163130,1,0
a4f1340e-9f7d-4a34-84a9-42011694b37d,721,NA,16,2,186561,534666,2,0
ae17a47e-e608-41c1-9948-0ce8e3b070a4,,NA,9,0,86697,517462,0,0
dbeba371-4bc0-4949-a0c6-ef41796d6393,712,NA,6,0,423928,553410,0,0
0533e9aa-b280-42b7-a204-5251a31c3185,722,29,8,1,151563,367884,1,0
76fee3ce-c486-49ba-8fc7-f2064d35f195,737,25,15,0,533767,854854,0,0
97693d37-b972-4640-874a-27c0695aa992,676,35,24,0,676514,1764224,0,0
4f6d0f0a-1cda-4601-bc04-ae954073a559,718,NA,19,0,56278,86306,0,0
865f2f7c-c4ee-45cc-aaa8-c739aced4d0f,725,NA,6,0,26961,318472,0,0
45c56cef-7ac4-4ed8-87a6-fd716a66f696,727,NA,7,0,216942,345532,0,0
546ea89d-d5d0-4799-9f45-759ff1e4e614,750,NA,10,0,61465,543246,0,0
a174d966-7a68-4270-88e1-2fb04ed24103,,NA,11,0,136173,1222232,0,0
f86b5424-fbf6-47b1-a4a3-693552834011,703,18,6,0,101726,230956,0,0
489cf88d-cbd1-4aba-b668-216e8622ef38,704,57,22,0,252111,846142,0,0
8e0acec3-a300-4a0f-bf9d-6161a64de915,725,76,10,0,132335,386958,0,0
65c27927-01a6-48b6-9219-fa35f6c7d03a,,NA,12,1,125039,301004,1,0
beed602a-38b8-4c06-9dfd-0d2566a17a88,703,75,15,0,203262,350218,0,0
e86bbc77-fc0e-43aa-ba86-156fc5470d52,724,NA,15,0,212572,496276,0,0
367929dc-ae1b-4b8d-9772-fee63d068f9e,746,NA,17,0,298167,1462934,0,0
e3ecb3c7-9d63-47c2-bab8-25824615a017,749,42,6,0,46740,320254,0,0
e64b10a4-653f-4b8a-a0d2-617547421eb2,675,NA,9,0,368486,552662,0,0
a6cba97c-919d-4795-85e9-163e62276b07,728,56,7,0,208107,298232,0,0
1de3a44e-7fa9-4af4-a00c-cb93c732b3c0,690,26,6,0,343577,420970,0,0
26d79e07-fb56-4d9e-8acc-5beab654b8eb,732,17,15,0,191938,499422,0,0
b624940f-da82-410b-b885-77d92c2e4f0c,661,NA,9,1,378955,730114,1,0
8010ed56-8479-4f37-9ea8-e79adc16f1b1,,NA,15,0,268033,1066472,0,0
c6260259-cfa8-4f19-9522-4e2bc1bb045b,697,41,8,2,252168,456214,0,2
60ad9292-f98f-43ee-bf2e-483afeee5e5b,695,NA,7,0,161614,700876,0,0
92cd8608-031f-4c03-9941-2c900fdd374b,,NA,5,0,20482,44264,0,0
f03990d9-eb57-4802-abda-6bf747bfd3e8,744,NA,17,0,196631,715946,0,0
c2bd5249-6c58-4ed1-ae02-b6337d43bd2b,,NA,19,0,437969,922020,0,0
c2d68e37-572b-4a3b-afaa-b55a679c7d67,708,52,14,0,728251,1258554,0,0
208f9cee-6050-463c-b911-5c21960984c9,725,28,6,0,170924,266024,0,0
ddc9d0f1-e3d3-44ec-8b1a-7509786d8d9c,681,NA,9,0,227544,306350,0,0
e308383b-8607-449c-b939-07dede5bd212,721,NA,17,1,158517,449900,1,0
9b02f880-8598-4b19-a1df-6e6ad7743b69,735,59,7,0,244264,353980,0,0
efd880eb-a1f7-4202-9859-edc2eddf8fa9,737,12,22,0,305824,1089572,0,0
78b58de7-8596-479c-ac7a-a33ff89009fd,736,38,4,0,89338,113168,0,0
01021f97-8c45-416f-94dc-001adeac0a36,731,17,5,0,41401,117480,0,0
6487056c-51da-441e-8fa0-bc6e574079e5,714,NA,7,0,77615,135366,0,0
daf5eb28-001a-4e62-943d-9877d621c27e,7240,NA,18,0,492746,1046892,0,0
9add7cae-bdf5-4923-828a-dd3780301dc8,616,34,10,1,299459,447986,0,0
87bfd405-c07a-4b04-ba3a-e94ac827012f,738,68,8,0,195605,555104,0,0
1e7341ed-7d61-4cfb-88fe-1f6f6ee5cd51,732,NA,8,0,102866,431552,0,0
439a9e10-6412-4910-a391-9526460cd160,749,NA,12,0,48868,1663904,0,0
ebad5360-7a8d-4fd5-b06d-dc68b89cf4e9,7010,NA,13,0,392540,709082,0,0
0d084595-6973-4126-9810-068a8394a54b,743,NA,8,0,429210,588148,0,0
65abb800-d13c-46ce-bd1b-b32a8985a423,722,54,13,1,76304,562804,1,0
4a48e24b-dae6-4e99-824b-4a987af3525b,750,NA,13,0,204592,1316106,0,0
1348da11-109b-445a-914e-fd669ba59e88,674,46,14,0,229748,483670,0,0
603d4dcb-7887-4b26-a31d-2e737f5b3791,700,NA,17,0,384294,1013606,0,0
f9c9096e-ac4c-4a0f-84a6-1d89899c9090,,NA,8,0,84170,225588,0,0
85cd1a95-12ea-4e3b-b5d8-0701c1da2c9b,,42,11,1,187302,320804,1,0
9b48b5c0-fe82-4bf9-8e0e-706f4feba907,740,NA,11,0,909606,1107480,0,0
80d3e2c2-043b-4195-af06-880cb4567e54,741,NA,12,0,82403,124872,0,0
e8f00b54-2fec-4cad-ab9f-c40903e8daed,750,29,15,0,156978,2423388,0,0
2db6fdd6-f5fe-4bb2-b534-2b84c9bb2307,,NA,24,0,835962,1932062,0,0
988dae86-3bce-46b0-bc95-589f79331646,708,61,7,0,302974,379654,0,0
d67651e3-1253-41bb-8a7d-5ac4e12ddb49,,NA,7,0,83657,210562,0,0
930b1dce-a628-4058-a87b-25b009db4399,,13,9,0,353495,547228,0,0
8821710a-31ab-4a31-94fa-7a9699aee100,719,NA,35,0,389671,2534818,0,0
e19489df-2f04-4c6d-a58c-93538a0b67ec,727,30,8,0,89699,133650,0,0
ad06f276-8072-40af-95ae-17133d9880ca,611,16,17,1,142120,587708,0,0
9569816e-87d5-477e-a1b8-1743826604d6,707,14,9,0,253479,611446,0,0
ea13f70c-7b84-4daf-bcd3-b82ed26890fe,,NA,17,0,546668,824208,0,0
49f09354-aca9-4018-a367-3c7ac0b71ad1,,17,12,0,579272,973478,0,0
5ac14977-4084-44d0-bd93-6b8af7f86fa4,664,47,8,0,423833,749232,0,0
c969f1cc-e97e-4cad-a6e1-8d41f0a4d4b9,721,31,5,0,351177,567930,0,0
839f20e2-e444-4a0f-aa23-620056e67511,7470,NA,4,0,130416,289850,0,0
73438faf-6000-4d62-a7a9-cb71425b83d5,,NA,13,0,206587,480370,0,0
f786f370-4457-47f3-b8b4-c14c8658bb5d,698,11,9,0,237766,302852,0,0
cfa8ef22-bb50-49bf-b39b-47a5f120f67a,727,NA,14,0,179512,255970,0,0
ba83d9a4-5175-487b-85ef-774aee23e89f,730,42,11,0,57912,286572,0,0
e47f1d27-1418-46e2-9e81-71f2de222fbd,723,3,7,0,642884,819830,0,0
3a1a153d-c3ef-4f57-b096-7a933f4ae359,673,NA,12,0,198227,256168,0,0
e4bc279d-0dfb-41fb-9f0b-b59233003f8b,,NA,12,0,495482,1035606,0,0
c141e6c1-dab7-479d-97e2-da5089c16093,693,NA,7,0,112594,289718,0,0
32b7d700-7185-469d-b919-82678c36a734,,22,9,0,27284,146938,0,0
9cac99cf-b72c-4169-a2be-57790c4dc6ea,,27,13,0,228988,444136,0,0
b2df4e19-c4ba-4765-ac4c-5d35d09edb9a,677,NA,8,0,416024,700172,0,0
b3d088fb-aad1-4bf4-b64b-e1b828822c05,727,NA,13,0,273429,412764,0,0
657994fa-cb9e-4fe8-b882-e531138744ce,,71,11,2,81605,625812,2,0
778cb89b-d7bf-4756-82da-25263d3282eb,747,NA,6,0,0,0,0,0
649c4fdf-6a2a-4081-bca3-40c0ddd11233,718,28,17,0,110485,139194,0,0
07fd81f9-d6fb-4ea5-a411-e5703d7994a8,649,NA,15,0,478857,880110,0,0
9fad5ecb-79fb-4e01-b918-5cee124252ce,682,NA,8,0,1002573,1285592,0,0
ce0422bc-7eb3-4b9a-aa29-b40dda121df6,,NA,28,0,997937,12424852,0,0
0f5b0d97-2495-48ee-adcc-7397bce96f1c,7350,NA,10,0,312645,928246,0,0
69a4986b-ded7-4701-a53b-3773e6ad577b,699,6,10,0,80332,422774,0,0
f956c8df-e50c-42f8-b84d-fac18f12d66c,739,NA,14,0,627817,881144,0,0
bd3fd5a5-04a7-4727-bf60-1b30f7e31e34,744,38,28,0,662948,1434818,0,0
abd2629c-6d26-48bd-8670-7e375bbe8e87,741,NA,13,0,180348,600050,0,0
e15078a8-8a0f-4c37-b90e-fd827e1ac51d,744,31,18,1,247057,402908,1,0
0aaac83b-1cc3-4cfe-b152-f110c19027b3,713,NA,11,0,271111,512908,0,0
27f21d52-cd46-41e5-8c46-479a21ba8f9e,734,62,10,0,209095,581966,0,0
17d42c33-ce68-4934-a80d-2e024a41de1c,,32,16,0,467438,686004,0,0
1d935298-635f-4b17-bb15-9fd58c2e060c,689,NA,24,0,342931,517704,0,0
f44dd36e-9516-4e7f-aaf3-fe245991fe4f,,40,11,0,170772,235686,0,0
1e3aa1e0-7efc-4c04-928a-58a3cb0ad57e,,NA,18,0,2291742,3376076,0,0
5957e2f8-efe3-440a-8c37-02bc9c65b633,750,NA,14,0,1589464,4767950,0,0
698fda06-4fe0-4b6a-b2f5-27bd7b864e60,723,19,5,0,753426,875908,0,0
c180aaa9-8054-4195-8c11-3cd28f401d5e,728,NA,3,0,50958,867746,0,0
9a411ca4-2d32-4f92-aefa-337c5562741b,725,11,11,0,138016,341462,0,0
a0d85521-1178-4bda-af68-d45082189a4c,739,9,20,0,783199,1925396,0,0
26931391-39a9-4e0e-8e8a-2279aaf307a5,723,51,8,1,229159,353804,1,0
789d8fd9-ca91-4c4c-ad33-fabf6e1f11d7,714,18,23,0,214776,956516,0,0
b0b9fd49-1cd2-48d5-b996-e110b89950ca,747,40,13,0,425410,523446,0,0
38493b70-23f7-4db3-b3bb-850528cc009f,743,NA,5,0,236474,392282,0,0
b0f1de35-d1ae-4a20-b051-5dd84a15cae8,,NA,19,0,399665,517066,0,0
7bea8f55-d724-4508-a0f9-bd33dbaff336,705,NA,8,0,90516,722854,0,0
2d7fdecb-abdb-4bb0-927b-1802e294e9b6,745,NA,15,0,357143,1950608,0,0
5740cd79-5113-4801-8aca-0a8a4a3ebbda,702,65,11,0,314564,398508,0,0
8d6592c3-2910-42c5-b4bb-dce881ed378e,7350,NA,9,0,282986,464134,0,0
4d0b4a8c-4eb3-4c64-bf7c-d0718d97caf1,738,NA,8,0,165870,646690,0,0
1b276473-60d1-4b20-9373-2534ef4f33bc,700,NA,5,0,193724,297506,0,0
fb736783-cb57-489d-88c5-ca9c036ea2d4,,NA,9,0,452599,876348,0,0
d610bc13-b4b4-441f-b9d3-6365a6ca0650,747,44,5,0,79230,252736,0,0
d27bd6a6-2ea2-4b72-b449-0e1300b26725,680,34,9,0,103778,278828,0,0
7040c7c4-fd78-456f-9af7-b69e9e1d581e,731,58,7,0,46227,70246,0,0
bcebed7b-1b38-4515-9b7a-5581d8fafaa4,716,36,7,0,540341,983730,0,0
ee30165f-027d-49aa-90bc-baeac44aaf53,713,56,6,0,224257,335060,0,0
fe972e52-755b-40aa-b486-a80b889fdfec,724,NA,6,0,223649,332838,0,0
897a1f5d-5600-4a61-a003-dbbd30bf6fbb,729,NA,12,0,174344,593736,0,0
47131c65-59e2-486a-9f88-a798a3829ca8,713,51,8,0,278274,330132,0,0
a28d9114-5984-4c10-ab3a-887adfc28947,734,NA,9,1,18753,180884,1,0
3cac94ba-2aa4-450d-9328-35354f73aebe,,NA,15,0,108775,887018,0,0
9d713414-20fa-499f-a4f9-46222aa20f7e,676,NA,4,0,93157,255596,0,0
f0bb172d-8cd0-4f52-8123-61f1b468e06f,722,6,19,0,197904,927762,0,0
c57c1bc1-a3bc-4f88-8444-757d3857d9aa,,NA,8,1,133931,454740,1,0
daa92da6-150d-475d-accb-e6ab365ab2ea,746,14,19,0,691011,3053908,0,0
ab98e0f6-8a8e-4610-ae0f-97f1e4473a52,,34,5,0,199177,419342,0,0
e2b87667-7748-41fe-ba30-4be3f0ecfcff,700,5,12,0,647026,1017918,0,0
bb968b33-9b22-422e-ba7e-402a5e789c79,694,NA,12,2,150480,315084,2,0
1acc73de-5e83-475d-a0c2-985b6e43c337,652,15,22,0,315476,845592,0,0
dba43241-cbd3-4ed1-94e8-268128ba4729,737,75,8,0,316065,682792,0,0
a16f9439-72b7-4533-95f4-d6165b327323,6900,4,8,0,8835,340956,0,0
200415f6-2e23-4a13-a17a-a2d7a5f2bbc9,718,12,10,0,178220,262218,0,0
b55a92fb-7889-4902-b7ac-77dde79b7e50,701,NA,14,0,393756,562870,0,0
6785bf7e-2f4b-4d92-a09f-116789af2649,702,NA,16,0,548245,1145870,0,0
986e9202-c31b-4d66-bb9e-65c08fd80b76,,52,13,0,197562,504944,0,0
f2be8aa3-3fb7-4cc8-85f9-1af5c944fb35,708,NA,8,0,58767,158994,0,0
cae97498-8818-4d42-adfb-5164d7baee35,734,39,14,0,170563,275044,0,0
a33cb502-0b5b-4100-8dd0-2f74ae9d08f7,747,NA,12,0,172862,820314,0,0
74567cd1-f441-4eb8-aac2-ebec2b7de83c,,12,5,1,43624,107470,1,0
cd767415-6fba-4d0c-b06c-a7c1c40f9384,726,4,10,0,427177,1017742,0,0
e98e4c5d-c058-4d5b-84b3-862cde0e5630,717,NA,4,0,270750,486046,0,0
0be43404-1955-4886-84eb-3f85c7d01542,641,NA,11,0,240274,611468,0,0
48b7dd9e-f043-46a8-bbe7-73b1901dd5b3,662,NA,13,0,391172,999834,0,0
793b9f2c-9422-49a8-98c3-993018ab52d9,727,20,16,0,190247,490600,0,0
ce1e1e5f-d9da-40f0-b634-26c30c4c9af6,,75,12,2,51281,329934,0,0
7025a721-3d9a-49cb-bf7e-b5f19b2b12fb,745,NA,17,0,721962,2805198,0,0
2d92c339-f367-4656-8a13-1342d794bbe1,718,37,14,0,271586,709874,0,0
c19e4fd9-7a91-44b0-8b28-9aa12587e74b,738,15,9,0,207689,301356,0,0
7496f2dd-5689-4823-a103-fba5b53a8268,,NA,16,0,433618,651222,0,0
3310f509-450a-4676-9caa-43eb197a7bcc,718,NA,6,0,89680,169950,0,0
c081f409-c642-4435-b83c-891b95ae8fcb,728,2,11,0,483417,763642,0,0
c22666df-81e0-4cdb-9be7-7c98dce0b7d9,,NA,15,0,299687,643786,0,0
cd314885-10b1-434c-9977-efdd8f28e57e,641,NA,5,0,47424,722678,0,0
a6ed445b-0c99-4251-a221-60a9c744b56d,,27,9,0,144210,433686,0,0
e17d3faf-7a49-40d2-962b-ebab27181f4e,708,40,10,0,253365,425194,0,0
2a064a0c-447f-4164-be96-f8fb1c2d1a04,734,23,10,0,233548,541904,0,0
107a528c-51dc-45bc-99d9-8b412427991a,733,NA,7,0,49875,276276,0,0
09760e55-9fe8-4ced-bdb9-82bfcfa9a904,738,12,7,0,547637,921646,0,0
e9ee0567-a87d-4851-817f-1c845602cd82,731,NA,9,0,201210,521202,0,0
cf4e77da-cb25-42f9-ab26-9477cf93a196,743,2,24,0,400197,939950,0,0
6a45ea34-958c-465f-8629-bc9425586e86,,NA,9,0,454366,658460,0,0
a4e20894-026b-49ac-90b1-ce925f1e1a96,713,32,6,0,96501,204644,0,0
721f76a2-a706-468f-b94e-fa18d8cd4e49,,NA,22,1,699352,1130976,1,0
5ab7e66c-7efc-4671-88ec-5ceeabc25edb,6770,61,24,0,377739,496474,0,0
816103e1-8a70-41cc-8ca9-ab18e289041f,702,75,6,0,699523,814044,0,0
2a287c74-12d6-48af-b3aa-670fb9188344,725,NA,12,1,116622,227722,1,0
557b0365-9c3e-4467-bee7-51064c7a0e36,744,NA,7,0,394155,743314,0,0
9356ddf1-47bf-4991-b175-95c9fbad4e84,7350,16,4,0,67203,293656,0,0
004ba070-d969-4cf5-a660-9b1672d0c2b9,,21,12,1,51319,132924,0,1
c877c739-8a96-426f-9e3a-54c1401744f2,697,47,9,0,509808,676962,0,0
c9932075-b821-4f7c-8ac9-3638bc777f06,,NA,11,0,311771,676038,0,0
01a61e00-7830-4810-b76d-63b05d0f919f,709,NA,5,0,84474,148192,0,0
a9fedaec-e6ba-4bcf-b00a-29bfccac9e2e,738,NA,11,1,433561,820270,1,0
7980937c-f33f-45bf-87f5-c3f8413d5f8a,734,52,11,0,356345,538670,0,0
1f40a78b-84ee-4d11-89ba-69c7c8513e2d,717,NA,12,0,95950,165814,0,0
7d3d05b4-8564-4672-b968-c51af8731b47,,73,6,0,83106,199210,0,0
07dd8aef-7f9f-443c-8592-d897d85b5ddb,655,NA,12,0,391153,681076,0,0
534706df-2a59-482c-ae9e-41a0fff64dd1,,12,6,0,416898,504922,0,0
fb6168ba-8654-4ab1-af80-804066b7a896,,21,14,0,76437,480964,0,0
4134e333-06e0-4f95-beb7-8a778f270bd8,690,NA,16,0,115843,817850,0,0
79397124-8cea-4b78-abb5-afdbec4824da,719,40,12,0,69179,190740,0,0
81234def-c05e-4f3a-bf4b-3437265ff75c,699,NA,22,0,606138,1851806,0,0
abf95d3d-04dd-40db-bd68-329edebc34a2,668,54,10,0,171779,378884,0,0
b86ac9e3-bf85-42df-aaae-eae58d84fdee,703,27,10,0,272688,362912,0,0
5663a0d4-93df-4c3b-b9db-3c70038c1b7a,740,13,7,0,265563,549076,0,0
047f4e43-ff15-4ac3-9c30-6898a71aad2e,736,20,12,0,131879,334158,0,0
8e669ed8-3510-48ef-ac3c-bc55a7d9ea7a,,6,19,0,261687,2104278,0,0
c5c959b7-2e44-4faf-a15e-08abbcd7a53d,693,NA,23,0,790210,1762970,0,0
761bdc39-53a6-4357-afd4-9c59bbd091e6,,NA,7,1,290985,571076,1,0
601e7636-8489-4f88-ab97-03c0132cb70f,604,NA,9,0,372438,621412,0,0
b0f3caf9-ea85-43cb-8701-2c76539eeb5b,738,NA,8,1,90820,302192,1,0
3ea0f97a-9a8c-4c1e-bf4b-ff094bcb6b26,,NA,15,0,521721,783508,0,0
f32b9761-7be4-4800-889d-6725e2d6bcc9,,9,11,0,96919,461824,0,0
cff3492f-71d5-4e54-8f27-c91799f0fded,737,4,7,0,109440,367312,0,0
246699a5-8a31-4238-99b6-400567f614d7,672,NA,3,0,262257,309870,0,0
b56ddcbc-5e60-4af7-8d53-a2c30a5aeb7e,6300,NA,8,0,4693,64680,0,0
63878373-a224-423e-b5da-f5609470f769,746,NA,12,0,154375,982080,0,0
dabc8b1a-a393-474a-9469-7f417980384f,736,NA,7,0,274037,558646,0,0
e46b7423-830a-4be8-9c3e-60c1eaf1cb44,722,62,16,1,89889,981882,0,0
5cdf35a0-4720-415a-a8c4-77ad016f309b,703,NA,14,0,312569,431904,0,0
22a07102-b6c3-461d-80b3-c9d746679c0f,726,NA,21,0,516154,1169586,0,0
9cebec83-f052-46b2-89d5-767537cbde1a,672,62,25,0,185858,301818,0,0
c6ca8c0a-8e86-484e-bebc-346a62ea1411,743,NA,10,1,125267,284944,1,0
448eb3ff-7659-43f3-bd97-c39014b64129,728,NA,5,0,192508,304106,0,0
07df7658-b6e3-4ec2-a9ba-a4065679cc91,,NA,7,0,88578,198000,0,0
59d31f7d-6101-47a5-aa3d-e0071eee0eac,746,NA,13,0,325793,979836,0,0
0310de90-812b-4eb8-8163-0facd028ab11,721,NA,17,0,1094115,1319670,0,0
76328e1b-a53a-4fe3-b05b-5c65c31bf10b,738,NA,11,0,274227,471130,0,0
4a526b27-06ad-43aa-9dbe-94d37a3f3008,732,40,13,0,10032,181500,0,0
f701b88a-78b4-4ab4-94c6-5f7b45ad8c79,,NA,8,0,264347,365706,0,0
bfd219bc-c00d-42d5-8767-aefd42e52185,,37,12,0,59964,425942,0,0
f3d125ca-e590-4ca5-8669-3f81c4f79d48,737,NA,3,0,66538,138072,0,0
cbd941ae-ddfd-4156-9c2c-7b6247a1f20d,720,46,8,0,85842,161612,0,0
fe411bc9-d966-4722-a860-76ddbd21a063,707,23,13,0,959329,1203466,0,0
1cb1716a-9dee-485a-b8fe-9ec08b390343,699,42,17,3,62548,624404,0,3
7c9abb2e-3698-44d8-b6a4-889faf18ac92,740,NA,16,0,273410,1394624,0,0
b287e5f5-56b6-42d1-876e-35f4a0e44851,720,NA,14,0,2731896,4039904,0,0
c854f281-b405-4b07-85bb-d698a6009e7f,750,NA,8,0,64429,660154,0,0
f580ed18-4f3c-40a4-b40c-c1c2e89c96ee,698,18,13,0,171665,297110,0,0
71cd6ba9-7578-4a81-bb9e-a546ed1aacb8,720,NA,6,0,446785,551540,0,0
49c0087f-c891-4d1f-b17d-12185fd0954e,724,NA,7,1,101023,147686,1,0
ca5c3aaa-895d-4005-a689-d37d33cd490f,740,NA,15,0,139175,631994,0,0
2331d779-30a5-4ac0-a70f-c48efd55a55e,738,35,8,2,105792,294448,0,1
1ce58404-8ebc-412f-9ec9-c265d0b9ac6e,715,NA,4,0,122550,151426,0,0
14ae4b6a-80c4-4790-96cd-87a0409c5e67,737,NA,23,0,429818,1348776,0,0
76c8665e-8759-4039-897b-a07eae548cfe,722,NA,5,0,708890,954426,0,0
b78c5cee-f884-40e2-97fc-2f5f0b392b99,711,NA,19,0,685805,1110604,0,0
6d2deaae-79ac-4ec3-a7ca-fcb927e1e08e,743,33,11,0,392217,616198,0,0
4ec65f6f-012d-4137-b75a-146c5246b6bf,713,NA,7,0,191881,230252,0,0
9d8c8483-4a7c-40b0-9449-f262fd06eec4,740,51,10,0,128003,305580,0,0
6c29f2fd-351a-48e9-835c-e0a39b62b4f2,739,22,3,0,161842,304722,0,0
3c847850-0a7d-45d1-8ef7-2f1e82f7b9cf,,7,12,0,606499,837034,0,0
0842a3ea-ec3d-4409-8ee7-1ea84f3cc515,742,16,19,0,603858,1709532,0,0
c64d3c54-acf9-4871-b66b-c62cead5c534,709,3,11,1,0,0,1,0
4b76fcc8-b45f-4f71-894d-8963df730585,695,NA,11,0,191007,410322,0,0
3d15a53b-d767-49e5-b5ad-38fd86b0ed8a,,NA,11,0,237386,466686,0,0
a6fceb1f-daa2-48f7-82e7-f77615028081,704,20,19,2,110200,340252,2,0
55b08f1c-f1e4-44ec-b241-8bc083e0d80f,,NA,9,0,505685,1053118,0,0
fee827a6-8d25-4862-8499-b30ecabadbae,722,43,12,0,563502,785158,0,0
8e62b3fa-1ad6-4c14-ade1-9bfa52f5ba4b,747,NA,5,0,0,0,0,0
4a71371e-e76e-4cbb-a16b-6e59d2f875ea,712,NA,17,0,514197,791758,0,0
3dcb6b79-7619-4955-b647-4bc232b9faf6,,NA,2,0,61560,72578,0,0
a4d878f4-6993-4e44-9c51-214c5a1d7a34,741,48,9,0,139707,304612,0,0
5bf2773e-5cfa-4031-8d84-81b93f25f256,723,45,27,0,800090,1304798,0,0
e36f0896-85a5-4296-97e8-92bb1ed440b1,728,56,14,0,228950,362648,0,0
e1affcc5-a88a-45c5-a086-87df35bf18ae,750,NA,16,0,272479,2221802,0,0
264d3b96-6a6d-47bb-a37f-51cf94df49f9,673,34,9,0,68533,213906,0,0
97e68e62-d189-4ede-b32e-70eb84deb82d,702,NA,6,0,103683,402842,0,0
02eb5abf-0e3a-42ce-94f2-5685577d0b38,745,NA,5,0,1113932,1369236,0,0
b088ca20-f233-43cc-9990-26a0bcfef362,700,NA,9,0,132354,196482,0,0
39010e62-9ee1-4559-a9d3-c4dd9ad1ffcf,679,NA,7,0,443479,925232,0,0
ee6f28b2-d8c6-467a-9908-5d066137f8ce,,NA,13,0,88065,324764,0,0
ac6b52b2-46e7-45d5-afe5-1c23b2cd27c0,743,49,8,0,64011,243056,0,0
e9f8161d-2104-4f6a-bd65-7551df51ae2f,703,NA,5,0,82099,143374,0,0
87b49ba2-674e-4680-a06d-b6452b9a1ab8,705,5,14,0,514349,1838144,0,0
70d4a4c0-d3c9-44af-a77c-14c1f01e4064,715,NA,17,0,431034,516648,0,0
9b4d1971-36d0-4d95-8f8f-21c43a34140d,,NA,14,0,655139,1789106,0,0
20144ede-aaba-4e31-a689-496598937df3,,18,13,0,303449,580778,0,0
7195c8e4-c283-4d15-ba35-c9d845caa986,,NA,12,0,140163,1096568,0,0
081a27b7-076c-49ca-9ab0-b423e4c5d2da,693,71,11,6,116014,681934,2,4
96213b01-3f8e-4737-a96c-eeba7af2c257,728,18,12,0,310441,510576,0,0
a4655431-f63b-40f9-af74-1cab0e6ad8c1,696,NA,15,0,441693,743358,0,0
4e234a4c-2140-4851-beb1-cfbb95e8099d,742,7,6,0,73036,650430,0,0
e6121d97-c524-4305-bae3-1272438d3ef9,749,NA,5,0,46417,688930,0,0
44e0e5f1-be5f-4427-88f8-f528a42dd7d6,750,NA,21,0,119928,2042128,0,0
49b6cf4c-df8d-4150-b445-f66dd07ea122,751,NA,8,0,49856,916498,0,0
491779da-38b7-42f8-90af-578aa22c681c,699,6,19,0,628558,923582,0,0
66fdb049-bbbc-4ec6-863f-cd1f556b6c5f,,NA,7,1,37905,230978,1,0
f6590778-877c-4f0d-aa56-a88a6972a27f,656,NA,13,0,2793,5390,0,0
b3f2032d-5711-4f37-8867-40a20eb1ce07,739,48,15,0,377834,659868,0,0
e0fbd153-c8e9-43dd-8477-7364040e65a4,694,NA,8,0,118123,244684,0,0
f032da5d-9dbb-4bfd-a6d7-e6059a4be68c,682,55,15,0,0,0,0,0
67d90fd7-cd47-4922-b8b4-82b0f6eff507,737,59,12,0,187454,707014,0,0
59cae816-fb10-4625-95bb-95780b50a320,6820,NA,19,0,486153,745580,0,0
05081d80-658b-48b2-8b62-8d50472e1f3c,721,60,7,0,248539,399696,0,0
2ea42042-f953-4587-ae5b-d9bc01dc2ae9,718,60,13,3,102866,337414,3,0
a2ce462b-c1a4-4d20-815a-31e341fb68d2,741,NA,15,0,327389,1083082,0,0
d6ca0626-c7c4-40da-9f07-02f17dc68b67,,NA,16,0,322164,643148,0,0
e2674620-e199-4224-bc3b-9cb7827ba5e1,730,NA,24,0,480130,1016334,0,0
a616d67d-e1df-48d7-84e7-566bd7ed11dd,,5,10,0,655348,1026828,0,0
6adc446f-bfca-4723-9be7-d80b584d569e,718,36,7,0,124393,219538,0,0
6e05516d-57d3-446c-9467-6669e871939d,,51,10,1,118389,201608,1,0
49f30620-a0ee-4b74-a0b4-618ad62ca021,747,47,12,0,188860,293524,0,0
5cde0118-7d8a-4ad1-a0e5-5721f174ce43,675,15,8,0,270389,697290,0,0
c6244df4-3c8b-4f15-ba29-25ceb9982070,747,NA,15,0,258628,754292,0,0
abda27ee-72d4-44dd-9586-c063d407a06a,,48,7,1,169005,521840,0,1
f8980dae-5989-463e-aca0-df7a8085f26e,725,NA,11,0,230052,305844,0,0
d857e34f-f265-4c3b-aec5-2c47931f5d18,728,17,12,0,581780,1263900,0,0
6cbf145e-e72d-40d6-8b3f-71b6409eca14,,NA,12,1,162754,308418,1,0
ebfd694c-c1d2-42a8-8404-6cb6c38273dc,,10,12,0,264005,336666,0,0
c7a18220-b272-4a5a-a2dd-bc582ea63234,,22,4,0,144723,260194,0,0
53e2d286-f1c8-4365-99d5-b2fcf84883fe,746,NA,16,0,618108,1816518,0,0
2f6496ee-d862-4080-8f49-529277fb43e8,,NA,10,0,250610,321706,0,0
79ab72a6-f1d1-4e1c-9bf3-d7db78058b1d,,NA,8,0,86336,404734,0,0
0f7a7ba2-3d8a-4b1c-8431-bb6923317681,6710,NA,7,0,60667,91234,0,0
6c358a4a-2a57-4b17-b3dc-953613960624,,38,9,0,127338,186648,0,0
18936022-b28d-4a87-adfa-b3e554c41bd1,740,NA,10,0,661143,948618,0,0
15e1add2-a142-4a68-b6ab-d75ed46438d9,719,12,6,0,100567,165660,0,0
00f29abe-b202-49f3-93cc-45e6fcdcbfec,706,NA,11,0,391457,612524,0,0
10341723-e8d4-4cd1-9930-a635266abe57,705,NA,14,0,900657,1256464,0,0
649f69d8-e716-47c4-9e13-d3291ab465d1,743,28,9,0,204136,580800,0,0
fd559ca8-86c6-4b7c-852e-0bc36437aae0,,NA,15,0,215973,700480,0,0
5ccfb809-8e03-4f81-82b2-648a90a9e33d,,NA,7,0,150651,234762,0,0
e85da87a-557a-4209-9ce1-04c43b93d428,712,NA,13,0,270997,611688,0,0
7508a33a-c9d2-4415-b25a-1cf9d94c27de,,10,10,0,2611835,3484140,0,0
593867da-1f2d-451a-9091-2255368c2b2d,736,NA,3,0,47785,57398,0,0
4ddb28fc-4942-4fa1-ae79-89da70f011f6,653,NA,8,0,319428,447260,0,0
acf5f260-dc31-49f9-bb81-b46c464a221e,747,NA,15,0,650313,1037190,0,0
3dbc3b41-ad17-4b11-aa78-246c3afdc191,710,NA,12,0,11796435,16677694,0,0
85e0140f-db10-4246-8a4e-517622a83a39,,NA,9,0,507528,693792,0,0
360d5ad5-92c1-4e8f-8a5c-6bfaf91834b3,746,28,5,0,135375,354640,0,0
221068c7-5c74-4f7f-b25a-7008de1a14f8,708,NA,14,1,153311,305536,1,0
0e5c9846-c7d4-4ce5-95aa-fcf367853aec,,NA,7,0,178182,377190,0,0
a24faa18-a4b2-4247-b1ca-c03ad0574fd4,724,NA,10,0,522956,681142,0,0
b5a6d4ae-95b5-482b-bb7c-03db05906556,655,NA,12,0,372229,544874,0,0
4938d78a-9d69-47a8-a5da-b9b73b2294c0,7410,NA,22,0,1133312,2123418,0,0
8f852c27-3c13-4c5f-bd63-d54840697111,721,NA,11,0,385529,1539274,0,0
b8ae42e6-beaf-4b9a-8d39-12e164caee92,662,NA,10,0,456817,611490,0,0
35b8b15e-c931-4393-8719-cd44f05e42e5,,NA,12,0,104025,166144,0,0
b9cab925-b569-479a-9a52-3a5bb640e203,,NA,16,0,108167,901098,0,0
c99c50fa-a0c3-4f82-be6c-3f58a4242a3c,,NA,17,0,471276,1018094,0,0
f5eca3e6-ceb9-468f-83b9-6f476c58a41f,664,NA,16,0,291555,1383602,0,0
46de98f5-f90e-4a49-895c-8744549fb835,748,NA,13,0,348612,834020,0,0
55864f56-03f6-4838-b311-800fa8cd26aa,718,NA,10,0,226613,377542,0,0
8b9df7d6-a951-45f5-bedd-67cebadf0628,722,NA,10,0,264176,470602,0,0
965175e0-5dc8-4d34-92ae-2ba81214b3f2,730,36,8,0,109250,413380,0,0
c71c439c-2af7-4e61-a860-5b800f5391f8,721,NA,7,0,43472,134618,0,0
3936e0fa-fd49-42f6-9c99-b002e9adfd5c,747,46,17,0,372248,1310144,0,0
14ae288a-1ab7-44b6-b979-d1c4a95efd9a,,NA,15,0,648261,1108734,0,0
96cb4e83-ba28-4b51-a562-d79dc4a94c91,670,72,12,0,535515,753434,0,0
04200347-b468-49eb-bc6b-2296daac62fe,,12,7,0,261896,346566,0,0
d482efc4-7497-4b80-92d1-fc4cc905f430,,44,6,0,249052,420376,0,0
e714437d-be2e-4337-9af1-0decb61d767b,684,NA,7,0,292771,355718,0,0
3397354b-9297-49de-845c-47c7e7920d75,711,NA,8,0,283803,428428,0,0
15c5735f-8cca-446a-a54c-3692012639ad,,57,9,0,392901,659318,0,0
f191a6c3-8497-4501-a23d-590746d2d141,719,50,5,0,70813,103532,0,0
13a9b93c-1498-436f-bf6e-0cbdfe2adfcb,723,82,16,0,845557,904882,0,0
90a7d1b4-3997-414b-9abb-1de8cec79b18,686,41,5,0,306869,422994,0,0
bf93139b-e5d3-4a4c-89f1-e8bd4a24dc7e,,50,8,0,503614,652278,0,0
ceae3290-ae94-4f39-a06c-235c24804f80,656,17,4,0,296172,363660,0,0
ebb3bce2-8696-4f1a-a707-04ef911f92be,730,37,15,0,118655,477048,0,0
6f465313-6b2f-42d2-9667-aef324fd9172,742,51,7,0,112119,239558,0,0
3b14ca4f-dce6-4bb4-9bef-a8bbc077081b,746,17,5,0,7163,11264,0,0
01d40410-20e4-4d68-89be-ca3677adc145,692,31,13,0,495767,841720,0,0
f0b6f992-9c85-48cb-819b-0f1d2980709c,732,NA,18,0,889276,1991660,0,0
37697a32-184f-4c2c-9b9a-02010805c4cf,704,38,7,0,350246,479930,0,0
42780f8e-fb66-45d6-a58f-721e56f8eb26,741,NA,9,0,352545,530838,0,0
0ad83f63-036e-45e2-8840-21b00a9c17a7,,NA,9,1,116565,180928,1,0
df2d9b9b-8521-460a-89af-47446f225afe,747,NA,15,1,213807,477004,1,0
0b2e64e4-5b87-4039-bd7c-621cd43ae182,718,NA,14,0,379620,755260,0,0
d4408437-3bd1-4ed3-84bf-8615b6ca4890,742,NA,9,0,461757,848672,0,0
1a468caf-2858-4a7e-a6b9-90cae0b1c07f,654,NA,4,0,240388,296098,0,0
eacf5741-1792-4825-9050-72cb2064ccef,662,15,19,0,366776,559548,0,0
80f8322c-0dce-4e04-9860-0a3354d45b08,675,38,20,0,556263,1114366,0,0
6a7dcb8d-d01e-4e19-ad93-93b3e31ce4b1,713,76,9,0,89604,167332,0,0
ccc06b8c-da39-466d-957d-cd4409e3894b,,NA,14,0,1188222,1428702,0,0
fe0a43aa-e00c-4dfa-befe-98cf0fdb0a58,661,16,6,0,81605,170566,0,0
a7cf473f-6109-471c-bd6f-9010448f1708,737,NA,14,0,39254,510818,0,0
05fb30d3-a30f-4cb5-9bdf-ed81fd1398f5,626,19,15,0,176567,655314,0,0
127d5816-74e1-4de6-9e25-632f8b96f25a,,39,12,0,306432,690316,0,0
a539b1f3-4da8-4882-a284-9792a7287c05,653,NA,15,0,1030047,1633808,0,0
fba1e03c-166d-478d-8bfc-852342c00335,697,NA,15,0,252035,319990,0,0
d7e8c2c3-c0e9-4ec6-87cb-63c90365ebe6,729,NA,7,0,117458,278146,0,0
f69c531e-3075-4e62-bdc7-b8672495bfef,719,16,18,0,258704,612590,0,0
6f14f3a6-807a-44c7-b78b-a787fa0542c5,697,70,13,1,347434,485276,1,0
eedb9496-2fe7-468c-8d6a-ea776e15989c,,NA,12,0,400216,680460,0,0
10170a57-e6ff-47ca-b262-208e6ef7eecf,723,NA,12,0,100491,215908,0,0
a32b8d91-00d5-4908-a373-182df70e1866,7130,8,8,0,93119,131956,0,0
24859831-5640-469a-b728-988e73027a90,747,NA,7,0,80674,142186,0,0
f854d81d-b206-44ec-9855-792cb2e75576,,NA,8,0,105545,201014,0,0
35c4bbd2-213d-4ccd-aae5-12aa8b3c2fca,742,NA,9,0,996816,1331264,0,0
d415f0b3-30cf-48d4-b6f4-aefe57b9956b,683,19,4,0,19570,22286,0,0
43f66710-931f-48aa-9965-2831c93e16f5,702,NA,9,0,19684,179476,0,0
ba4c0ab7-d051-4762-bc2d-abab5de2831e,744,NA,10,0,39900,486398,0,0
99759c24-c5dd-41d8-a652-86a5d6c67fd3,,NA,7,0,216334,413336,0,0
7f2bbec8-26c4-426d-908b-de9417291848,697,10,5,2,247,47410,2,0
ab2651ad-74b2-4a38-9014-803017cd71a4,7320,6,21,0,179284,1037982,0,0
449d3aaa-a803-4ad7-b2d5-b48a550adebf,,5,6,0,197828,240108,0,0
3c0dcd97-b25a-49fd-9116-f7c818260525,,26,19,0,340898,907390,0,0
a6c26523-19a9-453a-b6ec-43db88cc524b,6820,NA,5,0,351386,474738,0,0
704fe57b-0ed6-46ca-ad56-ab4442b9b209,668,10,26,0,166896,520850,0,0
806894d6-6d13-41c9-85b2-ce5f640bfe8a,715,32,8,0,9538,37576,0,0
96945e46-9139-4930-8536-61d8c5d3676f,725,51,5,0,670149,2229766,0,0
286f9409-497d-46aa-915c-1a524d68fb91,725,15,11,0,230299,398024,0,0
92ddc58b-ff45-4cff-aa61-fe10d7f085f9,,54,9,0,231933,645590,0,0
13be921c-dc3a-469b-97c1-b24d704250ab,743,NA,6,0,578379,1907994,0,0
0fcf5f6d-4143-4e0b-b5a6-4f6ae538b4de,722,NA,15,0,941089,2063798,0,0
8645c9e6-2039-4d59-a62b-65515bb68b04,746,NA,8,0,127813,270534,0,0
31955a17-cfd1-4823-9222-f3d9fa5ab559,718,49,11,0,237671,566258,0,0
48ed9996-9779-4651-b1ac-f572d218b3fb,687,30,10,0,87514,179014,0,0
99218436-c9f4-4eb0-8502-19adc9512e9c,,18,9,0,31540,51282,0,0
872bba11-2a05-4f32-bec7-00ac1719e67c,658,NA,12,0,319238,602998,0,0
69ae33c6-f285-4651-8a18-8f3910ff7ba0,742,NA,10,0,187796,437514,0,0
72265bc9-6b85-492c-a0c4-99be08ba0a4d,726,NA,10,0,230717,439384,0,0
dd8c1d0f-4ae3-4216-8d19-24e5aede9ef1,652,NA,8,0,363375,608014,0,0
4ee6ccde-eb0d-4ddc-9d96-4e26944b3434,741,6,10,0,343976,885082,0,0
abd4c4c4-d26c-4b18-93cc-29096fc4d743,708,NA,10,0,167770,220000,0,0
df03339b-6a90-4e31-86a5-4bdcbfe5c173,738,NA,25,0,678756,2433222,0,0
c74f6617-b652-43ac-821f-3331b7cc86cf,746,NA,12,0,198702,1717012,0,0
2f7d7b4d-fd2d-47eb-b8b2-792d8ed7e406,726,15,6,0,408025,621654,0,0
563c1ce6-ea96-4837-926c-81609a2497fb,649,NA,6,0,133171,194700,0,0
5e1b6134-446e-4737-b3fe-3048594c9f36,740,NA,11,0,559417,746262,0,0
4307665d-46c4-464d-9e0d-000c3ba10f06,733,NA,19,0,612712,783926,0,0
6c607721-2b4c-4440-8fb8-eb99f21b1f42,,NA,9,0,413402,1184832,0,0
bfd10af8-8923-47c2-be4d-5c7d883ffb6a,,NA,8,0,349999,993256,0,0
9c806b6f-9584-457c-9358-38f6d87dd2d1,719,NA,11,0,116128,437976,0,0
465aaab1-d687-4563-8355-9421cdfc164c,745,16,6,0,177650,306988,0,0
c3d5fea3-5a44-42b9-b8f5-31b3285feaa5,723,38,12,0,379487,1029050,0,0
c8578a75-cc83-40d1-b1f3-357e680d54f8,743,19,10,0,239229,480898,0,0
a82692f1-9d43-43d8-a931-22be5b3e83d1,,NA,14,0,1661037,7312932,0,0
850d2a3b-5368-4950-adcb-80b7a7002592,7420,16,4,0,40128,94050,0,0
2aa53603-9782-4ccb-a0b9-80396c0def38,,NA,8,0,576973,800096,0,0
1b7ef31c-f2fe-4a6e-8441-ca093e66c6fb,745,NA,15,0,706838,1860100,0,0
4d4f8510-8be4-41d9-9dcd-752333055407,714,NA,30,0,637165,1901482,0,0
e5af5c93-73ed-46d7-b741-d524acc82b23,737,NA,14,0,150328,455686,0,0
ec7c95ef-3e2e-4093-b1c4-8b9ac9309756,,12,6,0,42123,312642,0,0
9281b9c7-34da-48ce-81e6-c08b86d9fcf8,722,NA,10,0,186656,603702,0,0
410ed895-81c9-428a-bd61-2d47343e8702,,NA,16,0,1001490,2510002,0,0
30ff2937-7f2a-4c26-b8a5-7c1a017c9f95,705,NA,9,0,307078,435754,0,0
b9de8d26-b75d-4ecd-8cfa-26d34ac4e83e,636,33,9,3,168416,318648,0,3
19b29c74-3ad6-4df6-8ac2-cd233f753363,699,27,29,0,14060,428428,0,0
daa4b194-a94a-4f6c-9c77-d6a1533439e1,7470,53,7,0,8113,208824,0,0
704e8af9-a1f2-4ea8-ac78-8b82230c6e80,,19,11,0,110067,1036222,0,0
6a2f4785-8ce1-493f-aab7-9cc395d9c7a7,745,NA,10,0,549556,797412,0,0
cfac2e26-3799-46dd-9edb-6cf74ac4ef7e,724,NA,14,0,44479,271062,0,0
41fa00b3-d807-4976-a793-48d92e259ac8,,37,5,0,42750,139040,0,0
5fe9a3e5-0cfe-4f41-ae6a-944ada054e06,724,33,4,0,136553,190278,0,0
1cddf8bc-5f26-48fb-bed1-a7f5b1e62354,707,57,14,3,224732,615186,1,2
4186409a-6131-4005-87fd-e1c44bef1f8b,746,NA,9,0,357884,1485308,0,0
d11eae38-9f25-4bcc-9a8e-5db4b583107c,740,51,35,0,259027,1260226,0,0
e6c43a13-961f-4f38-b695-f5d33abc89f1,,NA,6,0,299744,421718,0,0
dfeee3ee-4394-463d-97d2-b94a8d64ef96,717,67,15,0,174724,569866,0,0
969ff837-c2c7-43ac-828b-775460b38a2f,723,9,12,0,91276,205634,0,0
3bcc8189-48c6-467e-aa7a-441995578c86,737,NA,11,0,270959,406934,0,0
d11455ba-bf43-49cf-a0ba-b8ae5631d581,,NA,16,0,223440,347270,0,0
fffc297d-74f0-4d42-ad90-cdea2bd9aac0,,NA,23,0,243542,421520,0,0
da887b8b-b4f3-426f-90aa-082e02167363,728,74,9,1,90934,206448,1,0
8aa8ba64-238a-4a02-b8b9-40a4419ac3dd,731,NA,5,0,97185,175274,0,0
4887e633-60d8-441a-ad35-7e6c2fecbf0b,702,50,10,0,579348,1724492,0,0
7b9e473d-a995-4760-9285-6603a2dd5243,737,NA,9,0,471257,597014,0,0
26936668-5e38-4f1e-ba41-1a4e4bb7a6fb,737,NA,16,0,473423,1910040,0,0
0266e908-188c-4fc9-b518-bdb8269479e9,745,NA,7,1,93195,307450,1,0
d4cc0af7-e9a3-4cbd-a386-24fd9dfa824b,700,64,7,0,130891,286484,0,0
4ade8087-6e17-41a3-81ec-a9e203d0027a,5880,23,11,0,166763,558096,0,0
3bcc01c3-a54e-4403-9e7d-c2bb336172ea,751,NA,11,0,617519,1218096,0,0
f59c347a-7835-42eb-9d1b-52aa684fbadf,742,69,5,0,135603,352044,0,0
07b8950a-23a6-4b9b-9ae3-e7e710c091f6,,27,7,2,206663,318230,0,0
02750ba7-1aee-458f-8a00-4440e3ff020f,709,76,11,0,197942,420552,0,0
d79891a1-f948-4ea2-b99f-ac5fe962c5c3,719,NA,11,0,419767,665830,0,0
83fc7081-a66f-4266-91ea-edd7f70ec0e6,,NA,17,0,767809,1376232,0,0
ec956587-fb8c-4740-82bd-69d5eb461d6e,669,NA,9,0,219241,320540,0,0
0770896e-d5f4-4084-9505-39fb0ebd5bb3,735,43,17,0,281295,846010,0,0
d808a9e1-d23f-4458-b75d-bd53ea026760,707,48,7,2,176852,273768,1,1
122d3b49-4997-488d-b63b-3a7dd53771cc,,NA,18,0,519574,1862564,0,0
376f7eba-6e51-47ef-936a-064871a16e48,7170,NA,7,0,0,0,0,0
f33f62ef-0c94-4222-a1b0-c91a363172e2,737,NA,15,1,349942,650408,1,0
ed17cd06-119b-4f7d-84a6-fe3ec4518292,713,NA,7,0,661333,848936,0,0
09d23dba-7a01-49eb-9f10-59071704098a,,53,19,0,363432,1156078,0,0
b0c5dcee-74bc-4f9c-9f18-7c870ffb584d,,NA,23,0,1023682,17959172,0,0
0318819b-2e89-449d-80e3-319efd3098bb,743,2,16,0,322088,800294,0,0
06cdf25c-bd30-4236-a09c-5869294264de,717,NA,11,0,211394,259842,0,0
221ddd16-718f-4fde-9acb-24a11c56a746,7360,NA,10,0,448343,994488,0,0
050496d0-8783-4254-99ae-be03f9e3c332,712,NA,7,2,52307,103202,1,1
006be99e-94e5-4c24-84af-c6106771a26c,,NA,11,0,910575,1913516,0,0
6d61da91-b4eb-4dc9-9e88-1a5ad62e370d,,25,16,0,74822,1293006,0,0
53618ca7-611c-4e26-8eaa-fba5c9d868a1,715,NA,8,1,81168,451902,1,0
286ddf38-8bd3-4ec7-8cef-5648d4ceb7da,,25,10,0,91656,124278,0,0
4bd1c6ca-26ed-46c7-a2ff-64f35af989f6,749,NA,19,1,131347,416658,1,0
399c28ad-15d9-47e0-b1e6-54aa099208fd,,NA,9,0,223611,317284,0,0
671b7841-22bd-4065-bc24-c5a667702dab,,NA,9,2,76817,344762,2,0
2a2617a2-bbcb-4bb5-b7f4-591aa1829696,745,60,11,0,137864,323796,0,0
661784d7-b612-47e2-b461-2cdaffad0a03,7480,NA,6,0,379810,782518,0,0
ea540d3e-f350-435e-b85d-2b692fded53f,719,NA,8,0,243010,499774,0,0
ab519148-97c4-4520-9e34-ec545e27e2e0,740,NA,17,0,671213,1083962,0,0
c957b795-b621-41f9-8f77-3688e6aa7464,692,NA,8,0,95969,491678,0,0
6fa72edc-ed0c-4734-8706-3061c0e55643,714,8,20,0,649192,2363812,0,0
42a0fa3f-14ad-4f10-9944-eb20d57f337d,722,NA,16,0,240825,362142,0,0
3347d34f-b5cc-4c64-9498-ea190f4c8689,699,63,16,0,518605,936804,0,0
89d2b7fc-a972-4793-a7ea-583ab2b52b92,750,NA,9,0,362368,677820,0,0
3136a649-4ee7-4b95-ace0-94e001c04998,724,10,14,0,142386,344212,0,0
4f3186dd-6237-41f9-9d62-0e4c029935fb,708,47,9,0,143659,465938,0,0
7cc0996e-fdca-45d6-a72c-4672a65faf80,718,10,7,0,202882,397496,0,0
9b35a0fb-fa9d-4281-9fd6-6bbbfd2a6758,729,NA,11,0,291479,497068,0,0
4bef5e03-05f0-45cf-a619-b4525ec46cf2,733,19,16,0,485697,732248,0,0
db70af9d-35aa-4cca-b299-28d25e1a3449,746,NA,9,0,300466,1183336,0,0
0119cddb-3d70-4835-9b80-e2fc2824d8d6,698,49,11,0,357409,526526,0,0
107c0d16-91bf-48b7-86d8-04e6e30a03e8,725,13,27,0,367916,1036530,0,0
253337af-b8a8-4ff6-be4a-e4ba6b194e0f,,NA,7,0,109231,318582,0,0
c2173966-864b-4138-91b9-31c20caeb74a,703,NA,14,0,288211,460284,0,0
cbba22a4-cdb6-413c-a4d3-fb6ebefc7903,722,NA,15,0,917662,1231230,0,0
2ee049c7-79c3-4552-bb66-53034389659f,747,26,13,0,156921,829686,0,0
6e3a6997-16f4-4265-829b-7bebcec26ccf,7210,11,7,0,25042,74338,0,0
b852d815-5273-46cd-a6e3-6aa1af19f679,727,NA,14,0,176225,263626,0,0
0bc2eb6b-fac4-4049-8da3-17c2e8340b7c,736,NA,8,0,241414,344256,0,0
2d2c01ab-9f3b-4455-8a99-d835953c20fd,601,27,24,0,1528474,2618066,0,0
1b0231ed-fb58-43fd-a946-b4484183421b,720,NA,7,0,447203,670714,0,0
35bbb87e-9553-43bb-9725-7d7cc03fc57e,705,65,15,1,93575,612172,1,0
3b2073bd-f909-4046-a126-366a0e6b3a84,,12,13,0,113164,144298,0,0
3648867b-6357-4fef-9c02-c59df505197e,6670,24,19,0,254904,467742,0,0
28c3dd8e-c0f4-4695-9d55-217c07ae27a8,,58,23,0,198018,737198,0,0
1c268b32-b6e4-4876-a772-4655a9171690,735,12,8,0,161215,205832,0,0
574c7599-3821-4a36-876f-49aa3ccecf9d,,0,14,0,454936,767888,NA,0
3678d76a-903e-4a14-8177-b9d1f7f759c8,734,NA,8,0,30818,258544,0,0
cb42b336-bbd8-4966-a235-ef718d52a039,738,NA,14,0,340214,1033956,0,0
6ae610d8-4dec-4b8a-b1e1-aa08a32c9894,,NA,9,1,196612,265012,1,0
b1374a78-3e71-4f35-8017-a866bb43f545,702,11,10,0,221407,267894,0,0
4805255c-2cfb-4596-bc13-cebb539ade8b,,NA,5,0,149226,308022,0,0
f32b1c56-45dd-4ce5-93dd-cbaded2d621f,707,3,8,0,104367,164868,0,0
bf1fcf66-133a-4b53-a7fe-068a2bad4eef,703,48,21,0,233035,917774,0,0
534ea486-d6fc-4fe8-9ccd-0cc19b41ac25,740,28,10,0,191767,601766,0,0
a02e8dd4-ea8d-4a76-b45e-59f011b2541d,663,NA,17,0,326800,488906,0,0
de0e7b59-6e57-4d5e-b256-de5cfa7750d9,660,NA,14,1,550943,750530,1,0
a57636ee-f77f-4905-b78b-8cbce0343962,,74,11,0,459515,948442,0,0
f2b8d17f-739a-436d-a4f5-7ee40f84aa8d,683,NA,13,0,731462,1297010,0,0
d2da1159-7e0c-4cb5-997b-32596ceb6691,740,NA,4,0,59907,245146,0,0
09f94f5a-d4f4-4684-a39b-8449d1b4b08e,,NA,9,0,176415,376882,0,0
2fa32f25-7b8e-4fa5-b918-e7d6e5a818f0,709,20,9,0,377036,504724,0,0
f339d6bc-14fa-4482-9f30-9fbe8bb0e2da,6480,NA,10,0,183977,433840,0,0
c03173f3-a6d6-44d8-b5d4-923828667968,740,43,9,1,122379,222816,1,0
41fc0f6a-73ef-41ff-a0f2-0dcc888aa373,7180,NA,7,0,292429,500148,0,0
0c2fab83-2fdd-4199-9876-39a03821ce58,742,NA,11,0,859883,1052502,0,0
702cb134-e898-4df3-add2-68ad356cb874,,46,9,0,42389,67232,0,0
fbddb6f8-4de9-4c07-be54-2f7ad0455066,,20,11,1,50217,129206,1,0
2d0edc18-2d5e-4987-a54f-835db38f132b,732,NA,12,0,417734,807510,0,0
97a17089-c483-4a5f-b1c9-d560ea0cff62,739,23,5,0,143260,215996,0,0
909db90c-cf86-4a8d-8e7f-a4477277ff2f,720,NA,5,0,466089,556380,0,0
43be7b2d-ad7f-4db8-ae70-ebd941982ca9,,NA,10,0,280022,450340,0,0
351f3d43-d58b-4518-b6eb-a7e4c935ec62,745,NA,13,0,617804,1499718,0,0
61d6ca8d-71aa-4e63-a4af-87110605f022,7210,NA,20,0,437608,774796,0,0
957f3d8f-a7f5-4a16-a4f2-28cb6aae7f42,748,NA,15,0,543172,1158234,0,0
55fd0a83-9a2d-4c68-bccb-4eb6fa3d6ea0,692,NA,20,0,491986,865744,0,0
6b7b06b9-3c3c-4abc-8633-6ed4f7169420,725,7,14,0,149264,185614,0,0
08db7334-af1f-40e7-9e04-5009cd0c6e50,,8,8,0,235980,942216,0,0
2ccf46aa-ff99-43f3-bb1f-a73fef797d69,742,16,8,0,173185,248204,0,0
afe14c20-9502-4431-946f-60c4f12fb1f4,720,12,18,0,509428,1854930,0,0
f52c3cbb-57de-4145-9cb6-265081115c43,664,NA,8,0,151544,167772,0,0
c87edcd6-ff3f-4b74-ab42-c21744194dcf,699,NA,3,0,71269,149226,0,0
60442ab8-30b6-4872-bc91-6d8c50569b5d,678,11,6,0,59356,258368,0,0
2c83935e-716b-48fa-9d19-70ac3ff0cb77,729,16,6,0,230546,420398,0,0
b74afe5a-de8c-4871-8b43-22c8d3bf70c9,683,24,21,0,135451,338756,0,0
644be550-5dc5-44b4-815e-448b72a6da89,,NA,9,0,2174911,2952334,0,0
2ea61f50-32de-4045-9b34-2c4e4985469c,741,NA,17,0,428526,817454,0,0
e0db8076-9285-4415-9f15-106b30de3414,730,40,5,0,52915,96492,0,0
3d866c5a-b9b8-4af7-923a-f80c1122d2f7,718,NA,9,1,378708,607332,1,0
46453d31-5b7e-447c-af1b-101a02fdf0e1,679,21,10,0,268451,374044,0,0
5cabf794-ee2a-498f-ae18-5bf16bdcffd9,651,55,21,1,74613,599984,0,1
f53989ad-11d5-45fd-a586-023eff1fd6a0,687,67,10,0,523336,923736,0,0
a65d5ddf-2fe4-4843-bb54-d081ae62dada,683,57,7,1,83353,319616,1,0
fe0693b0-1991-4120-ae47-512a0e8767ab,,69,13,0,352260,737572,0,0
24d4ec3b-ecf0-4ee6-a159-30ea3f01b3a0,732,18,7,0,236436,385572,0,0
26505f69-db3e-4fd6-87ef-47868b8702a1,688,68,9,0,112993,288178,0,0
32cb1822-a954-4b60-a15f-159e1643e7ee,704,NA,26,0,171323,249546,0,0
075ea7ae-ad92-4afa-9ce4-15afd99caafe,,NA,9,0,177726,242946,0,0
6b994fe3-0592-435b-aa25-20b04be18827,740,NA,9,0,690498,848760,0,0
4fcde82b-6d24-4f6d-9aaf-0e032f1e5928,750,NA,8,0,26961,511852,0,0
66715927-9817-4a73-8767-83ca63c63a03,730,NA,22,0,135755,616484,0,0
3e773c58-d5fd-439e-8e31-25990fe2026a,693,NA,16,0,883918,1596716,0,0
4d38ee27-9cd1-436f-b70e-d233ceea4339,707,NA,3,0,161044,231066,0,0
2151dd76-093d-486a-9e5a-00cc6915c13c,,56,15,0,47994,104874,0,0
3cfeaf03-0d78-4cb9-a2d2-facd6d9eff97,748,NA,13,0,110295,1140304,0,0
ef9dedd4-805f-4e0f-8126-ffa255f36584,737,NA,14,0,2229042,3178538,0,0
13164c76-ca1d-4c65-b0a2-097b018f94a3,707,9,17,0,435613,756228,0,0
1a57e5cc-417d-427b-b391-3b9eb2a77c24,741,NA,9,0,312398,701008,0,0
9295b3a8-2445-4257-b2e8-f65f5e8fb412,725,57,8,1,116052,394042,1,0
11249606-11c1-48f6-b7df-a59805f0e9a5,745,NA,7,0,21755,181280,0,0
03cc2b00-baf1-4e54-90dd-3e8e0c897cd6,725,1,10,0,319713,1025442,0,0
5ef11a49-b1da-4ccc-a5fb-814bd7edea20,725,25,14,0,289617,461274,0,0
c0cf234d-7c7c-4b30-9db5-6b358f8c456e,748,NA,7,0,1343034,11351032,0,0
80128b82-f327-44fd-bcb4-b37c9ceba8f5,726,8,11,0,521721,612062,0,0
0aebc6ae-46f9-48c2-875d-615c288063eb,703,34,13,0,208563,316932,0,0
d3c14f04-94e7-4a40-957f-d9031d2ca72d,674,NA,17,0,263834,325358,0,0
3716f0e0-95e0-42ab-a2c6-01ebf98fef8c,745,NA,6,0,55366,350350,0,0
6d08adeb-b05b-4833-96ab-cc1ec8607b1b,748,NA,7,0,55632,194018,0,0
cf13901f-21ca-452c-b268-b20ae53b9fa9,663,NA,10,0,333830,417450,0,0
d57459fe-34ad-4153-927b-5ada9ec7e3f8,721,NA,13,0,228228,575740,0,0
08459531-d9a5-4c23-8f21-f23f92a22da6,694,NA,19,0,645563,829620,0,0
8c8ff093-279d-4de8-b840-68280639f008,716,NA,4,0,81263,120604,0,0
a255bdea-a068-453e-bd66-e9dbd714eee1,738,NA,13,0,147288,497200,0,0
0cc52571-0d28-43a1-a308-82ab350b3647,,NA,21,0,234726,530838,0,0
897fa913-05de-40db-af5e-522acffdc3ea,713,38,4,0,41382,96228,0,0
3ebbf2c4-e519-4274-b7b2-e3d4563a094f,720,NA,10,0,204744,669680,0,0
7f3660a6-7f9c-41af-8f11-c3512bb7bffb,736,69,10,2,17309,116556,2,0
80d56b13-4eff-4fbf-b31b-02aa15b9a235,716,NA,11,0,603307,899052,0,0
4b007252-d455-4a89-ba3b-f0e5907629ef,693,NA,21,0,1080074,2320252,0,0
1b54e7cf-9738-42a6-9416-819d3f0e6b75,735,NA,19,0,213503,673618,0,0
269cd118-297c-46fc-b800-3d2b8fd325fa,720,8,14,0,297673,664114,0,0
476814dc-4c99-4374-883c-742852e27d12,737,NA,10,0,315951,449988,0,0
6aeb6b7c-e924-47da-b77b-31873c15d346,,43,17,0,40603,311410,0,0
32798c65-7112-4116-98c6-a5bebdaf68af,735,NA,6,0,150043,216348,0,0
9084bb9e-9ab1-4678-baf0-73c04d3e5c6b,723,NA,7,0,91713,158972,0,0
130e9457-2175-49f4-a8bc-00227afc6e50,699,NA,9,0,224542,313236,0,0
5b1dc5d3-e541-476f-b517-3c5a0405b7c3,,9,13,0,248045,697114,0,0
74e01427-de8c-441f-a788-98587d667dae,707,4,12,0,28386,172964,0,0
3a4c1412-d87a-4a4d-920c-ca8416e343ce,681,34,6,1,169271,253880,0,1
58da6615-f8b3-4484-8c10-b306e6b70477,738,NA,16,0,662948,1168398,0,0
f8a5f5a3-31ef-4595-aae6-d313d1ba65fe,746,30,6,0,169233,541310,0,0
e6fe711b-e0ca-4afc-bc93-3a400e51dedb,718,NA,4,0,160645,327470,0,0
de109858-f305-4c1d-87ce-065186ce1a04,734,32,27,0,136211,386540,0,0
3502e904-e969-43a9-ac74-67f3b7294400,735,30,15,0,279965,516208,0,0
2551faf6-2c15-46b5-ad85-577f3669c7b0,738,NA,3,0,63099,229020,0,0
464e07d9-3622-4710-bea3-64d4a91920cc,749,32,8,0,76836,872322,0,0
0ced9e45-b5e5-48f4-87bb-10fad23ed366,,NA,13,0,169993,284834,0,0
287f20ac-d731-42a1-a4fc-1adadbcea84d,729,25,17,0,88939,253000,0,0
8d37ec06-2b10-400c-af57-c9650239c335,737,47,17,1,70243,212344,1,0
0aaf9143-a9de-4278-8837-c00bb8b3653e,,NA,13,0,209551,456940,0,0
6345d536-29c0-47c4-ab25-b77e79100e0c,718,68,6,1,24301,145046,1,0
76fc5f54-8a08-4c56-91ec-ff7a080b7e7f,601,NA,12,0,136059,188210,0,0
4f8a7824-b9bd-4b8c-b2a1-6b7b196d2c0f,744,NA,55,0,649021,4084212,0,0
43141e9f-d68c-4141-b081-1644ed760699,745,36,10,0,371184,1210682,0,0
fc6f5e97-4307-4c74-8dcc-0ba8c4b4010c,673,NA,13,1,161557,393844,1,0
4420bcf1-ad44-4328-966a-f6441b012073,740,27,11,0,296286,458634,0,0
0e93d203-c8aa-4322-8f70-e5562d5a6271,,42,3,0,54644,140272,0,0
59ad00a6-7900-4080-b6ef-383534527591,725,12,10,0,352070,820226,0,0
18e9d728-be73-4c8f-a67f-1e3eef26f59e,681,NA,9,1,100130,203742,1,0
d3207913-9eca-4466-abe2-545090efec45,743,25,12,0,397328,757944,0,0
165222ca-1473-4f2c-ac9c-c7beb550c31a,730,NA,9,0,338884,497948,0,0
2972021e-4a61-42d6-b372-c5a8cade1c4d,,45,14,0,441066,623590,0,0
df9a9f12-3fb0-43e4-9898-5a286f77c421,613,4,10,1,68134,229328,1,0
6ec127a0-8700-47ea-a182-dbc91ec5ca0b,,21,11,0,291574,468226,0,0
492a60af-dc04-41bf-837c-ccfdae2811b2,722,71,8,0,59356,127490,0,0
e5d1566b-e0c3-4362-a868-c99c6a01fec5,,80,6,0,208392,445214,0,0
ff532a0a-ad83-4b87-bc38-e09bd61f653d,7100,67,8,0,108205,262636,0,0
45f69685-62a7-4b74-baae-0fa3bd81e4f6,720,NA,18,0,629907,1338304,0,0
f16167c3-8462-42ee-9599-8db1def5ae62,745,30,17,0,370025,1071136,0,0
cf075856-e58b-4f8d-98b1-a4d4f38cdb57,699,3,12,0,168663,390588,0,0
4c2e42f2-4056-4a2a-8f2d-e854a303e228,7300,NA,10,0,232218,390830,0,0
12e04764-cf2f-4509-b329-19b2d72f8060,,NA,14,0,456760,702372,0,0
71279775-2004-4966-82a5-b0ad4b175599,709,43,12,0,211565,407616,0,0
8e7db26a-9044-4a32-810d-72c84a6b96f4,736,NA,13,0,192071,346434,0,0
cd546a4f-8ea6-41fc-8a98-3605298ffb75,731,47,6,0,435271,562496,0,0
62a6d2c0-5ee5-424d-b279-e1ab4835ce7d,704,34,8,0,224295,333366,0,0
7b6c7df9-2cca-4be3-928a-21025f26f1ef,751,58,22,0,642865,1815528,0,0
09a38938-0c8b-4080-ac82-f17831e0c931,704,NA,12,0,633783,1037982,0,0
f8399542-eb35-43e4-95df-ad67c7e78efd,731,NA,5,0,27455,73964,0,0
4f47f5d2-105f-44c5-8c7e-37608f221578,632,NA,33,1,513190,1140524,1,0
464f775a-43f1-4e11-862d-2976000891b2,,NA,7,0,257127,375452,0,0
2b33c2c2-405f-4a1b-92f4-d27239c19146,742,NA,11,0,33060,1159928,0,0
c55e240c-d49c-4e2d-bb1b-e7d303d46ab7,6680,7,14,0,199082,282480,0,0
09206515-9ac8-44eb-be20-eb3bf740b85a,673,79,7,0,52801,168916,0,0
237986a8-5bb4-463e-ac71-21d5d58eeeec,735,NA,12,0,470782,808786,0,0
df60f3a4-191a-455c-95d6-ee68ac914671,747,NA,15,0,201172,346126,0,0
a7debee4-dd04-4080-b9e9-cf01cb55adf5,750,NA,11,0,117287,998646,0,0
84442d27-c315-47d1-9223-deab954cf52d,,NA,10,0,297464,667502,0,0
86c9cb66-e92a-409a-af33-13cb8558c286,,NA,14,0,50901,1178672,0,0
df066171-8d92-41f9-93f3-9d91f7759116,693,43,17,1,452827,1125146,1,0
5a219a84-6c24-41ce-9aa8-20ed9550c1fa,,15,8,0,52934,117656,0,0
2dbf7cd5-889c-45bf-9c9a-63b1fa8e7d56,639,NA,11,1,327408,972026,1,0
fb320ead-be76-4c5d-936f-84b58ca5bc22,734,0,8,0,109288,714934,NA,0
5227a6e4-26c5-49c8-b132-37efbe41daea,720,31,11,0,900030,1197856,0,0
30e6840c-dc6d-47b2-94b8-a2b634e00b3f,717,19,17,0,238070,494934,0,0
1b026534-6291-42a1-9b71-5cd5b505bd7f,734,10,6,0,17974,45628,0,0
1ab3c09b-c688-49fb-ad00-094080ab9dbf,712,NA,7,0,163115,233178,0,0
683ebd6a-519a-476b-b63d-e6e0293a2c55,743,17,15,0,532285,1529374,0,0
ca9012f0-5e79-4254-931e-079e6c30f493,723,16,11,0,104215,154528,0,0
22aac16d-1401-42fa-8587-be1027582b12,738,45,7,0,27018,279312,0,0
84bb6048-bbd4-4ee8-b687-f6dc85d551c6,709,15,12,0,170221,351934,0,0
009a2125-4b0a-45c1-a966-d84fae43c1d4,714,52,9,0,134007,378444,0,0
5ad0652c-b575-4ccb-ac99-725471ab7c4f,683,40,10,0,56430,276826,0,0
6cefe9e8-c9ce-4ef5-bd26-3b89000e8744,,82,10,0,113886,260590,0,0
79ca97d1-de4e-4a41-996d-8193de548e47,732,NA,4,1,66329,144650,1,0
615afc4e-2676-4eda-afe8-9deaa9dafa14,735,22,9,0,92055,372724,0,0
1705b48d-25af-44cb-bbd8-b3513d0e9888,,41,6,0,122911,199606,0,0
ea71c602-d0c6-404b-9fa6-92f8799fd1b0,681,18,7,0,296229,390214,0,0
336846f8-d226-4c03-be4d-6441bcd83240,7190,NA,11,0,529492,833030,0,0
1e860510-72e0-4c00-82c0-f9c18aa9c509,708,NA,8,1,147972,223674,1,0
e108037c-d09d-48e3-bc37-6c7cc2f3c256,678,NA,14,1,385871,876062,0,0
20244624-ecbe-46c5-965f-58e6690b886f,725,11,16,0,375212,822822,0,0
9ea7dbc9-0fe1-44a3-86a1-f2d56a61e78c,,NA,8,0,220305,660858,0,0
637802a3-9e06-4804-8cb3-8f9789514939,747,NA,13,0,249755,1129656,0,0
3e9c815e-1b9b-4183-b8bf-e8a23ffa28d7,,NA,7,0,98591,396374,0,0
69512e67-cfb2-40b1-8473-23f1a5f5a0d9,705,NA,7,0,216828,321860,0,0
9a8e4b22-4050-4e0f-8c71-23aeb122b215,750,28,16,0,354065,1242318,0,0
1088a24f-f1bc-49d1-9b10-421a7fafb5ed,746,NA,9,0,74024,361658,0,0
c809cfe0-f574-450b-97dc-1aef6083a050,727,NA,14,0,148599,651750,0,0
67798852-4681-4566-9549-3a3a02a340f4,,47,18,1,145293,572264,1,0
7b3afc53-bebe-4bc7-b4d8-1688d3b03df5,710,NA,4,0,703665,823856,0,0
dc6b726c-fb4c-47fc-aa03-6dc153aa5bbb,719,NA,7,0,36879,180202,0,0
ad5e29dd-d26e-43cc-b179-4a73451322f4,,NA,13,0,338181,594198,0,0
b1890187-8cb3-4d79-81a7-d46c4387b97a,746,35,7,1,55233,236852,1,0
622c14af-475f-4476-9244-2b3b9af6015d,724,NA,9,0,519023,1251998,0,0
d81badad-bfb6-4fff-abab-a101853aa198,,38,16,0,92283,272602,0,0
a58ff2f2-ab79-4e37-876d-00a5276946b3,651,NA,22,1,58957,355608,1,0
66c88098-d5f7-4217-b1a4-6ec2b64aa983,750,NA,8,0,722,93566,0,0
387420c0-cf00-46cc-9ead-dc86c51a0198,740,28,15,0,388873,683276,0,0
8d9a3806-f2bb-49fa-a874-54cd5d802d50,741,NA,10,0,60363,563662,0,0
b7d5e5b8-0efb-44ce-b18b-57486f7f66d6,653,NA,9,1,112214,176088,1,0
9e438505-88d0-46f9-ba81-24160b7b0bd6,743,74,8,0,102182,199540,0,0
e75dd606-6367-4cf8-ad1f-4a0478f5a48a,711,NA,6,0,273486,367796,0,0
f146bfef-4a7b-48b6-82db-67dc019bd199,729,17,10,0,347092,459316,0,0
cd0e9d61-140a-4cbc-8211-d960cd47f2e4,699,NA,6,0,124602,180114,0,0
42c88d69-1bc8-498b-b0e2-e1e295d7f4da,739,6,9,0,31787,125620,0,0
1bb6b43a-752b-4a53-8b28-64e31473f0fb,637,NA,12,0,289883,351098,0,0
d7c70ae0-c165-4052-85f2-276e22c96d95,743,NA,13,0,306242,1071312,0,0
b8aa4fa6-f2d5-4889-a9e7-221d3b1ffad1,751,NA,10,0,418,489478,0,0
600e82aa-fd45-4f56-921c-672cd8438f8d,7050,35,16,0,138681,348304,0,0
7f23debe-b019-45ef-be71-7e5972c2839d,751,NA,5,0,64144,863566,0,0
69cd3b45-c64e-42f0-bbd9-eb8c404abd19,748,NA,6,0,100206,504526,0,0
407c9a8c-8bd3-4af3-be95-c06b28bd6f8b,721,78,11,2,49115,222134,0,1
3113855b-d2a8-4a43-8d92-637a48e65fa9,744,56,11,0,34409,123772,0,0
7d4ca1ec-7ba7-45ae-88b4-39f3843b2599,743,15,16,0,188537,475596,0,0
48c1585e-6ed0-4103-9568-9a25d681a1cb,741,NA,10,0,424764,635470,0,0
93510231-701c-4abb-834b-6cc5d8449d92,740,11,5,0,218728,266574,0,0
7193648c-dd03-4d58-bb94-87b55e289922,738,79,14,0,198797,269236,0,0
c86b7ab0-e998-4264-8976-1e3c051ac24d,,NA,7,0,1406665,20108220,0,0
e96a735d-270f-437d-9de8-a193edc529bd,751,NA,8,0,31293,696630,0,0
e4418def-3e33-4610-9e2e-c55cbffdd5a8,,53,7,0,121068,388322,0,0
4ed73c6d-9970-4ee8-b040-6a6e1e0a6aaf,,15,13,0,421553,744084,0,0
ae74729f-3f20-4bf0-91f5-4067106c926b,747,NA,20,1,96729,805728,1,0
8e10f288-b9ba-4392-8995-e99f9221f3f2,721,NA,12,0,237500,308638,0,0
012f04a9-17d0-40ba-bb4f-f38e12a5a410,725,NA,3,0,269857,384340,0,0
5263aa69-a9ab-4dc7-afa0-8f532c5080c9,712,NA,6,0,189088,317284,0,0
1e6a7092-0a21-4cca-8ef5-899c6326a26b,668,80,12,0,458584,557194,0,0
3e2d0f8f-4ea4-449c-a52c-73ac5317a402,678,NA,12,0,613168,793276,0,0
ddae3c06-5c83-4549-8463-051fa287fb40,663,NA,20,0,138016,887810,0,0
77f39b33-29fb-4cc1-959c-178202dce6c5,721,NA,10,0,131043,349646,0,0
bde8d30c-7a43-4c42-8926-66d15266d3d7,,41,7,0,17138,236302,0,0
090eda78-eb7f-42d7-b34a-ab8819f5e6fe,715,64,17,0,253555,1019436,0,0
ec7ac7a5-1c53-4d1b-a036-e9f34f6c828b,,NA,11,1,188442,596178,1,0
bc4c224d-4ce4-4b91-a4a8-3784368658d8,748,11,9,0,129428,494604,0,0
b3560ffc-d573-4530-9340-dc432c6a487f,729,NA,7,0,158992,337788,0,0
45376e24-2071-4072-8b0f-1ac2ca6c33da,,20,10,0,510644,1182544,0,0
fff81fc2-c063-47be-96b6-e8adfa11d41a,726,42,12,1,225473,447832,0,1
40d7bc15-9de3-4c08-a6b0-be94fe6ee854,744,2,21,0,417126,2367640,0,0
8a99d05b-dc02-49eb-bb4d-b8487c0f5f56,740,12,17,0,98705,137522,0,0
48fbe4c0-30c2-42e0-96e6-edefda83ff8c,709,6,10,0,138434,255244,0,0
d8e899e8-52ee-4ca6-992d-2530eca59112,750,11,11,0,287831,543708,0,0
f3fc15f4-89ea-42ab-a723-eb855b65d8bf,7190,18,19,1,274778,372130,1,0
8ff77f21-72b2-446b-87ec-5fc1cd357e2e,715,NA,16,0,682575,1075294,0,0
c52eae18-5158-49be-89cd-8f398117c1c3,683,NA,17,1,447868,583330,1,0
7f81b66d-4221-4875-a583-cc349c15adf8,723,NA,10,2,62700,451000,1,1
bc9ac74e-0186-42b9-a479-fde6d9bac331,640,25,7,0,104652,187594,0,0
1e548470-e56a-4ca3-9111-3d7a42e3de32,684,NA,6,9,147801,296098,0,9
8e2264d7-e5d6-4daf-a89f-07dbc2bacc1f,738,39,10,0,425999,536162,0,0
3962dd7f-828b-49b4-b799-c5c3e1acf83f,745,75,10,0,445284,751608,0,0
b8102cf7-3a95-498c-b8c0-aa918d226df8,747,NA,7,0,135033,878350,0,0
5545deba-3924-446e-b829-93a3bc86673e,,15,5,0,39083,71038,0,0
1984934e-e42b-42ed-9206-d03f867628d9,724,42,21,0,325470,1380390,0,0
697823f4-b12a-416f-af94-3cd9cbd9e207,662,44,12,0,180329,249172,0,0
440b6a69-959d-4833-b8e7-fec9fa51c6ed,704,NA,11,0,993757,1622940,0,0
0820cb14-205a-435e-89e2-ee44a1344f9d,733,NA,12,0,370747,727584,0,0
8c190d4a-3db4-479c-95d3-0dd14940314b,748,NA,13,0,244568,1236620,0,0
44fcf22a-81d0-4f71-9974-4f2301ddfb09,,NA,13,0,349752,1091596,0,0
955ae877-92de-4c04-b460-c235163d3a95,709,NA,14,0,300903,413292,0,0
47d6462c-1e7a-4c6c-bb00-2e1dc21f1e0c,,NA,6,0,248083,588610,0,0
da64c8ed-0541-4131-8117-d62106efd6ec,740,NA,10,0,577334,898502,0,0
423627e5-03ee-48da-a690-4e4ae048066b,,63,4,0,21964,30602,0,0
259804f4-2c3a-4e40-81a9-3f83abca8b58,,73,9,0,381672,600446,0,0
4cd5f3e2-91c3-4b7c-bdfd-475929734bac,734,NA,17,0,394649,658460,0,0
c4955ff4-41d5-4c4b-a5d9-20ace4d5ffc0,742,NA,10,0,255740,496034,0,0
a0c7e3c6-7062-4d82-8036-ffaeea0c52d6,719,NA,6,0,192679,262482,0,0
e388dd16-aa3e-45e6-9d03-311dd74ebd42,,NA,11,0,115596,367752,0,0
7d8dda23-3f40-46de-913c-a32d48181e09,700,NA,13,0,838128,1184942,0,0
a1c8d98f-d66b-474e-8240-3b75a8e11b1f,717,NA,18,1,231572,433884,1,0
d2d96c94-3f39-4649-8bf5-1e19378d1e13,742,NA,18,0,1384150,3522442,0,0
df1680ed-de74-4ec4-ab3c-cdacfd2a911e,714,NA,9,0,155458,203390,0,0
40f01f09-b470-4a61-aa28-4d9861a71860,676,NA,11,0,528789,1015410,0,0
38658cca-e41d-4388-bfcf-b1078e501691,733,67,8,2,30514,195206,1,1
076be703-e5c1-41e0-9381-f9fde1fdfd94,,8,17,0,180880,386408,0,0
094cc7e8-748f-4b56-a02d-149f6adba2da,727,11,5,1,40413,96470,1,0
9bd563a3-bce7-4099-bd73-50b5c165d368,705,NA,12,2,76684,477400,2,0
3aacde0c-eb3d-4b89-82ea-fde4383ddd55,739,NA,10,0,584117,1288276,0,0
b298bed8-b4e3-4550-a2a9-7bf6b6596666,7260,NA,13,0,66424,680614,0,0
aa89b51e-2550-473c-a463-f1a286a9a5bc,,NA,6,0,87856,131428,0,0
ae15b0c5-1f1b-4800-adcd-faf9ade18791,,45,6,0,27987,247412,0,0
ca683ecf-9b97-43bb-bd4a-629ded6d3616,745,NA,7,0,400425,692032,0,0
b28577a2-936b-41e6-b35a-83fe56c96ffd,750,NA,6,0,282017,426866,0,0
582743c1-a4f8-4ab7-abd9-e3cf590e375e,749,NA,13,0,276051,847836,0,0
34a08cc8-b381-4cc3-b8ed-fc987cead0b1,668,13,4,0,62567,144034,0,0
b79c87a9-85dc-490f-9fe2-7b5e01df2a88,716,18,9,0,280098,495132,0,0
cd74d193-1380-4fef-ac32-aff03b9960e0,721,15,17,1,111017,257620,1,0
83c4f1e7-b141-4bb0-9aee-8c2180924307,,8,18,0,179721,350944,0,0
0b8f734e-9ca1-4214-82ab-6f85468a5b9d,705,6,6,1,30324,230978,1,0
b22d98d2-9ebf-44d7-8164-1f8ac8a0b10b,749,21,10,0,144438,521026,0,0
6a199bc0-5c97-45d8-be11-2f6f2ea9ef5f,,40,17,0,183350,572242,0,0
b0f3a6e6-fb91-4f94-935c-566e0402c140,,NA,10,0,224200,378422,0,0
e16303f9-1acb-4242-861b-61b9d8b823a7,719,30,12,0,264955,401038,0,0
5562454e-4d78-4789-92a0-fd2960ce17ed,725,53,10,0,193154,341968,0,0
b18c0117-e90e-4e3f-a25b-48092a88526d,672,NA,8,0,797753,1091860,0,0
5e1a3f57-9d24-4d5b-a303-bc52c04b2d29,742,NA,15,0,185554,394966,0,0
fde6569e-6c77-4a7c-b48f-4497027867a3,693,48,10,1,152551,236786,1,0
c8a3cbc5-3c6b-4e6a-ac8e-033160c8e3d3,724,58,12,0,205827,285428,0,0
66e6322a-1575-4dd0-84cf-224d13b5e539,729,NA,11,0,750899,1261920,0,0
71d6f151-d5d8-497d-980c-afdcbef84169,743,80,6,0,157282,422554,0,0
2da91cd1-5180-4941-80d1-3cc842e5fe3e,694,NA,28,0,386916,2434806,0,0
dd7d6f8b-bad2-4003-821e-9fd1ddde368c,,NA,25,0,168777,253462,0,0
9077eff7-a8e8-495d-8aeb-448fc3c0830c,728,48,11,0,571634,946924,0,0
8cbfb525-2c71-4e76-996b-dd0803fe347c,,NA,11,0,342760,485188,0,0
f65255c9-b9c2-4c11-9634-aeb1250788f1,737,NA,10,0,346104,699380,0,0
f7430208-cf24-4817-bc2f-ef842a024796,683,NA,3,0,25840,51590,0,0
2f95770a-54a0-441c-b46d-86efed1b5585,719,NA,14,0,199006,687852,0,0
5dc831e0-f0db-483a-969d-89004ef503e9,723,37,19,0,383990,880462,0,0
6a730cf5-af24-45ab-8cd9-343b20030de7,734,NA,10,0,209190,409156,0,0
147f9b11-af5a-4904-a872-619ab9193894,719,36,10,1,105773,184184,1,0
f21c7d6b-06fa-41f0-849d-8b6b761f305c,677,NA,11,1,233130,338294,1,0
d0bfd3c0-ccc5-4835-8254-8c8258f5df63,721,NA,11,0,536541,787380,0,0
a9c48038-9fe9-4c32-9f2b-75a3294b7342,,15,7,0,126711,160886,0,0
028b1720-ae2d-4a6d-b346-d0ea53eb415d,658,42,10,0,417145,557106,0,0
5d89c94b-0dac-4d88-af72-3d53b89bcd77,741,NA,5,0,259977,391446,0,0
e7158358-1ca6-4aae-8399-bd17879dd315,750,NA,11,0,8740,778602,0,0
d8abc692-df9e-4e64-b30f-ef6e4adc1e8f,730,NA,11,0,684912,1023308,0,0
01241d97-a534-4943-98af-a00eef372804,723,12,5,0,80503,271744,0,0
5cc3ebe6-01fb-4bf3-8da3-0435f2062e97,740,27,6,0,90421,132198,0,0
d4d9f277-581c-4fa6-9a90-d94788e80622,,NA,12,0,791388,1068012,0,0
159b3d96-1815-4430-b27f-d9a4a85ffa03,731,NA,6,0,63916,96118,0,0
ff50b5a1-ea7b-4784-9181-81464ea86ba5,,13,6,0,357276,425590,0,0
ccc46a74-b85e-4023-9b84-c2bde42e8b74,,NA,10,1,136078,189398,1,0
d10c69d5-d5e2-4b79-a06e-a4bfae7170e0,,20,9,0,15960,318494,0,0
c9d16de4-bb45-4e12-9090-4d6fb8a22db2,703,38,7,1,54739,96910,1,0
37df44f3-1603-42a3-8b4c-6618c4a0c5e6,686,72,20,0,805296,1025794,0,0
c0fbc38f-22b7-4df6-91be-b25bb072b497,,66,12,0,132126,1026740,0,0
bc000ae4-e9d3-4285-922e-39ef4447a577,,44,37,0,785460,1612556,0,0
bfae79ca-38b2-43f1-b3e5-f99554c17bd9,706,NA,14,0,201704,339944,0,0
f8396d43-3749-4518-9114-5e0af6861d07,735,NA,16,0,157415,461450,0,0
046f4af2-fffa-4d5c-beef-38af88b88ea5,704,NA,14,1,104918,357302,1,0
a8a68298-2717-448a-abe8-4e2e7b47175c,727,NA,9,0,91941,121924,0,0
5b97daf2-0eb2-4db7-aac1-fb29c7fc856e,743,37,7,1,82783,284438,0,0
d3d94193-4bdf-4810-982e-3feebff07cab,,36,4,0,13642,27896,0,0
fd1cc001-873c-4035-98ea-a1bec69b9ba9,726,13,9,0,0,0,0,0
0e6990d2-645f-4193-82a7-b418649ecb85,7300,82,10,0,182932,312422,0,0
857df6f4-1621-4611-a120-ac94caaf8994,740,40,12,0,151962,429132,0,0
a6a498d5-6711-41e8-b437-32e9d920ff90,,NA,4,0,126578,241450,0,0
b8dea7b3-b4a5-4e61-895e-7128bf8b098d,6630,NA,13,1,113031,521422,1,0
b8892602-1591-4837-b515-d7c38b74f0ea,725,16,11,0,119928,156200,0,0
f28fad0c-fd51-4816-a596-41f6dfc62b2c,723,NA,15,0,306337,481932,0,0
5143abff-2e95-4ab6-95e5-f8a7fba565bf,720,29,6,0,147744,244398,0,0
7b058e26-0410-4299-a7dd-9767ef952861,748,NA,12,0,440268,795300,0,0
8303d92e-f63e-42cb-8aab-65bcaed94a82,,11,8,0,123538,481646,0,0
d8bfa870-7dba-4203-83b9-472165a899fe,738,25,12,0,22800,455312,0,0
8daddca3-f8d1-413c-b4d6-980a6428f0ac,728,22,6,0,264157,332112,0,0
4982c8c1-5446-4450-bd9a-a0c412915ed7,742,NA,11,0,43130,96580,0,0
067a4b91-4e43-44fb-8d36-e8b3a3774a60,713,22,11,0,150195,180994,0,0
10c6f335-c341-4574-960d-a24caa3d6a6a,748,16,11,0,6175,649132,0,0
6e3309c5-d5ca-450b-9763-97140ac20bba,695,NA,14,0,168017,316338,0,0
ca36ae06-3002-403c-9529-abe54dcf2645,,19,11,0,112176,195294,0,0
7c473b74-2dff-4598-8ecb-7b4e808d8eee,7350,NA,4,1,126768,194150,1,0
26830d56-a519-4e59-baf0-e3cc04b92de0,740,2,11,0,100700,552574,0,0
d07c7217-d852-49ea-b183-d027000671ae,734,NA,17,0,281352,606650,0,0
5ba1cf4b-c5f6-4d1c-96dd-1da180e4bc80,733,47,10,0,1024176,1741388,0,0
274253e1-41e4-44d8-80b8-3d43cb17c94d,722,9,14,0,4778671,6080426,0,0
a832aedd-f2f8-4b33-9746-203062b21afd,740,NA,13,0,347016,1999074,0,0
857b0e88-d853-4fea-be7f-43245d067768,747,NA,11,0,345458,835054,0,0
d95b040c-d510-4c8a-877e-f1001f007073,705,NA,5,0,444752,595342,0,0
f81d0ac1-dd64-4303-96bc-c88957d2bd08,732,NA,9,0,190361,287760,0,0
082f20a1-bbfc-47e8-bdb5-62c1d8341f24,732,NA,11,0,192356,524040,0,0
9661d219-e97a-4dc0-8939-bcc6187cc090,733,NA,16,0,712994,3735666,0,0
ec5fb817-edad-4f6f-8dac-9a911e52df15,747,33,5,0,53276,224334,0,0
d69cce5c-5873-4047-ba2a-2a69d78234cd,745,NA,4,0,69312,469370,0,0
64db89ec-5eae-4278-8afd-2905d7708897,700,42,10,0,234821,668052,0,0
cee4e158-e8c7-4007-bea7-260c9b446ddc,6770,76,14,0,1132438,1647294,0,0
6d083b02-4b2f-4c66-8594-c631419487eb,710,NA,16,0,225207,293348,0,0
69147506-decf-47f8-a460-62aa2977fd45,,NA,10,0,125571,210716,0,0
20e82857-7a50-45e3-9bea-e6a76314df58,723,NA,12,1,99408,311960,1,0
9a40a8b8-0957-4f0d-a89a-b67dc4980a24,741,NA,9,0,191406,464640,0,0
3893bc32-fc77-4077-8bee-ff904595af0f,640,40,11,0,78413,376750,0,0
c4d73bf6-1bae-4f63-bc21-5977c64cee72,727,NA,8,0,233833,454300,0,0
88794723-5c7b-4466-abe1-ed8ef171c616,,NA,8,0,56943,66660,0,0
06a2379d-0c20-46df-8998-0f400a7b6381,746,65,10,0,282093,633050,0,0
9f646c15-bc8f-4614-b115-673bb7d71c2e,,NA,7,0,253422,669944,0,0
d2de8e6d-e14f-4bb9-97b7-3028c49ee02d,731,NA,7,0,238716,284680,0,0
356e1300-654a-4f17-83ed-994860a75ffb,635,NA,4,0,92777,111342,0,0
bc0a2052-e31b-44b9-8d0e-f09792c5d50a,740,NA,7,0,110504,196262,0,0
94ff822a-a8cb-4fdc-8f04-538be379a466,701,26,6,0,72257,92862,0,0
2e3a1c12-bb06-4818-b439-19fd12aa90d6,695,NA,7,1,488756,581042,1,0
14199b9f-4ef2-44a8-9a71-267ced86c22c,,NA,21,0,617728,1108932,0,0
3cf6cd5c-61a6-444d-ae5d-bd3f9fa41bbe,707,6,9,0,54891,336336,0,0
6ab51b4f-37e5-4b9b-948b-71bd141721c7,682,NA,14,0,207993,269104,0,0
4119da2f-520e-4f0c-a00a-c006ef1663b2,735,29,7,0,415397,588016,0,0
cf1f01e6-8ba3-4238-9c78-48102a44c25a,729,NA,7,0,894463,10461484,0,0
e8a4e297-bac6-43fc-bc1e-bc3a1c04575a,707,79,12,0,109801,266530,0,0
cda9967f-a3fb-47f1-9391-30ef4b9201e7,731,NA,7,3,64239,270468,3,0
9dccd335-e2fe-44ea-990a-2cc96172bd32,749,22,8,0,38722,347600,0,0
74df0e3c-77e4-4b29-817e-d3c2cd6c18dd,739,NA,16,0,358093,548460,0,0
7a0c3c35-9e5d-4858-ba2c-695c4a465985,690,9,16,0,480643,722788,0,0
bf5d4dae-68d2-42a3-96b4-488ea6e8a1b8,738,NA,8,0,128079,207416,0,0
80166152-d7b9-4e0b-aff8-0691725af738,744,13,15,0,262162,544016,0,0
10dea49b-f687-4a9d-9cc6-97827190be5c,741,77,10,0,276355,592592,0,0
3b268435-bc96-4841-ab9b-ec99de5e651d,716,37,6,0,103056,135894,0,0
05fca2ab-a0ad-4a79-9866-14121ad736d7,7110,5,21,0,181602,550462,0,0
d7ed1789-3c58-4074-bdd3-493c5ddc85fb,723,NA,14,0,209836,310684,0,0
fbdc9b4d-68dc-4163-8298-3df52f010cb9,654,36,10,0,280744,452100,0,0
ca5355ef-71ad-498a-9b13-a2a2d0f8d9d1,742,NA,5,0,309852,553674,0,0
e487398f-2853-497c-8a4c-13bf652b2df3,722,NA,16,0,280934,1052722,0,0
491b9f20-3cca-4a56-9b5d-27be1298622d,727,17,11,0,9937,126346,0,0
8e58d5e4-c7e6-44ae-a059-577e3e721e85,,44,6,0,143488,495924,0,0
b82d568c-e890-4b4f-925f-cba8a2dec138,675,15,11,0,152836,371778,0,0
a9ea11b2-4c34-4863-ae19-c0a04ac52d7d,,31,16,1,226423,518144,1,0
c95206f6-10cd-4b10-a7dc-9a0e73e6683e,703,47,4,0,36138,67078,0,0
e78dafbc-ccb8-47ed-a8bc-d89eec3166bd,727,18,7,0,226138,402204,0,0
644d6ddf-e701-4f20-91c6-53a1c35a5cf3,712,74,23,0,339245,1359182,0,0
e4274de0-fa70-4ac8-b8d1-bdf25ac62ae4,6600,NA,14,0,608171,833382,0,0
66b752fd-a991-4586-8904-7b99c22ce6ae,741,NA,10,0,532798,1346994,0,0
4b103c5d-7bcb-4915-a73a-387931efd9d2,,NA,16,0,430635,537878,0,0
ac324863-c9f0-4667-958a-8ed662053d01,732,66,19,1,377074,1001396,0,1
21583311-e7a3-4148-be68-9489794fb88c,723,NA,5,0,152247,331364,0,0
8e746e5f-c422-4f76-8db4-aa55066b4c95,735,37,8,1,178752,277464,0,0
84601c3d-a826-46d5-8670-532fb852f1de,724,47,8,0,405574,715880,0,0
f2eafb50-3d6f-4bb6-9404-ee6f568a5832,735,NA,5,0,4864,1409540,0,0
e742911d-d15d-47ee-8e24-fa9140a8289e,735,79,15,0,196175,780560,0,0
da24d2e3-762f-4ec2-be4a-a903f89f6fff,,NA,4,0,79230,105578,0,0
93c4d02f-1dfb-4f9e-a4f5-777eb7f82119,750,NA,11,0,209722,902726,0,0
c3407fe0-fd6d-4435-9e8b-778145671348,714,18,6,0,399855,493086,0,0
65bb3a2f-2088-4d11-97e0-40cb790eaa1a,677,NA,7,0,312911,453486,0,0
cd2273b6-477d-42d7-bdcd-7eb45ff17fc8,706,43,6,0,27322,250998,0,0
ace6b49b-234a-4fbb-b89c-8d8d27a1a0d8,710,NA,6,2,83505,119394,0,0
4d0a1e21-7941-49cc-9fc3-996f4431de57,,10,13,0,271852,371624,0,0
6003b99a-3ce6-40b7-8872-dcf1a05e722a,717,NA,14,0,344603,831292,0,0
cc81f255-6435-4330-8c0b-e7fa48f92ca5,,NA,13,0,211717,325996,0,0
8e8fea27-1c59-49e0-8c71-6e66e59c83c8,739,3,8,0,12939,114312,0,0
f5e2818f-cc4f-471c-8f71-0da2fed08d2a,737,42,7,0,254809,409772,0,0
4101c7c8-5c26-4e3a-ba58-6f6fe0dd490f,,32,12,0,122626,554664,0,0
783d5167-1d9f-4246-a01f-984d8033e9be,740,30,13,1,235866,488554,0,0
9ea8deef-c4ac-45fd-b0d9-a1790e715073,694,78,10,1,132905,293150,1,0
82be2309-4462-4c49-b379-81026256086a,748,NA,10,0,2012499,0,0,0
c00623a2-a9cb-4f79-9dd6-1f159f121194,742,65,16,0,330752,735086,0,0
a2598c9b-5c6d-42e5-a08c-84d60101126c,,NA,8,0,181469,344454,0,0
e60b6c10-6979-4c68-b764-54dc748d8352,723,NA,7,1,22971,165176,1,0
4f57483d-3247-4f1e-bc2c-a9ca0d9ca5ab,701,51,2,0,0,0,0,0
4d07cf04-6f4c-46db-9b3c-46fc5e76bda9,706,74,8,0,513000,609862,0,0
7f409aeb-ffa2-485d-acda-a7657f286570,707,NA,26,0,913235,1303874,0,0
30e002b6-4791-4af7-b114-125caeae8629,,NA,12,0,184224,486992,0,0
7cdd9ac0-630a-45e5-a40d-8a08438cf7a9,747,8,12,0,133342,615142,0,0
1ec74b97-1d2f-448c-bb80-4c02fa288b01,7190,NA,11,0,120479,239316,0,0
6e17ef0c-3433-490d-9482-f89c55571476,706,12,11,1,118408,374594,0,0
943f74f8-7e85-4e93-b0cb-8512136e94af,680,NA,6,0,150518,366146,0,0
2c74d5f1-9c65-4de8-a5cb-73221c9f9892,691,47,9,0,87419,326524,0,0
04c37bf3-d261-45f3-ac52-4f1526f2591c,720,NA,20,0,135926,264088,0,0
1d0593b3-81ef-49dc-97f9-b4bac08db646,729,30,3,0,0,0,0,0
768102a6-98a5-411e-8302-5909f75696e6,,9,27,0,1209426,3182674,0,0
0ae7525e-be44-43be-b0af-d9d37521ba49,683,NA,19,0,868148,1342088,0,0
a596d421-2e10-4e4f-a95b-da45b3cab28e,,NA,6,0,499187,656810,0,0
08465578-9f19-47ff-b099-014c04f4e6ce,703,NA,11,0,420147,594726,0,0
c11d6c31-57c7-43d0-8268-da909af88f28,7200,NA,12,0,214339,541904,0,0
c739c7e3-ef3b-4919-a34d-e846e02c0020,751,69,18,0,665836,1764224,0,0
6f4c1343-af6c-4465-b62e-5b02b939927b,,67,22,0,358340,689216,0,0
fc70a819-61b4-4eb9-b32e-90e9522b4a08,,40,17,0,274037,477158,0,0
0e69bf78-ee68-4000-b0db-0e0a2ca9b48b,699,NA,6,0,168967,195646,0,0
2afa6b12-62c1-4fe1-a081-deca0d40211b,684,55,11,0,160474,315480,0,0
c175cb78-5a7a-4579-8ff9-d9d96e54b5e1,732,7,9,0,381083,464970,0,0
e60bf3de-a5e5-4580-a2b6-78bd616da856,646,70,24,1,55062,574442,1,0
7d0c8830-a965-4ff0-8188-46c5f26cd750,738,75,10,0,167656,302852,0,0
2e34c8db-4c83-4d22-930f-59068edcd9c9,696,29,13,0,315761,540870,0,0
c00d8500-2598-4225-a10f-05bc0414f60e,705,NA,14,0,88255,438526,0,0
d128512a-14ff-4d93-a4f9-adfb09c07d8b,7130,6,9,0,138985,284306,0,0
0f48ff80-431e-4772-b993-54f104f49778,743,67,11,0,440154,859430,0,0
f3db0d1f-128a-4798-bac6-f979857991c8,709,7,7,0,173489,390038,0,0
64bdb880-32f6-42be-bc66-ab305bab12f3,712,32,14,1,140448,371316,1,0
c684e9b3-3dfb-4805-b6f8-3d8bab501790,727,47,20,0,568404,997194,0,0
50d15d17-e179-47b6-932c-e251492b7db5,717,56,11,0,167656,510840,0,0
e1055bda-2555-447c-be5f-9f8e6ece1a30,742,NA,19,0,270826,463870,0,0
ad4abb57-8bd8-4828-95e2-5f341194b9c0,712,NA,19,0,292353,459932,0,0
43037f6f-42ee-4545-96da-3c0f98f79a28,6660,NA,15,0,349125,1098548,0,0
7d6c085f-d008-4311-a4cb-608bfd05ae0a,737,NA,16,0,367441,631246,0,0
339214e3-8671-4286-836f-983b2831071a,695,NA,12,0,440629,525426,0,0
c72b4735-7972-49b3-82e8-112803ca2bef,723,NA,15,0,211546,485034,0,0
142748a2-ba51-4404-b801-61d1544c9f18,731,17,14,0,372666,847770,0,0
d58ac440-4358-4ff1-94af-3150ddec39e5,730,NA,15,0,39919,101618,0,0
482142e4-c520-40f3-91a7-f369e65137ed,709,9,19,0,265696,341066,0,0
d809bf22-072c-4fcb-b49b-122080fe8172,720,NA,9,1,84588,293260,1,0
73460431-2ef1-420f-bdc2-4b1ee22ee425,710,14,17,0,492423,968022,0,0
8fef6016-f45d-4b6e-9fd1-481e971f42b5,712,NA,9,0,342988,526020,0,0
fcf459bb-9e45-4ba7-9c84-dd7909fbd486,,NA,15,0,368657,558712,0,0
2f9fa711-63ea-499d-a0db-9d89a30909de,665,6,10,0,8474,101244,0,0
c5ddbdb5-632d-437d-95c9-a626dda4f533,741,NA,17,0,514976,812372,0,0
c5cf3823-4a92-45df-8f63-ad26da95613a,750,NA,10,0,39292,293524,0,0
b56763ef-2a4a-4fcb-b7c5-9624d35eed9a,695,19,12,0,77197,191796,0,0
eb2a4721-f031-44db-b423-60cad50227b4,742,14,15,0,246525,444620,0,0
91ebc70c-417b-41ef-8b78-b774be278926,722,NA,8,0,115938,186472,0,0
56f470a6-f1f9-4b6b-9bdd-383f7f6c8f71,719,NA,21,0,826766,1156144,0,0
42cf6f8c-9d33-40a8-8f64-a6fa29814f77,,49,15,0,97204,247368,0,0
ab18ff8b-183a-44d5-8beb-1610ae05bf04,697,NA,12,0,143811,533698,0,0
ebce2057-b23c-4711-b04a-72f8c6f40293,660,8,10,1,67108,301202,1,0
ceeb8919-84e7-4a7e-87f7-f307158a2dbd,660,NA,10,0,108167,197560,0,0
5d7992df-9b60-4606-9449-df8300494faf,680,58,18,0,258571,582494,0,0
fff9b38f-9a27-49d0-8d49-6306f41529eb,732,80,7,1,95418,203456,1,0
d8776dde-56d3-4b5b-8f55-c959e5ea4453,743,11,12,0,198151,952028,0,0
795ace84-890a-4c09-8d26-07e96ed7a618,734,2,8,1,89832,322036,0,1
475324a8-a5ac-49e8-91ab-bef4fae58b77,691,4,20,0,195054,324060,0,0
631f1669-564e-44b1-ae52-98caca842c34,732,NA,7,0,35150,151888,0,0
39004ccc-645f-48bb-a7aa-88f205734b86,750,23,16,0,427861,2064216,0,0
771bd1ad-475e-4d02-8742-5f0cb163a69a,681,54,14,0,324501,1085986,0,0
c0033e9d-d06c-4326-8915-cc61e5e2fb83,687,12,9,0,82859,205458,0,0
c2cadfb1-6427-4130-9a7e-5300fc01313c,704,15,20,0,311201,637736,0,0
3ddce9a8-7763-4605-9f7b-1cc7000ff7a0,726,NA,13,0,356782,581020,0,0
5098c915-26bb-4057-9c71-a8b759a21a7d,6970,22,8,0,277609,711150,0,0
66a66d8f-6c53-4732-a708-c756462647f7,,NA,9,0,299155,620796,0,0
be80fc8b-2e43-4691-ab74-097a6a9b33b0,731,13,5,0,42655,148742,0,0
3ebe6001-7451-4612-9a64-de1adfd0b27d,704,73,15,0,176643,423478,0,0
074f0b2f-3303-409f-8141-981fd37b9a2b,690,NA,7,0,106495,254254,0,0
cd6b5fd5-bf5c-4fd4-89ab-75302c14cddb,745,32,9,0,365237,513216,0,0
e62a5339-2aa0-4c5e-a4f8-3fa363c0fb86,724,32,9,0,132126,796840,0,0
27d14061-283d-40c3-980d-cda53e261615,740,57,12,0,564813,802450,0,0
9d5c32c2-0c0c-4981-b66d-0a65c8e564d1,725,NA,8,0,0,0,0,0
6a206620-e788-4647-a5ed-2310975462a2,7310,NA,5,0,91352,185900,0,0
363e8c38-205d-46c0-a02a-091e92c8339c,751,NA,15,0,103759,639034,0,0
143f0901-8688-400f-b3f4-cfcadd2b0fc3,725,NA,8,0,62510,137346,0,0
fec97dd7-3db8-4042-8a11-7b2d6a35c880,749,38,8,0,539467,974490,0,0
ffc962a0-869d-4c28-9f9e-b577d0584917,725,NA,6,0,653866,843106,0,0
0ea8e8ee-3748-4411-a1af-c04a4a02c3b0,,NA,17,0,222528,792814,0,0
0e1d8987-960a-48af-b39b-29413c96f202,,NA,19,0,343938,651772,0,0
8ee0919b-0c9f-4c95-9629-6b5c2f28742d,743,18,8,0,541196,663124,0,0
c66fb860-9fd3-4c05-a357-6b980d5d2a4a,660,NA,8,1,140372,239404,0,0
d62a6ff4-3bd6-4d49-b36c-ec65d825fca7,717,NA,9,0,318459,417604,0,0
925fbf6e-24f3-408b-9940-bc7d80f03f6c,723,64,8,1,78698,277002,1,0
19d0b60a-5aca-4904-9380-cd8dd2e760ef,702,44,10,0,313994,381502,0,0
acd357d6-107e-46cc-ac1f-8063246cb91c,691,NA,11,0,234688,340120,0,0
b3dbcc26-dc74-4038-8f43-766cf4a6bc5a,,32,11,0,78204,344300,0,0
fc0ab927-be98-45ca-bd19-886a03d684d8,,15,11,0,186675,537680,0,0
2383af10-ac5d-42b8-a626-f8c27dd199fc,,NA,6,0,28272,74382,0,0
5d23f621-7d7d-4f73-9056-16f20bc20d2b,6940,9,13,0,260680,510752,0,0
e2ea96d7-1dbd-4334-a40c-1f30a63f1157,728,45,16,0,101517,833712,0,0
131714f3-a3a9-43d7-a9e0-088af647a288,724,56,3,0,15903,88484,0,0
b3166f18-fe29-4c3c-ab43-3a68f7b28bbe,622,NA,10,0,138415,326436,0,0
2c52cbc8-a9c8-4431-924b-a1ac6e5fbd79,,67,15,1,211755,723250,1,0
55030396-806b-4cc7-a7a7-cec6c2d21ac0,,NA,6,0,420432,525140,0,0
ee337fe3-54c1-4468-a2ac-557689a71234,693,NA,12,0,276488,392348,0,0
4ade8a53-a2a3-4728-bfa3-766ac076ee6e,,NA,11,0,457007,530222,0,0
199027c9-a6f3-4731-8c30-e3ee391aed23,738,10,7,0,559645,702834,0,0
5b5a9164-6fd2-40d2-969f-8faf5b6ba255,694,NA,6,0,624568,731236,0,0
34151386-43f9-40b7-b80f-64cf4f5aec4a,687,NA,7,0,197581,481624,0,0
9c527540-2e11-4d5a-9077-8e03e84627e1,714,NA,10,0,94525,380028,0,0
bb449947-fa74-4a6b-88dd-8e9055f7fc9c,662,14,15,0,541842,1272612,0,0
ffaa3ffc-d0ec-4085-84f8-d798ee6979f7,725,6,15,0,252187,565906,0,0
ecea7be2-fd6f-46ee-8591-e25086a54209,728,73,9,0,317566,450626,0,0
81ed8473-2328-4e38-a257-ef3e6242cee7,,NA,5,0,90231,123354,0,0
f6ea28b0-3850-4fb5-b4ed-e4500ddd1e79,716,NA,9,0,172026,301334,0,0
faa61d44-ebc0-48ca-b27e-52c32404db5f,747,NA,7,0,356554,1243506,0,0
b0956a59-ebd8-467f-bdb9-188769bc4835,734,NA,11,0,279357,421190,0,0
0f462e9f-7499-42f3-81a0-26fc35810dc4,746,NA,13,0,277894,498894,0,0
f9a62611-9f36-4aa1-86bb-caa3ee52bb89,714,42,14,0,322145,994686,0,0
55def123-657e-4b8f-a28c-8448510ce1e7,700,NA,8,0,318535,391534,0,0
ec2c26dd-38ad-45d2-a9fe-90d7b970d7c3,724,NA,9,0,479047,924484,0,0
465ec1fd-f21c-4917-aa3b-85da7897a8ee,737,NA,13,0,268394,747076,0,0
502493d3-3c9e-4f77-a5ef-7d49a9e581e7,694,NA,19,2,382831,1073314,0,2
5b69714a-e24f-48ef-b163-d03413793c97,,NA,11,0,140334,202598,0,0
bf71b689-f72b-42db-9bc3-9a1fcb34c463,746,NA,5,0,77311,291610,0,0
20d8f2ac-1659-4ffd-872a-c2adf53248aa,,23,14,0,421325,844030,0,0
ae96d95f-aff8-4131-95db-726a99f498a2,717,0,10,0,152000,256938,NA,0
33c314a7-1736-4d4e-8b35-6eb9c91668b2,744,68,11,0,285171,471702,0,0
c1fe1ae4-af5d-40c4-9978-fa3e66d8770a,725,NA,9,0,300428,479820,0,0
fc872916-d65b-4c65-bb38-13d6e9b90545,708,15,12,0,133285,422796,0,0
d1a602ec-4cd5-4e7d-8eea-2de90ea24105,747,75,11,0,268660,446314,0,0
13dd7e30-e769-47e8-accd-7b6a1d87deb3,711,NA,17,0,644632,909150,0,0
252d3ff3-e80e-4805-a70a-1685bb5baac4,722,NA,3,0,27683,209528,0,0
f1457995-6522-47e9-87e5-c6d7008cd032,725,21,6,0,0,0,0,0
f19ed350-b887-4944-9b3e-08536436c786,710,37,7,0,594814,734272,0,0
5622b044-5d5f-4854-aefc-42ab526d447f,742,NA,12,0,566086,722656,0,0
7d4f683d-01f2-48c2-8f0c-b2b629c6e919,748,NA,10,0,156123,1144110,0,0
06464584-223c-4143-bbde-57fba67ec690,684,NA,6,1,160379,332200,1,0
be6298cf-4d81-4fcb-8760-346b3ff9ff28,7420,NA,11,0,396492,598554,0,0
d480c986-969f-4092-bf02-f8a630a1c124,722,NA,19,0,935902,2189242,0,0
d3eadae0-96aa-49e1-83a1-6151e14eb762,750,NA,8,0,29317,255200,0,0
b18c14f6-165a-4440-a749-94b23ad558c3,636,4,18,0,3158199,5417566,0,0
2e01abe4-4540-41dd-ac07-3e187853921c,742,18,20,0,591451,965910,0,0
610a3a60-8562-4222-b17e-3b65f77926c9,745,NA,8,1,233244,370986,1,0
442b274b-795f-47e7-b178-0768bbf40ae6,751,30,19,0,142747,516494,0,0
395df465-ae22-4269-b316-5e37e9ebbfe8,744,NA,7,0,89870,601480,0,0
71823bc3-676a-400c-a28c-5e72aa5ae841,,NA,6,1,67355,128062,1,0
7bf9ab04-4b88-409e-b330-af97f076349e,,NA,4,1,95741,200486,1,0
7c67a215-a3d4-4eab-8f97-d8958aab9de7,731,38,11,0,406049,581174,0,0
27654b3b-2a0d-496b-849a-5fade6bd3c69,7460,26,9,0,149530,446270,0,0
d27a06a7-d828-4854-8465-957b79a284e2,,NA,6,0,199899,245718,0,0
da539357-7feb-4ab5-9688-3676d9ea4425,739,NA,14,0,179930,416680,0,0
eb91e4e1-16e4-4a87-8a96-66a039a7d51f,723,13,9,0,106761,456148,0,0
ac33210e-c5b5-4928-af63-19d519eb6ec6,738,68,7,1,124146,221848,1,0
152955f8-4c40-44df-ae0e-8782a4ae8dc1,743,14,14,1,175028,590854,1,0
d0659ce0-3b90-45b5-bd2a-70a9f7c5fef4,750,NA,15,0,175864,1241614,0,0
e5c32a5f-05f1-478e-8f2c-d2ab6ea71b2f,676,NA,10,0,679003,1477828,0,0
f52595ee-b1d9-4662-a418-58a8627c3016,,60,23,0,167865,503514,0,0
c6e2aef1-91a5-496c-a3d1-21627ce8b6d8,733,62,8,0,945421,1483328,0,0
f2dbf20e-3f16-4404-b836-89039e0e95d5,,10,11,0,129789,238524,0,0
7b6ce241-f80e-4d91-99c1-4197ffb161e7,733,33,10,1,17195,201014,1,0
21b9fccc-6431-4270-a288-f0d815a87365,728,24,10,0,694773,808522,0,0
bd9aabdc-cfc3-46d8-82bb-9a9e06df6707,729,19,8,0,86944,359546,0,0
6c4a6337-6dd5-4eb6-96da-14d0e3fd1f26,,43,6,0,159562,313676,0,0
150f1780-09db-4f39-82f5-61b4a7244de2,716,NA,6,0,173679,254892,0,0
ca3d6a9e-ca01-4738-919d-20edd81ebc47,702,59,12,0,242725,424556,0,0
dbc5b4cd-8c65-4449-8046-bd5bb6f3dcb5,695,54,5,0,20159,73876,0,0
cd26b826-8bac-4a1e-8185-9de222660a7a,,NA,12,0,349353,1003772,0,0
6348d112-74e1-4767-8956-df2c67599f75,7370,38,6,0,38114,136620,0,0
3ddd8ec2-d988-4026-be98-f13517ab4220,718,NA,10,0,535534,1185668,0,0
976bd13f-d08b-401c-9596-9a741eafef10,729,NA,24,0,316179,631202,0,0
1728a90b-6117-45cc-9d8b-c47cd3452a89,,21,12,0,214206,504108,0,0
aa6534c9-f7a9-4d7e-8769-4b49c6ffa70f,746,50,7,0,476425,1118986,0,0
10709151-5f31-4681-9b18-fe9b59d3e074,738,NA,7,0,108281,391776,0,0
edbd45d9-0c62-4b05-9320-bb994fdfd6af,,49,8,0,34998,405240,0,0
bda7b453-f5fa-4290-b68c-4a79ce23765a,675,22,15,0,402534,682418,0,0
f676b929-b326-4eeb-a333-96f0c21e8db7,663,NA,9,0,649572,791714,0,0
e177de85-e1a6-41b8-be05-c5f387573eac,,21,13,0,168416,617122,0,0
ecd0d245-86aa-443b-96ed-3fe6530878d6,748,35,12,0,170905,811008,0,0
9b84eaa4-3619-4bb7-b762-3e7cff9ab910,739,76,10,0,357998,671858,0,0
3e35b00e-44e7-489d-8ae3-531c9f7c9826,737,26,5,0,615429,731632,0,0
a69d78c0-7933-4ec3-8bd7-928f5a06088d,669,NA,11,0,663936,978076,0,0
3be6bf0a-a897-4e72-b318-14fbd500bc30,693,28,10,0,8531,120560,0,0
3041749d-0a5e-4ae9-ab8d-c932184c24f0,742,NA,13,0,200450,523930,0,0
5ef7d22c-033d-4a61-a193-4c113751ad21,7380,18,7,0,78223,117172,0,0
2a4898ab-9631-4143-bccf-ab11e81f018a,707,NA,9,0,266019,619762,0,0
17408eb8-62b6-412a-a716-61a950f2f4f5,660,NA,10,0,245214,483692,0,0
ce543f98-c7fd-402a-841c-70ef955b22d0,706,23,16,0,69825,594440,0,0
773dffce-3c69-4f25-ac98-7c7eacab481f,734,NA,7,0,213180,333102,0,0
54d6609b-6136-4464-86a6-98fe00404eb5,7120,NA,9,0,252111,460438,0,0
a81d4008-cb7f-4120-aed3-47be1a29ab98,,NA,7,0,295830,360580,0,0
3115b138-aac1-43fa-88c5-7a58c5fba34b,720,NA,7,0,375079,725032,0,0
cfd24e55-35d4-40de-9f10-774ae9c73867,714,NA,5,0,141417,179938,0,0
bb6547b3-7fc6-403c-b4cb-804460f0b021,,9,6,0,75810,274318,0,0
18206282-7028-42ee-a6f0-7c066d1c3c7f,750,NA,6,0,94715,510092,0,0
43140520-eb86-4006-8ff1-e9914ead6aac,738,NA,8,1,94373,206976,1,0
3e1d7bc5-275b-4d9c-9219-46015d1ebc4c,725,0,19,0,463619,1198274,0,0
cf0e841d-5853-4bdd-8962-93b7212d7371,,20,11,0,26866,250778,0,0
41828aa0-be5d-4a70-9956-1372931b5a0b,746,47,8,0,151639,603394,0,0
54d4b26e-0cd8-483a-b1ef-7b5e29283901,671,NA,22,0,340822,911372,0,0
b9e54d8b-0920-498a-bce4-5c7f42c0d940,,17,15,1,163913,257884,0,1
f16be45d-15f3-4b3f-b087-6153c9f9de5d,725,31,9,1,155363,422312,1,0
42d38a08-2409-4275-9c09-8d194c16e558,6910,49,13,0,103208,282524,0,0
6e8f8c13-7f50-4497-9325-1d5a2713f082,707,40,11,0,180842,328196,0,0
0f439c41-3a10-43ad-b297-b3611c070dd1,740,76,9,0,34390,343244,0,0
e764d816-cdba-4b38-a40d-16b3c246be2a,7370,29,13,0,84797,221650,0,0
ce189ea1-8b48-4b74-9ba5-d7aaffa4334a,686,19,6,0,349999,552882,NA,0
937f64da-1141-4908-a601-3ab065a2ee73,744,NA,11,0,419539,1084314,0,0
e6caadf6-9f1c-44cc-baf7-64ea0e568fec,724,33,10,0,55157,92004,0,0
361392ae-3552-4d88-8af8-98d2a99573c8,,6,8,0,17993,92554,0,0
f0003095-843b-4e72-976a-9725b22014da,704,NA,8,0,346788,531146,0,0
3cd86027-18fa-40c4-94da-06ed08c4165b,714,NA,8,0,120783,224840,0,0
32c61336-c8c4-4773-aeab-15ba27c15ff5,,NA,7,0,154299,340318,0,0
a4afc216-f63f-4e41-b5a9-2658ef1ff967,740,66,7,0,254847,605946,0,0
498e8476-43b6-4bfb-bda7-0cd1056e3a63,689,43,12,0,247874,524722,0,0
9ece9286-2655-4d8e-abf2-6ded0e59f080,7300,NA,17,1,180937,458436,1,0
82251b66-c544-4d23-b48e-55aac76b1cd8,670,48,6,1,146984,345906,0,0
94cf035e-87e7-4db1-bb40-e4fda680a40b,749,NA,21,0,144286,2012912,0,0
0f7370bc-97dc-4a8e-bce4-925f3909a25b,727,36,5,0,247532,394240,0,0
c5282fd3-15a7-4f4a-b63e-eb8d927778c2,,NA,13,0,119586,390060,0,0
427c099e-bb5f-4905-8728-ad3da56993d3,732,NA,10,0,90953,140976,0,0
1e73813a-f4e6-47d6-aa52-e29b7c918a7b,7030,38,10,0,182799,617078,0,0
e0ab6c52-4f4c-4ea5-8564-de03977b14f7,707,47,13,0,266361,387926,0,0
e7b55147-c4b6-4195-bcd4-84443bda03f9,647,30,4,0,60211,71500,0,0
5f055c42-c32f-4d78-adaa-59171b141cf5,736,NA,23,0,330125,1331880,0,0
7ff501ac-f158-4804-ac3e-745857b4d960,735,NA,12,0,383743,532136,0,0
0a67163f-66bc-4220-8de8-60d50e43a3e0,,NA,5,0,271890,643808,0,0
48aae2cc-bbd9-4004-aa16-26367fef80fe,721,NA,5,0,66576,276320,0,0
c167510f-c5a6-43d3-aeaf-733b36812c1f,,11,8,0,139612,253770,0,0
b2440cfd-9ae1-40ed-98c5-9ad843cc4895,748,NA,9,0,139574,492734,0,0
3e234602-4abb-467b-9781-f64221ab2373,,24,18,0,19228,23716,0,0
9ef65e7d-5652-46e0-a3d8-12a2ffb6ca26,705,NA,24,0,1647756,2378970,0,0
e3ef613e-8b16-43d2-b3b2-705e864fa98d,735,NA,10,0,161842,594880,0,0
66e9efc8-a18f-4d8d-9795-dca5803d7ac9,749,47,12,0,201856,1003156,0,0
d83ab6fa-96f9-4d91-a1b2-84e2447bd34a,,NA,14,0,166801,731566,0,0
2fcc52ee-e8f1-463b-a7a5-4af97c2596a9,,NA,9,0,842479,1158564,0,0
d1f07167-b6d1-4b9b-afbf-4cc95ba9301c,714,21,21,0,629508,908842,0,0
82fe1169-9e2b-49db-9671-289d496d4f05,692,21,9,1,463999,698632,0,1
f1bcd6eb-7569-4864-b6ed-fdc04d850472,722,35,16,0,337516,943998,0,0
a5c1f1f7-d3a8-4d70-af94-d625515ed63a,691,28,10,0,81434,402996,0,0
2c225b2d-754e-4c63-bdae-d99c659db92d,,NA,7,0,2679,444378,0,0
66c6e247-3fc9-4ab3-a783-4772aa7533ed,731,NA,6,0,140467,553212,0,0
93247088-c53b-4b17-b22d-13af13e23531,708,17,22,0,413801,706684,0,0
8899e276-26d4-4b7b-871d-83c9d5d80c64,683,NA,5,1,43586,134596,1,0
8c453cf1-f976-4799-a0f0-96bf69fd6b0f,684,NA,11,0,554230,842182,0,0
0d468571-536c-4869-a315-468fb17bf87d,,NA,3,0,228532,1058464,0,0
b81d1ec9-c8d4-43c1-b371-d18453a86368,677,81,12,0,404320,705056,0,0
b8bbb9c2-d93b-43ff-80b9-20f46108cbec,691,NA,9,0,236949,360536,0,0
9ed7acbc-db7a-488d-9da6-35aadc33c431,749,NA,8,0,102524,723888,0,0
e7478483-3616-4ebc-ab9e-721dfa64b086,715,NA,18,0,237443,395010,0,0
cb13f866-4e41-40cb-854d-fac70ba3a1bf,749,18,13,1,188499,515988,1,0
61e71315-d81a-4080-8d89-b1269ea93849,706,NA,11,0,110979,218526,0,0
14aaee6a-a904-453b-a9e3-4850cf5ae1ab,750,NA,19,0,311486,2436874,0,0
dedddf38-a51b-46f2-91e3-dfc467df390d,751,NA,11,0,306850,644820,0,0
c4ec63c1-9336-459f-b209-9d1504ad4f92,633,31,12,0,280744,513546,0,0
0298c490-f9f0-42fb-a3fc-5a9fb6895b73,,20,15,0,191482,543466,0,0
6d389f58-59d7-4b20-93cb-6b857dcf962c,749,NA,9,0,365807,980496,0,0
4fbcff15-af9d-44cb-9172-2546aa3bb9fe,703,61,18,0,532988,1023440,0,0
26563eba-8db9-4c26-988c-55589436f2e4,744,NA,11,0,388778,600996,0,0
3bfd7cdd-83f3-41b9-a4c2-bbb63020481c,733,23,8,0,101080,295548,0,0
354a535a-3195-4031-84a8-a5b9237b48f9,721,NA,5,1,68609,214720,1,0
a12e3804-3d82-4b09-bbd8-567d715e3618,746,31,7,0,52782,1222254,0,0
bde323b9-d89c-41e9-8508-771ce06763aa,730,78,7,0,174686,382360,0,0
4f108151-a168-42b9-96d9-6bc27c460d31,,NA,13,0,218937,501006,0,0
66389324-65e4-4c28-9e39-07d9aad35def,720,43,3,0,182077,259952,0,0
240dcb5c-b036-4ad1-bb2b-d7fbc505f96b,723,NA,6,0,206701,249568,0,0
d8c1da5f-b183-46c5-a8c9-17682db448d0,702,NA,25,0,775029,1745898,0,0
4b6b5408-7738-4ee1-a07d-a298cb65f422,715,NA,6,2,172482,343156,2,0
02730702-fb3a-4a75-866d-d4154ead4aff,715,19,7,0,370158,456456,0,0
19e387bf-2124-4342-9936-b1ba0dde3521,739,27,7,1,183426,332882,0,0
adcf78fd-c396-424d-ae21-37b52ca62d40,729,43,17,0,367023,1009448,0,0
73b188a1-2b59-4b13-9d98-7b0e899caa93,738,50,18,1,203661,507144,0,1
fea0a33e-504a-4d64-be74-8502cb37872f,710,NA,6,0,245195,300124,0,0
4d4114df-e13c-482d-9ced-679d6f4fabc2,,2,6,0,296989,1138676,0,0
ee961ab6-1d12-479c-b52b-67956a32afac,720,70,7,1,67051,149292,1,0
47a5c0cd-0565-4084-82f3-e69eec0c9359,,67,16,1,146737,302302,1,0
c1f82242-ddcf-437f-a1fc-a81985e9e90e,,NA,11,0,138548,247962,0,0
94f79e36-854d-42b9-b3cc-c32220b9bf10,747,NA,7,0,382489,553608,0,0
4fd2c596-2380-45ab-84f9-4475baebe917,664,34,8,0,340936,670230,0,0
56e7a531-7a70-4677-811b-6ff600a80a7d,,2,14,0,144875,483428,0,0
8ab849bd-ff90-4be9-abba-1c01152b1b11,719,NA,7,0,72428,185922,0,0
6bb79204-9b85-4969-bcb9-8f9f8c91734c,747,NA,16,0,152494,809952,0,0
e0996b5b-4f28-42c4-8593-1cbf67ee85ba,751,NA,7,0,1292,751960,0,0
99b48089-b068-45c3-a882-e8670a66f321,751,33,9,0,662112,1851850,0,0
c3356185-53f2-4711-bc2f-81908c79b503,,74,4,0,10260,71632,0,0
728420fc-045e-4369-9aff-207552c71244,734,NA,8,0,283271,373164,0,0
1f04fb4f-498e-4cfa-8a5c-dc89061de83f,743,35,8,0,198037,463254,0,0
f4c732e8-9360-4275-959c-cdf6fd09d35a,748,NA,18,0,119966,431398,0,0
e3dbc896-eeb0-442b-b16f-e900c891c469,7290,66,10,0,820667,1064096,0,0
89fc91de-d1e1-46bd-bfe9-30bb8a213889,730,NA,11,1,144115,353518,1,0
058979af-d7ef-46fd-bf83-a300a94d3a66,748,NA,7,0,52972,367290,0,0
f652d851-ab88-4067-9543-809e8905443f,745,NA,8,0,99256,358050,0,0
3e85ca22-d263-4142-9938-7b1d1b4e5760,694,NA,13,0,177004,759066,0,0
2451cdaf-a73a-4254-b66c-dacd3105b759,657,NA,6,1,96710,401368,0,0
db6d4f83-aca0-4ea4-9248-7f8e8effc761,738,NA,8,0,233833,438834,0,0
7667c092-ccff-4f9a-829d-7c43939f4bb9,700,NA,9,0,419957,666116,0,0
9aada557-6025-4e06-8bce-494c96abf01c,,14,8,0,298851,371690,0,0
3f8bb866-1fd8-4c05-b5c8-b60d52e78035,,NA,19,0,47234,1562396,0,0
05a7d15f-0bdb-4351-b608-f9a39bd62a57,693,40,14,0,376200,857516,0,0
3177cb7c-4635-478a-add8-d2ef141fcccf,640,70,11,1,131290,355190,0,0
d0e96a52-9415-45cb-a829-e4f0939f5fa1,746,NA,8,0,279528,457798,0,0
40952586-23e6-40b3-ac6a-e78384992e57,720,23,8,0,132601,269390,0,0
d79880dd-93a9-4896-b612-1569537ed0ce,745,NA,3,0,7030,53196,0,0
2b4c4adf-cc5e-4575-9630-f3ad14663a72,699,NA,17,0,231762,388366,0,0
4c83d065-9bd5-4e97-99c3-307025ad501e,,26,16,0,384902,510488,0,0
88fd58cc-6e6d-44be-8c27-6e81ce2afe30,,80,10,1,37145,90178,1,0
f00adcd5-9292-4bd5-a200-d7e3908efa34,740,NA,12,0,91561,115126,0,0
67dfd243-68b3-433c-bf3f-7cf865a03b13,733,NA,8,0,342741,546634,0,0
5b47564b-c312-4ecb-91ef-1b16925bf791,747,10,11,0,201894,1681812,0,0
97ae1f36-614c-44bf-9cd3-9a7de2a3fed1,710,20,15,0,133342,466422,0,0
93458b93-9d2d-47d2-9384-f30d252c930f,723,NA,6,0,731424,901934,0,0
36ec0ce1-91a6-4de6-8f24-7a1e600b22df,727,45,10,0,138092,356884,0,0
39db6abc-491f-467f-86f5-08e9f9080009,741,NA,11,0,261440,694276,0,0
9364c248-20c1-4498-bdaa-e8c0c8498a70,7500,NA,5,0,871739,2258124,0,0
49ab40db-4706-4ca8-81f1-ffb3333f43eb,,NA,8,0,146927,201806,0,0
86d970f7-371f-49b6-8700-0dc1424871b7,724,28,17,0,148960,221430,0,0
8efd8356-df0c-496b-b6d1-0243697b8d0e,,NA,6,0,57551,979968,0,0
dcb6b35a-4fb8-4a72-81f5-1d45419491d3,647,38,7,0,281637,456720,0,0
20d1d918-b634-4255-a0a7-ec2fbe6a9fbe,,29,23,0,1610231,2904154,0,0
e8dc0048-4547-4221-b726-8f4d1a2ee3e4,747,NA,9,0,788367,1000912,0,0
2cd21f52-bfe6-4908-ade9-02a66302430e,739,NA,7,0,138909,228492,0,0
bb6c5986-f0aa-4cad-853e-8f0cf03bfbfb,750,NA,7,0,82137,689194,0,0
8175e0b1-db52-4c9f-a7d0-74aabc229a8f,722,26,6,0,78166,149820,0,0
a27338a6-51cf-421d-9607-ad43f995a264,705,NA,8,0,1630447,6890070,0,0
69fee0e7-d5fa-4466-8747-e1974a8ef4d6,684,NA,9,0,212743,324544,0,0
71e509c3-19f4-41f2-80e4-fd3b2dd2ea8f,7340,58,17,0,63042,111100,0,0
2a95cd59-56e0-4df4-a0b8-d47e751869be,,NA,6,0,253745,320760,0,0
c3be9b30-0257-40a5-a373-0d75b4ea7aff,744,NA,19,0,324653,744370,0,0
68715755-63e9-4b49-839d-9dcc2742e728,740,17,17,0,280535,612854,0,0
6758886e-d963-4f9c-bb54-8773fa9727d6,697,53,6,0,143773,310024,0,0
7659bb44-f263-4bf9-8498-aa60b3978472,742,NA,7,0,61674,204050,0,0
3f11413f-95cf-499b-b582-532c26a735c8,739,NA,17,1,140828,261316,1,0
c4dbe6b9-50aa-4fd5-8f50-595e7c4a9118,688,67,7,0,83239,217536,0,0
261d5c12-9825-4ab2-93ab-11fc74d1dadd,723,NA,14,1,183559,248864,1,0
0699a6c6-7716-4725-b943-fb4b1e4c9764,687,NA,5,0,274550,392458,0,0
5f5835ed-ded7-4c49-9a99-ac825dad1ec5,,39,8,1,130948,236918,0,1
9c42ff22-bd03-4d24-bda7-778c0c3737d9,648,16,11,0,110048,163152,0,0
d404a49b-55a3-44d4-a26f-b72d77d48344,7260,65,4,0,43776,54384,0,0
4c53dbd6-f36c-42ed-a3f6-aa99acb45088,751,23,12,0,242744,1232748,0,0
9e42cac3-e514-4197-8229-a812a8c55caf,674,23,4,0,153121,361086,0,0
92ea5dd2-9406-4c29-8be8-dac0e0e8eb83,7220,NA,8,1,179683,594462,1,0
5e163db9-9b9c-48b4-b4df-a6f243c3f35c,675,NA,6,0,398050,503734,0,0
2e25056e-1882-4bd9-8aef-42bb9cd2d923,705,NA,15,1,49590,147598,1,0
f9979869-ae9b-4a7c-86bd-e4c0bdd74677,737,NA,7,0,209513,345070,0,0
57724cfa-2b94-4fae-ad8d-686c26d66ce4,7390,36,7,0,124070,173712,0,0
f00735cb-7e00-44fc-abea-8239ea84d26e,679,34,8,0,194655,253264,0,0
62199e65-7510-4399-9724-d49ccea21d58,738,70,10,1,34903,137918,1,0
0e12898d-9847-4a7a-99de-05072cc8b95e,,NA,12,0,964972,1357620,0,0
834da0bf-660c-4ba6-a0aa-b8be77471fbd,,NA,9,0,24073,506836,0,0
18061628-6494-4a21-ae58-4ff7ed0eeae0,,13,15,0,411540,719818,0,0
71649aa6-b6fc-4900-a116-fdd678d1480a,740,NA,11,0,141873,474804,0,0
80e49731-cdd4-4540-b1df-7aa1ed60d318,708,24,4,0,9709,17468,0,0
f646c7b7-c0c6-4192-9fde-c80c5d2c4ca1,730,3,11,0,202768,372680,0,0
e6d00770-c2b3-422f-9b57-37a357619034,719,NA,12,0,140372,460416,0,0
3cc24fcc-fe9d-46f0-9d72-d410e72ff1cd,739,12,15,0,252263,770704,0,0
c1e78138-e1e3-495a-a733-47f728bfd9df,750,NA,8,0,136515,952226,0,0
a728f910-2124-40e3-8f28-7d676b107a3e,715,NA,13,0,498294,774444,0,0
1f057dea-3f47-4e27-876d-d1fc4f96440a,710,NA,18,0,1402979,2495394,0,0
0d7149e7-cf75-4154-8ffd-59b01cbe2b2b,741,79,11,0,221920,808060,0,0
208cecd5-e2f2-4180-b6d2-486933a5174b,731,28,7,0,60895,104610,0,0
291ebcad-2c2c-487a-8df5-26c0195383b5,732,NA,6,0,58311,270094,0,0
531b7a3b-04e9-4f89-885f-88fcc31d3148,737,NA,11,0,178011,606232,0,0
8a441e7a-a3de-43dc-be96-7f5c01f2998f,744,NA,9,0,55499,246224,0,0
445cff14-d0d5-4042-8e4d-e1b2cf21eaeb,720,18,9,0,147953,223938,0,0
f1c5c2d4-00ac-42b0-b468-a7204760b075,734,NA,14,0,405973,1000164,0,0
8acb48d0-618a-4b97-9208-cee0f137aee7,720,NA,5,0,201932,254430,0,0
14284222-75d5-4fbe-aa0e-5fb91caa38ac,692,NA,7,0,256975,413864,0,0
b616da5f-3732-4679-ad12-0fde69c6cb7a,,5,9,0,301074,455686,0,0
560e48f9-0782-4a68-afb3-7890c755ed4d,733,NA,14,0,252776,799700,0,0
1096da0c-3ce6-4e4f-b8af-1788f4b80bfe,732,NA,9,0,48887,595914,0,0
64b023da-2f9a-412f-a20b-ccc9d1c2a122,739,NA,5,0,48374,352198,0,0
6a8749b6-c414-4491-8fd9-8ad3b17f031e,734,NA,15,0,676267,1215918,0,0
8a0622a1-33eb-4eee-b751-ab4760780338,,NA,7,0,52953,519684,0,0
b1ee69c4-41d2-48d0-841c-02245500abd8,,NA,8,0,161671,246004,0,0
25209987-4896-4a73-a1d3-86ade95f77a9,745,NA,12,0,319390,759396,0,0
93a9a379-25c2-4004-a1f0-26d51c6750e1,693,NA,17,0,1206709,1617198,0,0
7b5cd2cd-bbc6-4952-9213-5e143b971f4d,,NA,7,0,8455,59708,0,0
236cb6da-6976-427e-92a8-84a42c520cf0,714,17,14,0,68875,188078,0,0
ba2cb4c9-7b59-47a5-bc86-8a595ffd0b5e,741,NA,19,0,107198,713416,0,0
55fac90c-0cae-4b50-9b5e-7c3aea7a597e,726,NA,7,0,203756,326744,0,0
ca93cb61-9b2b-4c25-867d-bf1711649db1,738,NA,9,0,1471968,2547644,0,0
4419292f-79bd-41ba-819b-c457d5375971,741,NA,6,0,226556,435028,0,0
cdb2fff6-2352-40cd-9350-acf847ebe2f3,726,NA,8,0,80427,194414,0,0
a6e757ab-8496-4fc3-a408-b8a41340a66b,731,71,18,0,452238,1179354,0,0
0aa6bc88-2728-4df8-aaf2-3af716551914,699,NA,12,0,741475,967912,0,0
b47043ed-f86a-46a1-ae68-11b8d677ad61,718,NA,10,0,112024,317944,0,0
af82235b-4c88-4477-986b-a3fb31d26db0,686,NA,14,0,582616,801196,0,0
f0a53300-44e2-476e-9f39-14be187a0979,7410,NA,4,0,220191,287122,0,0
8cb35582-00d5-45eb-a568-bbd7f4f30d26,720,45,9,1,51566,298518,1,0
068b1015-2fc7-4b90-91d8-efe4e5cbe6f8,703,22,7,0,269686,572946,0,0
5854ff60-e49c-42d5-9078-84ddd867a946,,NA,19,0,262789,882002,0,0
f166afbd-ea6f-45c3-a9e5-7dc9b5600261,720,16,15,0,792148,1511048,0,0
d86a61a8-f98b-4888-ba37-d0b10b5e8c2c,742,NA,5,3,159429,362670,1,2
fc7ed4d0-774e-48bd-9f86-c2ad7d8e79cf,738,NA,8,0,484823,797412,0,0
75fe4b65-abf0-442f-9017-9d94bf1a0a5f,734,NA,10,1,162849,471438,1,0
f5352c0e-1c35-4853-b17a-34a81de99a0d,679,25,12,1,133190,174262,0,0
181f3567-7f2f-43c3-9778-3c7509e0ef93,708,23,8,0,76114,98912,0,0
b2079453-7357-41c2-ab26-d95a1121e6c4,738,37,13,0,158441,304744,0,0
fe60e9f1-fb51-49c7-910a-48c445e09e03,686,8,13,0,144343,381590,0,0
4b908062-9705-4ffb-a35f-ad97e2c19a96,649,18,7,0,1428363,12160940,0,0
0c854275-437d-461c-81b4-62a883f75411,,NA,7,0,209456,565312,0,0
33c3d9c6-b41a-478c-a115-d47a9e5ac179,,NA,17,0,939474,1456246,0,0
9e7f353a-2713-4723-9812-7a76ea107cc8,693,67,4,0,87476,142868,0,0
529b5069-8f53-438b-81f2-ba276024e639,702,NA,9,2,106229,285406,0,2
e8583d6e-f108-45c3-ab45-ca2068a819da,709,23,7,0,5339,193468,0,0
ce4481f3-800b-4762-81e7-1fbaeef41fe7,715,NA,9,0,106495,264594,0,0
8fc153d3-4c1c-4f62-982e-8b611dfaaf4b,747,NA,3,0,89167,374044,0,0
028c9e9e-0c42-49cb-9609-817e3f5a8942,748,NA,5,0,179683,842270,0,0
04e66244-d784-46d7-aaba-1f395a1f7001,732,NA,14,0,389956,534336,0,0
d9c8f2fb-189a-4e10-a2dd-c90d57fc5996,733,NA,10,1,132734,269632,1,0
0f766752-4c4b-4af8-8233-25aab7554a5f,732,28,17,0,334115,692076,0,0
987ebc22-6701-4911-81b1-83bd42d2d7f6,719,34,13,0,207176,555302,0,0
7b98e3b0-3a6a-4778-85db-7d7384074303,723,NA,7,0,104158,184668,0,0
d485a4c5-c961-40da-b578-49cb60012980,715,13,10,1,418456,665566,0,0
93a068de-48d2-4623-80ce-63c7a1911555,713,NA,7,0,664145,975898,0,0
ce798380-9ce7-4062-90f7-bea1e06f7293,,33,13,0,142253,384824,0,0
13533aea-f2f4-4fa7-846d-93a4266e19f6,,18,7,0,225549,460614,0,0
250ddf0c-2eda-480c-b9aa-1efecdc26cba,704,NA,8,1,36936,668382,1,0
83390971-9296-4f63-b246-0c903985a1af,708,NA,15,1,194541,488620,1,0
ebb00bcd-632f-4f79-a48f-569aa58e02bd,716,39,14,0,434663,807862,0,0
9210a8f9-69fc-423d-b1f3-0ca8e0359558,,14,9,0,148675,242132,0,0
7d7b10a2-cbe6-48c9-9ba8-0fa7d3424004,736,35,9,0,214871,376970,0,0
99e7924e-9478-47b7-a8d9-0f78dca44a3b,742,NA,7,0,101384,194370,0,0
02df86c5-0f62-4b55-b3a4-0f6f93efe4ab,729,11,6,0,150043,207570,0,0
2f4b1472-be79-498f-85ed-ef1ade802157,,76,12,0,319542,734140,0,0
deaa0529-9123-4e5b-9180-ba963f54facd,719,NA,11,0,886426,1221902,0,0
45ac97eb-b337-4c61-97f9-3ef8c3e04d90,747,19,9,0,119624,263318,0,0
89cb60e4-99d5-420b-9510-4d90a0049f89,741,NA,7,0,150214,182908,0,0
eb94a580-8e4f-42d2-98cd-1120f411f2f3,615,58,9,0,130549,280962,0,0
952bda51-914d-43d3-a7a6-bcaf699b6714,732,NA,8,0,106381,139678,0,0
7c818a5b-d5e6-4857-83fd-71b1306f952d,7010,NA,5,0,15105,59070,0,0
0e993b7c-75f3-44aa-9b43-dcee138d59c6,743,NA,24,0,40470,1301542,0,0
0cd37148-feb4-407e-b1b4-cf0c29ea1815,715,8,10,3,89186,368852,0,3
9ab981cb-a429-4c05-ade0-6d923087ec58,742,28,11,0,151696,355564,0,0
fa30893b-5a11-4a0d-ba4e-d7705704ed55,745,23,8,1,29678,306812,0,0
7ab369a6-482d-4d8f-99db-eb4d5b3a86ca,693,40,11,0,114779,214324,0,0
f655d326-e251-45d7-b6d9-8951f11d02fc,721,NA,7,0,111568,168432,0,0
31877392-3434-44d0-8e8b-e2f1f0bc3696,,NA,8,1,94411,267300,1,0
74b0ea99-40ec-48c7-968a-b7c6c3097f9c,,59,23,0,886179,1343056,0,0
6568dc99-7f54-4566-a18a-0cbd526315cb,709,67,11,0,346351,547844,0,0
5358cf67-80c3-4de8-a0fa-b1502c9f72d3,716,12,9,0,109478,235620,0,0
9347b58f-1c6f-41a6-8083-e58cbab1d7ed,708,NA,8,0,1122254,1353594,0,0
08eb923a-3474-4c9a-b0aa-1023b9714f31,748,38,6,0,343292,816200,0,0
e51994e5-3edb-4804-9546-7855ab6c7af7,647,21,19,1,147326,359128,1,0
25b46326-4823-4245-9aa5-beefed40a1de,730,NA,12,0,759772,1476068,0,0
ca041e2d-83b0-407e-a649-bb60b978d442,720,74,8,0,57209,358050,0,0
c7bd5651-1a9d-478c-8170-340e8d8edbfe,7040,NA,4,0,136781,293304,0,0
76db031a-1774-42ea-8e2e-f36832f906a8,714,NA,8,0,311201,484968,0,0
29e3b40b-b23c-472f-a1b2-3d86e7acdbc6,747,NA,8,0,375649,803990,0,0
d79aa71e-dfe6-4f11-b778-40cb8030f62f,710,30,9,0,339625,552310,0,0
c5b6be44-6ecd-4f22-964e-980c282de88b,,NA,16,0,313652,1100506,0,0
b42663a3-d287-46cc-aff8-45aac43ccc0d,739,NA,4,0,331873,440704,0,0
73aaaa12-6379-434e-aa75-b3ce5cae3ef2,738,NA,15,0,442738,684442,0,0
04a7d61c-15c7-4585-976a-df5cb7e53d7c,745,44,12,0,407816,735548,0,0
0c22a961-74ad-4ff0-914b-1f563972b321,722,NA,23,0,254771,921888,0,0
bde1f39b-c713-45d1-8c11-6a4aa62f7458,711,31,18,0,100567,343530,0,0
341b63ee-0f6e-46c6-b7de-1ba68c44b178,708,NA,8,0,863208,1170378,0,0
749928b0-6861-41c1-a015-e1e0b0d3a216,,32,6,0,416043,602910,0,0
c412ce94-8598-4ec2-a1b4-554a3cf9dd29,,NA,7,0,183939,223718,0,0
0565e42e-7c7d-4954-94ea-df0d84eefc29,692,NA,16,0,504963,862400,0,0
7a9f4bb7-e421-4b02-8783-d2717be0b550,744,NA,12,0,128934,380820,0,0
c7ae2372-a452-45b2-b857-4b5ea7035009,740,14,5,0,131632,225808,0,0
e8143872-7691-41fe-ac8e-5bc5e858cfae,,60,8,0,123709,337810,0,0
e997c913-74e4-4fb8-aed7-c3f3eb48425b,657,30,8,0,35150,236654,0,0
9f350a65-46a5-44c1-89de-75a787db8196,,37,4,0,80617,126302,0,0
84a8a2c8-84a4-4fc8-a51f-ffa4609c4163,683,NA,11,0,408804,570306,0,0
ebca4a34-9661-45be-833e-c88be5f33ec7,735,43,10,1,267311,384010,1,0
5106fc8f-237d-4e0a-a17f-bac9e87bd4bd,731,NA,16,0,686755,1065922,0,0
9a0f78ad-7f51-4a2f-a87b-6f385bd24a53,624,39,11,0,252586,460592,0,0
af64dfe6-0315-49a2-90cb-35983afe321a,746,NA,13,0,754756,11204094,0,0
f898fcdb-d5f7-40b8-8523-534a55c25e0c,724,21,19,2,73967,392832,1,1
662b142a-3f9a-4054-9436-974016c3a08e,609,NA,18,0,481612,680900,0,0
35263504-fa95-48b0-84d9-a0ca286b9c20,,80,13,1,464322,748814,1,0
89ca79f7-cf13-4152-8cf9-f405f8ec358c,738,25,9,0,300960,441100,0,0
d73d6769-eb33-45d9-af7a-920e920b7476,706,66,18,0,637051,1680294,0,0
76396130-654f-4181-9716-e41496e805c6,747,NA,7,0,210026,721600,0,0
803769ba-50c9-4459-aad4-887399680b98,747,NA,6,1,128478,280148,1,0
9c09348b-5e5e-4e45-a92a-ccc664a6dba2,,NA,7,0,264385,680306,0,0
7055dfdc-c2b8-4a84-a620-c0dad6c1c001,739,60,18,0,228456,616616,0,0
05f70be6-5930-4536-8091-538e5dc2a48f,598,NA,7,0,600913,702834,0,0
22029acb-c982-4fbe-af3e-5f6b1d2bc6ce,667,47,6,0,102524,134310,0,0
2f3a047b-2fec-4bc4-8f0e-6b5b795667e7,725,NA,7,0,117990,192170,0,0
8fcf471e-2fe1-4a6d-a04e-027e7bebc665,746,NA,7,0,283936,950202,0,0
d832cd76-f438-4906-a7fe-5ad295e93c56,,NA,6,0,173546,245344,0,0
5344721f-aee6-421a-8cd6-5059001c69eb,,NA,17,0,326211,678128,0,0
b7e12e9e-026f-4682-9853-b8399c37fef1,681,6,10,0,48089,392128,0,0
3352a463-5c36-4286-ba15-3b5710a38a2f,,NA,15,1,120023,421168,1,0
b1089c3f-f855-4b87-a1a2-df5022459861,,NA,16,0,279984,471900,0,0
3148fd2c-2c65-41a6-9845-e2ccf67fa446,709,NA,12,0,58083,129822,0,0
9031f344-3499-4fa9-9775-22721d90a842,701,45,10,0,171931,247610,0,0
3f200826-f454-4cc8-b719-52a85c1f8cbf,751,NA,23,0,36100,774026,0,0
8354148f-da99-4f26-9903-6105f5b67d5c,713,NA,11,0,134178,509366,0,0
f076274b-14ef-42ba-b8e0-50802e8bb43e,690,NA,6,0,123386,184338,0,0
edbab0fe-897a-4ff0-a40f-a0b5fdcc24dd,725,NA,10,0,196213,282590,0,0
b36b196f-0a78-4736-b3cb-c014c631569a,701,34,8,1,130796,341110,1,0
3514abd4-b11e-4a0e-b492-244f9b325eee,7200,32,9,0,83201,335698,0,0
6dc06ae1-6584-436b-8fa6-678b7b957e47,666,5,8,0,214206,398090,0,0
46286278-4133-4da3-bbbe-d26c55d22842,731,NA,6,0,94981,190630,0,0
8d84dd7d-e8b9-439c-9214-254820cf3b89,627,NA,11,0,361380,498740,0,0
7d1437b5-d027-4912-9063-6370641a25a1,724,NA,10,1,155211,230406,1,0
de6507ad-9414-4482-942f-46d4565c9b7b,,NA,14,1,373426,744216,1,0
065dd260-8fa2-49ea-aeab-e165f2be139e,723,9,10,0,273524,1486936,0,0
d744f122-0397-4a49-a545-dc2f2369979f,,6,13,0,725116,1515536,0,0
8d6b94ba-d605-4336-b8af-773d83fac618,,54,10,0,662815,969034,0,0
6f73629c-2ca2-4d17-8b41-dd8a96272e85,723,NA,12,0,560272,716034,0,0
fee05723-82f0-477a-b426-5b00a4586b32,740,NA,10,0,164844,254166,0,0
20c8324d-ebe3-4891-bada-870da73d3e48,735,NA,10,0,169689,388300,0,0
7c77de04-67f4-40bc-9e42-42bb5e301c72,7090,NA,18,0,762698,1445378,0,0
9e56eecc-2d3d-4eb7-810a-bf4934703510,652,38,14,0,226290,591470,0,0
7baf0858-587c-4fb1-b726-2a1ad65a9542,7460,29,10,0,45182,550792,0,0
1962f45e-6ffb-4ecc-a584-53a17328d6b5,650,2,10,0,212667,363198,0,0
ca53935f-9d0e-483d-b954-5dd1ed70c24a,651,NA,17,0,388949,974842,0,0
e4c0fc13-7f90-4921-9b86-b12d4c04ea8b,703,51,5,0,296153,362868,0,0
595585f5-ffe9-42f9-9b02-da81bdcad34d,672,11,24,0,235163,1341406,0,0
da1492aa-685a-49d5-a69f-b9d75a0642e5,717,82,12,0,174420,247830,0,0
a9428852-26c2-4206-95ea-db4709760370,728,41,7,1,168074,395560,1,0
174e0914-2181-40f7-849c-6dfb3433a5e8,741,81,19,0,628311,981816,0,0
093e6057-220f-47cf-bd63-c19d582d53dc,746,49,15,0,345762,922482,0,0
5299a759-9d7c-4124-98cf-9064534a0b64,739,NA,11,0,453340,895752,0,0
141f3031-ba8c-4325-ba84-110af08a8cc3,726,1,21,0,500859,1685882,0,0
1cee3123-b30b-4a3c-beed-b38fee4fd8bc,727,NA,16,1,505913,935770,1,0
4fb0bdf8-7a11-4c38-b705-53f8f08c0ac1,716,NA,21,0,99123,600952,0,0
f5d0833e-776c-44ca-a6bf-60e7ff027203,723,36,13,0,128592,451176,0,0
146e709d-baf8-4da2-9224-4edd0ea00f0e,703,NA,11,0,485469,798468,0,0
b9d6aace-8348-4099-912e-fb56271a481f,741,NA,8,0,241661,1434994,0,0
679eea95-6a09-405b-b8e1-56aab1b49b56,723,4,28,0,615011,1728430,0,0
4265ba1b-75cf-4ffd-ae8f-d122ef8cfcd7,750,NA,7,1,262675,578248,1,0
61109b9f-6ba5-4310-9ef6-3b1d6bbd8118,7180,8,19,0,261687,569558,0,0
f4905bda-fac2-42dc-af46-8c834dc14bbc,724,69,8,0,241737,616550,0,0
92ef8b14-c503-4d25-8b42-aea972b464c8,734,18,3,0,20330,66110,0,0
ff80ace4-f859-4fd5-8376-7709b30a6d00,735,NA,7,0,156864,211442,0,0
5864f092-3ffd-41f5-9a5d-803cab10731f,,29,9,0,605131,846230,0,0
b606f147-a0c2-4669-9519-2dbbcc34c77a,721,24,5,0,169746,377982,0,0
71d5eadd-a1bf-4f01-943a-3120310ba323,730,14,9,0,377948,592966,0,0
cc6edaf2-80f0-45a0-815f-76846287b560,732,NA,14,0,427405,697026,0,0
37c07161-4810-4aca-a13b-da8bb75ec137,,NA,20,0,540379,1284822,0,0
8395e92e-c2d7-4248-a3ac-cc1b062acaee,7030,NA,7,0,99028,212740,0,0
2da96ea6-2339-468a-99fd-aed8f30757b1,747,NA,11,0,274892,449592,0,0
e7f8eec5-36d1-4575-a6db-2193dd68523e,,NA,13,0,211090,793584,0,0
15a6dc41-8ca6-44ff-9c34-12069fddce7b,,14,15,0,105982,294976,0,0
0c86b82f-613d-439d-a534-960c1e396a82,700,53,12,0,366719,628122,0,0
b14f03fe-e720-421e-8d73-2c822c4d05df,719,NA,3,0,75012,94314,0,0
a54800ab-748c-408a-942b-9380d3ffc5a5,747,79,7,0,404776,521334,0,0
c50a1f98-09fa-4046-849d-24eba37b13f4,670,81,23,0,352963,768218,0,0
99e320a4-5ace-44f2-a9e4-bf10de95e38b,716,NA,7,1,221407,502678,1,0
af34f038-dea9-4a9d-aa46-1f297309d96b,,35,13,0,74556,364232,0,0
88ad66fc-aee0-4fc9-a83f-31792429b287,,NA,7,0,110067,304898,0,0
2f2f8067-caf3-4ae4-a561-ff50c34a6767,,NA,18,0,14364,573584,0,0
c245498d-a099-4715-8eff-e6fb05451658,676,NA,4,0,53542,66440,0,0
c8fb0861-9d6b-47ad-87a9-9181e2d4cf18,747,NA,8,0,593389,866448,0,0
7803e8e9-abf2-4643-85a1-3acdd514de35,748,NA,6,0,64980,415734,0,0
da9a9f81-0db8-4b2d-a6b6-321067daa76f,743,NA,11,0,523089,984830,0,0
9f35bb30-2d62-4f5e-b7d3-45a5ae776470,750,NA,7,0,63669,921404,0,0
d0ce7a07-bddd-40e8-9328-06d81011194f,,45,9,0,112974,224774,0,0
7d98a594-15c0-464e-bcc2-dd43b439b189,728,65,4,0,81719,119460,0,0
7b7bb253-33c2-42be-8c94-9a4067bc2ef9,711,46,20,0,156047,313148,0,0
cb34d13b-1aed-4601-b52f-f547a0b959e2,727,7,10,0,198626,251350,0,0
49d1860e-67f7-4b95-8561-248c4d476aa6,734,NA,13,0,679858,1161050,0,0
4a39c1ee-440b-467d-ad26-6c72ba16d90e,722,NA,19,0,398582,906686,0,0
831c1f97-6bc6-41fb-af4a-2ab82029a182,721,19,9,0,143222,352836,0,0
0651a82b-e47a-4966-a576-ad035c2d4c41,736,39,22,0,110542,1084776,0,0
e3754e41-877f-4dc2-bd56-a54262451df9,666,47,11,0,90364,250910,0,0
1ab048ce-17f8-41a3-9bc8-1cc3782e7054,729,NA,9,0,345553,460438,0,0
ff0897a3-c21b-4ef1-89bf-5003520737be,746,45,16,1,72827,465938,1,0
9b7efdea-83f6-40f6-802a-9f47989e54b2,,12,11,0,181735,562650,0,0
6f89d07b-ae9e-4ba7-a60e-0c9ae6197de8,715,NA,14,0,74480,342232,0,0
401b579d-ce0e-4e70-8f94-116f58fe7afa,690,NA,14,0,377283,513326,0,0
9983ae1f-62f0-4e5a-8900-ade84e6abf5d,733,NA,3,0,109934,224510,0,0
92f62d4d-c34f-4ad0-9e9d-1de4fa28c675,7040,38,8,0,120384,210892,0,0
6949ab71-5872-4ebd-90c8-9b97f7112c61,704,33,14,0,675355,780428,0,0
e05b1e45-5946-4755-a1ce-224c32b2d6d8,708,NA,10,0,112689,266288,0,0
ad9b371d-e7b0-49ce-a605-1f19c6c80a1f,650,NA,6,0,42389,206184,0,0
78937455-35ea-4843-9463-2b736626680b,680,NA,6,0,106153,135652,0,0
44399d91-3366-4721-a559-d1fd80ab3a5a,691,21,3,0,32718,51260,0,0
4c5572fa-b02e-43dd-8576-052ba8288ad3,742,20,5,0,16511,71104,0,0
4a872804-9b01-4ac6-b46b-73ef43ed23aa,672,9,5,0,9728,64680,0,0
455d8932-1c18-4f1c-8460-201e0473cc84,723,NA,9,0,206321,333652,0,0
a23967d0-1b69-4688-8084-721e13cb478f,741,2,11,0,92511,601744,0,0
85d76e89-0312-4be1-808d-e080cb44cdd0,,35,14,0,328700,585552,0,0
3da31dd6-1851-4344-8390-591b20c754f6,728,54,11,0,280725,483714,0,0
018db7e5-cf3b-4b19-b0a9-ea7a158ffcfd,716,15,10,0,207613,403348,0,0
5cbdbf85-9b5b-43af-a372-835d9e8f5cc2,,81,4,0,45961,124366,0,0
17e9cdb4-4814-4286-975e-2b892e5c0957,749,NA,10,0,146699,959662,0,0
efd521c1-ce75-4933-ba73-3dcea82aca67,700,44,9,1,63403,167992,1,0
e6240a20-5103-40a3-b727-870798f4428e,750,NA,4,0,103284,259446,0,0
45f5fb19-fe6a-496e-87ec-6caa5b1957ed,732,NA,9,0,320150,437162,0,0
e4295362-3aea-42e5-965c-c812cec484ba,,58,12,0,461453,781154,0,0
b49b96d7-535c-4c65-a1bd-d10ead200df1,707,NA,10,0,166972,335082,0,0
c8b6e7eb-4cf3-44cc-911c-dcd4f165a5d3,735,NA,9,1,102505,179014,1,0
ef67ade6-e4fe-4739-9210-1045151149f5,718,NA,15,0,526452,1024518,0,0
ac0090f8-6370-469e-abf0-180d8a546726,736,11,6,0,68419,195140,0,0
161e9830-6924-4bfc-8b67-bbadd0917689,,18,10,0,494665,810128,0,0
fc7cbbab-6c0b-4b9d-9f74-e2c806ff257e,734,NA,11,0,380703,966702,0,0
ced68bec-a981-470f-a73b-fc25f8b3644c,,NA,11,0,597379,892496,0,0
1af64414-e2cd-4bc5-864c-30326bba429d,,49,7,0,142348,276078,0,0
0ff709ac-5aec-4807-aa56-2d877da99998,,NA,8,0,144799,423368,0,0
db3acd00-58e1-4a82-9d8b-ce035ba95efe,744,37,8,0,173185,376926,0,0
e0cb2ac7-a6be-4ae8-8116-ad8c818da63e,745,NA,5,0,121296,312796,0,0
2bb59b6c-bb9a-4d4e-b401-519d2cdb5c1f,711,10,6,0,1365986,1717342,0,0
0d309878-c56d-43e5-88a3-0efd564a770f,738,NA,11,0,185307,625548,0,0
eeda028a-8637-49fa-b760-2ce06b87a3ff,728,NA,22,0,431224,2972156,0,0
dc372f1b-f100-400a-9fee-7d0755791089,728,NA,10,0,350265,936650,0,0
6381be5f-8400-44bb-8075-b2048a50dca2,702,NA,12,0,783503,1064800,0,0
776de3f9-fbdd-4a39-b36c-9d84e0d77b43,739,NA,6,1,106799,242484,1,0
2ea9377b-8d81-45bd-ab71-206b4dc788e1,721,11,9,1,148827,375430,0,0
9f67cf92-137a-4714-9166-a594af90ccbd,725,9,10,0,195282,333498,0,0
904f5294-fe76-48ef-b1e5-90fae0344355,,30,15,0,310517,485870,0,0
c6aff540-da19-42a9-9c6d-855231d14f9e,710,NA,12,0,1155637,3737712,0,0
8852e836-5730-404c-a431-26764262fe3e,693,61,12,0,289997,661012,0,0
2497d345-4e97-49f2-b040-c5e3d5dfdf45,711,NA,5,0,210577,302522,0,0
49c01c5d-1da0-4bc9-a8b4-57ef9d8be5e6,743,29,15,0,240749,1171258,0,0
11c0f315-61f1-4ee4-82b2-295b18e01685,718,NA,7,0,452105,575256,0,0
1dace0b4-0087-4416-a868-c1829aaf44e3,698,20,13,0,205295,620686,0,0
f4b98d41-1b5f-4c2c-bd17-00fd7a689da2,732,NA,13,0,1051061,1408572,0,0
52a16fb4-2009-4ed8-b38e-18f170d78f66,655,21,6,0,18411,147972,0,0
5405f31d-3e67-4f60-ad02-17afe24f9fc9,,NA,7,0,223345,369424,0,0
e2fac4a9-7228-4ac2-b819-1f23b271ad07,687,NA,15,1,179721,388960,1,0
07585c95-47cb-4e94-adc8-f2295f852d97,743,NA,23,0,69901,4761350,0,0
f8a1c53c-98dc-448b-b3da-e3c8a0c4738d,697,NA,8,1,264803,464574,1,0
3bf7b9f5-6f38-4617-937a-9d58e7d30608,735,NA,13,0,287603,499290,0,0
ee42009a-51ef-42cd-82e5-3f6d18a50793,701,NA,14,1,154508,586586,1,0
e050a0a6-e905-47d3-9ee5-62d3271a8b86,739,NA,23,0,683392,1560746,0,0
3f236504-21ac-4dc6-afca-5f8f12a0e831,747,NA,12,0,357352,895620,0,0
8246bda8-97c3-4f9c-b568-426cd17e6db6,659,58,5,0,0,0,0,0
2722e913-2063-4363-888d-8d15ddcbc11f,736,NA,4,0,27398,587532,0,0
31c0c37d-ed73-4325-a8ac-c526503dce9b,722,31,16,0,265354,551606,0,0
512ad8f6-b3f9-4a6f-8e30-9110fe0dd5d0,670,NA,8,0,147478,182622,0,0
02e96f13-a3a7-47db-aade-63ee9a7f3511,715,NA,6,0,250477,695486,0,0
a68787fd-e731-483c-b74e-1c9aac99c0d9,673,NA,16,1,136116,235576,1,0
9b0ce562-8a24-4439-a462-82b0600e1a83,692,40,9,0,169024,436832,0,0
ebca7bfe-7da9-40cf-9645-4785cae24b17,745,32,10,1,121809,444928,1,0
7df06cba-5fd7-4afc-81bb-2ad2b48ccc46,,79,9,1,75829,117546,1,0
a96c935e-bc6f-4d69-9439-c44abb477e92,748,NA,15,0,224922,1315292,0,0
4af4afd4-6bc9-4d66-af49-58cc5dfcb550,744,42,24,0,343007,1493096,0,0
f6146f15-e887-4157-89d3-057af3381a80,750,NA,14,0,549632,2066262,0,0
f5a889ff-87f8-4d90-8ba0-3fc5591e1de0,714,NA,6,0,66519,124652,0,0
cf6fb2d9-ec8d-4506-9e7b-65b6b905c3e9,718,79,12,0,298661,680746,0,0
fe60a9b3-45ec-4059-95b2-bca47a94ab35,731,NA,11,2,39463,315040,0,0
33d83fe7-476f-471d-83ef-e9a28ab7dd99,,NA,12,0,398145,773520,0,0
3da5f24c-18f5-4309-b5c2-1a7aac312ded,728,2,15,2,98952,442398,0,2
f083cb6f-dc98-4c37-889c-11400e7b19ed,725,NA,6,0,167618,478038,0,0
b0e831a1-f392-4d44-8ca3-944c41b60487,,NA,29,0,883709,5274412,0,0
227971bb-a744-48b1-be51-b598f57d3d2d,7180,NA,6,0,534679,663564,0,0
1677bdba-218b-404a-b1cb-2ca5c9061fad,,NA,13,0,555750,822910,0,0
e344b629-70b4-4708-9f3d-3634811c7491,640,NA,6,0,467134,782782,0,0
bb868f06-ed71-4fca-aaf6-339c3b2387f1,,61,7,0,102695,273372,0,0
2f1fb9e7-944e-4693-bfcc-0babb350d930,,26,19,0,374832,1096018,0,0
37320632-5882-41c4-a118-6d874f2c0f45,708,NA,11,0,367935,543378,0,0
cef4b2fd-93da-4d02-81ae-73bf19d9e5ca,661,NA,6,0,130188,161744,0,0
0897a846-c164-4cdd-bc67-acacfbcdd5e3,668,NA,23,0,651510,1067022,0,0
b83da6e8-3f64-4226-a29e-7037af2f8a85,668,60,18,0,356269,721204,0,0
c7e6e313-9756-4520-b4b5-c5c4b7efaba3,689,NA,9,1,346598,525316,1,0
375cb078-008f-4c02-92a4-fbd8c1c57fa8,717,NA,6,0,281010,451924,0,0
f2585b0c-a069-4a63-aebe-e7225b874916,,23,10,0,201191,667502,0,0
8054f3dc-2938-4421-a37f-144b198c606a,721,NA,13,0,729030,1344156,0,0
856e97e7-4509-4802-be98-fad63933550a,704,29,25,0,175237,1035298,0,0
b45d9e0a-bef6-4959-a82e-4142d5253b10,744,64,21,0,126559,970508,0,0
76275e54-3fe9-44ac-bb84-c9c1561c72d8,695,NA,5,0,313139,413886,0,0
68f98453-f02d-40b9-a1ce-8f351162753d,701,70,8,0,274094,468094,0,0
72390144-4de7-42dc-99a6-df82c956e34f,725,NA,22,0,949677,2013968,0,0
4eb0e899-3b3a-4609-970e-f6d7d79cb70c,6920,65,11,0,245119,384076,0,0
35a679e3-e3e7-4b34-b136-525c9d8d187a,709,NA,9,1,196555,315656,1,0
d3bd477c-cb4c-40cb-91d5-1c46c0aaed29,,NA,15,0,232693,341506,0,0
124a81e3-5e38-4054-962f-712815cd4d45,668,NA,9,2,124811,227942,1,0
32e18bed-2132-42bd-9087-50040fc04373,,NA,14,0,201628,2223408,0,0
9006dabc-0067-42b7-822b-6436425cb30e,699,52,19,0,1273836,1685662,0,0
e5c8bc97-f935-4d54-80ce-4512aac94374,720,42,11,0,303544,364210,0,0
7f453ea9-20bb-4e29-b0b3-f6f6a60ff327,699,18,8,0,15732,82038,0,0
15e007ec-94ed-4386-848a-ea70996e95fd,745,NA,9,0,135508,817190,0,0
611e12c3-23bb-4bbe-b6a0-9779fba8fa8e,745,NA,6,0,216467,608344,0,0
8436cc92-5bb3-4b38-90c9-db5ff0917ae0,704,20,8,0,257374,414480,0,0
4969a206-420c-4bc8-ab2c-faf5c134ef22,745,NA,6,0,128592,299002,0,0
95274380-c93a-4777-9425-ad30a037a457,742,NA,12,0,319371,653378,0,0
458d33b6-1b6b-40ec-9739-c2172d99455e,748,44,12,0,226043,400818,0,0
3deebb04-0428-48b1-b095-1128009630c3,7390,NA,3,0,94240,148478,0,0
e1ef38c3-064d-4aaa-a02d-e5acaf5aa568,716,27,11,2,118598,444400,1,0
fd01452e-e812-4dd2-a0f6-4efcc4220ee7,737,NA,10,0,195662,250602,0,0
26852cd2-fb3a-4bdc-82a7-4e48a3da627a,747,NA,9,0,433846,864622,0,0
17f6ecf8-8b43-4780-81e6-6f2034051528,696,NA,22,0,330239,716078,0,0
31c0427e-34a2-4f16-bdca-abcf2a973f25,7400,NA,8,0,197467,327580,0,0
770006c4-ce47-4e11-a17e-963244943d39,,5,10,0,164635,277904,0,0
f466a63d-daf2-4671-8546-24137349e512,738,NA,14,0,614726,916058,0,0
bb002bcb-75bd-401a-91fd-625d1241e6a7,7120,NA,23,1,153501,683584,1,0
c515672d-1f74-491d-afc1-a13f3cbfa73c,742,NA,8,0,435670,891264,0,0
c8888444-571f-4ed5-986b-0d85212f3265,743,28,18,0,135223,1294040,0,0
bb63e688-ee5e-44ea-974c-bb6939034798,745,NA,7,0,261288,675334,0,0
adcc12e4-b325-4a38-b08d-82b1dd6870bd,709,NA,7,0,139574,189266,0,0
30834029-1374-4eeb-b74e-e5eba8543f19,677,NA,6,0,507604,720280,0,0
339396e5-f3ff-458b-9b61-ddbfcd7b919d,7190,NA,11,0,1562617,2074930,0,0
350ea1d4-ea2f-47b9-b1d6-cf198109166c,678,4,8,0,532494,983356,0,0
55a7de6d-25e8-45d1-88d2-5ba8cfe64f7a,727,NA,7,0,349771,592966,0,0
563d4e14-d9e4-4b57-bd6a-22b3a536ef9d,723,35,8,0,228722,331034,0,0
fe74324f-155b-499e-b567-829e883a5e00,729,NA,4,0,164806,660330,0,0
358494de-e6b1-48f5-8b35-625f9f1bd635,,NA,12,0,326382,1064558,0,0
7d913798-c8a3-4ed5-a0fb-58b275a7ad10,733,NA,10,1,83334,276496,1,0
a9b46e09-40d3-4a22-9186-b10a39b6d6f7,631,69,27,0,196802,614240,0,0
0dcf7c15-c8dc-4555-b994-5761409fb23b,,25,14,0,18829,43780,0,0
9d86adba-e64f-4441-b523-240a8911cbf5,712,60,6,2,88540,137588,2,0
a2741692-2cc5-48a6-a498-6766f0782dcd,724,32,9,0,71896,297308,0,0
5fee8e80-06d3-4c11-9a5c-54412ac827ab,711,NA,5,0,212591,288574,0,0
072c0bf4-0ec0-4daf-b7a8-c6e1c0826abf,718,NA,7,0,129143,180400,0,0
e3f2e8cc-9c4b-44d8-9020-8f913399a442,,65,6,0,121334,165264,0,0
afb01a04-8dc7-475a-ae7b-505d181e5ccc,,26,7,0,436582,537768,0,0
bc1eeff1-ecf6-4220-a951-95b995071c5d,741,NA,7,0,106818,249876,0,0
d14c58f8-60b7-47ce-89fa-1e2b6eab0cbe,746,NA,14,0,325622,557744,0,0
e7598e4c-726f-4ece-96fc-67b61c60c265,720,70,9,0,161994,239580,0,0
ae338281-0e09-47ef-8d67-c86894c53f10,,17,12,0,83619,126742,0,0
63f3b679-a4ef-43bb-90f8-3ca5ca4d678a,737,8,7,1,318079,545622,0,0
6840b373-06ce-4df9-aed2-74a5107efab0,692,55,11,0,230926,709280,0,0
d40290ea-02a1-4f52-933b-13fb97cd6236,,72,11,2,132012,305734,1,0
0bf2703d-c6d5-4b8c-b443-ee6ca574a5a1,,NA,12,0,332614,442684,0,0
07a551a6-5557-41e0-83c9-e7058ff41a50,721,NA,9,0,259350,638924,0,0
b678a9c2-5084-4f5f-b241-369d68719e91,,75,11,0,250515,796906,0,0
0c640f7f-275d-443a-ba2a-6a435788bfb4,722,80,9,4,137256,294844,3,1
ede29d85-29fd-4172-9a86-f408fb3cb8e3,739,3,12,0,546877,708312,0,0
f10c1c02-62c8-46fc-8ace-ce11ec97e2f1,742,NA,5,1,134064,276694,1,0
b1997266-f907-422c-b5db-440c14da1562,,6,11,0,436164,823856,0,0
1d7e5ec6-d08a-4223-af1e-db85986ec28e,742,19,23,0,316996,1045704,0,0
ff025592-112a-47ba-9533-9971e44e055b,726,40,8,0,248064,379434,0,0
97d86ad7-8157-4471-854d-7f2b4b4c3cbb,722,NA,10,0,633878,1090584,0,0
02fd5d4b-5ddd-4c9e-92d1-118ad3fcd4a9,730,30,10,0,265563,413314,0,0
ea260b3f-3d7a-41df-b391-b4d480fd0b1a,743,2,13,0,196650,306460,0,0
d93ad100-2645-4239-89a5-5b79f23cb402,711,NA,9,0,224048,454344,0,0
eb8ff1e1-2dc0-4f9e-813f-c8af832b90c1,729,54,5,1,119130,200486,1,0
f03e12e7-4bb8-4a55-9c93-e1b9d6af3fef,748,NA,8,0,92131,290686,0,0
c912262d-579e-423d-8b01-1fc4ab77e0e7,717,17,14,0,537738,1029160,0,0
a67f1243-3e5f-4d1f-a308-00c9cec29a92,713,NA,8,0,71839,376420,0,0
9c8c2c54-b782-4272-b8ec-d82e773001a6,7020,NA,13,0,77710,95436,0,0
b4a20abb-984e-4c80-8e5a-f0e6e91497e2,673,NA,9,0,841776,1969066,0,0
32a58f14-bbc7-46d4-8d92-3455504c4c26,696,2,12,0,670453,902682,0,0
53012d35-ac02-4d44-9442-c26a2fa13c3d,,48,9,0,187910,549472,0,0
c0d0b6fa-11b4-4332-9146-c50290790108,706,23,15,0,339986,672914,0,0
d59982c4-b2e1-4db2-a18e-05de28cb061d,747,83,7,0,185763,458634,0,0
d1d3e11d-07d3-4952-a03e-b8e65c78fbe1,,NA,4,0,90554,788436,0,0
4f0eb66e-5a3f-4fc5-aa60-50d1997b9202,626,NA,13,0,275253,421036,0,0
80b0458a-5cf3-4295-a699-842ddae0a8c1,704,22,8,0,208905,508178,0,0
e69ea374-2051-471e-b4f2-974e9da626ad,686,NA,9,2,13357,138160,2,0
ae8f5da8-e646-4502-9854-847e0559cf15,739,NA,6,0,2014,28094,0,0
0d98d114-cc22-48f1-98c0-18f9da9bf056,724,20,9,0,222832,435116,0,0
9dee763c-fb46-49c4-ab12-10a33faf4486,712,47,22,0,121657,833536,0,0
d230270b-cdfb-44d0-bb28-afaae8af0870,723,35,11,0,75278,562276,0,0
1f2ead15-5fc4-462a-acfe-7a50f90d6a4e,688,NA,8,0,113183,306944,0,0
c4660fde-c0ea-4360-b398-b8332c72213f,,70,18,1,272802,554180,1,0
0cb2054b-d113-4054-8054-d08089b03a99,705,7,14,0,152266,330154,0,0
9d408f39-9690-484d-9034-c46f16aa1628,743,NA,6,0,211888,473660,0,0
29f5cc70-0b56-4974-b92c-30a41c5b5f28,,NA,6,0,127091,202686,0,0
312ce4f6-4654-4843-a714-1d0a277dc4f2,705,27,9,0,462669,752400,0,0
d4246592-4446-41b7-8ed7-31f1681b7477,,NA,7,0,64980,178706,0,0
f2bc8029-b66d-4603-a61c-9270c4e2abfe,7090,NA,14,0,280611,755612,0,0
8f58bb72-fb17-411d-b49f-92256b840b85,7390,30,13,0,165642,199562,0,0
d9f77798-0c32-4b36-8886-3984ca728d30,749,NA,10,0,185003,947848,0,0
bc6e74bd-95a5-4e1e-9bee-d30193fb7310,749,24,18,0,568993,1568666,0,0
0a3f77cc-de09-4284-81ec-974ed6cbe723,6950,15,7,0,204383,275814,0,0
b76bd04c-e89b-4b7e-9164-af62eb15288d,736,48,11,0,95228,162888,0,0
1356e11e-98b0-4489-a4a6-6ef30e10b028,675,12,18,0,123462,217932,0,0
38809443-e09f-4aee-be29-a1681e367ed6,741,NA,10,0,260091,469832,0,0
b36a9401-e87e-48dc-abc7-2d485e4c9e58,660,47,12,0,1420744,2223056,0,0
e4370d0c-ee45-4419-b16e-29dc63afb3cf,717,14,14,0,136325,270754,0,0
5ab36af9-b863-487c-9b5e-8ed11bc54db1,741,NA,14,0,239989,1535204,0,0
4328c26e-0288-4ba5-aff9-b0ce0d3069d1,676,27,9,0,254581,295350,0,0
9dd0f330-cbd6-4af5-869d-8ac6cc785ece,720,NA,8,0,63441,180928,0,0
504c75fc-80ec-4ab4-ba82-a6e4bc1f232a,675,NA,9,0,163476,264352,0,0
679edf01-385b-460c-be5b-0ab53f955fb4,726,NA,8,0,150461,241978,0,0
2e305b81-8346-4c98-9a96-a4ac4b737cdc,665,15,30,0,563331,875534,0,0
5ba27cbd-3b7e-4df9-abf2-3f7b02664897,699,10,6,1,152893,283250,1,0
ab02feb2-65d4-4b9e-bf20-300a492698e9,6870,NA,4,0,372723,455730,0,0
493994e8-caa6-4be0-bc94-64b7a5adff6b,,NA,7,0,959177,1161732,0,0
3e0555a6-41f2-473e-981a-9f6786f791f3,722,75,10,0,407227,543246,0,0
4b64c11e-6a47-42ae-b7fd-57a29e368a09,,NA,15,0,153786,1679876,0,0
682fbc2d-55b0-4f66-b679-0caa4e2591d6,740,NA,13,0,477356,904640,0,0
a26d5f27-b849-43c3-8268-d6f7ed5bffa4,704,NA,12,0,441408,634920,0,0
612225c2-7d1c-4571-b901-82d3d819c39a,738,36,8,0,222186,566654,0,0
f75574d2-5ac4-42fe-b237-2599e3841eb8,746,NA,16,0,467191,665390,0,0
51b8dc3b-49f4-4d98-a754-b9adb2ec2b3a,,28,11,0,223459,415316,0,0
4cc8bce5-eedd-4a1f-9012-3e43f5db6228,716,44,6,0,120992,220594,0,0
d6c64db3-fb17-4807-a543-a8e31279a2ac,745,NA,19,1,175959,811734,0,1
823fd2db-38d9-4fa1-9228-070a7d627994,688,NA,16,1,616398,1108294,1,0
a8650ca2-ec40-4d67-9d9c-c7df35cff4dc,678,31,32,0,247931,1025244,0,0
ac69cc72-79a8-4d18-a89a-282c04ebb726,748,NA,7,0,328035,583462,0,0
e35b174b-8e9c-4448-82b2-40f5876b1f8c,684,NA,11,0,491758,674674,0,0
ff8c5588-21da-47fd-b6d4-3ba2b3794cd1,740,NA,11,0,358435,816992,0,0
9a8d917a-9961-49fc-a338-c078a5491a5d,723,53,6,0,40603,137038,0,0
a48ef169-fe9b-4def-bcad-2e37b5fbbee0,,NA,10,0,306318,460020,0,0
650cb81f-3aa8-455b-a2cd-2bc82d89eb8d,707,76,7,0,204250,283932,0,0
d718eedb-5ca7-4ead-b2d8-8f9ff254efe1,727,50,13,0,157947,472560,0,0
badaf471-b01a-4b77-8f0d-090c0fc96890,730,NA,13,0,351747,568040,0,0
8a4be9a2-c5d4-4298-aaae-474ba1e5d135,720,57,13,0,227905,360976,0,0
060cd33c-dba9-4fcd-8201-5b6b2cf7c248,706,NA,10,0,386593,496276,0,0
eba7ddca-9b08-4122-9a80-b87831278724,744,NA,18,0,313880,1331286,0,0
8eb7c1b0-03dc-4615-97f6-b58c168621e7,736,74,20,0,514330,948288,0,0
a797826d-a18d-4dcc-a179-41837c7a3926,742,NA,10,1,52573,204248,1,0
a2e0f2a6-a430-4da1-a712-3fb802fc1d84,,24,17,0,268945,737946,0,0
89f4f5f2-65ad-4352-b686-20b33a9eb1ba,734,24,10,0,362387,1175372,0,0
61bde5ba-0573-453b-88d3-93666617eaa5,721,49,9,0,347415,595078,0,0
da8d8466-bb6c-4092-98ad-a4a2b74ca568,730,NA,8,0,115577,292226,0,0
a6e6fbdc-38e8-4d8d-ab0f-0711f7cd88bf,,80,8,0,105925,298430,0,0
fe22c4f5-eb21-4688-a572-0e647b5e1e66,721,28,12,0,215859,255816,0,0
ccb00382-f4cf-4ff6-88cc-36f4a0929ddf,,18,17,0,401375,685476,0,0
36b012f5-daf2-44d6-b9e5-cdba232003b9,687,NA,14,2,7885,285648,2,0
7ecd119f-afa7-4689-a110-e5c41056f4ca,722,3,12,0,672562,849244,0,0
955789ac-d7be-4c12-bc64-125b74a0930a,711,NA,6,0,83505,102872,0,0
633782d8-9f91-4353-9dda-7a8c0fb0ab6b,7010,NA,4,1,55784,200596,1,0
019c8cbf-41bb-4256-9879-3da3ffd33d31,740,69,8,0,106400,147026,0,0
6ab039d1-317f-4e32-859c-17aa7b00fab6,724,30,10,0,141759,237204,0,0
03f5416c-0b7d-444b-91cc-4e8c2d24ed8d,716,NA,9,1,44251,213510,0,0
0f79fde6-e0ad-4ba3-af99-1fac67a63d8a,734,NA,10,2,51794,228932,0,2
31baca36-1695-4632-b906-430876b70e66,712,63,10,1,232940,640640,1,0
9b1ccccd-3348-4520-a81f-b31675b5f738,,NA,10,1,137997,197274,1,0
552b1980-a1de-4e18-a29a-f55c7e7373c3,678,14,19,0,130036,316998,0,0
b0f7ba3c-d398-477a-a1e2-e0c9d7318e0a,721,NA,9,1,114931,443586,1,0
0b0cce4b-ef10-4f2f-a5af-32b75ba9e3ee,690,13,11,0,271225,495330,0,0
375bf627-9d51-452c-abb5-977ea3380f38,749,NA,10,0,428431,1480842,0,0
1eb43ae5-e82e-4006-8729-d1a6ce3c2225,,NA,11,0,397613,1150996,0,0
27d6054b-8042-4820-b874-76c5cf999786,688,NA,11,0,143469,260370,0,0
180e9277-fee0-42c9-91b9-24904a06048e,723,NA,11,0,201989,453266,0,0
af5228fd-9096-4c27-b97c-79a652fed146,724,NA,7,0,985834,1147256,0,0
123c2025-27f8-4d79-b048-a5b580671529,,15,5,0,14307,29150,0,0
6f151a84-7728-450d-b065-dda2af7a2c2c,744,NA,4,0,5092,32362,0,0
8c7317c5-74cb-444c-9087-d48d29722969,743,49,24,0,633251,1043020,0,0
ae463ee1-9c8e-4f46-9735-4acf9324f72a,,NA,11,1,19475,225566,1,0
f6e26771-d3a9-4cc5-90dc-931037ea774b,666,61,15,1,113107,626670,1,0
156b415a-683c-479d-af7e-a2770ca35999,708,NA,15,1,260547,779526,1,0
ef699ba6-6ff8-4902-991f-a99e1aa84d42,715,NA,18,0,1180964,1661528,0,0
97bbcf7d-0445-4471-9f3d-63996f8d1e0f,747,26,14,0,75601,470602,0,0
573520b3-4221-4a67-abf0-6d043fb09d2c,712,10,10,0,85158,171204,0,0
6aef6404-cd28-4d8d-9059-320c4e6a4108,737,NA,11,0,230451,565356,0,0
4a12fd66-ac0a-48f5-8ba5-9c3868778d36,728,NA,8,0,341734,730070,0,0
95912687-51a3-4622-9688-1dc17f7a1c01,706,47,9,0,360981,507254,0,0
cd8a1d97-0d80-49b7-a1d7-1848d1fb1608,715,16,12,0,117515,236654,0,0
6e040519-63eb-4a4f-947e-136b7d50758f,674,8,8,0,698839,859936,0,0
b0d3f564-859f-43c0-a7a6-e5fbc0cb5493,668,30,10,0,232066,501336,0,0
61e2aa29-c3e5-4513-89a7-6aac6295bba0,6920,24,3,0,3439,104676,0,0
3baa91cd-ec63-453e-a8e7-05c7d7f4c1f8,699,16,8,0,459610,765732,0,0
76f82eff-d012-4570-894a-b69174c117da,6640,NA,9,0,506768,706112,0,0
d8ed014a-9a26-441e-bc5e-d294bcd7168b,714,28,12,0,514900,924308,0,0
3a43a22f-9613-465d-99e1-d69f13c7a343,662,57,6,0,95665,263758,0,0
dddab554-c578-462d-b1db-1c71526f52f9,743,39,6,0,120023,251768,0,0
48ac6b15-1f83-470d-8b38-0694b269bb97,708,39,11,1,133665,176286,0,0
aa43937d-9881-44f4-b035-b390eab7849f,698,7,10,0,589646,1097668,0,0
57bd8265-ae97-43a1-8c61-328616ccd801,744,NA,8,0,509029,733106,0,0
79482945-e1c4-4318-9cec-12aea97a78b3,722,NA,8,0,98895,339768,0,0
e60bcb92-14a8-4ed0-a3e2-f6c4a35218dd,735,11,21,0,414504,639936,0,0
69433252-f38f-4b5a-87cf-dd63e0f9a562,,NA,17,1,138434,421828,1,0
f6153b4e-8955-4e2f-a603-15c6c5ee6acf,,8,15,0,158308,535964,0,0
6f85f683-cade-42af-8779-7745798d38bd,,NA,6,0,157282,550176,0,0
6aac6b0c-e885-4471-a484-c34fe3e48a7a,700,7,7,0,16055,30778,0,0
74c12906-660e-4d51-9126-5b3085a2424e,,46,12,0,262162,409662,0,0
effacbab-69a8-43bf-a63e-1e44c0a7c154,700,70,17,0,403503,601282,0,0
3f4d94ac-b65f-4b67-9363-bb2bbea847b4,746,13,15,0,516420,2420902,0,0
a250299d-02a7-40a8-a927-e35081bd8d5b,728,29,8,0,170620,489016,0,0
e92cf311-c35f-4ee7-940a-26bb149c25eb,634,NA,11,0,233567,512204,0,0
9b235251-b029-4fb8-b87e-75255f8660d7,735,NA,18,0,402458,1966206,0,0
7304d263-deb9-4deb-b28c-a905f5157ddc,,NA,13,0,181773,397122,0,0
d5e3cf3c-5874-4300-83ae-df088fb7b0f0,734,NA,9,0,516705,1022736,0,0
eab48af7-1684-41e7-b085-2b1e8e2f21e7,661,NA,19,1,462118,728992,1,0
08af6d3e-7ccd-4725-86e3-1607e198f64e,741,NA,15,0,216258,398750,0,0
a200179e-d1c2-4897-987a-383353cc42bb,696,NA,12,0,238336,318670,0,0
11d7676f-5313-4351-b475-538f23e1e605,,25,14,0,29678,133738,0,0
291207cc-56a1-4140-a55b-2a175d2b2c67,748,NA,8,0,246715,346280,0,0
f370779f-7948-4a42-ae1d-12865ff54b4d,720,NA,11,0,257336,475992,0,0
816615fc-a462-44a4-a27a-8edee9859b41,7450,NA,8,0,123785,1666676,0,0
1dd41d29-9ac1-4fbe-bea4-af41b4245d4b,,NA,12,0,334381,508750,0,0
305c4f71-2c19-4112-944c-e72e22b7282e,,25,13,0,369987,738628,0,0
0f5c86bd-33ba-418c-ba2e-9122f57c0a76,,31,17,0,602737,913484,0,0
feddfbed-f491-402d-8f17-f3c675d1fd05,750,NA,9,0,165718,740872,0,0
88b77c78-f4dc-4635-8def-b872a5a87f81,714,5,16,0,116964,868120,0,0
862ad333-13e4-478d-ab95-b4e0f95dea12,720,11,11,0,1092291,2122098,0,0
ef5b1c48-2818-4c9d-92fa-867a908e3869,,34,7,0,113715,150678,0,0
da7d80c7-5d5d-4b4c-84a8-1b5c9cc7f902,714,NA,11,0,403845,546920,0,0
a730fabb-2a05-474e-b46e-52bfeaf110e4,741,NA,9,0,106210,259996,0,0
32eb2f91-638e-4b72-9798-027a8614147e,719,37,19,1,199595,548966,1,0
9e6029ef-a787-4c88-8b9f-36d843556ce0,741,19,8,1,109269,301972,1,0
89f97191-748d-4600-bb21-686df7958425,,NA,14,0,119054,288376,0,0
5499f952-81bc-49b2-adc8-be32ecfcb2b8,,25,11,0,139289,386760,0,0
b7189420-3f8f-4d87-aae1-6a593c7e2ef4,703,18,9,1,30799,61512,0,0
621405e2-2e69-4452-bbcf-5d8256c409d1,733,23,13,0,635113,952600,0,0
1dac6094-1a9a-4387-9df6-64a7f6339e29,685,27,12,0,529055,657272,0,0
26f2a249-326c-4cf3-9644-c3cb0164c9cc,663,3,17,0,389405,627968,0,0
ca0f9bf8-5fa4-4936-a08b-97dee53b80f9,628,NA,17,0,223554,400092,0,0
e1ced8bd-2be6-419b-ada9-9bb2a04d7279,747,31,11,0,1173877,6441842,0,0
95e46c1d-0911-4f98-a46b-c967708ed58b,710,NA,8,0,402743,571472,0,0
6a88523c-6b47-41d7-89a4-0a48ebd2f417,672,NA,3,0,100396,384934,0,0
919acd5c-7d7a-4465-80f3-ccf0d7e8fc44,734,26,14,0,345857,541200,0,0
595dcad5-1ee0-4e55-92ff-2533de76bbd5,728,NA,8,0,319941,394108,0,0
a47eea6f-8114-4b57-8d4a-50ea34a61873,724,47,10,0,263207,380490,0,0
82b35f14-7f1d-4954-9527-52d77e3493ac,723,NA,6,0,526737,612348,0,0
7eaab79f-eb6f-4c4a-87f1-4e47bba951cb,726,NA,14,0,444125,699666,0,0
82111412-fa1f-463e-9263-b790de7e6555,686,12,14,0,298167,360756,0,0
e43cd3b9-4fed-4583-b89b-e393300b22ba,,NA,14,0,213446,1108294,0,0
984a50ba-c956-4a83-a967-43f5814ce551,735,58,6,0,146832,248556,0,0
965b3c2f-6b04-46d1-8ba1-0d30f6556062,750,NA,17,0,95532,369974,0,0
b53a65ad-2de9-4b82-a236-f06813027f18,687,31,13,1,126426,278828,0,0
054c9d30-9574-4515-8dcd-44de907ce050,686,41,16,0,623029,1363714,0,0
b0c8a071-a655-48d7-91fa-ca368792ab1e,663,NA,7,0,94620,180796,0,0
e6f7c051-7c69-4447-8e70-46fda25be0e0,743,NA,17,0,16055,563156,0,0
8bfb4eb5-ebab-4d42-a9d0-ab0ae356671f,742,43,16,0,496926,1046144,0,0
3feb989d-8500-4d42-9384-a4355dca28f1,747,NA,10,0,341316,622358,0,0
bc01b302-4d94-48c8-a78b-c5c3c4910002,,50,14,0,263625,479952,0,0
6d573cdc-6bd9-4475-93d3-3027a8fbed5c,750,NA,11,0,185231,232628,0,0
034515c6-f3cb-4f6d-a13f-bb91ed2642e7,720,NA,15,0,724432,2001934,0,0
290c8ef5-44cc-411a-8d7b-0cea9942386e,7310,NA,5,0,175484,242748,0,0
f73698be-9319-4e6e-b241-658f68e84df8,711,42,12,0,322259,401214,0,0
440e942c-00c8-492d-8c4a-3dd862b96fb2,748,NA,5,0,325128,1084886,0,0
54b3405e-0d9b-4c69-84c1-68e09497bf79,744,NA,10,0,284696,517506,0,0
7adb1d17-b37d-4ecd-abab-0588065b8a5d,717,NA,9,0,157795,290928,0,0
f6f50963-9a5f-4aa0-a6c2-bff618c2986e,738,33,9,0,145369,524414,0,0
c2b91e98-2663-4405-9f24-4369dc82a069,,NA,7,0,142386,544148,0,0
db14882e-f85b-4e90-9f36-3aaa3cdbf4c7,668,NA,12,0,303905,1025904,0,0
f5ca9a4a-8e88-4e56-83f3-b9b785c3b27f,720,70,12,1,118978,243408,1,0
1cd1a71a-4292-4a01-900d-b1b38e9cb60b,731,3,19,0,265278,1133418,0,0
d07d8a50-e9c0-4f05-afaf-a7e533686656,738,9,7,0,105374,156816,0,0
56fc6228-6a8e-42ca-adb7-86cf8efc16e8,728,27,20,0,89357,285802,0,0
cad61c37-4fb6-413a-99b2-409cd2af0e68,739,NA,3,0,89091,155122,0,0
167b2d23-a0c9-4095-8ca4-0227456ea8be,702,57,8,1,68913,250162,1,0
d292567b-00b0-4789-999d-388e738f2dcc,747,48,8,0,134938,887678,0,0
06a4cc16-9a77-4e91-ac13-a0b11c9ddeb2,748,43,15,0,124089,588874,0,0
153619bb-4639-41e8-b357-ef490bf6074b,748,22,17,0,508801,844052,0,0
94c785e0-b01f-4b55-8b44-3fb5ef128f5e,661,NA,10,0,154983,237688,0,0
b79c1689-abd9-4723-ae0a-08aa0241c3a5,,33,9,0,59831,341264,0,0
89534e8e-64c4-42bd-b58b-cc6c8ce0eaf7,,44,8,0,132354,176352,0,0
faf7d155-2770-4e96-822a-9ea1dc9faba1,742,NA,5,0,52649,66418,0,0
92de537d-2a27-4315-b216-724da2b0ecdb,751,NA,16,0,246335,1188440,0,0
a408f9d4-8297-488b-841d-cbf202c3f08f,,NA,5,0,187454,244706,0,0
783de882-dc1d-4ceb-be9d-45c20f14bd46,721,66,19,0,918422,2037200,0,0
d45088eb-0d61-45a1-b284-6826e72e1508,662,NA,10,1,203091,310244,1,0
6012e756-d317-4cfa-8ae1-a8da3978d274,,NA,20,0,151164,977878,0,0
26b2a41f-8539-488f-ab3d-1deeb38e0f59,729,NA,7,1,266437,367708,1,0
f694bcef-1edf-4100-8733-fddc980e1fc9,,NA,19,0,97052,466312,0,0
d4f6b611-68a0-485f-887b-c3aeb4102727,706,15,14,0,129162,302742,0,0
695da067-c438-4a26-9b32-54104a6312c0,744,NA,21,0,498712,1548140,0,0
c1690b34-e179-4a0a-9b1d-692676509a8c,679,60,7,0,59356,218218,0,0
b635dff5-628b-45dd-98c1-e87bab70be80,751,NA,21,0,341050,1495824,0,0
8ea15315-de59-481b-8f16-994f89533b10,,47,17,0,191938,429902,0,0
1b9b3189-1f1b-4cba-9a83-75fbd307479e,735,NA,12,0,564281,856328,0,0
bd721d49-1d83-4df2-88d5-c6a0c9a5ecdb,733,17,7,0,304494,618552,0,0
ddb976d2-4409-491a-89bb-db09ae910335,746,23,15,1,89091,271480,0,1
b24ef1d0-06a4-478e-9362-ccc6ebdf77ca,,NA,8,0,0,0,0,0
9b4e6ab1-07dd-49b8-a29a-c274bad837a0,739,45,13,1,119966,301972,1,0
1a5a73e5-c196-4a7d-a5b8-d172d175f4f3,,5,11,1,66557,200684,0,1
7860c616-c17f-42de-b3cf-7847b27e4bdb,708,67,19,0,214054,312950,0,0
78dba9ac-c6c6-4a6b-a597-cacade51dd9a,739,54,14,0,131480,257158,0,0
6303f413-6d73-439b-9c48-fbb033224522,734,NA,7,0,306660,470932,0,0
74e809c7-10e3-49ac-a887-9ddc9805f41a,725,NA,17,0,131005,226754,0,0
9d10d358-13eb-4231-8edd-03c10307c393,704,49,3,0,134311,232100,0,0
770c27ee-c501-4631-9dfb-3a63951cf8d6,696,11,6,0,100814,209176,0,0
13e1c107-2e45-436e-90b6-124ace67862e,,64,8,0,316977,543752,0,0
d1a11396-33b6-424c-b57d-1802f8b6ced2,711,72,9,1,30666,265012,1,0
4c86a5b2-4eb8-49ed-9741-878260103788,739,NA,18,0,783427,2043096,0,0
5b16374b-9703-4b3b-b4b4-483f8911942e,,NA,7,0,109041,352660,0,0
5e5161c9-911c-4444-814b-40e3f5bd55ab,725,NA,14,0,436525,663322,0,0
a4625254-d8cb-4db3-bf41-399514211dea,672,NA,12,0,591014,777656,0,0
1c8a5f9d-acf6-4a42-be67-b930fa35fad3,733,NA,11,1,302138,715396,1,0
5a020600-d9f1-403c-8430-71ab5b569f46,700,29,7,0,950,221628,0,0
a560f440-8c2b-4471-8290-c356730c27af,702,3,10,0,106153,184272,0,0
2b0e6a17-a951-4514-9279-f9215bf2e829,741,35,10,0,174097,363198,0,0
9c4f0afe-d143-4e19-83f4-913c34568cac,741,NA,8,0,1634361,2015354,0,0
a919c7ab-3952-4137-a5b3-c64c6d1da5c6,,66,12,0,440629,953656,0,0
276ba582-cea7-4d08-917f-c22ce9fe4fc3,751,64,12,0,205352,754842,0,0
63e0ba7b-21e3-4404-8850-e6b67ff6ad15,,28,7,0,120365,198528,0,0
6fcdce9a-4d2b-4f61-a426-7cbca2339657,708,10,11,0,214358,298672,0,0
bad1cb28-94e9-4e6f-9168-33b2d4186ee4,738,36,13,0,323380,1351768,0,0
cc00a05f-9f07-4337-b998-a75fc09aaea1,,78,13,0,51110,247654,0,0
639731f3-5a70-4f40-aa89-139562b1b0af,693,78,10,3,116850,232870,3,0
d37082d8-e0c6-4594-8aad-1d63416858dd,,NA,5,0,50521,136686,0,0
4741462c-b729-4a89-b8a9-e0b1157d1c33,748,NA,13,0,284335,1732786,0,0
49afe271-8f3f-4815-b074-21fa84fa9f0c,717,9,15,0,568860,1120196,0,0
0b97d2f0-d514-478a-9960-b4d762d0ccc2,705,46,14,0,338561,632280,0,0
2039e995-ac72-4ad7-b617-a55e105411f8,738,30,10,0,180405,371008,0,0
35ad0c6f-2ff8-4d25-9bd1-ca0084b70da7,740,NA,6,0,95912,150282,0,0
2fd1b945-c533-4811-88f2-64675fc4a705,721,NA,10,0,240141,553894,0,0
b1909d2a-82a8-4d10-8421-5c90540eb5a3,719,NA,16,0,384313,944812,0,0
58dbbab8-2186-470c-85a3-5260f5cb7a08,700,NA,15,1,317433,597674,1,0
11f49297-7d9a-4118-8f68-633e1e5fb7dd,712,NA,23,0,2360332,4297194,0,0
a834f96d-c8e8-4a45-beaa-62eb17cdb198,724,NA,7,0,151620,190190,0,0
1f4fc0da-21eb-424d-82bf-e68857b6561c,,79,7,0,157111,457072,0,0
11b34a3a-fe42-4c46-aa59-752909e4f1dd,6970,70,10,0,136895,190300,0,0
70788128-fbcf-497a-bb99-fac132508073,7400,NA,14,0,361304,1146156,0,0
f20cc2bf-ec3b-4e7d-b789-9c704bfd72b3,,NA,12,2,309681,581152,1,1
d95889c9-8ab9-4ebe-bdc7-248232a3f246,722,68,20,0,490979,1137004,0,0
9aa0475e-fa41-4040-b55e-60cf584fbe3f,,NA,16,0,587404,2012296,0,0
7f5060b5-1728-422b-8640-3a160133db47,698,NA,26,0,368581,1074986,0,0
be996b22-3965-4aa8-8597-771450e3aaa2,714,NA,9,0,141056,196086,0,0
3ccd8bed-d15b-4b83-bf3a-485b27b22473,744,14,12,0,0,0,0,0
0ca8e622-f525-49bb-91c6-0bd016cc72de,,NA,16,0,281143,701602,0,0
2d779b7d-d460-4ac8-81a6-509073c87064,684,73,9,0,46683,116490,0,0
bdda8858-7b5f-490d-8518-3b092c3c2ec1,711,NA,11,0,387144,736076,0,0
d8e3e6df-cd35-44ad-9c72-1e032853e639,,7,8,0,293854,373098,0,0
96f12ab7-939b-4c8f-902a-83702d5ed3e7,749,NA,7,0,412091,717552,0,0
7ca955f9-1aee-4481-8748-836ec367ccc3,,NA,17,0,301036,403920,0,0
45ace34c-6f8f-4c3b-9c8b-5030e4a2034f,736,NA,9,0,114646,250470,0,0
135cb776-4e0c-40d1-9dec-8afa057d8857,747,42,9,0,147630,251020,0,0
711fc8f5-15a5-4f21-93d3-d4a570a794d2,,NA,6,0,72865,114158,0,0
7ca96d5a-33fb-4c7b-b000-4cb2df62ed9c,698,NA,13,0,265373,536272,0,0
7207d79d-ca9e-4665-889b-c517aa6424ae,,NA,11,3,230052,362890,1,2
ef86b4ed-756c-42b3-b3d1-2ae8e2b48aea,712,NA,8,0,467647,543664,0,0
46b8b947-05c6-4e4c-8206-e4e5151965b7,737,NA,7,1,234080,381744,1,0
f6e08ced-a916-4a74-878c-37b4240799b4,624,38,15,0,307971,863434,0,0
2cfc633e-94c1-421a-a169-d42ba2912645,,25,7,0,249318,323268,0,0
5c496570-1ee3-4db2-ad65-d767801404f6,,NA,9,0,47804,155914,0,0
c55cbff9-d2de-4dc3-9cca-4c3dd5433682,727,NA,16,0,444657,786060,0,0
2bdb5274-3172-416e-ad39-78f04dd5ed1e,704,NA,6,0,81301,127204,0,0
a578ec7e-11d4-4a85-841d-a1ee83b17c90,738,NA,20,0,373939,603020,0,0
b6ea92b6-2a50-4a71-bcd3-9b99435e612d,657,32,12,0,2149147,4541042,0,0
67b7c749-486d-440c-aa04-f73faba67efe,,41,13,0,89699,618222,0,0
15f6b06b-104d-4ac7-baa8-0614fd18cd66,,NA,16,0,590197,1515272,0,0
4a924bc9-9677-4293-ac7f-b4acba43f280,,NA,10,0,104975,144716,0,0
8ba67b49-af67-47e2-8d63-88af9c0d65b0,703,NA,4,0,105488,140250,0,0
9b2cd8fe-8131-4e6a-a82d-6272e0efaf92,739,NA,12,0,182096,702834,0,0
75e7d336-304e-4fff-affa-cd289416ae15,663,16,13,0,122398,464640,0,0
0bc516e0-48d2-4c6f-8545-7fcc7359b245,724,9,7,0,39330,64944,0,0
3e475c44-f659-4b2e-ba46-69b8f574fc93,660,26,11,1,107179,435490,1,0
03b87dea-807c-4ce3-9119-2480b4aa431e,705,NA,14,1,424840,1010130,0,1
fdcf343b-1fd7-4ccd-8bc3-5b2c1061c556,,NA,6,0,216448,318054,0,0
88c852ee-2713-418b-8440-b111c4f32878,,NA,16,0,935940,1202806,0,0
b8baefe1-116a-4538-8687-6405aa74fd58,734,45,7,0,404187,567996,0,0
01c1e39a-85e8-4c75-8f76-9e37302bfdb6,684,NA,11,0,433618,568634,0,0
ef404dde-03b6-4925-90ab-d88893c1cc0a,,NA,12,0,480396,744634,0,0
4da78578-a3ac-4342-a0bb-065b2dc9702e,667,NA,4,0,110086,175846,0,0
69776557-7358-4b38-93f9-3a0f4de4c5c4,738,47,5,1,72637,104610,1,0
b22a78a2-3a54-4332-9262-26953a6607cb,723,NA,7,0,410761,750178,0,0
6a25a671-9071-447f-848c-7f0b34841436,729,8,16,0,168302,342474,0,0
49594b27-d1cb-45ff-a9cb-b773a9e23771,720,NA,15,0,347054,496122,0,0
7356acc5-4b6a-43d1-bfb7-4b528a8b0d1e,6440,11,12,0,43339,120648,0,0
a984c6b2-6b6d-49ce-8965-dd200b08fe1f,,NA,7,0,373141,660660,0,0
ac3382a7-8f87-4a3f-bd98-2a366fe3ffce,722,NA,13,0,974320,1153526,0,0
a8feaf26-7a86-4f8a-bd76-02b86f05d562,,67,11,0,257222,763686,0,0
6c82ee0f-62f5-448a-9688-e69f0266bda8,691,NA,12,3,86811,222860,0,3
e938a9d0-a476-493a-924c-7cb5835acc0b,739,NA,18,0,385529,1007688,0,0
a02777c6-c9cc-48e9-9e9e-90096b75f049,,44,14,0,357295,503910,0,0
450da89e-bf38-4ff7-a8c3-7d4a796bf197,7250,12,10,0,100624,200200,0,0
37266b57-b69b-4952-86ef-c553716210b1,748,NA,8,0,162887,873158,0,0
7da98c03-eb26-4d6d-93e7-b78c5f9889cd,,8,8,0,106818,264836,0,0
412af500-6be7-4511-847e-265fb1b14c10,,17,5,0,57456,68024,0,0
4c1f24e1-3900-4eb0-8356-55ea72ad5896,745,62,18,0,317870,943756,0,0
c1fe90a5-f45d-4b7e-a843-9deac45a905c,7410,NA,13,0,225093,422422,0,0
4b914fbd-ddc8-4cc4-9d4c-423356c7b974,741,NA,12,0,73283,1488696,0,0
5220117b-1b32-4bee-a2c8-66c94685c470,706,21,13,0,36138,52624,0,0
6b5fa704-4bb0-4f20-9c5e-f36889bf2171,691,NA,12,0,92435,200816,0,0
db42be35-972f-4eef-9451-3852d7d4f9ba,,NA,6,0,709042,936144,0,0
4c2ec777-72f5-4aab-853c-9dae83d2602f,736,NA,7,0,219298,272470,0,0
2fee17a7-99d1-467a-8bc3-dc20f9cd4b6c,,35,5,0,71820,716870,0,0
6f655306-2029-47a6-9a4d-ddfb957ce793,735,72,12,2,62776,263384,2,0
c0781133-60fa-416b-9e50-33ae7d6c7615,730,NA,5,0,0,0,0,0
0f80da11-c4ee-412d-8f4c-359308dabcf6,7500,NA,9,0,340214,624316,0,0
2bf625d4-6b28-47b5-8376-9fc39df6f291,,NA,21,0,590140,911108,0,0
fdc7ae21-d98e-499b-896b-bc0b35007fb2,723,59,17,0,71155,150348,0,0
ef3dabbc-4c3b-4b34-a063-70cb1fe4eb6d,738,24,43,2,62415,254496,1,1
04ab8484-09b6-46fe-ba13-ef6d878cdbe3,,NA,5,1,22762,137302,1,0
2d1c6093-42dd-4762-8854-075690055ebf,661,20,18,0,427158,1268212,0,0
840cf4f4-0166-44cf-a9ef-4a2b99ea91b9,713,16,14,0,314716,478874,0,0
26d888b9-8957-4981-9ac3-928fe25c0fc6,742,NA,11,2,86735,386254,2,0
47b8bb6b-a758-4e82-9cfb-3eaa13076816,721,NA,16,0,320112,1188022,0,0
349f054c-f608-4a0f-93df-32b55bcc0afd,,NA,3,0,0,0,0,0
be533ab5-f647-4290-ae81-140b33178843,746,47,12,0,285228,674036,0,0
bde80d0c-e399-4e13-aefd-b6ce34d429df,652,NA,13,0,1158506,4673966,0,0
90d39e87-6484-4006-8d48-1c0fc935c2ec,750,NA,18,0,349163,1343188,0,0
9ace2be9-5098-4f45-a087-ca18375d86a9,,56,11,0,223326,842270,0,0
374bba0a-c0fe-46bf-a93f-b7aa70333d92,713,41,13,0,807462,1391302,0,0
3a452c3e-cc85-4162-8e02-8c36eb6ad203,708,47,6,0,103911,187990,0,0
3c147f49-5892-4779-baa6-f6178a0b7626,725,51,6,0,790685,965756,0,0
f7d84957-2b01-4869-8b87-1c32b19e2b03,740,NA,7,0,115311,448052,0,0
046493e6-3b3b-43db-ae7b-26e511c7caf5,728,46,7,0,37696,661276,0,0
75d1701f-dd21-472b-bbee-6ea97ec2a139,712,NA,10,0,342285,599610,0,0
9fef2755-085d-445b-afcc-c1e57b6afcdf,6720,NA,19,0,271586,564542,0,0
32df9c13-911a-40df-96e9-f554418a52e7,707,NA,8,0,212515,273394,0,0
2ddc9a4c-0aca-4f55-83ea-4c39a7323d2a,,NA,12,0,240369,366212,0,0
7f79f035-b03c-437a-893c-69a135310aae,6730,NA,21,0,353932,589688,0,0
67a6475c-9f6c-4cd4-9e5c-24d3b071b5d6,727,46,7,0,96254,240218,0,0
f4fe48a7-1718-4d12-9025-835b268e985a,7170,NA,3,0,0,0,0,0
b4a4f62a-c6e1-4734-8ef9-cea68c507251,732,23,13,0,194104,729718,0,0
56cf7eae-96dd-4864-b686-4a12a46e77a3,733,4,14,0,214320,1187340,0,0
8fe90c6d-e1a2-425b-af7c-ecd30300911a,699,NA,14,0,1052372,1464584,0,0
d1803aad-f0f4-49a1-8a7f-b18b1421474f,729,NA,12,0,84398,239536,0,0
51beef40-d587-4753-9523-0145abc775b1,,23,7,0,120726,232606,0,0
1c50becd-b9bf-46d5-8c89-1dc70366073b,682,52,5,0,103436,189200,0,0
cfa1d23e-25e3-482a-806f-5b84f3943ec2,,33,7,0,194066,315172,0,0
8d44e46b-083a-47f2-b9f1-e4c5e24feea3,,20,8,0,284088,480238,0,0
09fb3278-50ef-4db6-b961-0f31595ead43,668,37,13,0,154204,409508,0,0
4cce6d24-a629-4437-95e2-1a4f79a007d3,693,24,16,0,354388,461582,0,0
cdf1c916-7a3f-4fb3-8b7a-b3b0f880abbb,,3,14,0,467590,2050818,0,0
918e261a-ac66-434d-ada7-4bd573e909e7,724,NA,17,0,2269854,3865070,0,0
71fe98e3-845f-4b3f-b556-a21c1a65cb2d,714,26,8,0,111473,185438,0,0
9f720e9d-7c08-42b2-aeff-5b38ed8e5a8e,726,NA,11,1,324577,484308,0,0
86ada1d0-88a5-435b-a904-b0ed0b572646,714,73,8,0,50825,127402,0,0
4d40eee4-c00d-4c4d-ac86-e74e28070e30,653,NA,17,0,561811,918808,0,0
55e3aff5-e1fc-4d66-a8d4-217745ce3dc0,723,42,9,0,171836,255420,0,0
4d8e5caf-7c0b-48bb-a756-3eb1b04c560e,741,23,9,0,278445,1354628,0,0
fa9e8ba5-9eeb-40cc-b66e-96c9d64521e9,,NA,15,0,567188,1047464,0,0
bb8b8f76-900f-41d2-8b35-08753e84a807,701,62,18,0,1136181,1414600,0,0
b6d3ec81-72d5-4c68-a2ca-5f753c47cc77,,8,19,0,267881,1685794,0,0
14c12b60-84c7-4662-b2bb-0ae22151797d,742,NA,7,0,107274,254540,0,0
6634648e-3dbe-4932-8b54-76b67e558a3e,695,65,10,0,514045,1140238,0,0
f14f59de-3719-42a6-bd53-3110185516e2,728,NA,6,0,614194,727914,0,0
2a784267-6341-4aac-bde1-5029fcf1ed7d,,NA,20,1,153729,583616,1,0
27a634ec-da47-428f-b43e-dd61b4e3cfe5,,NA,13,0,386726,1172204,0,0
162e63c9-ce1c-4e58-abb7-f45ae7f2a265,,NA,19,0,329707,850256,0,0
56ae83a7-bc05-47e1-996e-60440cacc456,650,NA,4,0,160303,233772,0,0
1e492a8c-f330-4d92-838d-4809f6b2bc61,721,NA,9,0,356782,545006,0,0
3d954772-d7f9-49bb-a4da-118ef9f606a8,,NA,12,0,1664742,3007158,0,0
d883226c-e370-4e28-a617-4fe22117f3f7,,47,13,0,508459,700876,0,0
7ec6e181-260b-45e5-85eb-049132938a9f,683,21,7,0,155572,226314,0,0
eb32a435-5afd-47e1-8a45-00a193cd4934,750,NA,5,0,44175,269236,0,0
a7073b56-b5b3-4c1c-906a-1ba9d40539cd,677,NA,10,0,760608,1242164,0,0
2aef2b18-c417-4239-8bd8-c0e326242352,,NA,20,0,496850,1229250,0,0
1a0227ac-c21f-4fab-b1b5-6501b151e3db,736,11,5,0,62719,185724,0,0
4e73ecff-b6af-419b-8494-90dd5db17a99,,NA,14,0,353191,857362,0,0
be6048fb-d167-4562-b5c8-b15668c3ad0d,737,19,16,0,270522,390566,0,0
e9519fd3-b384-434d-bd65-9123feaea7ae,739,NA,12,1,297654,445280,0,1
0efed516-a6d9-4cbb-a808-24c919942ec9,724,NA,19,0,386289,1591766,0,0
021947ec-85e0-4840-96e9-ab12d7f4b80d,747,NA,7,0,170373,798688,0,0
519ce9f6-b394-4edb-a160-15f33afbe105,708,NA,17,0,444448,1069904,0,0
e727e4aa-2452-484f-930a-03e2352d397b,,NA,10,0,503557,1675454,0,0
a8a28dc9-0598-4eb5-a1fa-a67496ed9a5a,737,7,8,0,121163,192170,0,0
d014fc06-2071-442c-ae60-1110aa1e047a,,NA,9,0,1190825,1532058,0,0
19b14a19-5585-4e0b-9160-63b181bfd62f,745,NA,18,0,808507,1366684,0,0
cbec9d2e-c147-47c9-a283-fa0499d908c1,,NA,14,0,105241,307692,0,0
d41d8b17-e7b6-4449-9a15-32258a8652bd,679,41,26,0,135508,713174,0,0
c6f244a6-23a4-4f42-9bf4-176946cc8a84,739,27,9,0,185896,319814,0,0
40414789-2801-4997-bdb1-d03dfa8390f5,745,26,9,1,91865,231242,1,0
c1f8f0b3-a3b8-4ccb-a338-c4ca2f28210e,706,NA,9,0,192774,289872,0,0
dd348000-0d6e-4d63-8710-30400f5860a6,712,47,10,1,91466,141592,1,0
391aefbe-754f-42ef-9f0c-f55335f58d54,709,5,12,0,146319,322124,0,0
5652ae45-1a8f-4d35-afdc-de5a35252fa4,749,33,14,0,149473,611556,0,0
db5901f7-e5f8-420b-85d5-9a174b57c777,,NA,14,0,55062,228514,0,0
69190440-25a7-4484-99a2-2e81005bceda,748,NA,13,0,208734,715044,0,0
3bef5d41-c591-442f-9aed-ef8291accfd2,,NA,11,1,77140,119416,1,0
f39518a5-5868-429f-a525-5b520710ec68,723,NA,7,0,98173,129756,0,0
01b54425-ca72-45bc-a805-ffc28d22020a,750,NA,10,0,353742,615956,0,0
acf2f8cd-ec8f-43de-a83f-ab1175ef3b67,,NA,12,0,245043,1153416,0,0
5063d7ca-2242-4cd1-bb25-7764c2540212,719,NA,14,0,307952,671528,0,0
ac1701cd-5b25-48fc-bbc1-7098df8a20e1,712,17,8,0,646152,864952,0,0
16b4b438-838f-4f24-a45d-59a7599d9533,733,NA,5,0,110884,169400,0,0
9d4e969b-d8b6-4d5d-bbe9-9386ebac682d,702,NA,18,0,623466,919644,0,0
48d28acc-477e-4b50-bad1-61700127a516,707,31,10,0,152608,259864,0,0
ac45663b-0b32-4df6-9cbe-dedae1351f82,,61,15,0,387752,653532,0,0
da20b77b-0822-4dbd-8726-e34cd1760ab8,670,NA,5,0,1501,435292,0,0
18448e70-2cd5-4042-a86d-561b7f61b875,,33,10,0,381102,582164,0,0
45189a41-870f-4691-9528-1731af7491b2,744,NA,9,0,315039,711040,0,0
31106302-4768-4318-9f7f-e10e243a4989,700,32,17,0,227753,598004,0,0
695ef6a4-c5ff-4ef2-bec0-7a7cf6b8d231,625,9,10,0,607012,726088,0,0
b4a95ea4-a607-4764-a420-43738f875871,733,NA,7,0,104595,261008,0,0
bffdc08d-c8dc-4e8b-bca0-3cab8d8d9d71,682,34,16,0,306204,779262,0,0
8184c9f1-18d8-4775-81f8-5aa58d97d6d5,,NA,10,0,385358,764060,0,0
9a02cb24-2f52-4f45-a6e9-d27f50ba9a2b,702,25,7,0,147497,210848,0,0
94f1057e-15d8-4374-8b08-515e263d9127,,8,6,0,46037,55946,0,0
c18e3534-1d81-47a2-9f28-fac603079dc4,724,NA,9,0,315096,402710,0,0
3402ca57-619a-4f3d-8587-17d265cce1f6,748,NA,15,0,352374,2443232,0,0
ac253def-ba08-41d8-ab25-010f51c6c8be,6910,20,8,0,39881,90354,0,0
728ff34e-3458-45b0-8823-7fc25237a584,,NA,3,0,75430,102520,0,0
16a441f8-d0bb-4ad0-828e-8c57b11518ad,7430,10,15,0,418380,791582,0,0
1c3e6bf8-9c93-4279-a6f8-857ec6b81ca9,7270,47,9,0,130663,322586,0,0
83caafc9-48ca-4781-91a9-1f7a690f4a2d,6570,38,8,0,115824,157036,0,0
5cd68462-9d90-4bf7-af6d-43c96458707c,738,NA,7,0,405973,554312,0,0
1d7f54ce-5165-4773-a617-ed963aa32830,745,9,9,0,989729,1327942,0,0
339e69b6-322c-43fb-88c7-b061bb2f0d2e,,45,9,0,170297,314006,0,0
612721c7-372a-4fe0-8dfc-f1a3d8d39a4d,701,8,14,0,352298,538868,0,0
2f4503ed-6939-482a-84fd-e9d20451bc23,721,32,10,1,169632,320958,1,0
b83ce897-4c03-46e6-8393-74b9504218c0,,NA,12,0,395276,988526,0,0
d44a12c8-b54c-4173-9ea2-4b1f4256de15,,55,17,0,345458,690844,0,0
8b776720-d881-4a18-92a5-2276773010ce,735,NA,15,0,92321,187220,0,0
8cfe78df-d9d8-4a89-b409-cd1ac387225f,,29,11,0,220837,2243098,0,0
6e703464-030d-459c-a6c0-2cfe7d93e327,,17,10,0,281523,1239414,0,0
c1c44333-6605-4437-bd92-1f3d342cf5f8,736,15,9,1,16283,39270,1,0
d5cf14ad-9a45-4e18-87b6-05a97ecd6988,677,79,5,0,14364,25762,0,0
dcc34f66-b35c-44b3-9780-fa3bc8665108,742,55,10,1,134444,208098,1,0
1c35fb77-1808-41e1-8d46-96586dbb8661,627,29,26,0,129618,225346,0,0
a829fec3-7c73-4200-905e-e9b0d3afd70f,,NA,16,0,433219,1092872,0,0
a0b06286-2049-4186-ab01-bf99127bab62,675,67,19,0,111986,135916,0,0
3349f6f6-2e30-43b2-b7ec-50486148a5c7,691,43,8,0,404282,777590,0,0
8018bbec-46f1-47c7-a81c-5aa69234df09,712,NA,3,0,91010,153384,0,0
c79a0b9f-82d7-47ab-8ace-a3515f0dd309,743,NA,18,0,391020,487366,0,0
5a485155-4a1c-4b4e-a6bf-abb2f2f9db91,744,44,7,0,318953,759924,0,0
3e5eb9fc-dff2-43cb-93ce-70ec55d7bd19,725,53,8,0,137807,232606,0,0
01d32702-b8a3-4588-aea2-53b4c2bedc4f,738,36,8,0,172520,392458,0,0
325def16-3132-442f-bd72-a051f0cd19a3,736,NA,9,0,190494,308506,0,0
2a240d7d-a638-421a-a6e7-96988325cc9a,675,30,18,0,918099,1368158,0,0
452cc17b-6557-447a-b203-ed5229ab16b3,709,46,7,0,136781,297154,0,0
66e82748-ca4d-4027-8671-67a6b8e07abd,,NA,18,0,547656,1031118,0,0
07aaf6e8-85b7-4d4b-bc86-4b79b93f30e2,720,NA,7,0,281751,664444,0,0
5d46aaa0-31a0-429d-96fc-c1c527b52afb,746,66,7,0,238070,350262,0,0
1a914466-5e74-43b5-a8fd-c93963cf10f2,725,NA,8,4,157776,202994,1,2
6858f26e-dd42-40a0-9c0c-3e4ae5603363,586,32,19,0,134957,264418,0,0
ab5bac4c-3ab6-4ecc-b74f-baa0c2f94367,722,NA,15,0,415549,685432,0,0
6f326811-f28a-4dfd-a80a-cd01f9ab498d,748,27,8,0,218272,668624,0,0
223b3b87-893d-447a-9475-00120325724d,751,NA,12,0,211793,1362438,0,0
501edd19-0aa0-4de5-a3ca-0964d3980eaa,728,NA,13,0,1881893,2113518,0,0
2df1e715-516f-40bb-a8be-9a73631333e7,712,NA,6,1,155306,297748,1,0
992e18ef-8156-4c61-969e-5154a0cccbbe,715,10,15,0,257678,363440,0,0
f680c461-bded-4192-8dd7-41b13b1ace6e,713,NA,8,0,172520,428670,0,0
e1501087-d2b4-4e5e-a9cf-2685d9ea86fd,733,28,10,0,143374,402930,0,0
1fa93666-d983-4eed-a2d1-0103a9813bc6,721,18,5,0,77273,454146,0,0
a0bd9adc-6640-44d4-95c3-4ae9826a704b,6910,38,3,0,100567,145728,0,0
16a1b1df-6730-43a8-a475-3ee0626e73f8,703,NA,14,0,458375,700194,0,0
cc5b6b66-ca4a-4820-8188-407d094f90d5,703,NA,6,0,15314,18040,0,0
d58d5a35-981e-407b-9063-ed9fc1e13aa2,749,NA,8,0,84493,283558,0,0
0e7305c2-04de-4daa-8f45-531364707471,723,NA,10,0,262941,622600,0,0
6dd1e68d-fbdc-483f-9384-4e1925a477b8,,5,10,0,760,8712,0,0
70ee9fe2-049a-4959-9889-8fb47990ba47,729,NA,16,0,544369,682176,0,0
a107f893-e9c0-42a9-9897-9f12a5a0c739,736,36,22,2,228741,372548,1,1
b86fe95d-1dc5-4b66-b308-34b05d90f05a,734,NA,10,0,141094,293854,0,0
b6d1f9dc-9820-463e-bb21-94d9f4230b57,738,NA,8,1,131708,272316,1,0
84270316-8232-4154-bffb-44c46845cd8f,750,NA,6,0,217151,846604,0,0
3b206109-b748-406f-bf4d-348ecebac22c,741,NA,8,0,189753,492646,0,0
ce33bfb6-86e1-4da2-8f03-d9b10bffc2b2,7400,NA,10,0,68400,235004,0,0
129104b6-da2f-4492-984f-ff915c388d42,725,NA,18,0,343159,641916,0,0
e1df5b10-621e-423d-b830-fcf594ca14ba,724,23,9,0,351747,403656,0,0
3cb9d4e5-aae1-4f9e-8a17-edefd5c58d6e,670,NA,8,0,160151,269522,0,0
ffce6cdf-c818-40ac-a271-79e3377a256a,742,NA,8,0,183806,307538,0,0
e49167b2-4a49-49bc-97c4-70e1ff9f94e8,728,NA,10,0,248330,402160,0,0
426dbe4c-ea94-4f22-b127-25eb92d31039,699,NA,12,1,85823,273746,1,0
4517225d-8a8d-41a3-9b82-91443f112d18,618,33,9,0,142424,272118,0,0
4df4ead6-5309-4b8a-804f-5a4336567aaa,723,14,6,0,76228,88264,0,0
398cecba-cabe-408f-9760-1b41a625eae0,748,NA,15,1,798798,1637042,1,0
a59bc475-1a2f-4a0a-afd0-8d939b8a6508,728,NA,11,0,1615000,4240368,0,0
303fd576-89b2-42f9-8cf0-9db8c526d69d,,2,16,0,278616,710600,0,0
7c66e32d-51ad-41c6-8f82-5d82edc51f18,744,NA,8,0,64467,419298,0,0
d44d2687-86be-4f78-b2b6-9780037e94aa,,69,9,0,175522,274648,0,0
9b4a0d90-1eef-44b9-974c-013b21c7d7a6,660,NA,14,0,269914,742390,0,0
ea599321-e398-41d7-a3d8-740538e60228,688,53,5,0,6232,61094,0,0
4b7f94a3-ba1b-431b-857a-9b2101fd6c06,726,10,11,0,122588,295724,0,0
9e5af47d-3a1d-49e2-a087-88d7ad1b61f8,724,NA,9,0,369170,563200,0,0
e905390a-decb-4bea-8e55-1c73ff9073e4,745,62,16,0,167998,692296,0,0
13e3b185-7ba8-4c1b-8635-7ce178b8eff8,704,NA,13,0,171836,213950,0,0
7e9f08c4-335d-43a6-9433-38e684e4bf21,719,8,26,0,723805,1245310,0,0
34bf7dd3-48f9-42c1-b4ad-6605a20909e7,750,38,13,0,1002250,2837384,0,0
7a36475c-7acc-4ae6-acd9-cada9407785c,709,NA,13,0,240103,550506,0,0
1f2886c8-fab3-497c-90e5-bb5f3fa96c8f,732,40,6,0,105412,256960,0,0
b5fefa07-3a8f-4ae7-b990-8f70c3fe178a,,NA,4,0,196992,290224,0,0
09631048-04ca-42f7-ad91-632d9f79837b,705,56,14,1,25270,48290,1,0
76162d69-b5df-4d29-b563-2fb2e033a69c,722,NA,10,0,235562,294558,0,0
fbd39987-8f3f-4cff-b3bf-2b0712082444,,42,5,0,355927,639936,0,0
ccac9ad0-3b62-4d8b-aecb-a8da529cd5bd,718,16,16,0,254277,580734,0,0
0da8abd9-6878-4de4-976d-0a33e7a94179,739,9,10,1,98629,161084,0,0
c7634acf-16ac-40ec-b93d-1dc3e2cfa789,745,36,4,0,80845,490072,0,0
9c47f4d3-2aa9-4679-87c4-71fbdc46018f,724,79,5,1,88293,137786,1,0
1e62f1f1-67f9-4911-97cc-dc51cfe431b1,699,NA,21,1,475551,939664,1,0
a6c746a1-e450-4960-a2bf-0afcbd42cafb,742,60,10,1,86678,290070,1,0
a95880a8-830a-4e37-bfcd-5049f0419ec0,6520,54,21,0,411502,624470,0,0
12c3d8ee-d474-42b3-bb7e-ca28e91c7145,718,NA,8,0,275747,457446,0,0
bda042b0-62cc-4c60-bfbf-695cde6bcdd1,7150,NA,10,0,95019,154528,0,0
0d37494d-d0eb-4464-a6bb-a0ef06ad0e28,716,NA,21,0,233206,406054,0,0
513ac7f2-cc4a-4c09-bdf8-9893aa8f440b,,NA,5,0,83125,668404,0,0
57727815-51ef-4d5b-98cd-d58706213294,,9,21,0,275538,502436,0,0
80931eb5-2c24-4122-80ae-79f86d42536d,745,NA,13,0,215194,1180872,0,0
78de15e5-68c4-423f-8624-0a931ccc1fc0,690,17,18,0,303791,709170,0,0
a6d3de2b-d33a-4669-a200-59287e3d44f6,737,29,15,0,438007,920436,0,0
e67ce3ed-ccf8-4471-ad2e-bb053f1616d1,751,NA,16,0,342228,1610862,0,0
cba1fb8a-f7c2-4c27-abeb-bf446ee4bd35,719,NA,9,0,333298,994620,0,0
a124f7b2-a611-4c39-a6b4-60c1e2b37be3,745,NA,15,0,432706,2216962,0,0
1543720c-de52-4b8c-9be2-21f160e3e2a0,741,NA,9,0,562438,1171280,0,0
5289e2be-3509-49fd-9f13-b8321242d072,747,NA,16,0,373312,989164,0,0
4353255a-5f7d-402e-b811-6e4139ea5f95,,16,14,0,5384106,7439410,0,0
e6b2fd28-d703-4c9f-8859-7dc157c93d20,706,27,13,0,281390,1184810,0,0
f70d52e9-af3f-40e8-b306-e474ee3e334b,721,NA,8,0,225967,415316,0,0
e20c5b25-3591-4ae4-8fd4-f7d97b97e747,738,NA,7,1,140733,325908,1,0
86e1e80c-a1af-4ca1-ae42-ca2d1d7c5828,705,15,15,1,40869,487960,1,0
762c2903-0c0e-491c-8954-d35276d663a2,670,74,5,0,361171,705210,0,0
0aecb54b-c135-44fa-8cbc-16ac80ba03ec,705,39,6,0,65075,78892,0,0
4be718b3-e0c3-4ff2-9a76-d24953fa0f1b,,NA,4,0,151753,178200,0,0
4ad38d74-7646-46d3-a6fc-75f41c758b7c,742,NA,12,0,410666,580602,0,0
63682171-2914-4409-a9d7-aeaf234c137c,,13,10,0,219146,286704,0,0
d4369de6-b6be-476f-a15b-a9534fcc10e4,703,4,10,0,163970,829070,0,0
f4f0769e-7e46-4efb-a5d9-ccd6e427c91a,,NA,14,0,233035,418968,0,0
464f0020-c225-45da-9b5b-62dfdac10508,724,9,11,0,128934,455180,0,0
6eebb359-4eca-45d9-b180-ad16d68759ef,716,NA,14,0,477527,853270,0,0
d37f7dd9-67af-4d0f-9009-e8cf9ee932ca,710,NA,7,2,326515,533236,1,1
af715715-3160-4a9e-92c9-1580b3128ad2,,70,5,0,161519,380886,0,0
b7402c41-0734-4ea8-b58b-e2ab0c88cd65,738,NA,9,0,37506,176572,0,0
5cc8ade9-2572-40ae-a33a-26c3f27381ad,711,12,10,1,277495,685124,1,0
ce1bffdf-3268-4340-a20a-e4680a8102c4,,62,14,0,253802,663366,0,0
fee4d19f-b4d8-43d8-8fd0-bdb4d205b244,688,NA,7,0,150746,250426,0,0
85cb3701-a55c-4359-a3a6-8ffd8559d3e6,680,22,26,0,675355,1233452,0,0
bcf05407-7d4c-4332-8785-d2d110ddc8e8,659,NA,8,0,254106,610412,0,0
fb853bbd-871b-484b-a6b1-295dc89a88a4,731,NA,7,1,528295,681978,0,1
e800b1fc-e58f-426e-baa4-8fd630fd2341,685,NA,9,0,77349,182424,0,0
2834c2cd-3d05-4b8c-b020-5b25ce81417e,706,75,7,0,91599,101794,0,0
83a16201-c49a-454b-a523-3ffcc953d0b6,718,17,11,0,76285,102102,0,0
2ba32379-cd64-49c7-9831-21dcff4bf498,712,NA,6,0,146623,388498,0,0
b34e6a5e-c106-406e-adf8-688040e9e21e,721,23,12,0,238754,431948,0,0
dae1135a-4743-4330-8b70-8a603508af84,688,NA,8,0,737941,1252900,0,0
47428621-41bb-4e41-9f08-6f471a9fdf61,704,62,13,1,189449,400312,1,0
d7a72080-6bec-4028-a15a-f3942484c0e6,664,12,10,0,778848,1250810,0,0
544bbe92-5bab-41f8-91e8-3c417b4750b7,739,22,16,0,409564,1222232,0,0
b6d7ee48-f9ef-4bae-bfee-303422d54c70,735,NA,19,0,2029846,6267602,0,0
bafb62d9-67ec-4cb6-9168-8f4f75c9be72,680,33,11,0,520315,901912,0,0
acc38015-135d-4801-a1f3-48b393f4f0ed,727,NA,10,0,115083,166980,0,0
392a73fc-c85f-420a-92f6-01cadafd3b1a,736,10,11,0,710334,937816,0,0
71f79fba-bb5e-491b-ac60-3a951ba8f14a,726,56,7,0,276583,825396,0,0
5e43c57f-8d2a-4170-add5-32b3c27d15d8,693,0,5,0,139973,196460,NA,0
dd264340-5206-4f91-91ca-dbc5a8487ea7,726,NA,10,0,499149,1022934,0,0
f42a8674-5ea9-427c-a47c-7ccf2e845717,674,21,8,0,155496,234740,0,0
bb1b7249-08e4-44cf-8748-b5ea6931f1ce,716,NA,12,1,225207,362208,1,0
210adefd-bef6-4f06-9e8b-665d0ae9f620,735,24,17,0,126882,992706,0,0
5b1e698c-16dd-4be1-9110-eb1de710d898,746,28,8,0,36461,173030,0,0
d9ab748d-268c-468f-b1aa-61f86564dc76,657,NA,6,0,316901,659956,0,0
a8cea31c-e3b7-4a9d-94e9-d1b766f8bcab,700,75,10,0,596676,882354,0,0
4db28f87-feb7-4382-a2f9-dea529ebb92a,694,NA,9,0,365579,469282,0,0
277e6a95-202f-457a-be15-7ba6ca28afe0,714,45,12,1,177270,297924,1,0
f93d748e-37bd-4e9e-8ced-8f8e087c23cf,719,NA,10,0,388816,631444,0,0
512ee5b9-d434-413a-a247-969d41ba78ff,,26,6,1,206739,296978,1,0
4473d815-4887-4485-bb5f-2523440efa4f,701,15,7,1,103816,212388,1,0
44d4ff28-19c6-40dd-b125-62fd568074c6,747,2,6,0,22762,283514,0,0
19f0c646-1739-4fb5-9cdd-0c1fe57b6025,727,75,43,0,216904,1609960,0,0
a831c4dc-bb38-4d13-8b6d-44429579c8d2,715,NA,20,0,215384,347842,0,0
8d1c134c-a2cf-4290-91ae-5aa2ab06aa2f,744,NA,12,0,470706,837232,0,0
1fc3cc40-b994-4c0f-a911-7b11f58d8b7c,749,NA,16,0,645924,1025948,0,0
5b5abd56-4963-46ab-9ec5-ca5f5b6a445e,748,5,17,0,339017,1024936,0,0
6a5aad80-d754-4349-a55e-046103e0602a,685,10,7,0,8037,145376,0,0
7602b859-81f9-44cb-8698-582cb533d695,721,11,10,1,13965,215622,1,0
a591f048-d383-4742-82db-22ada55c41ac,697,35,7,0,77273,128194,0,0
8aa5a43c-9d75-4bdd-8f16-68a77c7b504e,706,NA,20,0,118864,434148,0,0
7dc2c238-1f3e-48ec-8c6f-6ce05b5e0945,646,20,20,0,297236,708180,0,0
f1163150-313c-401c-b9d1-28c0c65de397,707,20,12,0,161215,455290,0,0
3d541233-b29e-4d42-851b-6f8a12c40b69,662,NA,12,0,446177,512006,0,0
72bd0528-61c1-4b9d-8ed9-33fc838aa567,680,35,10,0,359043,878922,0,0
c2da142d-05d0-4ef3-8d0e-947b16dca6f6,711,NA,11,0,77501,322828,0,0
73052780-f000-49e7-a614-01478541d064,606,NA,10,0,424935,598576,0,0
e357c4d7-d54d-456f-b863-7c14c3040e38,721,NA,15,0,110599,190564,0,0
e8101f3c-c2aa-4785-a338-3693cc02dd0b,670,10,12,0,785346,1381974,0,0
35581950-97bc-4d50-bb56-1223fd5248be,,37,14,1,189810,491700,0,0
e2fa1eda-1aee-4e54-80ae-da6556c3b00e,660,23,9,0,545300,735042,0,0
767cc195-fa68-4a3c-a224-b30d843466a0,722,NA,16,0,446044,895092,0,0
2f46493b-c690-493c-bad1-191306141a5a,7430,NA,13,0,203167,619080,0,0
28b64a39-d976-4cbd-904d-68ebf7af6b4a,711,1,23,0,559721,2083884,0,0
7761b03d-35fd-4f8d-b6e4-320218a56764,661,4,5,0,68324,397496,0,0
6f2ff3e7-1076-4bba-bd6a-4c8bc2426ecd,750,NA,9,0,95760,759506,0,0
03b7bca7-bfbd-40ae-adf0-01b94232b405,741,21,14,0,246487,556358,0,0
278b9a94-783e-4e95-91b3-d994537a6d29,716,18,8,0,184319,254386,0,0
3c2e0ee2-a9d1-45b1-9d96-a3a7b68c75b2,710,53,6,0,274854,446974,0,0
9224dfc5-5258-493c-a5e2-d3caf1e5a0f1,708,NA,18,0,298661,1383228,0,0
1627bf40-ff5a-4fbe-9fe6-7a52c4a85f5a,614,58,11,1,1653,128326,1,0
aa4bcadd-7dce-4232-b6e3-f041dd71d161,624,43,10,0,86564,159874,0,0
aebdc79c-1131-4cc0-94ce-5b9e34eb9c9a,723,NA,9,0,244853,474122,0,0
69502fce-23d2-4443-a869-4b52987b70aa,,31,15,0,509922,678656,0,0
b553c736-3557-42c8-96d7-9a3baaf94275,742,21,10,0,99465,307098,0,0
50ff130a-991f-4716-86a1-4516501f49d3,736,NA,12,0,1180736,2116356,0,0
8995e795-efc2-4400-a9f3-b53c0085edf4,,NA,9,0,494665,805574,0,0
709b2aa0-8fdc-4bcc-a21f-ea76d18ed331,747,45,19,0,164806,1927464,0,0
1929011b-a24d-4b15-8b2e-5f991a1e945d,720,32,7,0,90288,167816,0,0
45d6eba8-0ca5-4934-9cd7-66085abd7944,741,45,5,0,91675,147422,0,0
4964b82f-a1dd-48be-a4d0-a4ed46125bad,687,39,10,0,365750,714164,0,0
17420186-e251-4926-85d2-4cc6d83c8001,700,73,12,0,758176,1061544,0,0
edbd1ae6-7ba8-49cd-8140-09d908f6e1ee,741,NA,5,2,102961,264352,2,0
c40e6777-279b-49a0-815c-a4062ebc47df,749,NA,6,0,126559,893618,0,0
2c482c1a-3d6c-437e-a913-d372dadbd2d7,685,NA,17,0,103170,300894,0,0
44bc349f-f21e-46c7-a6c3-1e20bd249e0c,734,1,6,2,122094,241670,0,2
7f81a67b-1c66-445c-8dbf-976c2d3ede6d,736,NA,14,0,748049,1044824,0,0
75cb0375-3209-4fac-85a7-180d7e62ef5b,723,45,12,0,179037,515658,0,0
be4035fd-d284-4eca-aef6-0d933bb81286,733,57,4,0,23655,41492,0,0
feb2b313-99e0-4d6a-9777-018205de8b40,686,NA,10,1,76304,174966,1,0
dc213f24-1940-4d96-8681-9e7e8eb96b15,,36,10,1,99237,208934,1,0
a6f43605-9b0d-4b87-a1a7-45eddd0a8022,742,40,11,0,100548,119900,0,0
7351050f-7fff-438c-a3a3-aa4b1028f005,734,70,5,1,62757,283866,1,0
cf2fd285-28d0-49aa-8929-142a3157ba61,,33,16,0,540854,731610,0,0
68bdfe8e-a424-4611-8e38-7deb2e768f41,666,NA,6,0,122474,191642,0,0
d8250e18-7c22-409c-ad76-cff9a36b02e2,729,7,15,0,229710,515460,0,0
63dcbbcf-5e7c-4c8b-a02b-06688af0e451,,81,13,1,173736,586454,1,0
57fa3b4e-8c36-4e20-b2d0-1e11034c3bdb,736,NA,13,1,173356,526834,1,0
2efefd92-e5ca-4ac7-bdcf-84149fb476e9,748,NA,9,0,80845,300036,0,0
3b359e45-a594-40a9-991a-cf348cf739c9,,NA,4,0,284506,328768,0,0
524bc860-fd3c-434c-b8cd-8029a20a4d80,710,21,9,0,181165,396528,0,0
ebcd5625-713e-4f45-8ef1-45be2700c5ff,606,31,12,5,112138,178596,0,0
8e28311c-e1ee-485c-9bac-774667f4e93d,749,57,12,0,320853,854040,0,0
043cf80a-25ef-4c6a-bcd2-41165199a435,747,28,11,0,48564,305602,0,0
e8d226f7-b0ba-4a05-8d22-67ff3f805777,739,NA,11,0,245366,843062,0,0
7c2fe308-145d-4226-a541-0e65cac767be,738,NA,15,1,175788,602184,1,0
4ab0a2b7-0e4b-4dba-bb00-03d878021346,,44,27,0,211755,596552,0,0
317a91ee-1789-4568-b9b6-fdddf06f091a,713,NA,9,0,276336,399960,0,0
daec8b97-5461-4710-b7b0-9257feeb26b5,659,42,8,0,51794,134772,0,0
c6c5753c-8382-45b2-8715-aa8ca201f0ea,744,0,10,0,70129,264462,NA,0
ba9de7ab-5ebd-4fd3-88db-8cde85d953d1,746,77,12,0,700359,1012396,0,0
d9851ab4-bd7d-4c3b-a587-905cba5b935a,732,19,6,0,24358,89826,0,0
cbbffced-36bf-49c2-9190-32d1c201e540,732,NA,11,0,416784,550286,0,0
7fd3f3bd-c0ee-473d-adff-393e41565bde,746,NA,11,0,159049,318604,0,0
d035be63-ee89-4ebf-bcc1-d7b64613d25f,749,NA,13,0,326287,579458,0,0
4f9f53e1-98df-4cf7-8ef7-f7c611bb90c5,734,NA,5,0,56981,65142,0,0
f085b91f-79ef-4b37-b706-abdbd9fc6b46,,2,15,1,362463,1645842,0,0
6522067d-d28e-4472-9338-e2a9790c18c5,729,6,9,0,128972,424226,0,0
ddab1b84-297d-4c2a-bacb-a44c07adbd23,,35,10,0,154204,561440,0,0
ccd4f1e4-28b6-4958-9787-27b7e3a0d248,715,18,7,1,90516,186472,0,0
d6a96759-75f5-466f-9a4a-01c08e5dbf06,,75,15,0,81225,752378,0,0
ecff9ca8-21d8-4119-814a-eb3e27f32f9c,,NA,4,0,27702,201784,0,0
e8a26cc7-fa38-4218-992e-fc3a8a4c24fc,638,44,6,1,162754,365926,0,0
d44fb2cf-dbfe-48af-be2f-cf515c457c18,740,7,15,0,356364,684310,0,0
71aa6a0e-af31-49f7-a9e0-0b0280f10388,746,NA,11,0,245480,693264,0,0
d85aba11-4cc4-4247-99fb-2522a7e63614,,NA,10,0,295431,828256,0,0
24d78b5b-9a16-460c-b692-ea6431de5039,746,NA,13,1,83809,960784,1,0
e0efac04-f37c-4714-8615-35d7c053ba63,739,20,13,2,134444,415140,0,0
a774d9ef-a9be-4e14-8331-b41474fb7722,728,68,10,0,201495,447810,0,0
b4596b88-28a4-49cd-8230-8b5e5f986c44,,38,20,0,200678,647262,0,0
dac50192-8644-4e6d-83da-86402ad05529,703,NA,14,1,98724,343266,1,0
c10b0496-3e6f-4272-8105-ab595aecf5ed,7040,48,10,0,254315,387970,0,0
3afecdce-06c7-404f-a6f0-b5874e3ef6ab,703,42,11,0,218690,602932,0,0
88cb1787-0416-4671-a9c1-c063846fd935,731,NA,4,1,190000,397122,1,0
1d92ba5b-8688-493c-91b7-240cccb5cb10,747,NA,9,0,184794,354244,0,0
7f2b3486-e97e-4e67-a15e-4eb37d8c50d0,,11,5,0,1957,377476,0,0
0199851e-755f-46a6-b74c-3783555ad989,679,27,7,0,131461,217162,0,0
4a7d9e91-7323-4ee8-ba2b-30cb54dbfb14,717,14,10,0,96425,302566,0,0
4f4e5e00-7466-4e26-bce1-f7860e256e4d,7150,NA,12,0,86830,114510,0,0
3c893d5d-97a5-466e-8c9f-e49a6033cf73,749,NA,6,0,23294,120406,0,0
f7c82544-c585-45a1-b7b8-0271978dc890,,64,12,1,111416,135234,1,0
b13199a9-9359-4401-affe-2ab0bbb9af30,,35,15,0,155876,343112,0,0
d36206ec-8d86-4d65-be06-e2e36dff69aa,717,24,12,0,198227,397100,0,0
7e1f943b-9b78-44bf-92f9-76ecdcb1de58,722,NA,12,0,355129,439318,0,0
cdac6fd5-4a9c-4103-abfe-c72c184edc0e,666,NA,23,0,327313,873290,0,0
04176756-124c-4c49-8691-2c799c2878ee,702,15,19,0,56468,432982,0,0
846524c0-8c71-4a98-a6b7-5b26a2591936,,NA,12,0,226119,526834,0,0
a62f27a4-8526-4d11-b0b7-64e422cd9138,743,15,21,0,430198,730400,0,0
ece9136e-cc46-45d5-bb7d-36c1883fb7e1,706,69,16,1,89889,414656,1,0
ab6ec219-d9c4-42dc-b26b-263eeb0b3130,715,41,10,0,1006088,1199726,0,0
95604507-6324-4290-bd52-c357d717ed87,716,NA,10,0,251902,405108,0,0
95e76ede-73b8-434b-92bb-fd5716c6ee40,,NA,16,0,731861,1200298,0,0
6a046c11-9ff9-4f44-a31a-23bfedf760ef,723,76,11,1,103721,197208,0,0
75d81470-2539-4c70-abc4-90be594c557f,,70,24,0,66538,116732,0,0
6249e8a7-d7fa-47e3-8938-39abdc627ed9,750,NA,12,0,1454431,3090076,0,0
8e20c33d-17aa-4a1a-abf6-fcac8231aaf0,738,12,8,0,117287,187330,0,0
43771b2e-c0b3-41dc-b65a-2af3d12674b0,733,NA,11,0,235486,546436,0,0
8c1001d0-26e3-4277-8de6-d3acc07f3b2c,750,NA,12,0,352659,663960,0,0
fc3ee858-c09b-433e-b621-469ee156b871,,NA,7,1,91694,251592,1,0
15b129af-d561-451c-9693-0660e15f0bde,701,NA,13,0,132392,378532,0,0
f6e4fdfe-8e0d-4dd5-9703-d2f71c789310,735,NA,7,1,113335,267278,1,0
fcb699f7-f625-4634-9c0f-84371f3230e8,706,NA,17,0,447735,765776,0,0
3f23d601-5fe8-4528-8a1d-b44cf5ca2c69,736,13,12,2,134577,352528,0,2
85559183-fe2b-415b-9f39-8eb3374d9492,737,28,12,1,86963,206778,1,0
c5668c6f-f501-45c2-a678-0b716aec1b05,740,NA,11,0,216790,511214,0,0
73eccdb7-61ff-4950-a625-338afbb14bc7,663,NA,14,0,632054,956648,0,0
c1508fac-b270-4dea-9105-ffe51caf2198,742,NA,19,0,32528,1344838,0,0
60c0ce86-a3f2-4fe0-9e31-99e25e1ef801,744,NA,10,0,177441,301246,0,0
f9fdf6e2-561c-402b-b10d-5907dbfa522e,720,NA,7,0,465538,1571526,0,0
ca774a19-1152-4ed3-a04b-97a195fe2fb6,712,NA,13,0,322240,673486,0,0
86487298-2058-4a27-ad74-51f8c330364a,665,NA,4,0,222319,259776,0,0
bff1df47-fc94-4744-b343-f65f646dc31e,,24,8,0,60743,92796,0,0
cbec72e3-4c7e-4420-b791-fe21899ac600,,21,22,0,252814,519024,0,0
8b07f284-00e2-41b1-a42b-4a71dc783e1f,707,NA,15,0,412908,762520,0,0
5f98b7ee-7409-4c2d-aaee-6ae11e4eaddf,720,NA,20,0,185592,223850,0,0
8bf46bf7-261b-4d59-bd24-2403e68a263a,718,NA,20,0,675089,1104070,0,0
595164d9-0fad-425d-9ce0-4f6577223ae7,725,NA,11,0,721088,990440,0,0
2de329d8-5d6a-48a2-91c7-b71127ce3817,742,51,19,0,526927,2047452,0,0
2888a9ed-573a-44b5-8b5b-af75b275bd20,7000,42,14,0,464816,750640,0,0
27a1e525-2205-4657-8f2c-7f12497dbb1a,744,75,8,0,129409,1135112,0,0
0ba205f3-57b2-4b2e-9d61-22886e17b4bb,,NA,7,0,1517093,45042030,0,0
4bde72ad-eb02-4cf7-9980-67abaefcf676,719,41,9,0,235809,323532,0,0
27dfff17-4fc2-46c4-b9cc-228ca103aea2,,NA,3,0,17138,171006,0,0
6e02c67c-d677-4b35-881f-fcd891de0aea,729,NA,15,1,226309,483472,1,0
050315c6-9974-47c6-baad-dc9e4e70724b,,23,10,0,388151,1255408,0,0
1cce43bd-51d6-4daa-86cf-d53cc292f4ec,748,NA,9,0,185212,267718,0,0
07820fc9-e9fa-4402-be71-077481095d09,722,NA,13,0,674519,1026300,0,0
a4f44a99-6788-4c05-982b-3dcaca74c452,710,16,13,0,353837,584452,0,0
ffb8a226-81c3-4c9d-8b9d-4b149b130924,7050,17,8,0,226974,380336,0,0
8a51c5c4-24d7-46f1-a69d-75c890bf898d,731,73,9,0,38266,351692,0,0
e88ec80e-f8f0-4539-89b9-d7ac4ea84b6e,674,38,12,1,170867,433862,1,0
06dde042-0209-4162-a1fc-639dd235d638,714,6,4,0,13357,22154,0,0
c68ce84c-fb48-4601-8741-859a64e2f16f,,NA,17,1,104671,352330,1,0
979add13-6419-4617-8221-c6b2c5ef3d97,734,77,13,0,88901,379852,0,0
07352470-a8a0-4990-87ba-de708faf4652,720,15,10,0,75373,127226,0,0
9ba843c0-a908-4f1e-b287-798c1dafc561,725,NA,12,0,324558,514822,0,0
8e310686-66ff-4b98-a644-06208a204a60,703,NA,7,0,273866,406560,0,0
e3d1dfc6-a942-4321-9815-6427e557e431,741,NA,7,0,156237,773146,0,0
68c9118a-f536-4ab3-9694-97496f602238,739,NA,15,1,134558,1089572,1,0
9d733a32-7805-4d3e-99d5-906cc4144882,721,23,10,0,212230,482812,0,0
21bffbd9-c065-4c90-97e2-c385bb7aef05,741,NA,12,0,350949,1069376,0,0
abcfe4ff-1360-473c-9ad4-8baa033c3bb4,748,NA,16,0,130055,417186,0,0
8ed2bebf-01c0-4bd2-9628-70a5810cc977,,NA,12,0,436924,704594,0,0
f091a1bc-96ba-47c8-8e65-2844413c966f,728,NA,13,1,332519,1156210,0,1
c17c19e8-d1cf-4e90-b6bb-50fa67c81e7c,660,26,22,0,438767,996160,0,0
235dbc54-d46a-4c9a-8d38-7802fc0cf38b,738,NA,11,0,238108,339526,0,0
b7aea5b4-5a90-4bd0-b085-bc4aefb2b5ca,,NA,13,0,911867,1482932,0,0
9e67d144-234a-48a7-8e89-74fa4bd874d6,718,NA,11,0,468141,870078,0,0
9edff292-c673-4285-974c-5554d3d5b925,694,NA,9,0,360962,859980,0,0
638a8fc3-eb34-485b-9054-b75e3300d15b,,NA,15,0,155230,337854,0,0
c3f8006d-d1ef-4a94-ba55-c48034974205,721,NA,6,0,252111,496430,0,0
19eedafc-a696-4fd2-b982-f69e5d41a10b,727,52,10,0,323760,452232,0,0
4aba8ae7-d556-4636-ac26-8a74ad76f33a,745,NA,5,0,59185,139304,0,0
281e2dcf-88e1-4923-ba48-2a60f33095a0,,NA,20,0,2122604,8192492,0,0
b88d257f-2e3e-4658-8b5c-600432ebe70a,704,34,8,0,340233,459140,0,0
a3ff48ff-b39f-4d90-826b-a5b7746b6f2b,732,47,14,0,482486,617980,0,0
0ca34329-005f-46d3-9774-81e187edb146,657,2,8,0,46379,108042,0,0
56519f9c-a1d0-409a-ba75-ca835234049b,737,9,9,0,493392,680922,0,0
b63b9da4-9c38-4aa9-9e4b-2013fb0112de,713,NA,11,1,39026,122144,1,0
6c3d5f55-dfa8-4da6-8844-cbf027d732dd,725,NA,9,0,66595,328174,0,0
320b6989-21d9-4c88-a57c-46173c02d4fc,730,NA,5,0,79078,127358,0,0
8f8d925d-c65e-44f4-a079-5c9862d27eb1,742,NA,7,0,205827,333322,0,0
0f5ef8df-ce97-4ed7-9329-102e6be556a3,744,68,12,0,337364,527890,0,0
fcb9f5d9-b32e-49aa-8b84-d14b7fada1f1,7360,NA,18,0,409830,1083434,0,0
61fb2b5c-5948-47fb-a991-ec3f6f1e6f13,744,NA,11,0,828723,1323542,0,0
2ce1f9c0-09ec-49ea-946d-c9d98c00588a,735,NA,9,0,273239,422950,0,0
5d4be18e-a87a-4e9e-8dde-e2924ef56927,722,40,5,0,177650,356510,0,0
5852b0f0-a0ca-470f-984d-d2599da29b61,712,NA,5,0,964706,2931808,0,0
da72bffc-abb4-40de-9865-efdb09a43033,,NA,6,0,263226,612062,0,0
e4f83df1-540a-4d3b-95b9-8febe1c1d986,,NA,6,0,114418,221166,0,0
725f73ed-e5df-4420-9935-b60c9c93b244,614,55,7,0,290757,485100,0,0
242141ec-9e7a-4e63-8a6b-8fb72b7f9def,694,NA,5,0,357960,457996,0,0
d45b1e31-b96c-4730-be89-a19f6a73de81,746,NA,6,0,532779,877536,0,0
a8561b91-6518-4179-8588-6527b1817ef6,722,NA,5,0,39273,96140,0,0
173d8796-1f5f-409d-8cd3-39ddcfe1f8d4,748,NA,10,0,1110911,3448566,0,0
4afb46c3-ba74-4703-8df7-5871f0eb54fe,730,20,11,0,297502,560142,0,0
c4105753-3c20-4e09-8ff8-fd7184f4c92e,737,73,12,0,470649,777414,0,0
476f550a-2469-4b33-8703-d4337e0b5397,712,NA,7,0,86355,269500,0,0
b586d6cd-2689-4a11-b708-4083c262309e,673,NA,5,0,71972,194700,0,0
325132d8-3f60-46ca-8825-eca84c55f417,670,NA,8,1,32509,256124,1,0
6b86757c-e5fe-42d0-beff-adc642e7b9ea,715,15,8,0,531829,789470,0,0
a25b8857-ee88-475b-83d4-859b6b4b5ce9,,70,9,0,525806,849134,0,0
8cde6f1e-42e7-43fd-8a48-2e97a528dbf1,725,NA,14,0,242117,785246,0,0
153422a6-c9a9-42ee-bc15-1e68ed936ff8,717,NA,9,0,300542,579986,0,0
657924b4-daad-42ec-a1ab-8cf41ffbe88e,702,28,5,1,135185,223938,1,0
2226ff8f-a329-44b1-a46d-43853bb6afe4,740,40,11,0,118351,233860,0,0
992589ba-2a12-4d1f-a074-113a852d6df2,7230,NA,15,0,783826,1370952,0,0
d4298de4-aa95-48a5-890d-e430ac97ceeb,728,NA,11,0,303810,523512,0,0
aa21632e-310f-4379-b3d8-fff91afae0d1,750,NA,12,0,230736,772156,0,0
490ec9cb-76d3-4138-b1ae-292358436d32,733,NA,9,0,131879,231000,0,0
43c9894b-0999-49a7-aaee-a7a8e9a511b6,681,51,7,0,47861,179916,0,0
cb61ed5f-d129-4dc5-927a-a17885073b78,748,NA,8,0,227069,829400,0,0
625e8957-b19f-45fa-be5e-1384afb5a24d,724,17,6,0,354559,546656,0,0
9086c2d0-12f2-4e02-8395-fdbe6b545811,742,NA,10,0,297255,428626,0,0
4f52ecdd-5fee-4cc1-9732-430668a6fec9,742,29,17,0,135907,364298,0,0
c8153c66-a3a6-4538-a2c3-faee62b72a99,740,6,14,0,718618,1122924,0,0
5fa73080-d3dd-4cf2-bef6-d93ac0894fed,,5,19,0,838375,1150182,0,0
9a86bc06-59d7-4896-8e47-4fae48accf7f,,9,5,0,37278,123662,0,0
e5ded480-7244-44c5-8f46-2165e8918296,7290,NA,7,0,369094,583858,0,0
3cf3e2b4-66d8-4af0-850e-b8d3a425d720,,NA,16,1,458565,705144,1,0
cee21435-fe7b-4c64-8f92-39d15996a35e,687,18,11,0,305197,821854,0,0
b695a347-83dd-4fc5-8e23-2fd9a6a04466,715,NA,16,0,205960,752268,0,0
d3ba0495-ccd3-4a6d-9381-10c9f365ac6c,668,78,10,0,366928,476850,0,0
f2dea4fa-450c-4be4-a3ba-78f3e4c47302,,52,9,1,80047,362076,1,0
26f859a7-a197-4885-b278-29fc85bef8fc,717,28,4,0,93423,141592,0,0
39930707-db5e-472d-bd76-e833f2111722,693,NA,7,0,202141,292204,0,0
e044e353-a96f-4d2d-b29e-70ea2f819460,,39,4,0,129960,201168,0,0
c379de89-c45f-4503-8ada-598eb5ac0b57,691,34,12,0,92815,257708,0,0
de6b0653-6b0f-406d-bd1e-a915b1126310,748,74,7,1,44840,87384,1,0
306c3409-11e9-4d66-9d22-d975dc33e7aa,601,NA,13,0,700188,1417372,0,0
b61dd31c-ca68-46cc-824e-a31948ef3f06,739,16,7,0,176757,598422,0,0
4063e621-b2e0-4e1a-ab50-8ff913e02137,730,NA,8,1,205922,374902,1,0
24d0ba2f-0c85-457b-bdf5-4a2e491a5a96,722,68,14,1,249185,712426,1,0
8abf7f76-30d8-401c-b526-80630264587e,663,35,10,0,572755,705518,0,0
de87907b-82e4-47cc-a77e-7cd42028e079,740,12,18,0,275139,552156,0,0
d0ca0326-d82d-4944-a89d-df7fe53d7b44,742,NA,7,0,84094,137522,0,0
c1e21c47-3aa4-4135-8428-c8ba55beb7d6,,12,8,1,343216,1439900,1,0
b968d69b-fe17-42ac-b37e-48724eae4d5e,7040,NA,7,1,139992,264022,1,0
43a8358b-4d3e-461c-8ecf-89dc1a7a1f4e,699,36,11,0,2151883,2854126,0,0
85d784c8-89a7-4f48-81f2-1477c2849606,723,NA,4,0,260129,314424,0,0
b6ef3b21-a811-4ee9-a9db-a4c607e7ec81,,NA,28,0,264670,2173446,0,0
11d841c0-4922-481e-b6e6-c760dca34b70,732,NA,4,0,439755,526570,0,0
b3f6b9f4-810c-40a7-a488-ac2844e50031,,NA,17,0,804764,1335004,0,0
bf5b5a9c-6f59-4183-bec7-d8685e226882,702,45,12,0,382090,543510,0,0
1cf81c05-be9f-4d19-9a35-6c8d11c56eb5,616,52,9,0,1264773,1525480,0,0
9a3af698-61b5-4483-b2b2-b597e9ade41d,746,35,12,0,95855,449394,0,0
ee4c8570-4c2f-439c-b35f-c18eea9906a3,712,NA,17,0,1570692,2981462,0,0
0e70805d-0614-4e38-8a90-15958e11c614,728,NA,10,0,129846,155804,0,0
4d860f1a-5c41-4f98-a53f-d8c0fd6afab3,,NA,9,1,105906,227106,1,0
b26fc592-99a9-4dc3-acf3-397555b53406,729,NA,11,0,1425,829796,0,0
5865ffef-a831-44eb-935f-29cb139f63a3,728,26,7,0,101270,179300,0,0
2b3a34d8-1fad-4b4e-8b9a-49c241571597,714,53,17,0,368315,706068,0,0
fac4b3dd-8257-4155-9ec9-bcfa79a179f7,729,NA,8,0,287774,391534,0,0
092bf29c-1296-47a4-b517-4c95eb0d58d1,663,NA,7,0,251256,400180,0,0
c76c364e-3c60-47f6-b886-4ccfc94b319c,,48,11,0,477755,1162150,0,0
16444871-1c52-488b-8a4d-117a50be8ffa,749,NA,24,0,1038483,2055460,0,0
fd7bbefc-d67e-46ad-bcf6-21026cd39fce,731,25,12,0,702639,1327216,0,0
6706a46e-6a5f-4e7e-a1a7-268a1641e6d6,656,50,22,0,325945,477136,0,0
0b58c75b-ebb8-4859-a5cf-2b1b07c5d375,662,54,7,0,7049,43956,0,0
642c9531-b7cc-467a-88d8-85a5d4116e8a,721,7,4,0,101954,123376,0,0
d6d0f735-ebf4-47dc-9177-bb8ac049166b,707,NA,3,0,58653,75394,0,0
d2409423-0efd-48b4-9ef4-8f3b4d28d131,704,NA,19,0,525198,1115840,0,0
04dd29d8-4117-4ced-9d60-24a86dda1228,744,NA,8,0,130758,529408,0,0
f5882e8b-eea6-4b72-b446-64c85caaef6f,6970,7,15,1,173660,349690,0,1
c6fb79b5-67e5-4a27-861a-ad301eaad501,,35,8,0,80332,200068,0,0
a25ec195-105a-4feb-a7e3-7f59992af51e,,NA,8,0,206511,608454,0,0
f6a06790-9810-4874-aa1a-264822c8bd3e,706,22,5,0,107768,228140,0,0
33f6cbf0-3260-4f0a-b825-e0e25dfcfcdd,720,NA,10,0,280307,338096,0,0
56633b60-03d6-4752-affb-fcd266d26000,748,26,15,0,391495,696300,0,0
4417219a-a7ef-4228-b456-b5869e416a52,723,NA,5,1,104177,161040,1,0
fb4c5dc5-e840-433f-9979-1ff5edacadd3,741,NA,9,0,310536,638660,0,0
429d5a54-50db-4839-a4eb-56669f785c25,730,59,12,0,50179,229636,0,0
9cb8992b-6dbc-4e7d-bc68-85dc5b8d1dbe,716,NA,11,0,429989,638330,0,0
2d500e90-e76f-4d2a-8e59-40e1cccd538a,,NA,9,1,130131,203610,1,0
f6e4761b-d915-4a0d-8cb8-37d28a3aef83,747,NA,3,0,123329,383856,0,0
d0e4c8c4-c7ca-49c2-9ea7-4fb61ee53640,,68,6,1,118104,451308,1,0
28e7bad4-83fc-4722-8e59-8b8107088d32,714,NA,11,0,258951,986326,0,0
91981640-c0d8-48a5-a11a-f4f0090f784a,751,26,8,0,82669,376860,0,0
115157a7-115a-4640-a105-da99f26e7d4f,751,NA,6,0,7885,194304,0,0
d9f3fdc7-daea-498a-915c-61db21c69a66,,NA,10,0,58273,636482,0,0
17ab35d1-47e7-4100-863e-f827706d90ff,,NA,8,0,548245,727980,0,0
c36064e0-c21a-4897-9b87-39f4cf8f2894,714,NA,13,0,137807,188826,0,0
87739227-d9a8-47ea-85dc-c210d12c2a44,,NA,10,0,132791,327140,0,0
589922d7-60f6-4f75-91eb-57188e02b7f8,710,NA,18,0,448324,1121186,0,0
f0f188ec-b261-4f2a-b9aa-5df9f5a5002a,729,NA,11,0,96425,198660,0,0
2c5f383b-33fc-4f16-99f4-f4aa53dafb24,737,NA,11,0,403864,681692,0,0
2c2b4625-c17e-48e2-96da-14baf56d708b,697,15,14,0,153501,550264,0,0
fa3e411e-d940-44f5-9a8f-c1394c675ea2,675,3,9,0,360487,899580,0,0
f4ff560b-3fe0-4516-8ddb-8a5a52bfcc7f,,NA,5,0,84341,144254,0,0
30f90d5c-4a76-4fab-8438-7481b3ee6d75,700,6,24,0,356763,590128,0,0
32589801-854b-414a-bd2c-ad2b889606f9,735,27,4,0,73435,99682,0,0
03dd5d12-23bb-4fb4-977a-0eb516158950,,56,11,1,19418,99044,1,0
2f04c38b-3c7e-414a-b6e4-bad6b918f6f6,,NA,13,0,12578,393426,0,0
31fdc4f9-2e79-434b-9aa2-5513a6f69f2b,679,77,7,0,111302,234762,0,0
f6e06fd1-c2a9-4fdb-bcc8-bd58fd539358,743,NA,11,0,259635,519222,0,0
58e481c3-366f-41c4-ae2e-f071c5aa72cc,750,48,11,0,248064,825374,0,0
31d65fe3-50e8-4dc1-a8d7-0a9f4ab95198,,NA,16,0,434872,727672,0,0
885fea52-0cb2-4891-8949-ff7afd457170,749,NA,12,0,332842,1082532,0,0
10947015-b4cd-4762-a5a4-13e137a0e4b0,737,NA,8,0,299250,369798,0,0
d4abdc80-190f-4346-b1e1-efc94ea5014e,,NA,5,0,25669,183502,0,0
0109e4e7-af13-4a5f-b935-786009b3c9fb,746,NA,6,0,156104,1348974,0,0
0045ba28-ce3a-4732-ba2e-2609d095ac35,690,14,13,1,6213,32714,1,0
21ddda31-5546-4f03-a620-eb0fe0684d28,711,NA,17,0,393832,737902,0,0
80ba0076-f081-42b3-a485-46decfb3865a,729,12,9,0,230337,396902,0,0
670c1f93-969a-4b3b-944f-58e1e8b19bca,733,62,10,1,102201,220770,1,0
89497547-0743-4f08-85a3-e906b675d580,737,26,6,0,127471,440572,0,0
f224efe7-9995-4c18-8a42-64649c630e46,6530,31,11,1,164312,243298,1,0
afd56330-3793-4f0f-8ff6-dd8fd87f564c,746,NA,10,0,254866,1612644,0,0
a59a48e2-3ca5-4afc-a469-f903dbe6462f,737,NA,15,0,4617,281666,0,0
a9071e65-04c2-4d53-9fbe-e914f915e0fc,698,NA,9,0,174363,245300,0,0
ecf0ba11-0a14-486a-8e5d-9264f6c39806,748,NA,9,0,81130,321706,0,0
88123b31-aeb1-4c98-a137-ca6e5e431819,736,71,8,0,476577,549626,0,0
8a58da5a-3a57-4d63-998e-0904c3d03963,741,NA,13,0,294367,862928,0,0
ab2bcefc-cda9-4d11-b85e-3d57f32d44f0,704,NA,8,0,93024,238260,0,0
0901fbf2-95ad-46c0-99e3-14bb69467a16,731,NA,11,0,145312,266222,0,0
f2251432-c50c-490d-9639-753947a5653b,690,NA,13,0,171475,390874,0,0
dbff0677-1e2c-4948-8ab4-0f7d9b482120,716,NA,16,0,401888,979682,0,0
a97a6ac9-8dd9-4804-bb52-f3108f5d8830,,NA,15,0,100757,254166,0,0
bc039c06-93b7-4acf-af14-c666c5cf9d41,672,52,17,0,399057,634722,0,0
99c7bce2-f644-49fb-8f75-973e214270b6,736,NA,12,0,146566,272866,0,0
6abf5d81-b6cf-499c-b6b7-f04f0f278fe5,739,NA,6,0,26087,272118,0,0
d7b3d520-355f-46de-93bc-e920c34947ef,691,NA,15,0,611439,995764,0,0
3beed462-4463-4d3b-b7c8-418662a3450d,701,2,15,1,68514,346434,1,0
c84edfea-8a5b-4ab5-9a6f-632e2b52f393,711,22,13,0,96805,219340,0,0
c617bc59-b2a7-4700-8ce3-5a2864474bd7,694,NA,7,0,200051,240790,0,0
143449c1-e2b4-40f1-ac41-68ef0adf5e4c,706,NA,9,0,224675,466224,0,0
1eddedcb-33c8-467d-8ce9-df44e4b3a8bc,673,44,10,0,418342,497332,0,0
01779555-4272-46f1-be50-3c4e5df8fc03,,7,9,0,331968,406758,0,0
1d0e366b-bbf0-40f5-9b58-6260aae74795,719,77,12,0,114114,514096,0,0
e50b78ba-13a0-4426-a1f1-dcd50f12fde8,,NA,6,0,107825,245762,0,0
97f10ce1-38e4-4a5f-8f8f-75cb84be1629,,31,11,1,49552,246268,1,0
fb4d6ce7-b16a-4d6e-8e61-7f7ed3a0a3c5,742,NA,11,0,345705,635360,0,0
bc1bfc2c-d4f8-4cf6-a91b-6eafd13ed191,717,NA,6,0,616436,1074942,0,0
2ce3414d-2fc5-40aa-b0c1-75e6ddf5420c,720,NA,7,0,326496,1092608,0,0
c912bc2b-6286-4e61-b481-20706daa8209,,NA,10,0,209988,792022,0,0
a43ae03f-def6-4727-8f4f-0210b5cf2874,750,NA,7,0,143241,623502,0,0
28bbe8a4-6ff9-4e1c-8535-b8d95c7b5547,722,NA,8,0,299003,353276,0,0
a0d42aaa-41af-4f14-a35e-4f69a4dff151,719,48,11,0,409450,1070212,0,0
83ac83df-8ca0-4b19-99ec-84c2780376b4,738,66,8,0,64277,133606,0,0
748cc064-ae44-4bef-ba58-ecf4452109ec,702,NA,9,0,201913,363594,0,0
19fd5a2a-c4a8-4715-aa1c-eaa6fc11fe0e,723,NA,14,0,269534,1009976,0,0
082a73cb-2395-4528-8089-f51855b2c8fa,750,NA,24,0,1014619,8332104,0,0
d0320a2d-4534-49ed-a654-31c47f6c68a7,7150,38,11,0,534565,664818,0,0
65e3793b-e220-4b35-b5fd-930c0da852b5,744,NA,7,0,79325,182952,0,0
6f07caeb-e54a-46e4-ba4c-cf47ea9e92b2,6550,NA,10,0,357219,558932,0,0
9a51214d-cde3-43ef-a2fa-85447fb86a3c,,NA,10,0,278559,622644,0,0
7ff77072-5eea-44d9-8e9d-a1048894ab3c,,46,14,1,231895,366828,1,0
9c03f7f3-1b6b-4458-a947-616df3f4aa86,,59,11,1,215574,438680,1,0
f186ed3f-3674-4f2c-9750-a095d7db72ae,746,20,11,0,202369,497508,0,0
b652e8d9-7207-410a-acb3-13482f6bf1b8,720,43,8,1,291669,787248,1,0
0eb837c5-db58-4880-8423-72de5775906c,734,NA,8,0,226765,394834,0,0
c7966088-6304-4cc0-8541-1396a982de00,712,47,10,0,127167,302984,0,0
d83c50fb-950a-4296-83f4-430d7a3cc21a,709,58,11,1,331664,800074,1,0
b016a780-7050-46e9-af10-4772f2b2fbc8,705,69,11,0,244454,309034,0,0
c8282992-ceed-4c82-8c8b-01728dca2a45,740,33,12,0,396644,582824,0,0
f44496cd-5c0c-4952-9dbf-0e864834e3a2,724,NA,7,0,5700,471020,0,0
1823b695-e306-4521-a908-2cc6b93f05ad,732,NA,15,0,760323,1030876,0,0
0b581fe3-5bdc-47fe-a10e-ede396228e02,731,NA,8,0,512202,643236,0,0
55d3ee88-774e-4a15-b01b-2cb13507174e,,NA,9,0,1112184,1375858,0,0
4bbb7ee8-753b-47ba-acb5-597ae499b636,675,7,10,0,509618,988416,0,0
1af57d89-4711-4b42-b550-adc32ff0f384,7200,NA,16,0,957144,1181532,0,0
e5e9f773-3d42-4438-8afb-945821b79b42,,NA,7,1,104519,162690,1,0
3c642d05-b46d-4cc4-8a91-aa409691d8aa,732,8,9,0,155363,214918,0,0
1c70b37e-3860-4abd-bd3e-0570ecfe9837,739,39,5,0,202996,247940,0,0
206c7b26-db44-4c00-a637-3fcb931b3138,680,NA,10,0,391723,591338,0,0
1e070164-40f4-4bd9-ba9e-19d007621d93,707,NA,8,0,251237,297462,0,0
eb3239db-b9f3-4e0e-a915-39fdc02bc0d3,713,16,5,0,48184,58652,0,0
d72f4e4e-ee6c-4f27-bcd6-c4f6075d7b1f,,43,12,0,322582,640684,0,0
6e33d7ce-52f0-4076-9f35-e5f882aac71e,742,74,6,0,55195,199122,0,0
b6ab4baf-7e4c-41a9-9155-6a6e12349f1e,728,NA,20,0,918802,1271072,0,0
c8b2e8d8-a033-4b1a-817b-642b030ee7ac,704,38,11,0,354122,921426,0,0
01c35a59-20db-4a70-887c-d088cbff8c9c,,NA,9,0,90117,190784,0,0
88d7e433-7192-4c66-ba3c-d6db810ee2aa,716,15,21,0,736136,1198846,0,0
effcebf2-1df8-43ff-9a40-141e7f2e7199,740,NA,6,1,72143,134288,1,0
b12f943d-c320-400d-8365-3152ed97bbf3,732,23,12,1,220077,382624,1,0
82b5b34a-898f-4f48-b047-275b17a1082a,738,NA,8,0,90516,342474,0,0
c8fe9d70-68e7-4d8b-a834-2d05037f9637,750,0,7,0,107806,780120,NA,0
3f95bb33-8a03-4539-969a-bcb1d49ca71d,742,78,8,1,161861,264330,1,0
dce38e34-b627-4001-b8ad-c04831517197,718,NA,3,1,318630,381920,1,0
8208490e-511e-4662-9bd1-11886051bb96,687,43,21,0,234061,818774,0,0
f3093b67-cbe7-4a7a-b9ec-cab7c4920ab5,750,25,11,0,42446,501534,0,0
bd0af266-fe9a-491f-8f24-42e2069ead23,702,NA,16,0,408652,843480,0,0
3447a485-d1dd-4b97-a997-a628a2e568b8,729,NA,5,0,133342,163900,0,0
8723d3d5-1ab7-45e4-9b7d-19b9e0a0717e,635,61,22,0,69046,251416,0,0
f5e6ed9d-535e-4e97-a8f8-bafefa74141f,661,8,11,0,258172,914166,0,0
92630562-535e-4623-81d7-88d410b55eb3,704,NA,4,0,132088,273130,0,0
700e7565-15d2-42d5-81f9-f71b27debed7,,42,7,1,105621,151184,1,0
78709589-d1df-47b4-b558-a7aa4a3da9d3,674,NA,7,0,126673,586652,0,0
74dafaf8-072a-4192-b671-1e9cc5e226f7,644,NA,2,0,132050,157300,0,0
267a2a9b-b2ca-404b-8da8-6033472fe257,,73,8,1,30799,228602,1,0
3620e3b9-607a-4d4b-b5c0-8f37b09b0ede,751,29,11,0,38361,312840,0,0
7688c3a0-b66b-4b49-843e-14cbb6851d60,700,15,23,0,318383,1480534,0,0
c71704cf-c6d2-4fae-97ec-4901d0db31a3,740,15,9,0,291365,367488,0,0
d2f903a5-08b6-4f0b-afbc-18e510417a69,738,NA,13,0,178201,289388,0,0
116312c5-6dde-4f01-8930-47d80ce447a7,738,NA,10,0,744344,880374,0,0
4f4ee244-a7b2-4dde-afa7-554a6c132c78,718,NA,4,0,83486,163042,0,0
3e378590-d085-47ad-91d4-5856cc78327d,710,NA,7,1,131176,249810,1,0
a6d404c1-0c95-4f35-a809-012f08b16819,722,NA,13,0,237082,327954,0,0
54410e0e-21ac-4c9e-b9a0-fa54e8e3a405,730,NA,10,1,170753,342672,1,0
a84f64e9-39e7-442e-be5a-998a59cb1dd6,741,NA,6,0,67526,145618,0,0
2d170004-b2b6-4eec-8d07-5aa80abcbaa6,689,NA,7,0,145882,449240,0,0
a737ef87-983d-4bfc-a528-ba03f85fbce0,737,NA,11,1,261022,514866,1,0
90676e50-39ca-40d6-927a-b3e942ddc0bb,652,NA,7,0,766232,849002,0,0
9e5f30fc-ab1d-4e97-8444-18851866e4f2,688,NA,16,0,387220,947914,0,0
5c34d1be-b62c-4c31-9390-ea1b7ed7ce45,719,16,4,0,5225,108086,0,0
0e92a1aa-e253-4bce-a6e4-ca6b950fc3d2,747,33,22,0,151639,624844,0,0
c6491f75-309a-42c9-a1c3-de03a6abe1a5,747,NA,20,0,505210,2867546,0,0
3b95d5cc-c38d-4ade-a46d-8d69a6e80172,,NA,22,0,466564,555808,0,0
e27c7e06-8c78-46c8-87e8-d8956f468f2a,708,NA,4,0,31445,46266,0,0
decacc3b-5ac0-442d-9e63-dd7844680b22,,NA,6,0,148922,219648,0,0
9883013e-e87d-413c-8e93-6d71323d902a,674,NA,6,0,97831,113872,0,0
7bb2cf1f-9430-4d08-a83f-04f5ad430c67,698,NA,7,0,234232,295460,0,0
08d7a5c0-21ba-4b6c-971f-2719268a930a,668,NA,11,0,578189,858308,0,0
9f6360fd-2913-4fac-8e42-8992abd1e592,7400,NA,5,0,100111,250888,0,0
879e5f15-6650-424f-9b9e-82bea03f4c47,725,NA,7,0,71136,320518,0,0
d8f315af-141d-4ff6-ab5e-bc3161d44ca1,725,NA,7,0,271035,355410,0,0
e7493beb-a329-434b-977b-29ab9b15d67a,716,NA,9,0,174344,273526,0,0
4c836e56-a77e-4299-91dc-519a22e3fec5,,NA,14,0,751241,1775224,0,0
651674cf-0c9b-4fe7-8fdd-7cb74bc2b879,,40,9,0,187549,1438206,0,0
2e5f185d-fee1-4892-a202-5ede8e4b0730,737,73,6,0,636614,791780,0,0
ce9e2b40-12b9-42b4-9f6a-cf334a37013b,704,18,10,0,208297,699050,0,0
e9c813f5-0fa9-4681-b1c1-8cf8997de1bb,710,NA,8,0,193078,462880,0,0
f47fa2eb-2373-46bd-94ad-84b663c8b498,747,NA,14,0,179588,535920,0,0
bac77c55-3e1c-45e1-903d-bc1d2bb25c21,743,NA,7,0,215384,828586,0,0
8e4b3a8c-bc20-4039-a102-c7cf50fc7cd0,,NA,11,0,9177,236324,0,0
73a326cb-968e-4e77-b352-dce4ee112c1e,,NA,14,0,485735,759022,0,0
e96ea32d-f494-445f-9cf2-10c69abea10a,,NA,3,0,91998,123992,0,0
39528c4d-9dd5-41b9-a195-4393f3ae41ff,664,0,7,0,9728,64350,0,0
d63c5c32-385e-4089-bbd4-c08ea95fc2b8,735,61,11,0,241984,670274,0,0
87d36556-667f-4a03-b4f2-ee84e72525df,7280,NA,10,1,176890,336336,1,0
6f9d5c64-0dfc-4b93-8583-0ce441c29f8a,740,NA,22,0,513019,1702052,0,0
1bacbf6b-d27c-42a5-b931-8e1716bdcdc4,707,NA,12,0,410343,705980,0,0
2f300b39-be15-47fb-b2be-0e8c6a098e28,640,NA,15,0,383572,542278,0,0
9ad0f1b6-e5a1-4a50-89df-200498d9fc76,7460,15,15,0,233966,442662,0,0
473bd319-2107-4c1b-b5d4-c05d0910bfb0,673,NA,12,0,164597,201872,0,0
4576019d-3d7f-4b78-9f3c-814b6fd1e9bf,704,15,8,0,235030,360932,0,0
cfb9af05-ba04-4a9d-b5be-de89358ec21a,746,61,13,0,459971,860398,0,0
82391d10-267a-48a0-a9d5-c7c3126501b9,7210,47,11,1,71155,175648,1,0
d006aa02-5af5-4254-9f34-05621de91e56,678,NA,9,0,49457,252296,0,0
40290a8b-33e2-41bd-a01b-93505529a131,692,NA,10,1,65949,95458,1,0
cb501a78-3238-46c9-9cac-b6de2d1e72db,6820,21,9,3,77805,220836,0,0
92ee5eeb-3396-429c-9fc8-6493201df36e,713,60,16,0,167580,552816,0,0
cb1c1d57-83be-40bf-9893-a91c61ad91f5,746,NA,10,0,481574,666996,0,0
ccc9e348-83d8-47ca-8b20-57fc383d653c,734,6,14,0,304494,498696,0,0
8805b978-8dda-4e8e-a3ba-f3e6b2eb37ba,,NA,6,0,112822,185306,0,0
416b7f87-9363-4c16-a051-95b615c6939f,737,8,7,1,55062,206316,1,0
dedf520c-76d7-4dfe-a892-eae3f65dbcb2,725,60,10,0,446823,794750,0,0
00cfe9f4-9aa8-45c6-8c93-a683822e2b54,739,17,15,0,627551,1219174,0,0
e87a2202-edff-4233-89ae-6fd076da518b,742,NA,18,0,1284666,3567146,0,0
c46383a2-a37d-422c-9b8d-82640d00d12a,,16,7,0,42978,114400,0,0
4d6127cc-6234-4a66-b52b-13ef38c282bf,720,81,9,0,128953,572088,0,0
9a250d83-2b0f-45a3-88b2-f6e1449382e9,706,17,12,0,221122,495220,0,0
769dbaee-baf6-4c46-9977-ffb557cb0dbd,706,NA,12,0,455164,599566,0,0
6d604d27-ae61-468c-a2ce-a6ee7bb6e070,692,NA,16,1,305026,957154,1,0
f48fe58a-df4d-4cd8-8617-27eab7fb2399,740,20,6,0,51718,84084,0,0
fa605810-cc3d-44c5-9426-3e9eaf7b419f,729,NA,7,0,67469,338162,0,0
e3b52c00-ff6c-4f9c-ba5e-c2b01c1610ff,,NA,7,0,123899,368786,0,0
894d2bac-6efb-464c-954e-93b97c83c874,739,75,18,0,74005,1020118,0,0
4c7d0c42-64bc-480c-8e09-ff34d5a44e06,750,NA,16,0,21090,343948,0,0
75b9cf10-6dfb-4095-8da2-d7d5d4766c6e,704,NA,9,0,515736,640750,0,0
522d4245-6e8a-4c28-9741-d2606c4c2109,698,NA,12,0,233833,499554,0,0
1e613edd-283a-4d4d-9726-67f70c3ceafd,684,9,14,0,244549,417010,0,0
611417bd-9816-40cd-b160-6717019daae0,712,20,13,0,493772,875534,0,0
a2a4373d-6fba-4beb-90a8-c3738b17c470,716,44,16,1,162146,557084,0,0
4400b598-1c68-471e-a1c1-2529f10c955c,704,NA,9,0,115976,307318,0,0
e056ac53-bcb9-49e5-8367-a86fbc62cd5a,721,NA,14,0,774782,1125630,0,0
b69041d2-697a-4063-98f8-8080b120eccc,,26,5,0,83277,133364,0,0
01f9e47b-fbfe-40de-b769-ca2e45766e06,746,NA,14,0,981236,1184744,0,0
a31c8ae2-e46b-4730-96ac-a453f4f07722,741,NA,4,0,180557,319198,0,0
43e9ca95-2d77-433b-a302-2d3abeab6e3d,729,63,11,0,219184,361548,0,0
4959cc8b-87c8-4056-af35-d279127150fe,746,NA,12,0,445626,630784,0,0
60d58aec-0f95-4e23-b5b3-1486622e17ac,738,8,16,0,380741,1217810,0,0
b59d29c8-225d-45d5-9804-990cca497610,730,24,19,0,538441,797258,0,0
0eed7e8e-27c4-4209-9829-165fa20044ff,746,33,10,0,225036,356444,0,0
6fa1ffbf-a62f-4987-8b3a-c172a3d9b83a,717,38,11,0,491834,754292,0,0
fe8054a5-4625-43ce-9152-c3bec345acbd,730,NA,10,0,58463,251614,0,0
5a9befc9-3798-4776-9484-07bb993186e1,748,NA,17,0,321290,941798,0,0
2027dd14-9a98-406f-9988-0828918a149b,692,25,17,1,224903,466664,1,0
c00fe384-6a5f-46f2-ad6b-94b0d0503fb7,732,NA,9,1,156617,297286,1,0
e6fda588-de84-4270-acd1-bc7f7f9ceabe,742,17,17,0,307800,1153394,0,0
898273ef-ab15-4a8b-9516-f12f21ab5f56,718,45,5,0,111777,216062,0,0
353797fb-b214-41b1-b4bc-1d901b524ffb,,61,20,1,186808,276980,1,0
79ba392a-5ac2-47d8-aac3-fe0c6a37e5ec,736,10,7,0,667147,1364792,0,0
f8543ac5-9527-4d7a-b8c2-a5f5f55d1f3d,744,NA,12,0,520581,1772870,0,0
266dae2b-412a-4101-9432-dd6503eeea20,744,17,6,0,301074,501600,0,0
a93ae285-6d2a-4acf-8482-f554e9c48fac,700,NA,7,0,816316,1465442,0,0
10424bc6-50e8-4168-98dc-9fe0d5069db5,,5,16,0,964174,2040984,0,0
1cece2dd-9529-4aab-9bf5-f92326faf505,724,NA,5,0,72124,261822,0,0
6b7b5f65-6b6e-47c2-972b-05e916bbd900,714,53,12,0,557004,998360,0,0
f6483eb9-c5e9-44c3-abd5-ac9956016617,,63,9,0,354483,658834,0,0
c0508d73-c93b-4d4c-81ef-c758eeec3d27,,NA,11,0,140030,667194,0,0
a34b1c18-3baf-48e9-90c9-2f66802c38dc,730,NA,6,0,261668,383042,0,0
681c86b5-f538-42eb-b07a-f119762ac61d,,37,19,1,75639,921822,1,0
65f02bbb-a616-4887-9d1c-0da6f38d3785,652,40,8,0,194636,278212,0,0
f10e669c-d341-4db7-b82a-9b6e2eb6742a,674,NA,26,0,528390,1160962,0,0
d2e097e5-a266-4e15-80b1-e1c5de49f85f,6660,26,20,0,128041,661892,0,0
225dd019-0214-4fd0-a98d-91c8e477447e,734,31,16,0,145825,307560,0,0
20bfc696-f7a2-4ba3-a440-04108ff8d317,701,6,11,0,280193,352638,0,0
dc56f3ca-4369-4a3a-927a-1725feb79b4f,738,NA,12,0,327731,459976,0,0
1444f98a-9f1d-4d15-9616-b3dcc78bea14,745,30,11,0,245005,703934,0,0
f4c2cfec-e3e7-49be-a0a2-d81d88a84fb0,,81,7,0,92245,409222,0,0
cacf79bb-0600-45c4-8d47-244aaa95840e,688,NA,9,1,33079,91828,1,0
db480d7b-dd18-40e3-a234-bc0bd702ef10,747,NA,10,0,786581,1045682,0,0
26a56c8c-5127-4f9c-8f25-063dc734b448,707,NA,7,0,84417,170588,0,0
9f3dfd15-a80d-4a59-821c-236d964693bf,725,NA,22,0,2033665,3767610,0,0
d5c82c45-96c5-4d7d-9d91-b9e58bc071ce,706,31,9,1,124849,368764,1,0
7bbf5108-2216-4ea7-8107-a64fbf0837ca,696,NA,4,0,60762,79222,0,0
a218ddb7-bd69-482f-b6a4-e3a13d39b35a,737,NA,8,0,11609,584144,0,0
320809d6-9343-4400-9b14-13f7ba811b7a,745,42,12,0,201229,418330,0,0
b00b470d-76fd-48e3-8a52-fc3787a3f542,701,NA,6,2,132943,208010,2,0
adfbfb09-c8dd-43e8-88a6-fa1e0991ddd3,,NA,17,0,710315,937838,0,0
8cad896d-5fc0-40f5-b1a4-94d14f1e2003,746,8,11,0,185611,230604,0,0
324cc7ce-534c-4944-aea4-24b5a92ff4e2,741,23,14,0,97926,270622,0,0
b5cb788b-c9dc-4f88-be8c-8f811c69c0c0,7120,48,17,0,342114,709918,0,0
d771aaf7-eb59-44a3-88c2-70dca1ab27b7,733,NA,14,0,136762,356642,0,0
36be5d43-64d4-49e3-aab2-4073b67ee9d2,694,31,9,0,370386,559152,0,0
64afd176-e1dc-4962-9865-4ed01798fed7,633,NA,5,0,296875,429154,0,0
a7aa946f-e2e0-4832-abb4-0077bea54d12,719,NA,5,0,946713,1309660,0,0
b72998e9-5f84-4f96-9b8e-a1efc91f07fe,685,25,6,0,66690,161898,0,0
7c26db03-a374-4d4d-aff7-e5ce587def45,694,59,7,0,117857,194392,0,0
913ea202-b25b-4bcb-9001-ffcdd8f98d76,715,NA,10,0,62396,213136,0,0
f3a40fb2-372b-4b5c-9f90-af0159899709,663,NA,5,0,0,0,0,0
3ad6aff2-f3ac-4b57-b28d-6efd143dbbd8,722,NA,11,0,268299,770858,0,0
e314020b-acd8-48aa-9ed7-e9bb9fff6c57,733,NA,4,0,68495,108658,0,0
f086f934-ba8c-442f-8200-88636a4cc60f,695,21,7,2,33478,59378,0,1
6f6fbe90-d7ff-48a8-acab-6154ea1cb32d,719,5,15,0,384389,969672,0,0
77f6baaf-b914-40fa-828c-87d7d9316669,740,33,7,0,108015,174438,0,0
4fcf82cd-9080-4369-ba0d-63062bf75d9e,742,43,6,0,187416,250580,0,0
3bff1302-0b34-43fb-b1b7-c4de2f538a25,695,81,10,1,80047,278366,1,0
a323da3c-9435-451e-88a0-7f798da2dfac,,NA,23,0,1019806,14760482,0,0
b7330afb-80e7-4168-8ae4-298ca5d42f64,696,23,12,0,170981,1253032,0,0
9f65e59a-b6e3-406b-a0bb-d553fb3f6f96,674,NA,13,0,542773,1142702,0,0
ea9cf96e-1403-4311-852a-e342932452bc,722,NA,5,0,359157,848694,0,0
2111e6d1-0610-4e1e-82a4-0bf85b9663d1,,NA,24,0,1029724,1733006,0,0
17e3da6f-2161-4864-b7b3-682cca6430d2,718,8,13,0,139194,426360,0,0
bd03d311-3569-4272-bc04-50b4e80d1871,740,22,7,0,87248,322784,0,0
dec9b9be-b387-4921-9d80-8584300d35e7,694,NA,13,0,367935,509608,0,0
0cc4aca4-d2bc-4924-bb60-15d0367aa6ab,703,NA,6,0,297160,469414,0,0
ddeff883-956a-477b-b63d-9e3b7fe01fa3,729,NA,4,0,140942,178354,0,0
3f9349bb-e056-4e76-b5ad-b01a02e3b9b6,732,NA,16,0,261573,352616,0,0
4791d986-8d07-4e4e-b19e-a3c472513190,725,NA,8,0,118712,253132,0,0
9aa35fcd-1670-45a2-90db-1c88fb3aa0fa,717,NA,8,0,130568,277376,0,0
165749fd-d332-4090-aca4-87810f3abffc,745,NA,14,0,96425,177782,0,0
8df27ee6-6600-4997-b526-7dcce9b2ae7c,,NA,7,0,212268,421608,0,0
8248d8b0-45a9-4128-b784-2f9f91bf08e1,717,25,18,1,317414,459404,1,0
e6ef6df1-398d-4a63-a68c-b3ef76545994,,4,11,0,410286,654368,0,0
33d6344e-b607-449c-a396-81715b6dd033,,23,11,0,98420,267498,0,0
4c1542fa-a657-463a-8c91-50fb01a722f3,641,48,20,1,326211,878416,0,0
f8170c60-aa8a-401f-8cb9-a7fdccf2f6ce,741,12,9,0,22230,130702,0,0
eadcee4c-37ed-4d80-b003-49fc0ee3eea2,684,12,6,0,49590,67562,0,0
678144f2-517e-4340-bb2c-841cac24178a,,NA,9,0,201552,399608,0,0
0a8f496e-7705-47b4-812b-e28e392e53b4,712,NA,13,0,252225,557370,0,0
d9b7e7e1-c125-45be-ada5-3baa8bc7fd49,719,NA,12,0,592914,882420,0,0
58c5c133-fb58-4bc6-abc7-e3ac2e69ca8a,,NA,4,0,51509,146894,0,0
8de790d6-d3f2-471e-a33d-15a6b1b5d3e3,672,54,9,0,392977,497838,0,0
15c6851c-7ea1-4ed5-85cf-f5c8f1fc5b11,745,16,10,0,172558,356180,0,0
d80c2585-e792-4de5-b1a3-c149511f97b4,,62,13,0,335806,592724,0,0
3e109808-4686-4d66-adc0-f9f6d9f99b3e,,36,15,0,502569,969870,0,0
12aeba64-669c-427e-8cd7-6315831412a5,740,53,7,0,119909,351494,0,0
89138199-aec7-4e59-a13d-749bdca6120f,725,29,7,0,441693,860992,0,0
d6e15cc0-40f4-4b07-bf7a-2d57ff28e876,709,NA,10,0,305520,410388,0,0
d424aa0c-e078-4302-8351-bb3cc1c823bd,749,NA,11,0,11495,105578,0,0
50e2942d-fdaf-439b-b2da-b882da8f821d,694,18,9,0,35777,112596,0,0
57033c20-01ab-48ad-822d-9b4b3495d32c,727,36,9,0,93062,333608,0,0
fd56cfaf-0f97-45fa-8cc4-95ca464a4b50,7280,NA,16,1,73682,389598,1,0
77eb3546-703e-46de-be2b-1f8c97da1ecf,691,49,2,0,17917,24354,0,0
1775cc89-850a-4fbe-a165-da5c34fde679,748,NA,23,0,52858,861938,0,0
e3891f72-930f-46c8-8001-438bc26f7e39,701,NA,9,2,151468,310992,2,0
9ac1a95f-f217-429c-b6fb-88ba73b31f5b,,62,13,0,343577,541992,0,0
5faa813e-796e-4018-bd1b-eebebb59ad92,724,NA,11,0,1166657,1680184,0,0
cb2d8b8a-9e5d-4397-87d8-eec88efe8fce,707,NA,13,0,216144,1074106,0,0
7f846a28-3112-4dd6-95f7-72dd00163eaf,716,49,10,0,276811,384780,0,0
698513eb-4c32-440c-93e7-ed47ed99fd8f,698,NA,7,0,66177,215842,0,0
3d047964-f595-480c-9ea1-6f3fc518ee6d,735,77,4,0,33668,229262,0,0
f32622af-8514-4b53-ad5b-c64f625d5593,731,NA,7,1,108281,332552,1,0
518ee401-550b-4c2f-b226-875eec6b9a32,6450,NA,13,0,352450,477862,0,0
3c9a2d97-e505-46c6-a49e-c2cbd5e8acad,730,46,7,0,82289,233574,0,0
b8ac3cc9-1a63-40f5-a7c1-a63a0f7c5a8b,710,18,6,0,33383,62260,0,0
b8c3c6da-21aa-4992-bda9-946ddfe7dfc7,,14,7,0,67697,258698,0,0
621adb0d-44db-49d7-9990-085f338b18f1,747,11,12,0,208810,869704,0,0
49e1dee0-2dfd-4014-b291-934810232df3,,NA,12,0,235809,590986,0,0
e2079928-a8ae-4b90-8beb-29629cd346fb,728,NA,6,0,18449,62458,0,0
4efcd589-f5f1-4a6d-8ef0-db5c615e4651,,41,11,0,218462,422290,0,0
af6373a3-6ef8-4fa8-af15-1991cf655813,636,33,9,0,198246,337546,0,0
85f54e50-cf57-4091-a9d5-fa7f172f9660,714,6,3,0,67602,96756,0,0
2328e8a3-ce90-45d7-ba38-ef95ba816345,716,NA,9,1,128345,240086,1,0
77ee63f0-65a4-4b35-a79a-27405330208a,702,64,10,1,39159,412258,1,0
edcfd216-9659-4661-bad6-1100b1dabde3,747,NA,8,0,180405,421146,0,0
b2be95b2-2abf-413e-a83f-3daf602c4a21,676,NA,19,0,1406532,2134484,0,0
73a8c759-ffdb-4120-a0dc-62034d2bd28c,716,NA,4,1,79496,116358,0,0
5e57c83b-d4d5-4b4b-bcb1-f82c3d2873f1,717,NA,7,0,297426,384362,0,0
44b1ba48-dd2b-44f4-911b-4cd17b5b9c31,,36,12,0,142006,297330,0,0
ec0f83cd-4df7-4607-9ec2-038106781b33,648,49,8,0,53599,152504,0,0
273a70b5-55fb-4404-b251-5f3c4aca80ce,698,63,14,0,95000,219120,0,0
ddfdc523-a74e-4092-8804-2403183557ea,,44,12,0,105507,289476,0,0
6d2fc62f-7ac0-48ac-b9cc-68ab0d2bb9a1,738,79,5,0,55442,168058,0,0
50b33293-d5c0-4dae-8f92-3ddd6beb1841,739,72,12,0,140999,589424,0,0
83be628a-eb02-46b5-b8a5-d7d5a144b116,,27,16,0,321613,1185998,0,0
52939bda-4b10-4e6b-a7b7-a03205a4705f,,32,6,0,116736,344784,0,0
c4482487-6b7a-4f9d-ab5c-b35a392dd720,669,NA,10,0,467248,681384,0,0
f91226d4-da75-47f3-981f-3406095dc6ec,745,NA,17,0,115900,335522,0,0
8137981c-0f85-4300-a81f-5573758cfe99,698,NA,9,0,129903,317350,0,0
e6c89039-92eb-4804-b77d-fb7feccbcd03,675,NA,3,0,60648,135806,0,0
09ebed41-4dde-4dd2-b56e-87dd6c9902e4,724,34,7,0,133703,352660,0,0
1f7cd747-04d6-438e-9b37-2c4d646c2b72,714,24,22,0,1248015,1831522,0,0
097bd969-ba74-498b-9f0f-ccc86be0db5a,,35,16,1,328757,454234,1,0
562c4fda-2746-4b4e-bcc9-5489595608fd,,NA,15,0,277647,751102,0,0
c3a0e52c-80f0-41c2-a5d4-84ed66547c84,732,12,15,0,157092,455884,0,0
798ecb19-888b-4441-9d2c-2830317c08a1,747,NA,16,0,68704,1808070,0,0
1f4c7caa-a170-4079-9133-0d0d11fddb77,722,NA,10,0,180880,321222,0,0
69566141-72fc-48a7-9e00-73efd6711b07,,12,10,1,72048,343288,1,0
be59caa9-0ebf-482d-94d0-0ce8c71d8ce1,731,70,9,0,58710,117810,0,0
0cc45df8-a74d-47bd-9bec-bcc07ee49d5c,,NA,13,1,47405,363550,1,0
b82f5965-709d-4248-84eb-35218c1b6a92,,8,12,0,288477,558580,0,0
510a570a-ad51-4a58-8616-8e3abb2fb5a3,671,80,8,0,92283,137324,0,0
03e88efe-ca9d-47d3-90ce-0d863f1f7b4f,731,NA,13,0,265544,436766,0,0
8578d93f-7e6e-47d6-beeb-4a93f7516c2b,695,NA,13,0,242307,509190,0,0
d88458b4-eb1f-4116-91e8-63bd6da6969d,7410,4,13,0,630895,1375704,0,0
58104963-44ec-4ab5-8bf2-b5a076929bc0,725,60,11,0,255227,549296,0,0
3bb0829c-32c2-4f5f-bae7-70b9752b6f4f,,NA,20,0,372229,1231428,0,0
1cc68e19-e539-428a-8401-2d2b784c3e9c,712,79,10,0,296799,446908,0,0
12e80737-1b54-47a6-82d1-e22e36d3a8e7,,NA,17,0,1286414,2284568,0,0
c3fa2e46-02af-4131-b091-8d7d6131dc6d,,NA,14,1,32965,448976,1,0
9694ce16-635b-4539-884a-3cbe01202691,746,NA,4,0,1480366,1845118,0,0
be4289ca-0f85-4ab6-85be-0dfd37c15ad6,6000,39,9,0,815537,4944016,0,0
abd0ebcc-4b76-4a2b-81b7-3ed6a6e11b9d,745,NA,6,0,27360,181016,0,0
a261a6c4-0373-420a-9a94-5897555221b1,,NA,7,0,302860,1034418,0,0
475fbc4e-71cc-4e08-a7da-d1455476a3e3,,55,16,0,105982,958804,0,0
e98212d0-6f76-4386-814a-394f23d799e6,746,65,7,0,304874,423808,0,0
5ca9cb3a-5848-4f84-8ac5-4f6340282339,,28,5,0,106609,156266,0,0
750ecb41-ea67-4625-a463-3e65eaab883c,,NA,7,0,88578,727430,0,0
3ec3a09d-85e0-489d-b7b7-1ad24d670b13,722,NA,12,0,120175,497002,0,0
9a3e835c-bdcd-48f2-9ab8-9949c57f1721,733,NA,15,0,1442233,19194758,0,0
7d535e68-0f51-422c-9f28-37bbde20d5a1,689,NA,7,0,1032080,1198626,0,0
f7cc3602-51bd-4e9e-a698-a153c2523f06,745,NA,40,0,738606,1926166,0,0
de687a97-5f4c-4797-98f7-01c063ce8231,695,NA,11,0,266342,671880,0,0
a9b103e6-e946-4ed8-9d9e-7e5025f1f81b,,46,15,0,729125,1189078,0,0
aa8dbbaf-3332-4d2d-b8c5-861b4dc55ae5,734,NA,8,0,317072,413424,0,0
472ed3f0-298b-4b7d-8dcf-f84e80e02cb6,725,21,11,0,108623,235972,0,0
3660b485-fb9c-47ba-9e3d-6b4198c64788,,31,4,0,65189,157894,0,0
aab747c4-bbca-4dde-9bf7-7e6ee3396769,709,NA,20,0,432782,876084,0,0
1cc9f0b4-80f4-4948-a85f-29519db728cb,736,NA,12,1,404909,1180938,0,1
2063ddef-8d63-42a9-b23d-5cc61ef4a051,,NA,12,0,148713,255486,0,0
2abe180f-da4f-480c-8600-0ee087567e24,7390,40,5,0,321974,401720,0,0
ff5118fe-282a-4def-967f-b70a4c0b990d,746,25,8,0,183198,361372,0,0
7048fae0-bc5f-4ba8-8fda-ef96b205ca43,739,NA,12,0,228646,444202,0,0
4f725fef-18ec-424d-8ed9-3d53bc9a6f3f,697,NA,9,0,149017,213818,0,0
9c66e7e6-e360-41c6-bfbc-71ad1ca04fb3,692,15,11,0,838850,1044384,0,0
4dffd08f-8148-4481-8d7a-35ece7125182,699,NA,10,1,14991,39820,1,0
cdbc1143-dbda-4b6b-b8b6-13bd941a41a7,747,NA,8,0,227943,310134,0,0
0527b14a-1f6f-44fa-84e1-2e29a4f2a76d,705,NA,9,0,77501,96888,0,0
24e4477e-5748-4cbd-920d-a2dbee5d7e15,745,NA,6,0,333165,551892,0,0
d230d8f7-fc4d-4491-91d7-04b1c9938796,750,NA,6,0,98800,228338,0,0
9e7ffc16-f605-4065-b735-db7ab9de9dca,739,NA,10,0,548055,696586,0,0
856f2b98-5ae1-4a47-ab3d-cc2f15619a22,,25,5,0,220001,602206,0,0
f78bb193-9310-43e5-881d-f13bf7fc42ef,,11,9,0,86773,410058,0,0
e719720d-5bb0-4f99-b389-df279c8df340,725,33,9,0,271244,444224,0,0
2e2894fb-fc92-466c-a8ca-bb913d320ed4,738,NA,9,0,600685,714120,0,0
a580a70c-e25a-455c-b456-ccd057c3998a,732,13,8,0,50236,293722,0,0
8657cbd5-d0f5-4b16-9324-92f37970712c,700,14,6,1,134216,217052,1,0
f3259b16-4e47-477f-8932-1d5b25c799c3,675,6,15,0,313785,507452,0,0
621a55c6-c6b2-4e8e-a34b-fcd4d93777a8,,NA,9,9,119586,222970,1,8
bde8e96f-2510-41bb-b566-557fa7320832,739,48,7,0,112461,180356,0,0
5f1dd221-0396-4c7e-9531-2e53213fc8c2,728,5,18,0,127585,396022,0,0
8eea9b82-9378-4969-9640-46650bab56cb,,22,10,0,117914,500104,0,0
afce4497-60c9-4687-b39b-cf66335c6310,740,NA,10,1,396245,804958,1,0
d143d73a-c23e-4e5d-bb3c-b89e5e48cf41,729,35,16,0,401394,906004,0,0
02e8dfea-264f-4045-8803-67fca521f83f,745,NA,11,0,409792,659010,0,0
d6228c2e-b1f2-4180-aadc-9c1f9d562813,747,18,7,0,245309,458106,0,0
d395a900-2736-4afa-a1e9-831424added9,720,NA,5,1,13699,33726,1,0
995d0fc3-f0bb-467a-bb90-b36ab08d7fa3,,12,10,0,417278,606980,0,0
696515df-5394-401b-89af-f1b18747e905,714,NA,5,0,161329,205502,0,0
4950e771-114a-4694-ab80-e77722b9293e,744,NA,12,0,540170,1216842,0,0
8d4698d8-9cb4-4bbf-9e83-2b5acc1683d1,735,NA,9,0,297844,382338,0,0
fb09c3d1-2470-4de1-b5b0-1a3e79f40004,750,NA,9,0,8322,741378,0,0
e4f163a7-208f-426e-ae50-e0e29b28b6d4,741,NA,7,0,155135,295944,0,0
d0c885ff-2f88-4f9f-afa7-0294aa452e94,729,NA,7,0,62415,100650,0,0
099a7842-034b-41e4-a1e0-e91635561fc3,,44,7,0,46683,129954,0,0
108c0c23-f4a6-40b9-835d-4771f22ef0f9,694,NA,14,2,21204,63074,1,1
e6b53c6f-d0b9-459a-bc66-0980457d5010,737,44,14,0,148827,197406,0,0
db39ea6c-3b0c-449e-97be-3ed5dcb3cdc7,742,7,11,0,187397,244640,0,0
94382c73-0ecb-4054-8fe4-a1064ff603e8,694,45,17,0,380646,508948,0,0
83a2b988-d52c-4a61-971a-7eb21ae1ecd6,693,16,12,0,412946,537262,0,0
9ac3f506-9252-466a-aff2-d477023b84e6,695,NA,11,0,87096,133408,0,0
2a385b43-8161-49ce-b6b8-7e0287a03f35,729,13,10,1,137370,345774,1,0
fbf997b9-6dc4-4347-b91e-f31b62336541,747,36,13,0,205333,1206920,0,0
e3035305-5eb9-4f34-9595-83c6a4e44276,741,NA,9,0,178353,374110,0,0
3bf7299c-f4df-46dc-b77d-df1159b874c9,737,22,3,0,125077,237820,0,0
96b4566d-d44b-4b16-b2db-4cd02a93e162,738,NA,7,0,90782,136158,0,0
00d54fc5-2343-4eab-8120-7a0cfe90f3a4,718,NA,17,0,509029,956802,0,0
e9222db8-cd60-455b-801b-0f14369eb8ae,703,41,10,0,147991,274626,0,0
b809dc7f-d598-404f-923e-8170cfce38cb,725,28,10,0,87590,134310,0,0
ad375c65-c322-49c4-b16d-556769eb33f2,733,NA,9,0,251465,294118,0,0
56b1dda6-9a31-4e5b-baf1-8fb8c39629a6,745,NA,3,0,19494,51084,0,0
0fd67a82-ad22-451a-8bc9-f3ab4dce2767,749,NA,8,0,1073766,2628538,0,0
231afba3-b886-4f9b-8489-64677d4a00a3,728,NA,13,0,2047041,3997070,0,0
68c299c0-b692-4fb0-95eb-6aff3efd2033,707,14,20,0,396435,970442,0,0
1729b1f6-ced8-4b45-bcd2-261020f5455c,719,NA,6,0,354179,532598,0,0
da167a42-aaea-42bd-b8c1-7e20707c145c,,NA,8,0,333298,774972,0,0
10248f4c-9d7e-4f40-a050-bd313945d208,734,NA,3,0,115558,200332,0,0
e37dfae0-14d3-4d44-ab3e-39167ad3c004,733,NA,13,2,164616,327492,1,0
dc150abf-4a55-4833-9ca5-b83588fbbd99,694,14,8,0,89433,143242,0,0
df8e44c5-35a5-4113-b989-d885d590210f,710,47,13,0,101517,129162,0,0
77822e5a-c7ed-408d-b179-f5be8cbcc7e7,663,36,12,0,353951,488488,0,0
87bdc11f-c0a2-4a46-a47e-d06916fa726b,658,NA,5,0,128459,320562,0,0
3a97a49d-7589-49ae-a473-08c5e60c8e48,740,37,11,0,2237231,3069286,0,0
fc0bf7e5-76c3-48c3-b9cf-d7943db7f17e,,23,8,0,74309,288706,0,0
ec9b7a66-d2f5-4546-9cfe-d35aa33bcd11,718,NA,8,0,95266,176770,0,0
79d2a7b1-fd5a-43fb-8688-8b0140747535,723,NA,17,1,131347,281138,1,0
7bbaf058-ee93-47ac-8c27-a777951e1634,721,4,14,0,331151,647702,0,0
e2112e94-e165-4698-bf47-cf8892c1041d,,30,11,2,188442,326656,0,0
609e103a-4143-4057-b9a7-9625f5d5fb83,,NA,8,0,93670,143660,0,0
8ceeb624-d996-4335-ada5-7248d94817d7,738,27,11,0,186010,525316,0,0
30d5cf89-2853-42c8-803a-30f5743712d4,,45,8,0,101441,177980,0,0
4303621c-c018-486d-9b02-a4caa2659165,713,81,7,1,58919,88572,1,0
2dfa3369-d4f5-4238-8b2d-4f2c36af4886,711,16,12,0,210026,884290,0,0
2ceb970b-cab9-4acc-be51-6c72e55b80b1,727,NA,15,0,284392,1261700,0,0
fd36e691-8551-448a-a272-44e3e0ea8e51,746,NA,9,0,693690,2616372,0,0
88ac5d0f-58dc-4324-b21c-b7391825ed32,7060,14,10,1,5054,150106,1,0
a647858f-d3ed-47e3-b16b-a8c2deed2d4a,713,NA,6,0,72827,184096,0,0
1a51858c-f9ab-435e-8d00-487c26280d83,695,10,7,0,209361,398728,0,0
054909cf-95d1-4031-b253-875c95c0624a,7390,76,9,1,92454,342012,1,0
f9d6171e-6c7c-4f96-a761-11d8ce48f715,7320,4,17,0,296742,526196,0,0
4952f672-9ab1-4bc4-8489-8cba250c345e,717,50,6,0,183464,230384,0,0
e461ce68-a804-47e3-8d03-4aab53be69fd,690,48,13,2,100985,200244,2,0
1b58575c-3ed9-496f-8f03-c22827505d76,,NA,14,0,142652,412962,0,0
f953371f-79ab-4138-b02f-9d26055315b3,742,17,20,0,256177,415426,0,0
736cdcc7-806e-43d5-8853-d717568e7add,,NA,20,0,773680,1862454,0,0
04f27701-fe66-4e90-9a5b-6fe7c51e0e96,704,82,8,0,423966,520036,0,0
46c788e0-c9d4-4910-af10-37fcbd95c99e,,75,8,0,499529,652080,0,0
e4da0aa8-dd70-45fe-bde6-ea5c25b2a92f,727,NA,17,1,332481,656942,1,0
2cb3c511-5a6e-412d-a717-ef567c41c03c,,42,7,0,249166,508816,0,0
b963b52d-ac15-4cc2-b04e-eb3eabf231a5,717,68,21,0,473062,1006940,0,0
853ff0f9-b476-4572-ba3c-fb66010e0cc8,742,52,8,0,165775,499862,0,0
6c73f867-ef66-4ff3-aa04-dd578703ec05,,NA,8,0,312208,485232,0,0
382c1712-ffa9-4d10-9d37-f390279bb61a,722,NA,12,0,30001,534402,0,0
e187d7dc-496a-4900-a66a-4a2488a1a6ef,730,71,7,1,71649,237050,1,0
929a6b4d-fa66-4bf3-9227-32959113d2c5,711,NA,16,0,355414,709522,0,0
df490825-f68b-4f80-975c-b53c4919a34d,,40,9,0,280497,392260,0,0
1b3907cb-24b7-431c-9011-21b929cc923c,,NA,12,0,141759,303402,0,0
ad3bef57-4c92-4426-a76c-461c95a81f4f,7100,16,7,0,63061,136466,0,0
61cf7b31-1ac4-49db-ba10-2afa7842ee50,697,NA,7,0,200488,290202,0,0
2c0b465d-b7be-4b1a-8be9-78bec277f6d8,684,NA,12,0,220609,450516,0,0
af280c3b-8521-401c-b0ae-5d2b9ca5fd9d,732,12,9,0,419406,848980,0,0
1e427638-27a8-4fdc-ae81-0a8f45897688,749,NA,9,0,97185,770770,0,0
b7df31a7-de3b-41ca-9627-c80825b6c53a,693,20,23,0,482885,1570602,0,0
6ab2eee0-5395-4673-9710-1cc2df734b47,744,NA,7,0,231116,285010,0,0
c635d7b9-b1b3-4799-8793-24146279c01c,673,57,14,0,774554,1233628,0,0
29e9a2c0-9280-455f-879b-76573720dc80,716,NA,14,0,229026,307274,0,0
69c368e5-7c25-493e-a8c1-b6165cd76ac9,651,NA,18,0,299060,593978,0,0
ec325763-a6d4-4cae-aa8e-454f56c8ba1b,671,27,7,0,196973,287980,0,0
fc2eec3a-a9e6-476e-902b-563b06bc899d,,35,23,1,397841,813890,0,0
93f8e7ac-04bb-4e36-8dfd-04212b008bea,,NA,5,0,303620,627792,0,0
da36d9fd-6580-483c-978e-eaf6b7e9a7cb,,6,12,0,436601,661694,0,0
b9f942a9-0a34-4f4a-ae99-fabf96e661b4,749,47,10,0,492176,633908,0,0
13395652-d6af-4bcb-b490-6966d8def8f6,739,NA,11,0,300960,662508,0,0
3f7ce109-275e-4bdf-9f3c-77fcf1b1c440,746,NA,6,0,115235,150260,0,0
574ef3f6-4fb5-4cbc-bb5d-a0a360e937cd,734,NA,12,0,264309,375056,0,0
4820ccab-1cc4-43c2-9252-083b24f61550,746,18,10,0,178467,481712,0,0
772be57d-b5bc-49f6-8514-dcc96f0b2bd3,741,25,11,0,251123,695640,0,0
a29d8faf-6f90-4062-a2d3-c55465822d9e,698,NA,10,1,77710,316866,1,0
6885e08a-cb05-4080-9182-f984d50f3f16,729,7,12,0,166136,235466,0,0
2d732eaa-27a0-494c-8dfa-8b86bcfb9f0e,710,NA,14,0,396264,1087262,0,0
536a4716-c28a-4e1c-b828-1655b6544298,611,69,14,0,449863,1137334,0,0
1807fb3b-148b-473a-b8af-e7ce41a7ad6e,,10,14,0,1061359,1391764,0,0
2a896e0c-dcdf-4acb-9686-8ba01cc0be40,746,NA,8,0,52687,354640,0,0
19cf61db-2c9b-489b-8837-4c40405756f7,744,46,5,0,89034,274934,0,0
29702810-a0c0-4aaf-8e3b-cd5a1a6202fd,690,23,5,0,69464,164472,0,0
52d9ebc5-4627-496d-8e28-43d98c11419e,707,NA,20,0,613415,1384548,0,0
feba91e7-3d4c-4abe-b704-34c7645c79c8,7050,8,22,2,230945,793496,2,0
630b02c0-c5df-4573-9d4b-ab6749f1ebc5,725,NA,11,0,326268,548306,0,0
b94140bf-8cdc-4b56-ac31-fdb8f1ac8753,,NA,10,0,197695,301972,0,0
b9a407b5-9458-4b9b-8939-f59602843587,746,54,10,0,138472,222684,0,0
e76abdd2-433d-426a-a5c4-b2635ac82a7c,736,NA,10,0,309339,408408,0,0
cbc06ac5-3576-46f2-a9fc-11f8368cc259,740,70,4,0,172444,279664,0,0
a7b756bb-8400-4ea6-8355-f5a98b1c0004,715,5,26,0,483911,828850,0,0
aef1ebdc-44e0-4b64-892d-972a48792811,,NA,5,0,127376,224818,0,0
9d867a4b-0c4d-4f70-8946-b6f83df5c705,728,NA,12,0,262656,436370,0,0
fe498fab-a35b-4eea-b734-01bf4952e0fc,740,NA,11,0,699029,883608,0,0
f5f81398-cbaa-4077-8845-71ec294c059a,738,NA,14,1,287869,450428,1,0
973a5a64-8233-42b1-b7a2-1ba91751b46a,722,59,14,0,291251,475640,0,0
b5d2c6d7-588a-404f-8d8d-7db8cd95bcfc,722,NA,6,0,255911,347798,0,0
d8b54609-2556-422f-a8ae-325f37f32bab,610,5,14,0,964478,3274942,0,0
c548ad40-8269-48b7-beba-c44a8956acf1,,13,7,0,88084,352946,0,0
ee24a8e3-6594-4404-a59d-7391e389d033,659,34,9,0,33801,92532,0,0
6bc0b751-2673-4bb3-9218-63458dd6456e,672,NA,8,0,79382,168036,0,0
224901d3-02a1-479b-a31b-89aaed742539,708,NA,6,2,74879,161744,2,0
3dc0e08a-5f08-44c2-b30e-89ba50434858,,34,7,0,30248,63206,0,0
e3e06404-1655-495d-ab19-cb4b32f09e1b,,NA,11,0,319200,623260,0,0
1fae12be-99a9-4703-883f-cc8f41dd2234,681,44,8,0,93271,407506,0,0
60a55c2a-a8b5-4c11-a6ac-999f9cb4a710,728,0,7,0,209266,341748,NA,0
fbaaaaf3-459e-44c6-a584-9bf19f2f4466,742,18,11,1,193762,377080,1,0
915c67c0-5851-4f85-b2d9-4601cbf5399f,696,NA,13,1,520239,822932,1,0
67133eff-0bda-4b14-b1ca-cda3889e674b,695,NA,20,0,636880,1243572,0,0
1d9f2117-a3c7-4786-b7ff-5d1390c636f5,,66,14,0,557840,1445004,0,0
369b91be-9d94-408b-aa4b-b7ea4218cd28,747,NA,14,0,1573352,2587772,0,0
00368757-318c-45f0-9c51-6bf85f7579cb,738,NA,3,0,131442,196636,0,0
cb7128c3-e4c6-4a87-9351-a619e9776c49,737,NA,11,0,218063,510070,0,0
2a828c44-2756-410f-be41-d59df6b42149,640,NA,7,0,530993,704286,0,0
2f42a4de-a0d2-42de-b4f0-b04588a7ca21,739,43,12,0,203813,378180,0,0
1c740443-f16a-403b-b6b1-5ff921e90fa5,,15,8,1,68058,118140,0,0
4357a17a-66c4-4c67-b16d-0861413656b3,,NA,7,0,66234,177122,0,0
ae797090-f264-4797-a4a7-8e4db07968b6,722,23,6,0,81700,156112,0,0
191bd301-eeb2-4e66-a476-4b39430498d7,684,19,6,0,274284,377652,0,0
209cfb66-dfbc-46b8-87ca-8bfb847eb7bc,736,36,10,0,134919,428010,0,0
b02e61f6-2b13-4132-8ce8-f3d57a1a2d18,740,NA,22,0,310517,966548,0,0
e1c894ea-30b0-42a3-a75a-f7b25a37a59c,716,11,11,0,84968,155694,0,0
31ae296d-7715-4615-b6b5-92268409f431,737,20,14,0,531411,1032438,0,0
aa5437f9-f33f-4175-9ab8-49977105c9b0,705,NA,10,0,644081,825902,0,0
c927bbf3-3184-47d9-a5a0-80d98c972951,733,63,7,0,380418,941204,0,0
b816a35a-1539-4f03-a198-a4881d3c867c,746,NA,9,0,285038,504636,0,0
af52aff7-3c32-4a9c-85d4-8c351f6d9b1f,739,NA,11,0,47652,968132,0,0
52ebda28-4d57-444c-b0f3-1621b3936ebd,,NA,5,0,108927,218966,0,0
ce7ff9ed-9b9a-49b6-95ec-32263508502c,731,30,23,0,400596,570526,0,0
c6db5ee6-b50b-4e98-b5ac-2ae597f0a5a7,745,NA,8,0,402610,987668,0,0
c2b624ba-4e6d-4337-9c93-7ca498a8f2f2,698,6,10,0,60762,1134892,0,0
c79c47a3-f2f0-4471-8674-1b72d23a1df6,6200,81,9,0,46683,158092,0,0
825c2ba3-4092-49d9-b8c2-eb599a43a7db,,NA,7,0,195776,398398,0,0
b1a91bfe-960a-4c20-9ad0-325c9c89bab6,715,NA,19,0,75259,686136,0,0
342bc4c0-e5c6-48a8-8bad-47efb232ef4f,744,NA,6,1,137864,285538,0,0
9f386cb0-0f9e-48b1-b581-a6e191e39b62,,69,9,0,100339,125730,0,0
2675e173-c29e-4da3-9334-92dff7664400,744,76,16,1,237690,438218,1,0
90d0fe00-c520-4de0-b729-329d1200d53c,712,NA,9,0,385472,508926,0,0
87d4139f-2a4b-4697-bed4-aee3969847d3,721,NA,15,1,678281,1425380,1,0
885e09b6-5acb-4e39-b818-830ff67f7b03,713,NA,14,1,253175,518848,1,0
774d572a-d906-4ffd-85a2-07b3b2b4462d,748,NA,13,0,347472,1780240,0,0
1731b90e-947c-48bd-92ff-75332abc5f29,715,NA,15,0,323684,607464,0,0
89b29f2f-72fc-40a3-872e-c19c135d0286,,NA,6,0,358682,759286,0,0
443ae6c3-710e-42ef-86da-a68095de97ac,706,NA,11,0,263967,468776,0,0
ec1e1e6b-59a0-4898-8f28-0c54619736bf,7420,NA,8,0,485982,872410,0,0
aced2f1f-9d44-4f54-85af-3890ccf03dad,722,NA,14,0,120441,182512,0,0
adaf96c3-2406-4b4c-ba02-b228f41487dc,745,NA,12,0,448324,983180,0,0
bf2301f4-65e2-4574-85e7-0520397aaea6,745,61,10,1,64220,594836,0,0
c4978eb4-9da7-4d58-841a-bc000be30b50,722,14,3,0,14269,39072,0,0
ccf3212d-dbd3-4d01-b9d6-8ba772c8bb9f,720,38,14,0,457957,845702,0,0
32669542-4d55-4a21-a8c9-d7f669be4edd,739,15,10,0,238982,404558,0,0
aa81776f-0b93-4884-a9a8-4fb29af758db,599,17,6,0,39064,123288,0,0
a93e02bc-5c0c-45ca-8317-70fcec2a3577,748,NA,10,0,24529,312158,0,0
1890953a-60e6-46f5-91c2-0566b10bad78,,46,8,0,630876,824472,0,0
2c8fc1d3-c157-4d00-8d3f-6382b0436cd8,735,50,10,0,147478,981398,0,0
a134c7a2-d0dd-4d25-8d34-3a241e5fdf27,748,NA,6,0,133798,309870,0,0
2946c7f3-f844-43ac-95f6-a13a64cbb058,7450,NA,14,0,52459,949124,0,0
a107177a-2fca-47cc-8846-b4f0a5aa6935,645,38,7,0,125172,213136,0,0
e6805e83-0deb-4276-94bb-313462d7b6a4,732,37,3,0,84702,101332,0,0
33100747-a664-4ffd-8a04-8e9fc29c388e,710,NA,7,0,351177,447832,0,0
1f453862-61d8-4ced-b774-8af438e756af,7010,34,13,0,381520,513084,0,0
c9b20662-5431-4665-aecc-172a81559c7e,728,NA,11,0,666805,1562946,0,0
c0fcf4fb-f1ce-4652-b56a-566f130d5ecb,,68,14,1,182742,357434,1,0
791932c4-6bec-4e02-89d6-9bb351a36d39,745,NA,6,0,513171,762784,0,0
fedf9f9a-867e-4790-9952-4e474b32f3bf,,3,8,0,73435,128062,0,0
694df311-b096-4b52-be67-fdeb40e95af8,,NA,15,0,232674,615076,0,0
56732f46-ad0d-411d-9aea-4f48b0099c55,724,NA,13,0,229596,436524,0,0
40592b0d-f82c-44fd-80c5-73616dc7dec0,,56,20,0,483854,908028,0,0
6cb61f69-261e-40fb-98f8-f4daa042d98d,,NA,15,0,429552,862004,0,0
9340fac5-4114-46fb-9597-b6e692921c20,689,NA,12,0,419406,582296,0,0
b465e126-bf0e-4e00-9157-14ef9c5a73b5,738,20,17,0,320587,1400740,0,0
8d34eb43-cf0e-47c0-984b-efb2fad7c870,677,20,24,0,125324,824472,0,0
f7dc3ebc-11d5-4a45-8dfc-6cdf92c92980,705,56,10,1,174819,315766,0,0
eee82568-c75f-4ccc-91ce-e6c1eca3651f,,41,10,0,104595,257664,0,0
5f6436c3-d842-4475-8fc2-252f6cf75c8c,719,NA,10,1,155648,258192,1,0
44077d53-23c5-4c7c-95a9-28144e7549d6,,NA,5,0,381197,461714,0,0
5f2be154-487e-4440-a77e-f00de8fa182f,745,18,9,0,219260,972774,0,0
eb889255-ba6c-4f54-9696-bf1accf29c60,721,26,7,1,14630,105952,1,0
f72f7349-0ebc-4f4f-bec5-230b2497da17,700,NA,4,0,24624,56562,0,0
6aae7ebf-f0c6-4a6c-950e-570e6b12ac4e,746,16,6,0,161253,242176,0,0
2c84d3b1-753c-44bf-a983-a26d8e728b0c,665,NA,18,0,297768,670758,0,0
02587024-5f17-49ba-a45b-809029842cb1,750,NA,18,0,159828,1303192,0,0
1fd8a9db-3bf5-44ef-aa1c-e82205626cca,641,NA,8,0,182837,372064,0,0
ae69c822-ec2f-4147-8a1c-5163cdc98eca,728,NA,6,0,193287,466268,0,0
d68327d1-42dc-4f3d-87ef-3740428e846d,666,NA,10,0,402705,834130,0,0
d2d41fcd-d593-4c59-887f-89a915213675,692,NA,13,0,743242,1107590,0,0
e92f5c75-6549-4302-87c0-1b8811dd448e,735,30,6,0,50730,107162,0,0
6d10c8e2-75ac-4f39-b40b-e3434a7a6a12,7420,NA,8,0,187416,447414,0,0
5a362708-00a9-4d85-946e-158db4f29b7f,731,65,7,0,167390,333586,0,0
a08bc23e-fa4a-4d05-94e0-8f53010827e2,687,29,8,0,64258,171842,0,0
52a68cad-fe2e-4954-a865-ce6b663d21e9,,28,11,0,494836,829180,0,0
e8c7aa09-5049-4756-8a69-d560b9f3dac8,732,57,7,0,124222,377498,0,0
83a16146-8baa-4887-97c3-f24d0ab15342,710,NA,9,0,110675,355938,0,0
e9c5eac4-83a0-49b3-a528-7c54be1f7221,726,NA,12,0,150841,416834,0,0
3c8a8be3-fe1d-4969-936c-cf4236165ea0,678,NA,5,0,196289,239492,0,0
56106cad-37dd-47c7-9a36-695af3dce04b,709,NA,6,0,187074,281688,0,0
6b076902-f09e-44dd-8c94-7f56ed63258f,683,19,16,0,236949,507144,0,0
e377c563-74a3-4374-bfba-b8e20dcdb60d,735,25,7,0,173166,297044,0,0
c9fea76b-bd98-40b5-b2e7-d91fa794e1f3,748,33,10,0,122303,400048,0,0
d2519931-1e43-406c-9e30-f4585fbc6ae6,,15,15,0,113430,410454,0,0
c6d5e677-1552-4dc7-8c41-6c6e001508a3,743,NA,8,1,74366,267388,1,0
a5998051-73b8-4b37-97a2-1c591b9c63aa,718,107,11,0,3021,158774,0,0
b8b4d663-f9b9-4121-8d0c-681db38faa42,717,2,11,0,123899,284064,0,0
5d74f404-05c4-4d37-9c8a-6982a5c32f18,751,NA,7,1,21451,147884,1,0
5b57830e-a1d5-49a0-857a-7025d75e25cf,724,NA,6,1,105792,226864,1,0
f8848372-c895-4f86-b7a0-5ea0f945ae6f,662,NA,13,0,555142,667502,0,0
8595226c-e5d2-48fc-87dc-7ecf7c60b667,649,38,11,0,387220,804936,0,0
e133266b-2024-48b3-8b59-8177407c89e3,,NA,8,0,256234,346214,0,0
5554672e-dba1-4413-8413-214b7b63094f,722,72,16,0,80921,286528,0,0
10b4b17a-c396-4d32-a07b-b18bc2d858e8,730,NA,6,0,367422,604318,0,0
2d65eea4-1706-4d2f-b5ed-4a775e09d9d4,695,NA,10,0,199272,468006,0,0
de372a1f-c0f6-47bd-bfdb-f6079e85b6b8,,52,10,0,236778,667084,0,0
3106009c-2cec-4e42-bbb8-83eb43f489fc,,NA,8,1,168948,795256,1,0
9a57be8b-4efd-4a5d-b9bd-99523466cb9e,,NA,19,0,264043,999152,0,0
95675e1e-a3a8-4b94-94c5-f79ae0ac2bd5,747,NA,8,0,22458,1300310,0,0
e55a4622-bf33-4f7e-8bda-e56dfb20a395,718,49,19,0,235030,706860,0,0
1dfa8827-7046-422a-ac5a-9a7b65e135f8,751,NA,17,0,315571,1421750,0,0
d56d6907-b9cf-47fa-be60-53c774a29375,6950,31,19,0,206758,834152,0,0
f4462205-8027-4b74-99e7-25de89992e66,748,47,15,0,75658,962610,0,0
4fbce6b1-cf57-4645-8682-d2409b95424c,721,44,5,0,67982,82764,0,0
1dfae3bf-e3b6-4481-ae71-644348298a4c,741,NA,26,1,511195,1078132,1,0
e8570257-e28d-4df7-a374-dd838b1e46ae,740,NA,6,0,60173,458392,0,0
49624434-2b5f-468f-ba00-c8f4f33967b6,747,17,11,0,48754,161282,0,0
18d9bac9-2a0b-40e7-bbab-1539b6039f65,725,15,18,0,341449,467346,0,0
b8cf15c3-ea0c-451e-8dfe-89b7e6bfc984,706,NA,14,0,845671,1816716,0,0
7a3997a3-188b-41ed-b47a-2f064a6c69f9,,NA,4,0,86412,106216,0,0
67be9af6-2149-4a62-8f8b-f62ef7a1b579,723,61,25,1,117173,365728,1,0
985353ef-0441-422e-9205-865634d49317,699,NA,14,0,535211,1032856,0,0
1890d6db-5efe-4a6d-b160-b6f58239374f,740,19,14,0,364553,1237874,0,0
4e7a41a6-085a-40cd-8733-6c688a2c1fd6,745,12,7,0,276412,500082,0,0
a0f6dde5-3745-4094-8096-9f08ae8ab7ae,693,NA,14,1,236227,493702,1,0
aca5d2f7-bfa3-45e5-84b7-d467d7e64778,669,NA,11,1,78242,548988,1,0
5a797ecb-f4db-467e-91b5-7a9931544f4e,649,35,9,0,152456,336226,0,0
b674a9f9-deef-476f-ace7-9daa5fb84463,,8,8,0,70129,103048,0,0
1c6fdcfd-7985-486d-8882-93d5450a99ac,,67,14,0,196061,443410,0,0
f67e4b3b-1edf-481f-9b77-a73f307a2b97,724,NA,9,0,201400,238436,0,0
45683927-3f22-4f8c-b3dd-5d3b8321dbb3,745,NA,10,0,281580,367994,0,0
34c122ac-b481-4820-8a6b-70fc0358f762,725,11,9,0,158251,450208,0,0
94e45f0a-c08b-4552-816e-d4dbafc700ef,721,NA,3,0,95912,123266,0,0
f37c4269-17c6-47e1-a5b3-0b2d78c4b2ea,715,NA,9,0,76114,143330,0,0
356ae37f-9fd0-474e-8968-b7dd35445f33,704,36,9,0,166136,338690,0,0
0004f37b-5859-40f6-98d0-367aa3b3f3f1,724,2,12,0,127680,1173370,0,0
2a6839d8-ba20-41c9-a510-e964197dd6bc,724,NA,9,0,411331,862840,0,0
6741c1bc-71ab-415c-95e4-ae4644162786,745,2,23,0,443346,1579512,0,0
f6d4e300-2a84-4bab-afc6-0d608e62c49e,726,NA,2,0,96216,768284,0,0
7afa8134-3b10-4fac-bbe0-0e0b3a71e205,730,NA,16,0,395466,897842,0,0
82eb38d6-914a-4990-8b04-02699a78674e,,NA,11,0,405859,662838,0,0
4fa82692-e337-49c8-923c-940ba8f0ef44,,41,13,1,138947,370722,1,0
5d38eb28-695a-4f40-a919-b698bb997f28,722,NA,4,0,93480,278982,0,0
94800e8d-0cd0-4c52-9252-beb574a01ca3,656,5,12,0,350037,960432,0,0
63c8fe84-1ceb-495e-b186-e08e11e029d4,,NA,10,0,194332,716628,0,0
bbc9e9fe-1a3c-4328-a702-545ffaca3f67,733,11,10,0,69654,215050,0,0
3f6d65e8-8d88-4a42-9a1f-bdf323e3f98e,703,NA,13,0,368353,478676,0,0
ca515f21-2936-4915-a6a5-428416af8a92,720,79,16,0,229140,411334,0,0
6d5469e6-83c7-4b31-8e59-955cb9fb78e8,714,27,10,0,110846,151030,0,0
cfac7ed0-d32d-4457-aea3-e6e1dc5407a6,724,7,12,0,281580,871772,0,0
86e1faaa-2925-4324-aef0-611f54c9a681,,72,7,0,228399,279840,0,0
9176dbe8-0b0d-4cad-9228-2013def27af9,750,NA,8,0,16948,784960,0,0
7c7f5c44-2c91-48a0-a0bf-b2d79b75c56c,743,NA,10,0,156997,513502,0,0
aea735e2-de9e-474f-8681-8f51dde3890c,690,NA,10,0,221198,337018,0,0
2da6368f-218c-41ec-9115-5d207f078d2e,628,19,12,0,118883,194986,0,0
ded4f381-590e-41ae-b780-9ba6be47f1db,708,24,9,0,187188,703736,0,0
28897991-c879-4465-b189-d5ef447904ff,,17,8,0,92397,246488,0,0
f1e3d8b4-8f80-4c4a-ba25-e7171a70620c,706,NA,6,0,78033,124960,0,0
06bc0472-9dcb-4256-9ff5-08894e52d5ef,722,41,9,0,139270,463408,0,0
e7f8c9d1-43d0-4043-ac0b-f92bb0f3cd7b,735,8,18,0,282872,387640,0,0
2995b055-32a8-4a3a-b85f-6ef5347d1f17,642,NA,22,0,238564,891044,0,0
3e19e8c2-b226-477f-8cd6-fb3c3ef2f5e9,,NA,13,0,259065,2142624,0,0
aa15ee2d-4e26-47a9-95c5-47565ef51e1f,741,NA,17,0,450072,2236608,0,0
ae7824b4-5e6b-4c6c-909a-28d871787d5d,745,NA,8,0,170088,421718,0,0
9f44087e-a315-42c1-97d0-d85f992bad7c,710,NA,10,0,114551,184976,0,0
8f5b0744-d221-48b2-bb23-c8c7999caf24,730,18,11,0,9310,219956,0,0
f8bc9fe2-0d5b-4da9-a258-b8fa80fe4d58,669,NA,13,0,195928,307406,0,0
30a5d545-b00c-4c4a-9d07-3b7d3d9b3aa7,728,NA,20,0,362843,578710,0,0
7fa4eea6-dd13-4885-9066-ac85f87abb53,739,74,10,0,123595,272074,0,0
d96de63c-f239-4db0-824a-fe909f7dc025,722,55,24,0,127015,552948,0,0
2092e0f2-4bd9-4f6d-9656-aa14adb68605,,40,16,0,497192,869616,0,0
4299cce0-6377-490c-86c5-95c9e81956f7,726,48,8,5,78280,192060,1,4
f3f4497e-46f1-4e12-9529-96f10b0ca892,732,NA,7,0,139593,288640,0,0
77de1aa9-7278-42b8-90a4-595c3a09eac1,714,17,6,0,157187,202444,0,0
0da99812-d3f6-427d-8d6c-fe91c3171498,677,NA,8,0,335065,526438,0,0
5d3e0cef-5dfb-453b-8363-f6221cd2a2bc,700,26,13,0,380114,797324,0,0
8ca6294c-4136-4d3b-9473-0024967fd705,702,67,13,0,199785,359766,0,0
17c6e5e3-39de-408a-aecb-3a89eefe17c6,664,3,9,0,190836,736582,0,0
d152714c-94aa-4556-a4c6-d3291460ed75,714,NA,16,0,605701,1111462,0,0
e3092ea8-6fd5-48f5-9012-323b7123249f,723,6,16,0,384579,525734,0,0
301e1831-1e33-4d98-a27d-3fc05352cad8,702,69,7,0,74499,99374,0,0
87ce95c0-707d-47c8-a9d3-e686004c9d37,747,NA,8,0,148960,476454,0,0
58d6a14a-6012-41e4-bc0e-f772d7e6c19e,738,NA,14,1,169309,350086,1,0
914613e0-8764-4181-a5a1-60b15c4833cb,701,55,7,1,113848,247324,0,0
4ce34016-3735-4ee4-81b9-2919510f94f3,737,NA,6,0,563996,698456,0,0
904aa661-bfbe-4481-9a81-ff589564f90f,728,NA,9,0,190038,235576,0,0
c3d68d28-88bc-4cb0-aa5c-87f884e7b404,701,NA,16,0,579329,1497298,0,0
75ec39a0-2118-4f30-b950-e405309a2bbc,737,NA,5,0,568385,689150,0,0
8c40a5de-be7a-4aae-9f8c-3b138b265abc,,19,10,0,111777,256278,0,0
e7970fb0-3db6-4ee6-858e-6a0fe6bea518,742,NA,7,0,177574,253836,0,0
c3aaaa66-9ad9-4b5b-95a3-905480fd92f8,710,NA,9,0,735566,929830,0,0
5c7aaa94-6d42-42f3-b609-a2be205392b0,747,NA,9,1,48488,182314,1,0
4bf0ed37-c8ab-4db4-9ebb-a83c02708e3a,707,44,14,0,511955,660110,0,0
e609d3fe-d3c1-453e-aa3b-0d64729cc717,,NA,11,0,607943,807268,0,0
f32f4036-ea1b-4aad-aff5-dc59ae9a0972,710,10,11,0,357675,513194,0,0
c09b1608-2aa6-43d3-b39c-3f42ef34208a,716,NA,10,0,130910,220968,0,0
2fffba51-29f0-4d43-a598-28b2b648de28,7430,7,12,0,641972,8544206,0,0
d407417a-6e1d-4b6a-9209-8e3f4f88d6e3,715,NA,9,0,787246,1094302,0,0
01372c51-e48b-4661-8d57-79cc8db13b29,710,73,16,1,255911,527230,0,0
b67b8ffc-8984-40d2-91a1-7be8a4682c37,730,64,6,0,155458,200002,0,0
9907d891-97f4-43a6-97a1-c0c805b7b9e4,,3,9,0,119130,234982,0,0
eb658c78-bf7c-4ee2-a220-3ede3c5c5eb2,,3,17,0,340328,531080,0,0
76272bac-79e8-442f-96f2-93367e4c6498,711,NA,7,0,77197,318076,0,0
f64e2352-3293-4dc7-8207-be9801cb2d99,673,NA,8,0,27018,203170,0,0
8e8a2a68-c0ef-432b-b9c7-011533026da1,,8,16,0,62852,276760,0,0
1f568287-b6a3-4fe9-ab49-eb79fd2cedf1,711,NA,14,0,361437,519882,0,0
7da87ea5-721d-41f6-b920-2eed0f5a9fec,,28,13,0,102942,357918,0,0
0ebba27b-5518-4de6-9ad9-c07d759d7c8e,,NA,8,0,161253,418638,0,0
99399640-6994-462f-9f34-547779a74c39,669,12,9,0,155230,568788,0,0
1ae4ef25-eaae-4c7f-82d4-78865ed9754b,743,58,6,0,74347,110374,0,0
97f15d36-0c2f-4287-9a03-771c3494b42a,735,NA,12,0,229501,431398,0,0
6016248f-03b0-470d-aa46-965b4b2c5ae1,735,NA,9,0,598823,1149874,0,0
a84f901d-8ef8-451d-881c-9da02f63152f,709,41,7,0,99731,113212,0,0
a7c1ff43-ca64-4a05-be7a-4568d335492c,724,NA,6,1,304570,588764,1,0
27d1be0a-9ead-4558-a311-9e75c29d5756,657,76,9,3,35207,199782,3,0
47e6489c-01f8-4aeb-846c-72812420f7cc,719,NA,11,2,278369,586058,2,0
11027f53-4754-4630-9699-73bcf7c31aa7,727,76,6,0,138339,233178,0,0
bca425c4-6901-44cc-b4c5-0785f3533808,679,77,15,0,188062,311520,0,0
c1c6af7d-ecb0-495d-908f-3e26ba00834b,710,47,8,0,176358,366630,0,0
607539cc-5140-4b79-8821-cda9551a4118,667,68,9,0,272669,461582,0,0
529647ba-ac19-4466-adc4-1886e2a5be14,692,49,13,0,230052,430320,0,0
6ab59e8a-a38f-4aa1-aec5-0e1ae2aff208,741,73,12,0,1962795,3459214,0,0
0a64b8da-31f3-414a-82c8-0150de79759a,738,22,15,0,853917,1872618,0,0
0dd14f0b-7e9c-4a3f-9e3a-c0d93e22e5fc,,37,6,0,42997,65340,0,0
98ddb384-4ff9-4315-aeca-6b13ddbf53cd,746,NA,16,0,708852,1476200,0,0
c71a68e0-6888-4699-9001-f2f91d25e34c,699,37,8,0,109421,223850,0,0
c82b5e1c-eb2c-491f-a804-27fba1f375b5,710,11,7,0,33288,50248,0,0
0cedb72d-d0cd-4b5e-b838-96c201ef5979,748,NA,10,0,233358,906730,0,0
c0e2bdf2-bdd5-4742-a178-f4abc1be2e44,741,12,14,0,698915,2697574,0,0
e7485a6f-c2ef-4013-81d5-669b1d708781,702,16,9,0,49039,350548,0,0
75f3b1d1-28cb-4d99-976a-e04804263fd1,734,NA,14,0,163609,740014,0,0
a2a2a789-d7d2-4967-9399-407f13e33cbc,,NA,12,0,703494,1301234,0,0
d7a17c62-8748-4c50-aaab-c998849e7da0,666,NA,26,0,576650,993586,0,0
ce03dee1-750e-49ee-bba6-1a1aae35164c,,11,13,0,104500,144056,0,0
cb30c81b-4852-42b3-a791-82a2c59e764c,735,NA,8,0,197657,315656,0,0
ea963c99-1434-48d6-9541-1388e951dfdc,713,NA,6,0,186314,403238,0,0
072ed251-5f6f-4dfb-9098-1f92913985a3,707,4,9,0,301796,506440,0,0
59dd21ac-0bed-41ec-ab60-05e519599fcf,731,NA,19,0,476539,951346,0,0
ae7b08c0-86b0-4bcd-aec3-a8177ccfb355,,NA,15,0,36328,713086,0,0
3db19eb4-2b64-4af0-aa99-c644cc992f77,716,22,22,0,3964350,10223378,0,0
5ef0ff8b-5ed4-4a0d-9c7b-e83a0cc6bd31,729,6,10,1,66063,131890,1,0
e5d79a62-1c4c-43a2-97d7-6d700bb39e6e,739,NA,10,0,340119,416746,0,0
0a4b537a-cdfa-4773-b2bf-4ad018694b49,739,8,16,0,157491,613998,0,0
497d219f-b959-4c2e-bd80-76e4bc791f86,735,12,11,0,622744,836506,0,0
30d04ac9-7f3a-46a7-b747-e862d3503d71,,68,5,0,146756,281336,0,0
3ea67f70-e9bf-4f15-b8f9-13e80d546403,,15,13,0,542621,919908,0,0
d6d3f550-783d-4740-a874-ec0bbd5d2784,,NA,5,0,89034,132000,0,0
9e151de6-b05f-4e3e-941c-e3ec0f4ad91e,738,NA,11,0,266361,1989746,0,0
a76bedb2-fe19-4041-bd88-ec5c302683d0,,27,12,0,65398,174086,0,0
c867f070-20ce-4978-aab6-d64a3c2e3d84,713,19,14,1,132620,249700,1,0
499250ed-d534-482d-930b-4230ee14deab,703,10,14,0,895850,1210374,0,0
4382a7b9-b72a-4c04-89fb-2e451671c1de,744,76,15,0,228114,381128,0,0
81ab1f68-4c35-454f-aa65-60dc5c96cb81,,NA,10,1,109212,171358,0,1
1ec9a0a0-c950-407d-b730-bf765f2efcbd,,45,18,0,309510,429704,0,0
599974eb-1863-4e31-a7f4-72dff6bda1b8,,NA,15,0,402876,564762,0,0
f29ace12-b021-4cda-8b30-a10760f4af41,666,20,11,0,374680,529078,0,0
3df9916e-b3ea-492f-8cf7-18c4281a6bc3,746,20,15,0,160132,370128,0,0
e7c57df2-19b5-44de-a13b-1d5215bf7291,,NA,3,0,28899,60302,0,0
a8cea6f8-6fca-457f-be12-717f8bc12cc7,706,17,6,0,86127,236874,0,0
748c5d7d-33be-4b39-8229-28b1bfe11bd2,744,46,8,1,68837,125334,1,0
e1ebb97b-80e6-489f-9348-60f3b9c8c0f0,695,NA,9,1,88692,277530,1,0
541d1014-0ce8-40b8-9258-21ebd25ce53f,707,66,8,1,166326,264902,1,0
a5c2e589-731c-4dd4-937d-345f4140f544,743,43,11,0,209950,432542,0,0
9b27050d-781b-4351-adc6-63772f6696e0,685,NA,5,0,41211,77858,0,0
57a2107d-e593-42a8-bbc8-b917577be517,622,NA,18,0,269933,730224,0,0
66c5e4eb-e975-4572-a57a-4d94f904fdae,734,NA,11,0,331474,438130,0,0
f88c5bfd-d38a-4293-a7b9-8eacbc6f07c3,748,NA,15,0,91086,4394280,0,0
4838fcd9-bbda-4d7b-b91a-9c3137fd2c6a,662,66,15,0,109535,251658,0,0
c1796a3e-acd7-4aa6-b0aa-bfe255ef329f,710,39,12,0,196232,373692,0,0
8d70fbe3-adfa-4dd0-a9e6-c949b49bf855,715,28,23,0,267596,519882,0,0
25ff5aab-f152-4114-9c9e-8756097e7865,723,NA,10,0,307952,426008,0,0
0d0f5d8b-a8b5-4333-91eb-a9ba64865d37,727,NA,5,0,1482,77990,0,0
7e097fa9-0e99-44a0-80c5-1a28e332d04c,723,79,13,0,315020,549340,0,0
eb2f6d57-d49b-4a38-bca4-7a4c08604f1e,,NA,13,0,217189,276056,0,0
23d8a674-f53d-445d-90f8-bb0159c97d81,740,NA,15,0,265487,631246,0,0
8fbed01c-c1be-4020-bbf9-36ab43dd0f6a,,25,6,0,145540,504548,0,0
b88674b2-65a5-4e78-b37f-1462e9d4ad03,746,64,9,0,175902,242770,0,0
bcac6e58-4d19-459f-8c07-6a3a89f9f35d,693,NA,8,0,113677,792968,0,0
a5752de7-5467-45e8-90fc-461a0883d2f1,739,NA,8,0,483797,867174,0,0
b1081793-b9fd-421c-b0dc-5a2dec01ec80,6980,48,6,0,26847,167112,0,0
f9b50aa3-da58-4c08-b76b-4241c8544b87,,NA,20,0,181412,836902,0,0
5c352c89-680e-4094-bac3-215f2fd4b2ce,738,54,6,3,102942,331122,2,1
88770251-2de3-444d-a904-c8efc4286912,709,9,10,0,175427,365332,0,0
d46e0477-a250-438a-aba5-699477802a15,,NA,8,0,426018,954118,0,0
57a4f828-621e-40cf-8b47-e2a511c4d324,751,NA,19,0,364762,2760516,0,0
eb53a9ad-234f-4742-a4b9-1beda0fa5834,730,15,6,0,90079,434588,0,0
d6b1b3f5-5329-4159-ac26-1e07ecb88801,733,38,14,0,298623,942128,0,0
2691d356-b3f4-4b48-947b-8199ddb442c0,694,23,9,0,106780,128414,0,0
280c958e-1b21-4999-8b60-9963cbe3f30b,,45,11,0,190000,279202,0,0
51375340-c730-443b-a7c8-2a6413df9090,,NA,6,0,192147,330088,0,0
fb6d6dee-026d-4328-ba1d-3bdf0b040e87,7130,NA,16,1,254562,589534,1,0
1609493c-30e7-4e8c-a454-be495fc490cf,,20,17,0,1457224,2197030,0,0
78229927-c182-4e8f-97d1-bd87be4d6c15,,11,11,0,217094,394020,0,0
22715d13-d515-4678-b558-0561db9b1151,739,NA,20,1,262162,764610,1,0
aabe38d4-8395-4927-a4ec-f09d8aa5f825,7300,NA,15,1,81643,403986,1,0
d74faaae-58f3-4d95-9283-6496e4c3bc9d,704,64,17,0,380551,605286,0,0
06a7a58c-1838-4bab-9c1f-3d40d72c0819,700,41,6,0,66728,138974,0,0
092212ec-5b85-455f-af55-8e7a706aec41,,13,8,0,298794,700348,0,0
9d960352-8293-4290-a944-115168dd5eee,,NA,15,0,211527,623216,0,0
611ae910-f9bc-4d4c-ba13-62625bc699bd,,NA,12,0,341050,654896,0,0
68320f25-93db-41dc-a591-b51ee05805c0,731,7,6,0,430559,991144,0,0
3d453cd5-57d5-4a20-8bd5-f40f784540a4,,24,17,0,104234,242374,0,0
1ead0d31-22cd-4438-a897-3f950c1ae91f,714,NA,11,0,343311,867922,0,0
865d00cc-9cf9-4d88-8fdc-1a10aa0b6963,,NA,6,0,112765,162008,0,0
39345fb7-8a6d-47e3-bdaa-4fb2f30e6a1d,717,42,11,0,456855,953128,0,0
673b344b-4232-4188-8e80-ff6a5c56887e,737,52,8,0,102277,244684,0,0
c1d46c07-bd34-49c3-9bd2-0490743f3834,707,31,9,0,146965,348700,0,0
88ef0c14-5571-4398-8f54-84f3d4edf5c5,,NA,20,0,284601,504636,0,0
848b5417-6f4d-49f9-94d8-63466fe89c46,660,NA,12,0,198664,239360,0,0
ea5eb9ea-0e37-47f9-9e3c-dfc55558ff76,,44,9,0,209095,389246,0,0
b1371eb3-9f56-4612-b93c-f94c7df5e162,746,19,13,0,443536,817784,0,0
d15b4266-0635-41b7-89c8-c86f311837b4,723,11,14,0,468160,1465068,0,0
7d42c1db-775c-4f5e-9930-5c85f9ffdc90,,32,9,0,840750,1567654,0,0
89f1a8e7-b406-4516-9528-a6ac29b2f6e2,703,NA,20,1,495330,813538,0,1
5a5646d1-7dad-4bee-bcd1-d41aa7ca49a5,713,NA,9,1,101460,304326,1,0
1599a513-e184-436b-a1eb-5a39898921c0,724,33,16,0,156579,389070,0,0
746f5b6a-b3d5-454a-8d12-b9b3da099f8e,,68,7,0,82156,371558,0,0
aee47558-70db-428a-942a-318c66dd0368,,NA,10,0,109041,224664,0,0
a8111f2d-b51c-45ea-b900-dcb69094575d,748,NA,23,0,84949,983642,0,0
17972ea2-d2a7-4494-acd7-464e04ac1a99,720,NA,10,0,178942,519310,0,0
360b4e1f-d4bf-4d9b-b6d4-b5bf84f35d7f,713,NA,6,0,144894,232034,0,0
224e7b22-133e-471c-8351-2117f0035569,,24,12,0,162032,331496,0,0
f6d93154-eba3-4820-ab69-ad1da55dd21f,673,NA,14,1,107559,344982,1,0
dc1b6f37-003b-4cbe-81ec-6042b8a41679,685,NA,8,0,139973,310464,0,0
610aa48f-6558-4685-941a-5ae382a24bf6,,NA,9,0,90041,876062,0,0
4ea82ec1-2672-47a0-8f31-d0e55f1566fa,733,NA,17,0,2964,286880,0,0
f122baf3-188a-40e0-95da-3b351a7f2ba2,748,79,10,0,328168,593714,0,0
04ed91e8-3d5f-48f2-91e9-1776b6557d73,747,39,11,0,46531,769824,0,0
68132c80-0071-49e6-9671-3fa7bd906a0f,,NA,9,0,320416,375122,0,0
4062c1dc-195e-4d9c-af6d-0614bb4bb87e,681,74,18,1,266969,368016,1,0
1f7cbe46-a8d0-47d8-a75c-08788dbfa5b4,716,57,23,0,64809,128040,0,0
065290b0-faf3-4646-b8c3-421f129d259f,721,NA,11,0,238317,557458,0,0
e07631ec-2184-4f3d-9544-646e73f318e8,720,NA,23,0,1278643,1719542,0,0
64409fd3-0eba-4fb7-8de5-a9be6bcae779,724,NA,10,0,223687,338118,0,0
1975d025-bb1b-4743-a870-db6167015867,688,40,16,1,65284,105864,1,0
d36a1aa1-6882-4d76-b71b-fc4e479e8874,7260,NA,5,0,43263,113850,0,0
def572c9-987b-4c0a-8a6e-9d0a05348ae9,,26,14,0,226613,660968,0,0
7282cdb5-fd8e-4798-b035-6bf77a4761c5,730,NA,6,0,75202,145376,0,0
c21defbe-a21d-4163-95a1-ff7657b26232,720,29,8,0,210026,414282,0,0
f84b54ad-3e69-49c5-b8b0-b862f4e944a5,,NA,18,0,311562,405790,0,0
a7bd62c6-fa83-456c-93fe-0935c00ff9d8,,NA,11,0,2710768,9286310,0,0
9807c11b-ba54-41c5-92e3-a4f682eb70cc,708,NA,15,0,267691,431706,0,0
b3d714ae-e5c2-4520-b260-efabdc6fac12,743,NA,14,0,358511,812372,0,0
794a71d8-860a-49ef-93a8-c18f2b5111c9,694,9,4,0,26125,32208,0,0
cd13da6b-f106-4f63-bdd2-a0e5f0be3b40,680,21,9,1,17480,114334,1,0
964bacab-c08d-4caf-978a-4ec3c97ee411,725,NA,7,0,195947,261096,0,0
93fe393e-3eec-494f-89b6-1a673fb34d16,700,NA,12,1,114399,444532,1,0
e8ea024a-225b-4bc4-9247-e236c6fbec5c,,NA,2,0,184262,222002,0,0
f5d0a5cf-6378-4aa9-ac0d-7633228fc11c,750,16,28,0,495273,2293852,0,0
5b852158-b5d2-42b2-8047-0368ca75cc23,682,NA,8,0,148770,180004,0,0
2f6d8adc-7d17-4c97-a25b-d80ce9dcb891,717,NA,6,0,390906,504592,0,0
83f3fba6-5afe-4e28-87c0-94a12254f519,732,31,13,0,89129,1063920,0,0
dab1b66c-c057-4dca-8504-7aac84d24e23,743,48,14,0,429172,911812,0,0
d576b8bb-61d8-474f-a5e4-ffc9bbb4b75f,742,21,16,0,139460,591470,0,0
b08f670b-52c0-469e-af5c-513249b3e76a,655,NA,9,0,308864,524392,0,0
fd055a8f-3f7c-451d-84c3-dcfc14ec716a,739,NA,17,0,231990,758846,0,0
53173124-b7e8-4b6f-919a-0bda8725f4ad,714,NA,14,0,202673,334796,0,0
7fd7f726-cc7d-43e7-9b36-f95f9349a222,697,19,10,0,227449,288772,0,0
05c26ed5-77b2-494e-8358-e097b59bd725,743,33,8,0,252282,496804,0,0
a17668e4-d433-4eb0-84b1-9e325953da3f,,24,19,0,139726,320342,0,0
3b7fff62-1416-4b5c-ab8c-1458e2cae7d2,683,NA,7,0,139935,185592,0,0
999f50a9-5710-45c9-a144-b089769683cb,744,NA,11,0,505837,761662,0,0
3c3b3916-2a2d-4943-91a4-e375192cb3ea,,23,15,1,114038,303556,1,0
115a914b-345e-4b91-8322-d1487d639409,726,NA,9,0,84816,222706,0,0
937aa7e0-f23a-4f19-b13f-7bae2e9e9634,,NA,15,0,296590,534094,0,0
97210f29-705f-46fe-ae81-d41f5831e849,745,26,11,0,441788,1491402,0,0
790dae20-ad14-40f1-8cfc-267e59c32a79,690,NA,15,0,376960,609620,0,0
b89d0759-1665-4123-86dc-7e1f8ea35b5a,709,NA,9,0,100187,227920,0,0
a9e8bc2b-0337-4d0d-b666-dbd5b93aa408,748,NA,10,0,384978,738012,0,0
1bf5c492-27e7-463e-9ea1-2f67a932ee44,751,NA,19,0,140999,570834,0,0
64d13106-35e8-49bf-9aa8-35efaae63e5e,723,41,14,0,245404,374880,0,0
038743a1-cec5-4dfa-bc5f-9af0d3e31ce6,698,NA,19,0,225378,405218,0,0
010d751b-5e49-4183-a7e9-8b8187917fe7,699,21,13,0,358720,578512,0,0
914eeb8f-723a-4b6f-a08f-938fffb4c64f,721,43,11,0,183483,391248,0,0
a6044026-aa53-4248-8cae-f30c4c691826,704,17,13,0,379012,752752,0,0
a292b9cc-84c3-4b26-8aea-0262d79bf92a,728,42,10,0,395542,723514,0,0
52965896-c132-4fdc-bc57-cbd720e28b51,,NA,4,0,277856,485232,0,0
b1fcf6d5-b44f-433c-8d5f-e33abbc14454,672,12,8,1,2413,63492,1,0
a0ef17c9-5e19-4ae4-828b-88d0eef3f6fa,744,45,12,0,132734,234278,0,0
153d0c74-2603-4c54-b126-9dd88b42b43c,,NA,6,0,17556,782276,0,0
06e57a15-c74e-417c-8b5c-59c820969818,733,NA,7,0,357048,522676,0,0
f4dacb18-324a-45a2-a779-2c7160917ddd,7330,78,4,0,5244,17072,0,0
c52938aa-5c99-4e2f-9745-1c6b768cab17,605,NA,16,0,505457,638242,0,0
62be1788-79f4-4b17-88fb-4d7bb307b933,737,29,9,0,277191,425106,0,0
9319e15b-8724-435b-b824-e5ffdd7a5e21,683,44,8,0,400520,885016,0,0
ba30f09b-6536-430d-88e8-560c8ce4ebb0,730,NA,10,0,357181,491172,0,0
f2fea509-9b33-4e74-bf68-75ecb133e667,719,45,7,0,82840,317636,0,0
5faa3c51-f376-4ff2-9577-7299afed5282,683,25,5,1,148694,261668,1,0
8f399728-7a73-4043-a08a-44c581afa7bf,,NA,11,0,274607,725956,0,0
4278354b-c782-460b-ae71-9b7cef7411b1,716,16,7,0,17537,45034,0,0
69637765-d203-45bf-8e33-fe08767aee75,705,NA,9,0,171228,281622,0,0
1bcbbaa1-8f49-4b09-8ce6-9006ab65f3a9,740,NA,7,1,135071,198220,1,0
6d471b19-4b2b-4f4d-b6af-576dcc84c401,701,NA,15,0,210824,319088,0,0
680649fc-e239-4c66-9532-a3959f2344e1,745,23,8,0,0,0,0,0
58c02ce1-8ab3-44c7-a6f8-cac03c8dcb47,737,8,8,0,507851,640552,0,0
a3c66e69-3758-4f79-a37b-d60e9908fe6b,722,NA,18,0,87077,203280,0,0
f7fc3e1c-1929-4398-9e8f-a9e7071de9b9,692,NA,9,0,359879,680878,0,0
a26e163f-9c26-41c2-b1a9-42264977db36,,39,7,0,96919,253330,0,0
5dc51173-c755-4a5e-ae4d-74449b5558be,683,75,10,0,33345,115918,0,0
15f3b1e6-9fb1-4761-aa0f-a55d7ee9c647,,NA,12,0,293379,517814,0,0
0bbd56c6-641b-4760-8e54-0409534231bd,734,39,15,0,768265,1252900,0,0
eafe7799-193a-45b5-8602-25d914feb662,750,NA,24,0,381881,1668634,0,0
023cfecc-7374-4892-91e1-c5392b7acc20,711,82,9,0,261136,427702,0,0
83e57e2c-7fed-466a-a543-c42a3e06038b,738,40,4,0,137408,291390,0,0
f7f98052-5983-490f-87ef-9dad239d8218,701,23,10,0,320055,469700,0,0
51c4eaf6-a75d-47b2-b237-26f7eed55a47,718,NA,10,1,355395,558360,0,0
402b1141-f1eb-4174-800c-2831c4f064c8,,47,18,0,272175,708202,0,0
d8e3e18f-107b-44ac-bc53-4e9ec8ece663,710,NA,6,0,89604,201828,0,0
96bd09de-52d8-417c-8cc4-1fdb353081cb,,69,13,0,227696,378796,0,0
48d795da-dde2-4679-ae14-04b0c040fcf2,,NA,6,0,227753,455466,0,0
3d741905-6956-4b92-9ac9-e9d182862fcf,725,NA,19,1,152893,561990,1,0
291c0534-4a16-4c76-9ff8-2633679bbfad,708,81,16,0,435746,825770,0,0
5cda4b7b-3458-4410-b868-fd5f6bd91f74,738,35,10,1,60325,301114,1,0
699e1399-ff53-4131-856a-7fd87d8a83a0,,NA,15,0,469832,796532,0,0
36392709-a5ff-4c2e-a4ee-a79dfcb943b8,740,24,10,0,167675,302896,0,0
afd319b0-3639-4aff-941e-5cd96f0fff35,6910,3,9,0,74746,157080,0,0
7fe3d429-7e96-400d-b187-1a4b1cd9aa8a,627,44,8,0,101175,360470,0,0
62d7263a-fc73-4d4a-a48b-f84a68dc2c28,671,NA,30,0,601768,840510,0,0
2e0f671c-a704-4206-94d1-5550a27f6f5a,684,24,12,0,618222,939422,0,0
9ea5d2be-d04e-4fe9-865f-349ef446c963,,5,12,0,182191,300520,0,0
0ede33be-b0bf-4ca3-9f89-2ee57c5fd4d5,730,NA,11,0,178771,389840,0,0
7f0f71a5-fb1f-481b-b8d4-5472134860b5,724,78,9,0,25118,182974,0,0
23d74047-3b04-4693-b3c6-f7b6bc58a499,,NA,8,1,138092,234102,1,0
765fd510-570a-4dd6-b880-4740301a9419,671,16,10,0,92378,384736,0,0
bbd909a2-84d5-4a78-86f1-f75917b7474f,735,52,10,1,193135,329362,1,0
22b4155b-b9a3-4b64-ab8b-03abb2ea35e5,722,NA,8,0,170183,336270,0,0
21825de4-9406-4cbc-9ae9-d6da91f5abe7,,NA,7,2,105203,330990,1,1
96fc1c7a-3ff8-4da0-86bd-f121b67d1427,735,32,8,0,139441,406714,0,0
5ba20bd4-aa3c-4f06-b9d9-38a1c2b05421,743,58,8,1,122512,247544,1,0
96f1a36e-650e-480c-98dc-1f705f3eb5d5,,NA,15,1,46075,129206,1,0
0064532a-7729-4734-8d98-b834d1842a11,,NA,13,0,243238,635756,0,0
25174d1a-458a-413e-accf-d4847a13120e,654,NA,11,0,376390,462660,0,0
a9a48e02-e038-44d6-b4ab-9277f69abf3e,,NA,30,1,174211,661386,1,0
b1096d56-9e7b-4e12-a35f-87fca0749a8f,748,NA,15,0,396074,979924,0,0
a8a26a27-59fc-41d8-8055-b1e90d3042f7,729,NA,6,0,100016,193644,0,0
0fe0fc4b-438b-4a99-9610-154057d9b23d,728,42,9,0,47120,101200,0,0
40ad2b57-bfdb-45e1-9a57-216fb6346c1a,707,23,13,1,138434,334664,1,0
71bf23d2-5d9b-45b3-b65b-3b0a9541e991,743,NA,10,0,180861,349008,0,0
1e1d1b4e-5a35-4144-95a0-93fcd0f0ad31,725,NA,9,0,480491,825462,0,0
3a7b0c1e-e324-4db1-9d56-6607834e270f,748,NA,19,0,734179,2656544,0,0
1a2e3dee-dd54-4e1b-ac04-702ecc0c7851,,NA,14,0,348270,414018,0,0
308c5e9b-ebf1-4685-a6e9-07dcc68ec009,662,10,11,0,173489,585684,0,0
fa4db14a-3c80-4c1e-bf7a-e9a58ebbdb0f,746,NA,15,0,796005,1392292,0,0
088cca47-7b4e-4997-aca3-f942cd35e248,725,48,11,0,151126,181720,0,0
2e0fc44c-f9a1-4431-b9ea-0f7d8139c37d,746,NA,9,0,39330,421696,0,0
ef2d3d6b-86cb-4d90-a72c-c576e3fb9f21,624,NA,10,0,596334,813296,0,0
b147fb29-016f-41a0-98c8-a231d7f3926d,720,45,15,0,152171,299134,0,0
5c82249d-1478-4479-be05-22e92175ef2d,727,NA,15,3,90307,275154,3,0
4557edc4-9766-444e-b275-7d44fb31e025,738,NA,5,0,57475,462220,0,0
ee2c2336-c3b8-4029-9978-59fc52d288e7,723,NA,11,0,126825,327074,0,0
6f245fc6-1ce1-4f7a-a648-b8f9c844464c,705,NA,3,0,417962,490842,0,0
f9c296e7-36ea-42fb-9558-2bfd07f885f4,710,NA,13,0,1056723,1458380,0,0
ecfafac0-7136-493b-b3d2-6e3712b801d5,616,17,10,0,616018,870914,0,0
fe790714-8f10-41ec-9f48-02bfd0dec430,716,64,7,0,145597,258962,0,0
71792809-8686-4b2d-bbfb-33c923ee860e,723,NA,5,0,153254,286242,0,0
9e3833db-51f5-43ce-9823-5fd8d522f73a,7410,74,7,0,186599,319616,0,0
e6b27b57-8113-442c-a2c0-d4ae0b60d8ca,739,NA,9,1,415017,733634,1,0
bf7eefc9-50a9-40f4-a83e-ca0dd44e9d30,727,9,14,1,148105,441980,1,0
ffb82732-cb32-4020-b87b-218dc6ac0c9b,6890,44,10,0,227886,329010,0,0
ac2ff491-4dd4-4532-b587-78f3ea674a56,747,NA,5,0,57019,118140,0,0
e001431d-05b0-4998-8965-fcea225e9ff5,,81,13,1,212724,509982,1,0
f5605067-66f6-4708-b76d-b78a7b8b538d,732,NA,4,0,66880,140536,0,0
96bef6b1-95b0-4237-992f-16f538ef388f,719,15,9,0,49913,124828,0,0
38ab9c6b-f10f-4857-90e7-1f25aa8da1ae,747,NA,16,0,258210,1172490,0,0
594ac19f-fe9e-4370-b204-52bbc2df69ba,692,NA,20,1,256215,824098,1,0
3ee01cea-042e-4ad9-996c-90bec68b0139,699,52,6,0,55328,66792,0,0
feda1929-f6e9-41f6-8f08-bd299f4ae2b5,742,NA,22,0,176510,712074,0,0
a867f69f-f5c8-493b-94a1-f61505a95632,693,NA,10,0,229862,332288,0,0
8fd082c2-67bc-4593-b301-9f2c401774a3,694,29,13,1,193192,301884,1,0
cf847dca-3503-4921-9143-997adbee3f5d,728,NA,23,0,847495,1823998,0,0
53acf50f-2231-4a5e-8cbd-065adfecf41e,705,NA,6,0,230204,365618,0,0
8fe56e44-c2b2-4a34-ac85-a885b619887b,,NA,13,0,337668,1170598,0,0
9e6a4861-6b5e-4db8-99ed-92c02e2f4d66,736,NA,5,0,82175,166056,0,0
b4c696c5-de12-479b-b54e-f02ed850cb1d,637,37,8,0,104747,127512,0,0
e9aafcb1-4682-445a-86b1-dea18119c2f0,737,NA,14,0,373920,498234,0,0
214936c2-31c7-4e19-bd52-2576aaf2cfb7,748,78,10,0,339169,556270,0,0
1b6db2b0-1d08-4296-9dc8-8139f49e5827,641,37,14,0,702506,1442254,0,0
89875dfc-bb16-4232-b7c0-d764830668fa,724,NA,6,0,7809,322806,0,0
d11b3823-f46e-4845-8d98-d96bb2ef6d49,737,22,8,1,62529,254078,1,0
b6ef3643-d6aa-452a-89bf-cbd3199186a8,,NA,19,0,844550,1367674,0,0
07ad2653-bcea-4a89-8c17-d28886ae520b,714,NA,12,0,352659,551056,0,0
a3ad2d24-fbfe-4711-ba7d-ef6cf3fc2bc1,719,NA,10,0,466431,711568,0,0
d070aea8-75f5-42fc-a6d7-a948bf922e50,713,NA,4,0,466545,705232,0,0
47851bf7-1725-485b-8f42-8173919c418a,621,NA,7,0,269173,668844,0,0
55a4672f-c0d7-4952-bcb7-ae52fd081947,738,29,13,0,705755,1138148,0,0
eed65669-0e08-44da-beea-d4c1848a1c01,714,NA,11,1,149473,367444,1,0
60e6687d-b675-4b96-8da3-3225d576cd8d,750,NA,8,0,54245,668184,0,0
d1def87b-c66b-4e97-83cc-b18e3c35b25a,731,NA,14,0,164464,573562,0,0
e3c5afe6-649d-491f-ae90-6ef04c7723fd,714,NA,9,0,18202,41338,0,0
8c1245f3-2186-422b-8aed-2fb57ebe924d,751,NA,21,0,148979,1658756,0,0
3a5f5648-7d42-45e7-9e60-a6484c68762c,,62,17,0,214833,348898,0,0
c8ff3761-4c92-4993-9411-0d9b08d2c690,740,37,10,0,258096,372152,0,0
0b52a1c0-5fea-4f46-ae14-89fc5fb6de99,682,80,7,0,55233,453552,0,0
4fafd42d-24d9-438d-90d9-ac4258fd17b3,739,15,14,0,789450,1080486,0,0
e759ff67-6f9a-4b31-bc39-94795440b830,733,NA,13,1,89186,600380,1,0
8d26bfb5-c09c-41a9-833d-d0166c3be2de,,NA,11,0,375858,670582,0,0
8864c095-becc-4a82-899d-c6f9ec8ab44e,671,NA,25,0,544274,987800,0,0
01fa49c5-cd6b-4740-84b0-ec7ceb1eddb9,722,36,10,0,147953,256828,0,0
a66c0ac5-5a4a-4179-9b58-287e4a5b0d76,740,14,8,0,69502,313126,0,0
caef1af1-3e33-4f0b-a439-3bd873c46f0a,709,8,13,0,241186,616462,0,0
97855f2c-d11c-40e0-9889-9b5657d411a9,706,38,10,0,100301,118030,0,0
9e827ffc-ffa1-4859-a343-be9c49ea7f20,689,NA,16,1,588411,793166,0,0
55eae51e-8dff-42c0-8893-7f6925233e03,,NA,2,0,60496,89122,0,0
dc2d879b-618b-4a63-9ceb-05e79bffabb5,727,NA,23,0,843657,1327238,0,0
5d0ab2d1-884e-490c-b56e-dce44338e4b4,729,NA,10,0,288477,386606,0,0
db9fab23-2db0-454e-930d-e3b3bd5a26cd,742,NA,8,1,195852,490886,1,0
0c2ae949-e63e-4157-b397-52c89ecb3506,745,NA,4,0,92815,131714,0,0
37838484-6d4e-457d-b8fe-bfa9656a62d3,696,46,8,0,152038,283030,0,0
78885295-0efa-4c22-8667-033adb30c4ee,,58,8,1,37677,51986,1,0
d34985a6-600c-46ab-8219-62aa4bbfb900,746,69,10,0,334495,496562,0,0
759c96e3-9287-4576-82c7-ec623d8e4b03,725,61,9,0,344147,508926,0,0
39d2cb44-3ee7-450d-a436-97c67e5b4421,707,NA,10,0,135869,309100,0,0
a1d57d19-e6b4-4d14-8d61-238036281ed6,734,38,10,0,101308,238876,0,0
1c7b85c2-b626-4b75-b0d1-1db9fb0c2e64,740,NA,8,2,414428,922812,1,0
5ae3b6bc-64a9-44c9-9ea0-451158b11df2,704,NA,14,1,434378,756338,0,0
81f3b773-d509-45fb-8f2a-01b05377b32a,7310,NA,22,0,285076,1535292,0,0
d619455f-ce8b-4b19-9bef-f0b33f12d2da,,78,13,1,87913,316140,1,0
d7fadeea-0cc8-43af-83d4-cdf461ac5fae,736,14,11,0,25422,203016,0,0
6f165d84-2eaf-489a-bf18-9ec4a2960451,,15,13,0,321689,629178,0,0
b283497e-87d4-449b-9d94-e312c167d4a7,719,NA,16,1,87419,937332,1,0
37c4396d-a14c-40cf-8e6d-50880d798b3b,714,NA,3,0,373730,470888,0,0
cade2055-b334-4b91-ac40-8bb3b162f376,743,49,22,0,129789,274736,0,0
a4ea31c9-bde9-4768-b121-310d2817c303,697,42,6,0,286805,435798,0,0
55bcc0eb-bda4-46e5-a50c-3bccceed6a82,,NA,8,0,83448,301994,0,0
051455cb-c0c9-4dbf-b0a9-58faaebb6930,748,60,9,0,132354,351472,0,0
d5f6fd9f-0654-4340-973b-96ed289c4348,,NA,12,0,358530,988416,0,0
62fecede-b7c1-40b0-b32c-bc7e1c59da17,719,NA,13,1,247874,521818,1,0
e85466af-e36a-4f3e-abe2-253ff548c946,6760,NA,5,0,93195,115544,0,0
c01b746c-549b-49dd-86c2-8eac899cf075,675,66,8,0,688769,850234,0,0
beb0308d-2a60-4ce8-99e9-fb93188a7ffc,726,NA,11,0,86469,333718,0,0
108ad9ee-34af-4943-9e71-e13888de7fc1,713,NA,9,0,89110,141746,0,0
0f674a44-1dae-457b-86b0-9293c3209372,,NA,14,0,93499,362120,0,0
323aa2b2-c3af-4916-9268-2acfde40e9d3,,35,13,0,309833,850146,0,0
1813b076-aebd-43aa-adac-d46e240f8e3f,649,34,9,0,106742,332222,0,0
c65d5690-7b63-4c14-a1bd-22b2c7a9ae4d,732,NA,8,0,5909,683914,0,0
4c67e3fe-e4db-47d7-b510-bee3c4f80ab9,,NA,15,0,1793505,6551094,0,0
7ca46de9-112d-4277-8b23-3bb674502c66,695,32,1,0,0,0,0,0
5de6c73d-790b-45be-8564-00674bef2747,739,47,5,0,42389,153846,0,0
d9d900a2-820e-46b5-a145-d60c50b87812,740,NA,15,0,527212,1307196,0,0
46352e35-5d6c-49c8-b0ca-e1259d41ebfd,737,NA,5,0,179512,236478,0,0
cd4306c7-16d7-46a4-ac75-092b0964e677,716,41,13,0,231135,649594,0,0
44f6611f-abe2-4c44-b2b1-7724405092cd,725,NA,19,0,111682,850762,0,0
6a84546c-51c0-4c4b-95af-60f786720e98,742,NA,11,1,215289,488796,1,0
653ccc1f-8f46-4bc8-ac83-7d9d9f8c6a8c,606,65,7,4,213275,454806,0,2
19066d51-21d7-486a-ab63-606f1f04e828,692,31,11,0,16853,147796,0,0
6ea981c1-542e-47df-baf8-cac1a5a7d8ea,,62,29,0,567454,1246762,0,0
f7f891fa-dc14-4026-ada4-f4ab885c867e,724,28,18,0,514121,727760,0,0
576cf356-db74-4b38-aa2a-39a812a5c351,7380,NA,5,0,46854,72710,0,0
ea93877d-aa10-4371-ac34-ccae59da0926,739,NA,8,0,94848,193028,0,0
2e0f2d76-a1f0-4814-bf03-3481a02cb673,748,NA,13,0,2012480,3357662,0,0
1b2149e4-7cb9-4b25-91ef-24541f0bd832,707,8,13,0,649743,1245596,0,0
8a2d71c8-03aa-4333-990a-a0c24cdb6aaa,7340,NA,7,0,470668,996336,0,0
1f38fa6b-9451-4a73-9f37-971b3c170219,703,NA,6,0,39159,91784,0,0
f128c0fe-e3d1-4f90-b244-f3d8d735e89f,,NA,7,0,212724,414656,0,0
9e85cba2-fe7e-486c-b341-b941fdd567ec,697,9,9,1,85861,436084,1,0
005619ae-a63b-4053-8ed8-a94a82955856,746,NA,10,1,166231,785620,1,0
ec53dfa8-a55f-4c7a-813a-0ac86a063fb2,745,NA,11,0,887129,1407098,0,0
0accc615-f9cf-47ae-91f5-fbd1ffce97fc,,NA,14,0,163115,314248,0,0
dc92b3bc-2432-4696-a208-5d3b1677c0f3,740,21,12,0,140429,632676,0,0
27ede1b6-6601-49f3-9e8d-ffaa3cab452a,746,NA,21,0,960412,1566268,0,0
b34c1796-0c33-46e7-9345-93f3b4680dd6,7260,18,7,0,275139,373054,0,0
07547034-e236-44d5-84aa-03c195f94813,746,46,13,1,104044,721402,1,0
2dc096ef-e052-43cc-bd6c-a7c8cc4c240c,683,5,8,0,111378,142186,0,0
72daba6f-1614-49fa-b990-644c252c653a,717,NA,6,0,196194,321332,0,0
499435af-091d-487b-b030-534b0a209e68,708,80,4,0,134216,203390,0,0
d2421cdd-dff0-4229-9c4d-64558b2869b6,697,NA,13,0,3208150,4132040,0,0
f37803b4-c9e0-441a-b1e8-6bb568c8ed80,705,58,18,0,38741,419254,0,0
5c15b90c-0fa8-47e8-bfe3-170ee07108fc,736,NA,7,0,229539,564322,0,0
8923c193-d614-4090-8a1f-9f04b8b760f5,745,NA,16,0,696825,1120614,0,0
ca8c11b4-f2cc-43e1-8e21-4f498cfa07ca,629,53,18,0,618355,978142,0,0
589ac8cd-af04-44bc-871c-8528c0b8c720,705,40,15,3,172064,462286,0,0
80a7a5f9-37d8-477b-b4b4-19ef3e6ec9cd,713,NA,12,0,313500,548328,0,0
0d2c9c36-d40d-4d0b-b868-d95dd00e553f,725,82,6,0,405650,548064,0,0
6022251b-b6b1-409a-8d0f-e43ea36dfa3a,637,NA,8,0,584098,768570,0,0
c95f7c99-64b4-4d31-958f-2c2b039e9b51,735,15,7,0,250173,366674,0,0
d1f87d64-0bac-44cf-ae9a-2a14e75e9966,,20,10,0,253023,522258,0,0
7de5b5b9-d142-44ef-b455-57369ee53b63,741,NA,9,1,146528,263868,1,0
86d9480d-c9d2-4d47-a535-9a0c8414dd89,,NA,10,0,875824,1190266,0,0
0a7c17d8-0dff-4dbb-972e-287d85a02e30,,NA,9,0,203262,556380,0,0
31d941be-e76b-4e31-b1cc-127640a38ae6,699,60,9,1,139859,260326,1,0
a0b66a7a-2688-4638-9709-39e4763b3e1b,740,NA,12,0,388740,941688,0,0
3a69415e-e3c2-4981-9f48-4e4b477fe0a7,700,NA,8,0,85044,138710,0,0
c4c82ac1-9658-4632-98f9-5ee751f6d3b3,718,32,20,0,148029,804672,0,0
230f6031-3083-4738-80d3-9f62eed826a1,677,14,23,0,267273,801768,0,0
e7182085-eaf5-44b5-961e-ab60d920fef2,736,NA,9,0,213712,388476,0,0
143f9e61-2072-442e-afa3-7ba09af03469,,NA,4,0,167960,218504,0,0
338d87f8-f39d-4e36-bd09-449ea0f0275b,,27,14,0,69369,811250,0,0
0db46503-e516-4d02-a3b4-078dc3c24d68,,NA,13,0,132601,478346,0,0
69e4304f-72b7-4d80-9027-9f189d79fc93,672,NA,12,0,360601,437206,0,0
7ae4400f-352c-4489-826f-c6f505e73f75,,41,14,0,194864,598466,0,0
23adc1af-e825-47eb-bd1e-42cfa2bc39c7,704,NA,6,0,190608,272140,0,0
d7d6d54b-4d00-4179-8fb0-dbc1d7edc4dc,726,61,10,0,195016,353364,0,0
e87593f4-0e8b-4b53-b274-fce24ee9c1d4,742,48,10,0,516819,627946,0,0
ba1bf509-d647-49fc-9fdb-1b8eb7419b4a,,NA,21,0,807614,1241878,0,0
8a344c2a-9289-46bd-939f-a1bec17e1fa2,711,NA,9,0,99617,134266,0,0
05348a3d-3ed4-487c-8224-5420467f2d68,748,3,9,0,92378,914298,0,0
a75994c6-7e5e-4168-8dbd-c2c48310fc35,747,NA,10,0,171988,465278,0,0
7f5c00de-0ee6-4cb7-88c9-645f13d541bc,737,NA,4,0,129276,161304,0,0
df4d9c39-c96d-4ac3-9dda-9be2c767f36b,,23,7,1,24529,63272,1,0
9d097dea-7481-443d-95aa-7f2dfe09963e,747,15,9,0,273182,670164,0,0
ea7e6f4e-12ee-41f0-aaaf-0e13ccf64b10,739,46,10,0,201571,436238,0,0
2c79d0c6-679a-4a36-a5fd-74a5c04f8540,745,NA,7,0,167333,500676,0,0
93589fd9-8563-4857-899a-a1e1648c9775,,NA,9,0,550316,821172,0,0
aa0b4fa8-1fe0-4c9f-9ca7-fde7a169b8c1,738,55,4,0,207499,424512,0,0
24299ecf-f4f8-4f98-a3f0-29dcea4d8738,7330,28,6,0,287109,364518,0,0
3765a5b2-1d80-4be6-b5f4-e837554241a2,728,NA,19,0,746396,995676,0,0
b2482388-3df4-4b68-b8ba-cdc93d68f1d1,741,NA,11,0,206302,298606,0,0
869c0360-bee8-4106-a2c0-e47a12a094ae,689,NA,17,0,166478,563618,0,0
faad0002-b8af-42b6-b751-c8580ae18a06,,NA,5,0,253802,440594,0,0
62b94b4c-2837-43d6-a564-167fb5e9204b,714,72,9,1,210444,414414,1,0
05555dde-7623-4f04-8958-f96525c1c4dd,,NA,12,0,473385,927454,0,0
76869848-6878-4444-862a-31c3d9835ab7,676,NA,14,0,384427,623436,0,0
9f6d3f54-c395-44ea-9d2f-8a4e0e89987c,667,45,12,1,103018,180444,1,0
79c9c189-1623-4bdc-98cb-719f17c71404,739,30,11,1,244644,434478,1,0
f04b9649-6e04-405e-a5dc-c4e7c8e956b5,,NA,12,0,376447,534160,0,0
ce0e6953-8c4b-45e4-9f23-9bf76ddb51b9,731,NA,10,0,128953,198572,0,0
42158274-dcf0-4f3f-9559-9f61b18d98a4,747,NA,15,0,241908,1333882,0,0
928f2e84-baf3-4b97-9e1b-c957290d7c74,7080,NA,12,0,460408,1275384,0,0
ff14c539-f473-435f-b788-d77c1964126b,746,NA,9,0,17480,449834,0,0
70e66640-9b31-42b7-83b2-d6854f636545,748,17,14,0,259787,3199966,0,0
553fc901-11a8-4889-9b6e-e9704572e1f3,728,63,7,1,59413,189002,1,0
4e653d9f-0cba-46c1-934c-1adf00de6f01,,NA,10,0,127889,186032,0,0
b47baf45-0ba9-4035-b712-f4ea9e53f3a6,702,9,17,0,180994,1854600,0,0
50f9ceae-5a0b-42dc-b208-78f7c4d49fda,686,41,7,0,489668,846252,0,0
b05d58c6-416c-4553-a37f-cb8456036f09,,NA,10,0,224580,432674,0,0
9b7ca679-a61f-4dff-b7d3-b837d9f0457a,726,64,6,0,66614,149490,0,0
259fc707-847c-4028-b1d7-8fed86365340,676,NA,10,0,119016,542520,0,0
a35bff39-df54-470f-ba05-16f1f2569f16,,NA,20,0,627285,1265396,0,0
aa6b8dc1-dc1a-427a-889b-44e03b04ae97,748,NA,8,0,77140,572550,0,0
52a7d1ec-8ca3-4525-b03d-d116cfdd751b,673,38,11,0,184794,413094,0,0
285e0c70-b070-445b-b0e9-89ae323e3587,,34,8,1,159543,543334,1,0
f351586f-c067-45fe-b07e-cffb81d00c24,,9,11,0,130017,295196,0,0
138cb869-250c-4fe2-bdd8-8e9f887d8656,745,NA,4,0,104196,317460,0,0
aa1f7fff-7126-46af-9fb4-a876452d5054,747,NA,7,0,247095,944262,0,0
3693270e-91b5-4e42-9581-2c3be885c87f,719,35,12,1,137313,334730,1,0
f0a044c8-312f-4cf6-b83d-2aadbbf89587,716,NA,15,0,231458,707146,0,0
fc524c56-c0cc-4f84-9e59-bb3a178d045c,,NA,11,0,389918,480304,0,0
5b3b4b37-0ed0-4415-814b-386d892295a6,747,17,9,0,140334,440352,0,0
6c41123e-672e-4f8e-a7d4-6867a5846119,714,NA,9,0,85823,223322,0,0
608f91fd-2e9e-4a51-9836-829d2574169e,736,4,20,0,34808,3099668,0,0
dd11c90b-b79f-43e9-8966-09a4821258a5,727,3,24,0,40527,224510,0,0
d487ded8-1868-458f-bfcb-432c0017c1b2,683,NA,19,0,303468,1296614,0,0
f18c7225-3763-41bf-9f97-46873171d5fa,746,10,13,0,625328,1442364,0,0
65c0e875-d408-46fb-b412-d0dbefeaadd7,736,NA,5,0,227506,429748,0,0
e2d1c1b4-e0d2-4988-9517-bf5337a8275e,685,8,9,0,263891,565840,0,0
f3dd0aca-7138-4d22-bc74-8893d5b0d255,736,NA,8,0,187397,562122,0,0
15dc208f-77eb-4885-8d7d-2528e5c00cee,742,NA,7,0,355262,474430,0,0
ec615e95-850d-47ce-bfe8-203c6d234d5d,713,61,10,0,121391,789668,0,0
817c4e0a-8710-4552-97f0-4fdfcda20cd6,711,19,18,0,146737,298100,0,0
a085c543-7e87-493b-a333-29559e50905a,,NA,9,0,379715,738936,0,0
059990ab-dd69-4474-9cf0-bd46c548140b,718,73,12,0,378271,540738,0,0
e07ed197-d94f-47af-a1e8-956530755879,741,NA,17,0,309016,724328,0,0
58f3d79b-4cfa-4487-b9ae-232b9e9ac8d9,748,NA,17,0,578379,3659524,0,0
e0c21ed0-2d0f-45c2-bd9b-22c6a1a8159b,691,70,6,1,142747,170390,1,0
be1c9b09-afe2-4f88-a67b-b7043109344b,737,58,13,1,323342,465674,0,0
8e820d53-691f-4897-ab21-bc9d4118a94e,662,NA,7,0,363033,444840,0,0
b4f83ebe-8bb4-4928-b600-f743ff4d36aa,748,NA,16,0,390469,1130294,0,0
a2ca1bd2-68bb-40f4-8b62-5576b0111ddf,715,NA,6,0,281010,387354,0,0
1f92e6cb-2d80-4bf6-a16a-3131bf38c8f8,724,53,7,0,100016,224422,0,0
7af73446-87cf-410b-bc96-d328edafe673,750,NA,8,0,133418,359260,0,0
613ed5ad-74d4-4ccf-9338-5b94ccc7ea74,687,58,12,1,194465,372196,1,0
07ee9e7a-7f4e-4380-9efc-3834013c750f,740,82,10,0,225397,654082,0,0
c43c8630-d816-4780-9a44-e8af750bbe50,746,NA,8,0,1106028,2286922,0,0
9bd25f91-70d8-4ddf-bb45-1ef6a66b721e,687,30,10,3,156560,311476,1,2
5eecd79f-69e6-41f9-8bb7-2ecde200ceb7,634,66,16,0,505799,801174,0,0
37da83e3-2af9-480a-8ffb-66bcac432d76,748,NA,9,1,571121,1593482,0,1
c7159c9d-1311-44a8-b287-53e876b3d3dd,743,NA,8,0,294101,669064,0,0
b8249652-2856-4f22-a288-a7d52ec87c2f,751,NA,17,0,467438,903562,0,0
8e00abc0-5851-42ab-b25f-9855abaaf05a,683,62,13,0,600666,892826,0,0
24f9df64-2fe6-4ef5-ba27-3ad3e9b45208,708,NA,7,0,436145,597674,0,0
8c678d0f-64e7-4504-8da6-3a1a62848f3a,,29,17,0,81624,1086316,0,0
bd56c674-501f-428c-a020-f35c6b0db0fb,746,48,9,0,659205,5782590,0,0
d2c79730-7508-4b9d-87a6-689cb84d02fc,698,NA,11,0,456152,868714,0,0
c9fd2c88-bd31-46c8-8476-08a199147755,743,NA,10,1,726047,1232704,0,1
026a1b47-336e-4dc0-9623-164c9dcab537,,30,10,1,161614,393162,0,0
1b366473-9989-451d-94a8-62530f1ed9b3,675,6,5,0,132107,311542,0,0
cbb0e7fe-2a50-4668-ac2b-3bee22e29eba,745,NA,21,0,405802,770286,0,0
210342e9-19fa-4fba-8526-b719103917f7,,NA,10,0,358454,562386,0,0
095cda6c-9b01-4f27-986c-72afa9ba5f96,751,NA,6,0,200640,660000,0,0
de2d792b-6840-4629-ac2a-e8466f34553c,718,NA,21,1,339416,795586,1,0
b126c264-6002-41f7-8183-85809fe49900,705,9,13,0,250439,352352,0,0
ea1c60ed-39c7-43d4-9db1-b6cf35e0e362,748,NA,9,1,180101,607970,1,0
8fe59e1a-f134-4e5e-a7a0-00b00a505fc0,684,20,19,0,554648,704946,0,0
c2d0bbb0-8987-4858-a608-61bee39d6955,742,NA,6,0,140163,312114,0,0
a980feda-78e3-4c0f-967c-a556f8e7c929,731,NA,8,0,253897,360712,0,0
e224020f-4b75-4a69-8a8f-6c6c863d2d05,,NA,15,0,669845,964678,0,0
67e53d9d-1f88-46a1-961e-b09ebf1a562c,731,60,10,1,143336,325446,1,0
bd52d3c3-f351-4a78-871d-281999dddde3,599,NA,17,0,244929,551760,0,0
de4af729-ef86-4a03-820c-13eb73549662,744,67,11,3,58615,152834,3,0
27bc5473-f49b-45ab-9e7e-7523aa372868,724,NA,15,0,181982,392414,0,0
2a588744-275d-4650-a7c1-0d26da67017c,722,NA,19,0,546307,1084996,0,0
ffd22878-2d9f-4605-96b3-c4d7d10faad6,,NA,8,0,224295,288882,0,0
3881ee96-ac01-4358-9f7d-74209ae8b7eb,676,NA,7,3,88179,183634,3,0
b3283146-3f46-4624-ae51-a832b2b0e413,741,NA,7,0,142633,305844,0,0
ae9a61f5-e318-422b-8051-5e1f0dc55079,707,NA,6,0,137560,206866,0,0
0e1832a6-2db4-457c-b4c9-edf79077e194,745,NA,8,0,801819,1524468,0,0
3e56d043-4284-498d-8078-3bb5e26560a7,746,NA,8,0,93594,179124,0,0
67657eed-342e-4465-a7ed-44507908f30c,728,54,25,0,288591,1427998,0,0
71d9fbe8-21e8-481b-b8ad-287e96b68c51,653,NA,15,1,210197,661408,0,0
e968d1cc-321f-4a5d-ae36-fd8ee4eb6e01,713,60,9,0,84037,178882,0,0
d44f7535-9a47-4a7c-b81d-b14572fafd36,741,27,27,0,264518,417868,0,0
9b97335b-4912-4682-ba84-c52512192beb,677,NA,8,0,624910,805772,0,0
4ff4d6c6-da4b-4a0f-ab7e-258a2f6ac2b4,,75,3,0,192356,890890,0,0
431cc8f3-7b52-4842-94ec-1f377cfdbd49,,19,16,0,205485,357786,0,0
1e3adb19-128c-47a4-af48-027643d83203,,33,14,1,186865,540936,1,0
6d7d86ef-3b00-447e-9a94-95a4de9d1a24,749,11,12,0,0,0,0,0
282087f1-4717-4312-bad1-a7d85c7fb0db,,NA,13,0,527117,964194,0,0
6d553c33-a94e-4eed-b538-6eaebfefbf47,698,NA,7,2,106932,235400,1,1
15457e51-293e-4bdf-87b2-729c9d877905,,56,9,0,195947,625020,0,0
d5956ec9-10cf-4a8a-97e2-a70235f837da,723,12,8,2,15941,137830,0,0
958cd634-5b72-466d-89f0-64da95d7fe38,725,13,21,0,232807,339504,0,0
419ebffc-d450-4c0b-a578-329edb371292,739,NA,8,0,213313,300476,0,0
c2d967c7-ea80-4e0b-a42a-dc5d265076e6,7430,NA,10,0,104215,398266,0,0
f0eb07fe-59df-4ec0-ae8b-f4e5f08517c3,613,18,10,0,174629,256256,0,0
76dc1c48-a1cd-41ff-9388-413a5ae0971c,695,NA,7,0,256101,317834,0,0
56fe0a1c-a7b7-41ed-b7cf-6937097abf57,726,23,16,0,130150,1116214,0,0
06e1b8fa-9458-4574-9d31-24fd0869de84,,NA,7,0,55898,440308,0,0
5a6fda9f-0162-48a1-9870-b82a2e9de2cb,725,NA,17,0,1337885,2776202,0,0
ad9dbaa2-f738-4b7a-ab96-0cf49fcfc5bf,683,63,11,0,201628,360822,0,0
52bec720-d881-4e7f-8dde-f7bc016fe35b,721,NA,7,0,354844,733700,0,0
361f5998-90d6-4006-8495-bd2b79d91ae6,699,NA,11,0,233966,399564,0,0
6f311aff-14f7-46b0-869b-3a620b555117,715,53,13,0,465595,983774,0,0
27289c24-0df0-4142-86f5-43ce50167b04,,NA,15,0,38190,1922778,0,0
4d263349-34f6-4374-b9d2-52eb12e89376,732,15,7,1,19855,58190,0,0
69ebda00-fb8a-4e09-8508-dc27b9bc5df2,,56,10,0,193439,294316,0,0
11a65120-0afa-4053-955e-c2b6913cfcb1,,15,7,0,64087,102630,0,0
5d0e265c-b507-4cad-a1d3-d85d96f806bd,732,45,16,0,166022,980760,0,0
9b30ec59-cad3-446c-859e-0d686d8054de,662,38,5,1,248368,356378,1,0
c21fd808-febf-40cf-8ab3-fb7b39d32637,656,NA,7,0,14839,107404,0,0
b9655d7f-a7f9-432a-b791-e082389a21f8,725,NA,11,0,263720,803550,0,0
95cc17e4-a346-4474-9ef1-c2a3b609dcbb,700,31,9,0,341449,393778,0,0
f1f73a15-1005-408a-a7db-e37a08acb673,720,NA,15,1,118142,180950,1,0
3819893e-7f7d-49fa-853a-db3dec6d84d3,,70,10,0,113031,177342,0,0
1a13eb9c-1e9d-4672-b0a3-a4062ab26f65,712,NA,4,0,170601,221452,0,0
3f2c3544-5362-472f-b3e3-131ddd4f0550,741,NA,10,0,145103,302720,0,0
6760a6b1-753b-44d2-aef8-0c5463b5c13a,739,NA,9,0,209342,304128,0,0
7e3ae261-cc24-43b5-830a-59401d255ca5,707,NA,9,2,265031,405394,0,2
551df9f2-b50a-4ba1-bc86-39890df842f4,,NA,14,0,206986,688688,0,0
6ab2710f-b545-4ed2-afb1-8cd6f464f87f,746,NA,9,0,207974,352572,0,0
47eb9dd0-942b-45dd-a1aa-2ff431ddcd67,710,11,17,0,255474,1169234,0,0
99ec90d9-7bcf-47ae-b6ca-5ac85915e867,745,NA,12,0,276602,690272,0,0
8c9a0a49-0881-4786-ac8a-7e74ee505b4d,,70,20,0,219355,1020052,0,0
338bb60e-0943-4014-ba7c-cc78920cfd26,739,NA,12,0,195757,338822,0,0
98f1f308-39cd-4cef-8dec-d6b6ad94067c,700,28,17,0,763097,1006368,0,0
32639933-258f-45e9-8977-5f89c9d51e02,,43,7,0,162488,589820,0,0
c4493d52-ca8a-4280-8655-a37a89632ffb,644,50,13,0,233168,658482,0,0
166a5675-acd6-4e98-9b73-4201e9332298,717,NA,7,1,379430,764082,1,0
042b2f9a-a9ea-4159-b0b4-ce4f415614d2,,10,5,0,184547,238744,0,0
38eb92f3-9070-4de0-a829-7a35571c14b3,739,NA,8,0,356003,509542,0,0
795b8da2-591f-482d-8f9d-eadbf48d73c4,672,NA,13,0,325033,396154,0,0
2c9f9f5c-9ea0-4927-bd6f-0ab630d0ad36,702,47,10,0,114133,145068,0,0
be24eb94-31d8-4344-9fd3-1b18b655a5c1,644,16,13,0,123500,226996,0,0
839aa998-e23d-4b78-abdb-3c9ab7be7e22,7280,NA,16,0,361874,1148004,0,0
a5e82ae9-dae1-4609-824a-488e8efa250c,7040,43,7,0,98192,244508,0,0
760443a9-aa91-4a24-b748-4a3fdb9434ff,,45,10,0,82498,135872,0,0
6543e95c-39e2-4c74-b8a8-3053117bb5d5,742,NA,21,0,1336859,5431382,0,0
9e9a1a8c-942a-4182-8d87-00571d09b155,,NA,5,0,89091,139788,0,0
9cb9e8ba-7288-4fb5-b314-220f111470eb,731,42,14,0,100453,380072,0,0
22c855c3-9857-4227-be63-69ad5238c58b,728,NA,18,0,202673,358820,0,0
f70d601a-acfc-4184-8c53-0dbfb2c07132,,12,9,0,285399,1522840,0,0
e80fd34c-6b1e-4632-808e-46804505a769,,NA,6,0,157206,1639924,0,0
73effeb0-acae-4482-a4bd-6137857e6be3,742,NA,11,0,443213,1722138,0,0
c6100f8f-53ba-494b-a2da-9eae1f479a06,732,NA,11,0,332063,835846,0,0
7b16f51b-a6a5-471f-a088-a349cbf0b083,,50,8,0,182229,433268,0,0
9a094e44-2cb6-47c7-ba1b-1b344c240e4e,746,NA,9,0,346465,630740,0,0
b89c8d4e-e432-4c0a-af48-56edab47c73b,738,NA,12,0,285532,534116,0,0
036b3b3e-4818-48ec-9017-527fb7601062,7500,NA,8,0,62396,880990,0,0
8479f3a4-b274-454e-a424-4b93b5cfc47a,745,NA,7,0,230337,473726,0,0
57fd1fe6-0ac4-49c6-9322-21164d395240,744,13,18,0,196612,321992,0,0
5eb4fa2a-06ca-4144-a9cf-a5626fe04e73,,NA,6,0,201419,437580,0,0
11e63f86-8133-4b82-ae0b-e3b13f92bcaf,,2,12,0,89699,292578,0,0
9357af0c-2bdd-4d1c-8047-1b388b8f4cf7,726,43,20,0,273809,946374,0,0
5b60992c-a82c-4397-9761-b08d594c260c,,NA,13,0,646000,935000,0,0
77aa64c0-85b8-4530-9a0d-6da38b54acf2,,21,10,0,194503,329736,0,0
90fffd2f-8f99-4ca2-b102-f4dc4a739f6c,741,NA,14,0,430920,1266386,0,0
3e38f89e-de18-4ea1-be7b-822f9ce634ba,668,21,6,0,43795,58674,0,0
b2e19d7a-c89a-4bf4-b240-8f4abbf5290d,,NA,19,0,96482,1214378,0,0
da02e8d6-5a96-4f7f-a2b4-4d88c94d17bc,690,NA,11,0,502284,639122,0,0
e9e2c6a1-16db-4199-8e2b-ffdd51406b10,724,68,2,0,26239,81884,0,0
e4954d92-7e1d-4642-9b64-76cdd40164b6,717,NA,4,0,134919,196768,0,0
a733052f-17f8-4093-8d9d-d6621db9f127,703,11,11,0,638476,859650,0,0
b770c45e-a7ff-4166-8b56-aa0e7c347639,643,39,20,0,929727,1409078,0,0
78ccfb77-1f5a-46be-af69-5f2000f1d9a6,716,NA,13,0,177460,528198,0,0
bbcbc98d-cad8-4c01-b5e0-af8161984df0,,41,10,0,176757,442992,0,0
059e2868-7a15-46ce-9674-10722b511791,744,37,18,0,93537,173008,0,0
d07c2126-c638-4d64-be6d-81cb3e193796,710,18,7,0,210178,306900,0,0
b238b4dd-6020-4a69-b020-4fddf49edb88,,35,5,0,217379,266640,0,0
492594ca-9b7d-4b87-97c2-186266ff3301,,NA,6,0,345990,448624,0,0
2f8e1a35-485b-4a28-9417-e91f5a8be739,748,26,7,0,94449,253748,0,0
4b1500ea-734c-42bb-81d5-6bdbaf62d047,748,57,7,0,222699,364738,0,0
a27e7c93-fb94-4edc-9af3-7ac5b11724fa,709,NA,15,2,272365,449878,0,1
733e6afc-186e-4f65-b0d3-cd31a5fa254b,,23,7,0,256576,475354,0,0
10203b68-aa19-44fa-ad3f-9917b5d9847c,732,38,13,0,1255064,1565982,0,0
4629cb21-a5ec-430b-8706-a33b68bfe918,749,NA,5,0,259464,609378,0,0
69726e46-24d1-4e3d-93af-1d4fb30727fd,709,NA,12,1,26106,232584,1,0
7961fd81-ac94-498f-8a27-996784934e7e,724,40,6,0,271890,434808,0,0
eba371b1-52ea-469d-8e6b-aee7a427ae50,741,17,13,1,124450,339086,1,0
403454a0-d6ba-4efa-a21c-a777a7313d91,632,13,14,0,341962,533632,0,0
c19ff8f6-8c15-4425-9a26-ca490348d1cc,729,81,13,0,401166,493658,0,0
9ffb5f8d-1495-4735-afab-60433fbaac55,,NA,13,0,578835,1118920,0,0
10399b79-02cc-4802-b4cf-abdd1c42550c,668,NA,10,0,727567,939202,0,0
962731f7-5d54-4400-83b5-c0137ecbe26c,745,11,15,0,298490,493020,0,0
0ea0d663-7ccb-4680-a1a4-25e61ebe767c,747,NA,5,0,520809,824956,0,0
79de9ac3-3023-4a4a-bb76-980cc7bd0185,,27,7,0,292676,555544,0,0
7b58eb73-e038-440d-bd17-dbfaaab8671b,705,NA,15,1,78964,435402,1,0
c63c9c10-3151-4de9-bb78-015a2ced46e8,717,24,10,0,96767,390434,0,0
8fcc62e6-1c9a-468d-bb2a-44495b7833d6,742,26,8,0,329688,883674,0,0
751353ca-e91c-4973-9935-0867afd10f61,651,26,6,0,38228,172942,0,0
35714717-f525-4f12-bec4-2bf9ea6684e1,733,80,10,0,312569,458700,0,0
b194b900-f832-48ef-9fb9-573657015858,,44,10,0,149055,531036,0,0
6e12ef24-bdbb-4148-9014-a269487bb528,742,NA,13,0,235695,507232,0,0
c207bbe7-6842-47dc-96b3-6864cf225514,675,16,12,0,197885,241450,0,0
793e40d4-127c-4259-81da-a117781e5172,704,19,10,0,69635,174130,0,0
d5a93692-a55c-4ba5-a7e1-5b4279cee9e8,741,NA,16,0,491587,621412,0,0
a470b466-58be-4e2a-b01b-e063dba8afda,,27,10,0,298319,487190,0,0
322314f6-8c01-4e14-9fc8-2a1e75a281b2,717,NA,22,0,339492,522060,0,0
ddb43420-144e-42af-a860-da937e85d246,738,NA,7,0,81358,312994,0,0
42cd70d1-dd43-44f3-816a-e2c55129fa1f,,NA,17,0,512335,1468390,0,0
12061833-f0ca-434b-a9ae-a489026e27ee,721,NA,11,1,105982,238304,0,1
5521e788-3de7-4792-94b7-a816184d0709,621,60,11,1,475266,733744,1,0
34cc9a76-73d5-4e71-940f-0ffb229c0515,6440,49,7,0,286938,498872,0,0
b6d7455e-32d0-41cb-91b3-c7d8074bd242,741,82,12,1,72333,303490,1,0
53a3100b-363b-4e2d-9aca-4dcf7c9096c8,681,NA,20,0,289541,2095346,0,0
ecaaa955-6d44-46a4-8558-6d90a02683a1,727,11,15,1,54188,153010,1,0
764b35b3-2dfc-4e37-ba37-b30dfd6fa71f,6910,NA,11,0,506331,1014310,0,0
dbf770ef-1b79-436d-ad0a-76dd2ee0a560,748,NA,10,0,415397,1034352,0,0
54f7d1c2-9ae1-4f22-ade3-4312cdbaf59f,746,NA,20,0,418722,2770482,0,0
9291080e-20b3-470b-87c3-6c705879dbdd,,NA,5,0,155705,229394,0,0
166a25a8-7434-4ee9-b396-b042cb1b5e02,679,66,10,0,102315,243738,0,0
a52bbf57-3982-495c-bd0f-ced65bf8fcf9,747,10,20,0,383857,1105654,0,0
b426eb2d-6d57-4c6d-996a-9d8293857c26,,NA,6,1,103436,484902,1,0
7988979b-9e1b-4959-8b57-6737f92fc00a,685,22,9,0,2698,91740,0,0
3fb9164a-0314-450b-88be-8880e0c9f8ea,,54,19,1,56335,210452,1,0
b88c7e2d-3641-41b4-89e6-e2fd024afc88,,NA,11,1,167447,407308,1,0
4eb6ebea-6183-4bd5-a3de-ffd896774c7a,681,43,10,0,78660,476872,0,0
8d2812f5-5115-4ca7-bfdf-d753edd08ea6,743,72,12,0,153672,343486,0,0
6c2c23bc-9e03-4368-950f-2349ecc807c9,738,60,9,1,75297,124718,1,0
53abab8f-750b-4460-aa0d-9e0118193fb9,698,NA,12,0,315324,382316,0,0
61bbb9df-4de7-4b28-b239-ba3c9523bd91,731,47,3,0,694944,18287852,0,0
cb05ad56-ca69-4456-8cb5-a6be832eee14,,11,25,0,1706523,22454278,0,0
110f38c0-dd2a-4e09-8b20-1de34db77aa0,,NA,17,0,308408,1095446,0,0
c8835ec7-9369-4858-8f8f-e21c441f342b,746,NA,13,0,226214,735746,0,0
8edfe329-7d3a-4d50-a084-9dd752e5c6de,605,23,11,0,380323,537042,0,0
33402f3e-6668-4ae0-9806-332d4ba9a2ca,,NA,6,0,258875,419232,0,0
c0600d9d-1c1e-44c0-a7d1-4e235e53af2f,721,30,5,1,164711,289410,0,0
93e91009-7bd5-45fd-b596-e60adef997f1,727,72,11,2,88217,286088,2,0
319047bb-dbeb-441c-96ea-c67b5a45d63e,7020,NA,10,0,265050,384604,0,0
62557fc1-80a7-4f25-9ba2-d460a3a7e172,718,NA,7,2,132563,178508,0,2
17e0cf02-cb29-419d-a4af-323ca732d51d,659,17,23,0,239875,468380,0,0
450d4c1a-c2ca-42db-932f-2933f4aac20d,725,NA,7,1,137009,368082,1,0
387362c8-82f8-4fbe-a6d1-9e55a4b37849,682,45,7,0,131974,193424,0,0
7b40cc82-8e6f-4127-b892-076f58aaae49,721,70,18,0,436886,1184700,0,0
4e3ba924-0ee2-4296-9b28-52a6d77f30db,683,27,9,0,84968,252252,0,0
3e38b90c-8a94-4b83-aadd-2d7b7b49188f,741,54,13,0,387087,1047222,0,0
bdb4d540-36a9-43ad-952f-ea9336882e04,710,21,7,0,134539,175824,0,0
aaa4c66a-8103-42d6-8e97-3fe6868881df,716,NA,13,0,714381,1161776,0,0
34232824-df98-461a-988b-55e3761d786c,701,NA,11,0,104747,333190,0,0
b63496be-f857-4428-826e-680def432b63,739,NA,7,1,230470,578886,1,0
023f7619-0cfb-4dac-9fec-e8b2c704879d,,9,7,0,74746,112266,0,0
7da47527-a948-4afe-b811-e8c19dd4c978,692,31,9,0,32566,369776,0,0
78626321-9d19-4be3-a17e-75cfb02b2a82,723,17,7,0,305653,453728,0,0
d77d4d50-cc06-4c6e-8994-dd70a28f6776,731,NA,4,0,57057,99506,0,0
74087407-6c48-432c-93b1-f80d5a4c3bb0,748,41,14,0,215574,489434,0,0
31f2335b-f99a-4b9c-b9b2-3a287226d40b,709,8,14,0,253308,417802,0,0
24ed7e6c-09a2-4370-81ee-94c603af707f,,43,18,0,137959,694540,0,0
30cff3c7-65b5-49fb-8e2e-0a1008b541d0,659,37,9,0,306185,363990,0,0
c362b0e9-0e50-46cd-9452-60bb66d98d9b,700,9,9,0,91162,290774,0,0
fd968378-bc1f-412c-823a-34cbebafc598,,NA,6,0,335711,643588,0,0
613f4e45-c343-411b-bad0-411fdbbb1d3d,7120,NA,14,0,160987,291258,0,0
ee3a0ea6-0253-4a99-a10b-6feaffb8d148,676,9,15,0,289807,916828,0,0
9468a28b-9465-45ea-bd65-dce619573828,,50,7,0,34409,100342,0,0
a36a632c-2c96-4b0d-ba4d-506aa77582eb,700,62,14,1,718599,900504,0,1
70048e99-fc4f-4d38-a897-69e46b5457d3,734,33,7,1,136154,324368,1,0
42867da8-ce91-4829-848a-e193bf5af14f,725,NA,6,1,80389,300234,0,1
deeeeef1-ce2a-4d74-9b01-90b510fccd7d,,38,10,0,119643,284460,0,0
46a97862-995a-42e3-92a4-f7642050bd3e,721,18,11,0,486362,1265506,0,0
84eab273-3c8f-4089-8ade-37b3864cb6de,742,NA,7,0,439907,597850,0,0
1ad05aca-e7a2-4fd4-9fe9-147fdea09423,735,NA,4,0,85557,113476,0,0
c8e17116-b765-47f5-bbdf-e842a20ac074,710,17,6,0,104272,222750,0,0
93f35cd4-76e5-4f02-ae33-364d4c601285,692,NA,16,0,354901,925540,0,0
a9a44316-f357-43c5-92b5-a7ee2452a2aa,735,41,13,0,198664,453728,0,0
39dfd511-88ef-487d-8542-62fafb16813f,749,NA,8,0,48298,787776,0,0
70cf145b-f11c-40e2-b298-e997f24759a3,737,23,10,0,656450,818202,0,0
0d187a41-0043-464c-8aa5-302e6dce5cf6,,NA,6,0,108718,358644,0,0
ecfa1513-65ea-4722-85df-99bdfa3ed79e,694,NA,8,0,330961,418814,0,0
c2b39f5b-37da-4113-b7c0-13a13dff6170,,NA,8,0,281865,434016,0,0
7b547952-50f6-43fc-ada7-96b7ae41e65d,720,12,7,0,24301,461296,0,0
5f7046a1-0b73-4e75-801d-5fbbf58b98f1,740,71,9,0,180557,396704,0,0
8db9eff8-ead9-469f-b4c3-3bbbe1abbfd0,,NA,11,0,70889,314468,0,0
ed0507d3-d479-44f4-a6a5-2ab7cccc2769,714,17,4,0,211432,287012,0,0
43c85882-39c1-4057-a09c-867c27badd9a,747,NA,19,0,193857,620048,0,0
100d86a8-c3c1-4d2e-9dba-0a4d37e1724c,724,NA,8,0,230432,527318,0,0
527c0e3c-996b-4a7e-8e7a-e78bdb982267,7150,58,7,0,208962,569294,0,0
067a6477-a759-4d94-8c13-a685c40e306b,749,NA,18,0,344147,1355398,0,0
9927ed90-a16a-47ea-bbd9-4115175c4112,,18,12,0,491815,1224674,0,0
ded20664-12e9-436c-8e16-04fb9127d953,695,37,11,0,472625,673134,0,0
5a69ea7e-eb51-40da-a408-b97ee86378db,649,NA,4,0,94924,118822,0,0
49b682f3-b1b8-41af-a396-5b8c347b8092,738,NA,11,0,316673,985688,0,0
d18559a3-92fb-416f-ae7c-d6b95c0a32ef,,40,7,0,99864,187704,0,0
206035fd-198d-460a-b3cd-4df0cb6b6d98,,NA,5,0,143260,187198,0,0
0d716517-8c1c-4be8-bb23-cdff7436e7c1,750,6,10,0,344508,2121790,0,0
52b979dc-e126-4d39-b2b2-aa1d3a052c17,746,22,12,0,379126,1310364,0,0
40d4a91a-f6bf-4b96-9b09-08d13dca5d50,742,34,8,1,178904,448360,0,1
cbddd234-c00c-487a-be4d-2467bcb22557,,52,19,0,2241620,9204140,0,0
fec78efd-4b30-4e78-954f-36c66001108e,,NA,10,0,310251,622600,0,0
41f920d2-0018-46f0-890b-9f1a1d9e6719,622,39,12,0,416461,577522,0,0
53d65ee3-d60f-47a8-8282-aa68cb3d6d2d,746,NA,16,0,397176,916124,0,0
69bfa643-738a-413e-8c6a-96eefdf7db37,,NA,11,0,559816,1027268,0,0
63d8c48d-ab6b-4db5-8825-b55fdee396ba,708,NA,23,1,342969,763708,1,0
827d63d9-5586-4fec-9aef-1509ffc63a3f,739,NA,10,0,239514,397320,0,0
1bb5c8ee-8f7d-40ef-b021-e292748e6faf,646,9,11,1,153881,984434,0,1
7629dfe0-63df-4e84-8ddb-ff3b7c027be0,,30,14,1,235277,374242,1,0
668d0eb7-1c82-435d-87a7-f40863b4ca14,720,24,12,0,316369,461340,0,0
0848e447-4b34-4b50-b453-43627bc770ce,705,NA,6,0,4252143,12008612,0,0
9ac8a630-068d-44d1-8842-6d227f3615b0,680,NA,6,0,90402,210210,0,0
2bbc7bbb-2776-4fd7-ba3c-65ad0d97ce4d,7430,40,14,0,236436,967384,0,0
4dd39df8-66ea-4c57-af23-2331d23ac73e,740,21,10,0,158422,346742,0,0
2cf577b4-fae9-4623-93c6-5194ba4c9ffa,709,NA,14,0,347244,885632,0,0
a1df4abe-07d3-463d-b2cf-711eb8daaf43,666,NA,15,0,38399,122122,0,0
90834e7e-40fe-4e13-8767-92be707b05eb,704,NA,11,0,235467,600556,0,0
88513860-0b02-4c2f-899b-2bd20d4af1c0,,11,11,0,287888,404052,0,0
98527bb6-0637-40e4-b841-e5c4940bbc14,750,NA,15,0,11096,513788,0,0
6049ad8e-bf7e-4d79-ba3b-d32f7e063e82,732,NA,7,0,133874,1000076,0,0
96520399-4150-4c0c-825e-6627b64cdc11,,49,5,0,175864,231396,0,0
6a8eba22-b216-4544-8ede-451a055aa861,744,82,6,2,75658,621302,2,0
7e0abca2-2fe1-4757-a5fe-1559200d42db,738,78,9,1,156104,759440,1,0
1461827a-0a27-4c8d-8e1a-dae45cb4c757,,64,4,0,317338,433818,0,0
0f91d4d4-0984-41d2-81ec-73fb453fafe9,,15,36,0,755440,3364262,0,0
2d668540-36de-432f-88cd-254a8056ab5d,,28,12,0,272403,444884,0,0
e409bb8e-2169-4014-a183-20b022d6301e,750,NA,22,0,156826,1476354,0,0
1de6ead7-e4da-430d-9841-40e80fef04d8,640,33,5,0,0,0,0,0
e5819ef4-26f1-4ee9-a2f2-1ed100fe779e,716,NA,6,1,206492,385022,1,0
a439e6a3-e848-444b-82ef-97386bc0ab06,,15,7,0,113088,297594,0,0
47e3072c-61c4-4739-8c8e-9fbf978b4bc6,706,NA,18,0,780501,1476684,0,0
263215a9-7016-4dc0-a2cc-a49b60ee68c1,734,NA,10,0,400710,488906,0,0
af03eb64-1035-4a99-a61e-a5633d598669,702,NA,17,1,280041,359898,0,1
94a624f6-1315-4057-a815-0054753cc2b4,718,NA,9,0,345097,744084,0,0
63b1d9c2-5e5a-4ae2-a02a-10c3b7eee5df,710,80,6,0,188746,229812,0,0
a1a4271d-cfb3-49a0-9b41-825d4f0a5c67,746,NA,16,0,63631,339570,0,0
9e19ba47-33e4-45c3-8476-16448534ddf5,714,58,7,0,71934,98802,0,0
940f6b35-7819-4a8f-93f6-585a358da408,726,NA,16,0,369132,743314,0,0
501fed95-e3e4-481f-b878-d7b6e02ba7d5,734,NA,7,0,69236,159676,0,0
5ae96ca9-fd80-475f-9aed-75de719df6df,734,NA,8,0,93974,199628,0,0
0135712b-8f00-4e8b-bf8a-a189044a1342,715,NA,11,0,303544,565048,0,0
e099dc56-315b-40ce-83dd-1af03be6c808,705,41,8,0,325185,416064,0,0
41fa60ba-7400-4fad-a562-0c58aee68fb8,747,81,6,0,612921,998184,0,0
1d3490d1-dc76-432e-9905-01e1b5255230,747,NA,9,0,614137,1070960,0,0
e5aa6040-d207-4523-adca-e3ad9e3ab62f,683,NA,9,0,599412,745514,0,0
3f1d73f5-39db-4595-b870-31fe2c04b6ed,7130,36,11,0,121980,194018,0,0
99571ea7-2e4b-4040-a174-3e9725cbe287,6760,8,13,0,747023,907632,0,0
01121b58-24ca-42de-8d78-d26d30a3f185,721,38,15,0,578493,839388,0,0
5b84a54a-de53-4b57-b0fe-1010be19705f,689,34,8,0,111473,479842,0,0
87209bb8-47c7-4faa-920b-4a4a0902c1ec,,45,7,1,285722,416680,0,0
b200c68f-559c-4535-9cf8-6e460fa90dbf,710,35,9,0,143982,463100,0,0
5840ae29-2e34-48a7-9baf-e94d932cf04a,738,NA,13,0,329954,479952,0,0
3315ed97-f3ef-481c-990f-2f651cbd0074,741,44,9,0,146414,270820,0,0
1babf47b-c77a-497d-9562-6258a399dad0,,17,20,0,191482,362274,0,0
d116894a-0bb2-4d44-bdec-b41c816f219f,715,NA,16,1,241775,416614,1,0
3ef79a15-7982-418a-bc02-b8ffe6e2ae7e,665,NA,10,0,307173,558338,0,0
4e0f9d02-651b-4a80-a3ae-b9823ad4922d,,NA,18,0,1567975,20172680,0,0
9c0c1f55-198a-4832-aad5-2428b7817251,,6,8,0,267292,314864,0,0
f83136ef-b5e5-4a00-9342-d6909fb262b2,7320,NA,6,0,144609,273592,0,0
789fa763-f452-4fb5-9a26-34987b708b58,7430,8,8,0,347206,868318,0,0
f4c1c97d-fdf2-462e-8920-6e1dacee3a47,747,NA,11,0,412908,808984,0,0
da75e924-7eed-4f96-99e8-b58e2caece6e,708,NA,14,0,576251,1018666,0,0
7a546bee-4411-4f0f-9a14-ead45b09af17,740,11,19,0,931057,1796784,0,0
24be4a0c-4d82-4ecc-9a7f-ac95ee92e386,,NA,7,0,114,129646,0,0
0fcf19e7-8d5d-47d6-a7b9-6200f78b8ffb,708,26,17,0,143431,419386,0,0
62063ad6-d6e0-48d8-b2c7-56cfb3f99e98,7200,NA,13,1,285646,557766,1,0
d3c93d22-7077-407b-b581-34b13f889e12,6790,36,12,0,106666,450736,0,0
7ab5a140-7ba8-411c-9a09-df01f285138c,743,NA,9,0,224903,410102,0,0
e8f8bf9b-814b-4ca2-8f60-d416a3e88926,,38,10,1,194351,290378,1,0
df681c49-337f-44c6-9d4e-eb4732d0be74,732,NA,15,0,447431,938542,0,0
a9d6dc05-433d-40ac-ab9b-3987d9a127eb,747,63,27,0,419463,1268146,0,0
71056c8e-f131-40b4-bb6c-754746e8bcbf,7020,28,7,0,32908,90706,0,0
8e04fa0f-8fbd-4218-8384-37b1a295b3b5,725,31,8,0,153425,482768,0,0
61877999-2afa-4133-9d7a-febbeab0c867,7290,NA,18,0,286482,678370,0,0
26e7edfb-e6ad-4b87-a5f5-073f3642a19a,708,40,12,0,287204,829312,0,0
ac173517-2a31-4f69-8e42-789edf863433,725,NA,8,1,1482,569426,1,0
98700726-be87-461a-8e92-a4e90f2a63a5,726,12,10,0,150936,753324,0,0
63c5a22a-fd90-4467-9971-d286390ceb72,710,15,4,1,58216,75900,1,0
6feebcce-189e-41fa-9e60-1831f39a48ec,740,55,15,1,285095,656282,1,0
7213f161-37b1-4cd4-8200-f9b97907c4c2,729,NA,11,1,176738,450758,1,0
937bb131-5562-4ca6-8c34-427e49a425e1,740,25,12,0,78679,209902,0,0
341b4ea3-ab16-4e14-a5e0-6b608e924699,664,32,25,0,736421,1000824,0,0
a8e9d14b-a247-49ae-ba88-82f2e520e2a3,750,NA,11,0,43738,418462,0,0
cc151fde-b1ae-4b63-9ff1-757b5600522d,739,NA,14,0,650465,1814868,0,0
f11a7bba-a606-49be-930d-837611994f02,735,NA,11,0,364230,608564,0,0
0e5b81a5-88b4-45bd-884b-be0a905b059b,7200,55,10,1,30685,94006,0,0
fb1a8543-1a5b-4386-8a9c-79fc3dbde2a4,,NA,8,0,337307,472252,0,0
be492d8d-c3b6-4ab9-b910-22ac1c15dc70,,NA,38,0,760114,3066646,0,0
689218af-33de-4ab9-a76f-e0a738940c9d,728,31,7,0,279585,577082,0,0
434bf0ff-2ba7-4b0b-9d73-7dca03ab4363,,NA,11,0,38855,1022714,0,0
94b6a027-97bb-4523-a769-39053f007709,727,66,13,0,220799,534842,0,0
a8d87865-9b58-4c51-9835-c0bdeb0d7c9f,723,73,7,0,87799,285582,0,0
ae1c4e14-8b08-4ed6-8bfd-391eed577c88,686,NA,9,0,203718,277838,0,0
e8be9757-24b1-4003-a437-7625f116d262,747,NA,8,0,45163,281204,0,0
7a8dde64-a2d9-4e9a-8bfb-3af304349f4c,725,17,18,0,670168,1149632,0,0
3e2c5252-24af-432d-a5d2-c730688f10b6,748,NA,9,0,196175,712096,0,0
cd833c3f-04e3-4762-adcf-990d91623de1,,2,24,0,39197,313060,0,0
9e5f049e-8a28-4655-bfab-da0ede3c8ac1,744,43,19,0,144210,325468,0,0
e0f6e714-0660-4303-a9c7-dc402779ceab,730,NA,4,5,111150,129734,1,4
9e265b4f-590a-421c-9f9a-fb91d75b6c0a,718,NA,10,0,686280,1055296,0,0
6859cf5f-ee92-4fb2-a2ee-688e3ae6d407,6690,13,10,1,70604,275242,1,0
238c9336-5cff-48a8-953a-daea55ed69f5,,NA,11,0,191691,752422,0,0
15eb74ee-05d0-4ff9-923e-32ee6d712119,706,15,11,0,390488,475948,0,0
fd9c7ad0-342c-4c31-abee-c09687695891,,60,15,0,245461,301708,0,0
bcd3565b-8b64-4d71-b73a-2718f61d1ee5,732,2,11,0,268014,364650,0,0
648a6c2c-00cf-485c-b382-2b0c3a01a349,734,NA,20,1,209817,661980,1,0
db06b3a2-a042-425b-9f3e-96fab2d7df9e,718,11,18,0,111872,189112,0,0
d76c9149-1370-45cb-b678-fe2213845542,715,NA,4,0,24073,31130,0,0
6570491e-08f7-45f6-9084-9d07348a1d82,,16,6,0,199177,295680,0,0
1c61f9cb-cc27-4050-b3f8-a17cdc58127f,715,NA,7,0,183483,703494,0,0
25a7a7c5-fded-4979-a878-110e56eeda86,,42,6,0,107141,367048,0,0
b0fb58c2-604f-4b88-8eeb-a45ce90ee3d8,6950,32,15,0,495900,895796,0,0
739ae98b-447c-44c4-aef7-7c42600d8efd,,12,7,0,424080,554224,0,0
950ad8e3-5483-41d9-8cd3-4f3999d04498,722,12,9,0,210121,293480,0,0
7f0e3ae0-8096-429d-b96b-2ce3d1b8a2af,719,26,7,0,884621,1256816,0,0
dbc1e95a-7d68-4c60-89f5-bb5a356b0a92,712,36,13,0,153254,191840,0,0
d8efcf56-2459-4cbd-8126-8521a71f1d6d,747,NA,6,0,506027,1408506,0,0
95db08f7-ebed-4ecf-a34a-8dce94ffd751,744,47,11,0,557859,872872,0,0
15269542-cca0-461c-bb84-69a1c308df7d,728,4,12,1,83353,321728,1,0
03d3e957-d200-40b7-a97f-917be07ffbb6,734,35,9,1,183768,322388,1,0
9138f395-9f26-49c2-9523-565173efd965,685,45,3,0,170734,198110,0,0
25e618db-6e03-4d86-9524-12a5e0ebdd4b,714,NA,8,1,224238,373054,1,0
d471f04b-d137-4fe2-9d56-e8afe5c78a5f,,NA,28,0,624948,1299144,0,0
1ba81300-8916-435a-a560-81abdee51b02,709,76,9,0,171893,318956,0,0
2518a748-c838-4d2a-aa86-ea6c903776d6,744,44,8,0,305843,747120,0,0
fa703fbd-1a62-403d-b7ac-56f15104cc4e,694,NA,7,0,212534,304590,0,0
2bae5922-51de-430b-9d01-c0b1c5f800ba,724,45,11,0,327902,448272,0,0
da822b7e-5972-4e81-8641-65c8d9eebdb6,733,NA,6,0,60686,123068,0,0
680a42c6-d4e6-4a0e-b75b-c95e9df5c600,6620,35,16,0,336300,473726,0,0
e7569ce9-f3ec-4461-9604-ccefe9164788,707,14,7,0,36974,251812,0,0
2280c1c9-8109-40f5-99f6-bf20ae3a118c,731,12,9,0,201039,506044,0,0
f8c7ad14-9f6b-4271-b627-78630e2c7bd3,730,NA,9,0,127338,245322,0,0
eaba3746-3930-4304-a1a5-c4acb7d64590,740,33,4,0,69445,116886,0,0
8bc5c0fd-1db5-42fc-833c-103c2763fa35,677,28,7,0,161424,209088,0,0
f9b7cbbf-d7ce-487f-8e6e-66dc164a1b59,714,13,9,1,117838,212872,1,0
26087dd5-42b0-4be7-bb91-ad8f9ca419ae,737,NA,8,0,241376,319396,0,0
ad0c00e7-d693-4c5c-bfeb-4046993e816b,751,NA,8,0,67450,570020,0,0
462a19d0-f081-4a53-a680-0d2339aa92a2,740,13,13,0,437627,718784,0,0
6b8cad98-604c-44c9-b324-3eb8f135c4fe,744,NA,6,1,34751,176484,1,0
d8853265-55f0-4d48-acd8-12349c9fe3d4,743,NA,7,0,102258,253000,0,0
5196e4d0-8b7c-452a-b2e5-01dd8f3e4e43,700,50,7,0,97337,176902,0,0
e485538e-6f28-411c-af2c-6bebe0c0a693,,40,10,0,139460,316624,0,0
656e9743-712b-4554-8ef4-437f80872619,679,NA,9,0,220210,373890,0,0
8ab17049-57e5-402a-a3bb-6171de92415f,742,NA,27,0,202293,750750,0,0
fed33cd4-94a4-40b3-a842-908f6a941e02,722,NA,5,1,173261,242022,0,1
0f02c61b-6167-4597-9615-287944309fc6,,66,6,0,75278,220660,0,0
c07be382-679a-4b50-95f8-da498a911a8b,747,NA,8,0,218690,445830,0,0
5901cf14-819a-4269-8f32-9392dc954103,724,NA,6,1,17043,143066,1,0
e9e559ce-71f9-48e2-b4c1-0ac1d090008c,,47,11,0,31293,351846,0,0
1540eff7-bc33-4562-8c7d-04cea4af18bc,734,NA,6,0,743318,1014948,0,0
f43519d0-ae3f-4c92-8d7c-bca7a5fa43e8,731,NA,33,0,413725,1036882,0,0
153fb95d-4333-48a6-b728-3ac02ec8d252,725,56,12,0,187169,619168,0,0
ed7a30d1-c641-4831-a784-6ad9ff5698d0,735,35,6,4,44688,156816,0,3
e9486c8e-4045-4872-bea7-745795a77ac2,703,41,14,3,1616444,2469236,0,3
524fe560-b564-4416-879b-550d3d8ea326,691,36,16,1,235961,297638,0,0
e264f536-fd36-4a1f-99a8-fbe08c6d3fb0,713,47,17,0,76874,316778,0,0
41a88d65-d68d-4217-9808-b86c5df59cea,6700,11,9,0,33611,99528,0,0
99ba8ea8-f4a0-4f12-8d21-5f1667011e3c,,24,2,0,61465,163240,0,0
2defa764-aee5-4aeb-ae07-362c92b82fec,740,67,10,0,238963,411114,0,0
bb0b0dfb-7f8b-4b2e-88ee-b5221011a7e7,717,15,8,0,202369,340076,0,0
811610a3-135b-4308-a994-baad65ae3a31,656,NA,23,0,684950,810106,0,0
77ba6184-50c7-4877-b8a4-fc7778814407,731,NA,8,1,370861,480348,0,0
118f8b1c-ec6d-4691-a098-11f0a8eb8b58,745,63,7,0,80807,106194,0,0
bc4b7f5e-2bd4-4fbf-86f0-6a6f0b3fdf2b,702,NA,13,1,313272,737264,1,0
fa0bb521-8cc7-4f6c-bffb-97dcf7d1b8c0,730,58,8,0,125134,257356,0,0
9f718ce7-4780-47a8-9a4d-3a2b2d628f71,739,16,15,0,217341,979154,0,0
63d658fa-3816-49dc-832e-fbc2a799675e,737,NA,7,0,71782,139238,0,0
23213f7f-805b-42b5-be3d-a8baf7b680ff,676,NA,11,0,432117,575124,0,0
bf5c95e6-9ed7-45a9-be35-5f071f2e650b,723,NA,6,0,17214,115874,0,0
528be4bc-d93c-43d4-a31c-0484ef99616c,706,NA,9,0,109288,157586,0,0
0eed3438-873c-49bb-85bf-11a78762b75f,723,NA,12,0,256918,577632,0,0
3b629754-79ba-4a32-b6bc-2718860666bd,,65,8,0,95342,346060,0,0
337e8248-a6e8-4007-90dc-d9e74a09d450,749,NA,15,0,1292684,5251884,0,0
5d04c2b9-9713-44de-b5b0-4f77d77a65e7,704,NA,10,0,62415,212564,0,0
122f7900-4ccc-4c4a-aad1-99917089c2d4,695,NA,11,0,328681,588214,0,0
5a058bd6-98fc-401a-a74c-3cfc2f3d139f,694,NA,7,0,129713,163614,0,0
6369ac8e-bd2a-43fe-a33e-25137bce4165,7240,14,17,0,101897,366432,0,0
97491a17-01f8-4817-973d-5d84f085152b,709,59,11,0,774079,1159510,0,0
cd33927f-56bc-4993-9057-3de7ea34cafe,742,NA,10,0,11799,650430,0,0
abee7d62-f83d-42e5-a672-6f5997f2c41d,,NA,6,0,81947,172832,0,0
6e9ecea5-6918-4754-9f22-32a5b2045cc3,725,32,16,0,418095,962456,0,0
6004f582-eb30-44a7-808b-9d05ac35e810,,NA,5,0,63859,93610,0,0
5eafa5f4-1e4f-4d04-90b8-36072220b809,745,5,19,0,695362,2354264,0,0
d7844d53-0bba-4a3a-8a1e-8c86ccaed356,723,NA,8,1,67678,165682,1,0
5f0c3d29-d4a4-474a-9c0f-d4c3b5e01a44,6930,21,11,1,49875,172348,1,0
1d5e1606-0d36-4e66-b6ff-dce4eeec09d6,686,30,5,0,143127,190916,0,0
26dc8605-a905-4889-b509-5a5cbd42a84f,685,NA,10,0,360848,1001968,0,0
45282a74-059e-49d6-a954-88ba079c6b83,,66,5,0,273144,1129568,0,0
57eeafd2-b540-40f2-9345-b42f6c25e14a,715,NA,6,0,284981,433048,0,0
3ef90ce4-bd76-4cc9-b583-70c743f31377,702,39,5,1,38,0,1,0
8501c996-8526-4600-85a3-4e56659aa3e6,655,62,17,0,539315,934824,0,0
1fbaa05d-6dfd-4b24-b387-c27a547d7db8,742,38,12,0,50654,171028,0,0
194f4497-7df4-4ed4-90b9-7f5fa563d52d,746,NA,17,0,758784,1355860,0,0
9e5c00d4-5e89-490d-8bfd-5806d6107ba2,736,32,12,0,435119,594836,0,0
08f8ba0e-8457-441b-9928-460e06d0b12d,,54,10,0,280839,435336,0,0
95c45621-fe07-4c55-99c3-b28e4f21912a,,63,12,0,638818,1000934,0,0
bc152a58-cdc3-44ae-a408-7cf361d8ee90,,79,10,0,174040,366410,0,0
1cefbc11-3261-4749-a331-339e8dedd01f,,NA,16,0,302005,742434,0,0
3df6ff34-a3b4-49f4-a72a-e23fc77f4072,633,45,21,1,237633,611468,0,1
407b31dc-ed37-4144-b39d-ba5a0c8d9c07,742,NA,10,0,28101,59730,0,0
c0f62b7b-7652-42a8-81ec-2e0bee839745,704,NA,12,0,133361,617672,0,0
189e2844-0410-4e9c-9acf-43f3721e5b36,684,19,5,0,34865,131472,0,0
8736f979-8808-48bb-bd00-db76c4f83bc9,710,NA,5,0,101536,138974,0,0
7b48bf43-cbb3-4dc2-a3b5-8074bd43e326,,NA,8,0,1422834,5642054,0,0
83953595-609d-442e-ab54-95abc06311d2,724,77,7,1,39672,52800,1,0
3de80f72-32ea-4e40-9cea-643aed991eb0,711,76,11,0,151981,445522,0,0
511a49a1-44f4-4313-a6d4-d0d27a062cef,732,NA,8,0,137104,320056,0,0
e9c9bdc0-f313-487e-84ab-c758ef27d5c6,7000,6,8,1,62719,424688,1,0
fb03fd5d-143a-4a81-a31c-5f91e2517b49,742,NA,20,0,583813,791538,0,0
75ebf335-3f66-4ab6-8500-600f3e3dae3c,,64,24,0,141303,314622,0,0
1493eb8f-4733-4734-89ad-6808fa19eb7e,,NA,18,0,306394,551738,0,0
7d7b0310-7ddb-4b4e-b24c-f453e9b6a2e4,681,NA,13,0,274189,443388,0,0
fee43acd-dab1-4334-87e5-138d31ce068d,701,45,15,0,246259,476850,0,0
ddcccb54-23ca-450a-8f2b-47e57ac3afcd,700,NA,6,0,609349,828124,0,0
bcfbef61-af7f-4189-8c56-db122bdf2bb0,685,NA,8,0,223364,341198,0,0
301d494e-b472-4ce6-9242-3cbd9103cef4,719,44,8,0,189221,292116,0,0
4d7a0d55-7ecb-4caa-8ed9-9312f4e9a9c1,6490,1,16,0,42883,192500,0,0
4028eecb-1577-416a-b538-9a1a2e5d65b1,,7,12,0,275918,427680,0,0
a282b313-a3c4-456a-886b-2c4dc61aaa90,745,NA,14,0,434188,1580964,0,0
bd02c621-2a98-4c5e-b058-d2e95335fead,684,NA,20,0,322829,640068,0,0
d885772b-b239-4417-bb4f-52dafdbe8efa,702,NA,10,0,322259,443146,0,0
34813823-725f-435b-8fde-a4b88963df85,735,32,22,0,619552,1559514,0,0
96c8c223-481d-4073-aedc-3a936f4fb7e5,716,50,9,0,187112,519530,0,0
dcba3a11-1613-4642-9a24-a233ed1d82a2,722,NA,12,0,154185,260238,0,0
9f7456f1-5440-44fb-a0f6-e27991f7f8fc,7320,47,11,0,183426,276914,0,0
b38ef93e-580e-4230-8c43-53c05a2ecb78,596,40,14,0,277875,531806,0,0
48005161-40b2-43a6-9022-b6404559003a,718,23,15,0,317775,666600,0,0
f6c79e8f-a31a-4175-b866-e2305133503a,746,NA,12,0,687952,2101770,0,0
71f02097-ccb2-4279-82d4-fe044c82436c,,NA,7,0,169290,276100,0,0
00f05522-1ee8-4527-a5cb-ba3de5584daf,708,NA,5,0,48450,183920,0,0
574afcca-4f37-4c11-af14-a75580c436d0,,NA,20,0,2609707,3284512,0,0
ad85df6d-7368-4988-947f-840de878913f,738,NA,18,0,261801,627616,0,0
aabb8b53-b6d1-4cff-a4d0-263e93eb3287,689,NA,11,0,445588,1050786,0,0
db9cb63b-cb4f-4a4c-970d-3babd186d84b,721,6,19,0,862714,1504426,0,0
d631cb18-04b8-477d-9e44-e7a1ff31ca5e,723,15,17,0,892240,1778172,0,0
49de16d0-d942-433f-890d-9d70451e1a7a,738,NA,9,0,272479,891220,0,0
3da8d8a8-39e8-441e-b56c-b9c2d13b3113,749,60,10,0,257146,429044,0,0
084c7fe1-16e7-40f0-807b-0465ae67bc5a,705,NA,15,0,302214,667832,0,0
30c74ca8-8e0f-404f-9a2d-0f3b88deca0c,641,NA,10,0,839268,1074986,0,0
2dd7bd5b-5efd-4c85-b46e-0da5e32af078,733,48,8,0,222775,305998,0,0
7e56a227-e56a-41cf-97b1-41aedebc916c,,81,6,0,115805,231990,0,0
2e611350-d0a8-423f-81eb-a681af849012,734,6,7,0,758537,1543608,0,0
9147aed1-49e1-44bf-a763-7672c6c7c4a2,,6,14,0,352906,692582,0,0
0225703a-3997-47bf-a8ff-f678eeda45eb,7380,NA,14,0,254372,947078,0,0
0a93407f-bf38-4f46-93d9-120351f32bf0,,NA,14,0,108851,745756,0,0
3417bb18-ba98-4dfc-88fa-c96db1e7186b,747,78,8,0,440990,943844,0,0
67ca1584-5261-4d24-b808-3eed3e8bd2f3,749,37,14,0,176643,1007578,0,0
7f309a7b-c0b0-434e-9d0b-4a9b0349b447,,NA,14,0,413345,859254,0,0
af1e6c11-5026-47a5-b389-7e21e056aafc,692,NA,15,0,282720,650804,0,0
c3eb8667-74fa-4b20-ae2a-b44860adc551,,26,6,0,80541,117920,0,0
71dfb283-ff73-4f84-ba27-0f194df58607,744,15,16,0,618906,1148444,0,0
42ffed71-f807-4d09-b40b-f709e013500c,727,NA,13,1,164084,259182,0,0
e8107bb2-253a-4efe-bb9d-d1706a0eba2f,,16,8,0,574978,816882,0,0
48c6d1d2-478d-4ed3-86fa-50ae91a33638,689,58,8,0,408671,553454,0,0
2540b1d2-47fa-4d39-9fef-91f08a4ab122,748,NA,6,0,31445,182028,0,0
49a2a854-beca-4946-aef0-d298714551eb,635,NA,14,0,355490,439318,0,0
34bf443f-20df-411b-848e-eb8e064042fd,741,NA,11,0,52022,97152,0,0
88ff7921-d6b5-4f6a-8f61-54df19733725,738,NA,11,0,277685,571120,0,0
6178504d-94e5-4b89-b1b4-093d5eabeaba,706,15,24,0,203832,242330,0,0
c7122063-fef4-44ed-b582-4d77184e99fc,733,NA,4,1,91067,149358,1,0
43267706-e1fe-4bed-aee6-de4076e3b500,672,51,18,0,520524,1598674,0,0
ac23399e-219f-4a71-b666-ec0bb90cb3f7,701,64,15,1,101403,186956,1,0
b9bbd8ae-0bb9-41d1-91b5-e48be6971859,,10,4,0,0,0,0,0
a955d198-d2fd-4099-ac7b-c6ccdf155d40,733,NA,6,0,206815,314270,0,0
faa4899e-cc4f-4230-9cd6-de2754df2473,712,NA,18,0,211223,679382,0,0
558fa041-1a84-44f2-a2ed-08fc44fed834,742,NA,10,0,183141,258610,0,0
e88bef4f-5511-4597-ac6e-0cd280fa1a61,738,74,4,1,217740,374638,1,0
2c8971f7-772d-4960-9208-bbaf478b138c,683,28,5,0,59128,128238,0,0
0f0f2f17-2207-4b08-8dd9-b2101777448f,722,47,5,0,506065,761002,0,0
4efe2409-6276-49c5-aedc-04c5df73cf8c,693,NA,10,0,89167,270248,0,0
48cc18c5-b6bd-469c-a81d-cc17d756a2fa,744,NA,7,0,92397,135740,0,0
8818c37d-1dbb-4566-99cc-2eac914d9e4d,,NA,17,0,211337,786830,0,0
bdbf9555-ea4b-433c-ab97-0e85c0aafbaf,743,56,11,0,244264,1198406,0,0
aec055a6-4395-4443-8880-ce93ff567660,720,39,11,0,59964,277750,0,0
6adda3ae-10eb-4285-bbe7-a91a9bddb2f6,,10,8,1,100548,163724,1,0
4aa402fb-6d18-4344-bf62-3f358ca5ec60,,NA,20,0,379810,802516,0,0
5beac91e-8e1d-4378-a4a6-0cb682200909,730,53,9,1,106001,153406,1,0
3ea456ad-2849-4c07-803c-69d4ab070273,683,NA,14,1,278768,607882,1,0
362cd3ea-47ae-4df8-8eb8-4f1afe8f10a5,716,19,16,0,138966,317988,0,0
f7277f0d-ecaa-4165-b320-1b9d89f2698b,715,58,8,0,139935,265628,0,0
3409a335-4592-4ce1-9a69-f3626d3bb1b4,,NA,8,0,291251,389400,0,0
974fc963-c6a9-4406-9cc4-a47927fde0d0,734,15,7,0,154128,468402,0,0
5e1db85a-522e-4a22-aa4d-dfc63503d9db,729,15,6,0,32623,179058,0,0
ddd935d7-495b-4055-ad85-5ae7ee754d85,,59,6,0,233225,1483746,0,0
c1acd8ef-d6d5-4243-82c0-b7ad3af77fb4,716,5,12,0,127034,239976,0,0
9b03608e-6aa1-46ce-b574-ab9e5529545b,708,8,13,0,116831,339020,0,0
c1b07ece-9939-4824-b160-eda362643155,747,NA,4,0,35720,111166,0,0
4fb590b5-4b1f-4139-978f-ee0ca4d9ffab,738,NA,7,0,137484,170258,0,0
79612faf-7d28-4bfb-a884-82688c7dd83d,721,NA,7,0,250895,365442,0,0
4b199d1b-56d5-4937-9e0e-ed58d429dd35,740,NA,14,0,650959,1544532,0,0
bae9ef9e-f547-4907-a56c-0c0a105b6cee,,36,7,0,93328,133254,0,0
f385ef08-5682-44be-bb7e-46e9e3e99010,738,NA,3,0,75563,93060,0,0
727b1c1f-63dc-4d65-bfe0-28924ddbc60a,683,NA,14,0,291498,2122758,0,0
d6ff612b-7bea-4ed7-9f41-7b9ca8ed6b12,713,37,17,0,308484,471240,0,0
313a20fd-e1ee-4198-a246-53bec2f602fe,728,NA,13,0,304399,827354,0,0
260433bb-aeae-437f-a61d-dff32e8ec3b9,717,NA,5,0,836817,992772,0,0
2be5b7de-40d8-421c-8a5a-467486d4fffb,720,15,12,0,137332,638660,0,0
68f47814-b7ab-4250-bfed-ca66724b8cfc,744,NA,6,0,193135,784696,0,0
9f61bab9-8d1b-49d5-b5d7-029b09c7ab23,728,NA,8,1,46968,197010,1,0
b984df85-4513-4735-8315-1b2fd3a89569,722,42,16,0,329346,598664,0,0
cc1aff58-c899-44fc-8f4e-2d423534812e,727,25,10,0,1622353,1942622,0,0
aa392e9b-c0a5-4026-94e5-29c7a30acf83,733,12,7,0,23617,43692,0,0
c4a31567-e4dd-40a7-a182-9bbe0ba3b722,727,NA,6,0,475798,575058,0,0
b40967be-da07-4ef3-ad13-c74cc2b62b3c,,NA,8,3,100434,341022,1,2
e7697f7d-d6aa-4247-bdbe-142d91c2a231,,21,11,0,165832,236500,0,0
62687b04-b30d-4acb-91f1-cac7ab225c22,740,NA,5,0,418076,702570,0,0
b63dec68-9839-46ff-a0bb-656c89e2b7c2,734,18,10,1,136420,285648,1,0
94f92dfe-7d5a-4f33-a5ad-8ba8b139a7ba,7300,22,11,0,345002,631092,0,0
0a044a8b-a6ae-418b-bfe9-b063879ebe18,729,5,10,0,184851,407682,0,0
53802747-1d0c-4339-96bc-ab8027a6cef4,730,NA,17,0,155819,569140,0,0
437ae01b-8c08-472a-a30f-15f9e616d63e,693,NA,10,0,239628,281138,0,0
8b50ae3a-ee6b-4dd5-8938-fc02cafff60b,743,28,11,0,825930,1362306,0,0
adac73ba-22b9-4da3-8b8b-57bdaea74b62,,58,5,0,131252,194590,0,0
9bbc80cd-df9d-4186-9c3b-2ffc61a740b4,677,13,7,0,864595,2893418,0,0
b44b6ee5-ded9-4579-9cf3-63210b02d014,737,30,6,2,87628,146630,1,0
f4b3d83c-de58-499c-a295-08bfdd4f9618,,66,11,0,289598,615274,0,0
0c35c3fb-01c4-4156-bed7-58cc4ca0f94d,732,NA,16,0,485184,1265330,0,0
d190ceae-ea71-4f00-a317-cc406b456001,725,NA,4,0,169575,220858,0,0
84f31fb2-3d12-465f-9f1a-49348a9c88dc,,8,13,0,87552,253462,0,0
c45d24aa-762a-4148-ae94-7f0f35c9f15b,709,NA,15,0,184243,602668,0,0
0d3de3f7-087e-42f0-a6ea-cc33033b0871,742,14,11,0,139403,473352,0,0
ca217bc9-86e3-4aa3-8ff9-1b28bd908933,652,37,17,0,343045,643786,0,0
7d65598d-33ee-4655-b2f9-79e28f3dfc94,,8,15,0,475551,825528,0,0
b7e56a5b-6d28-4216-b081-a50784445b1b,,NA,17,0,644499,849002,0,0
354b7354-2ecb-485c-ac88-57998922d210,705,24,12,0,284088,499906,0,0
7d6c7cfa-47a9-4645-9eaf-92d1749d99bf,738,8,9,0,251256,335170,0,0
8b1b9100-b401-4923-82b0-4269c74a6563,,42,20,0,268565,421366,0,0
f66e810d-b4bb-4540-89e7-0b9b00924e88,697,12,16,0,289408,520344,0,0
e6d3c5e2-57b0-4d49-9e2e-c0a293253997,739,6,16,0,707522,1021482,0,0
0252774c-5b28-4608-95d1-1298bdac9543,716,10,9,0,505723,875292,0,0
d579921b-f8cc-43c8-9243-591f09f0b8b2,,NA,12,0,590387,828608,0,0
0d314310-1086-458a-bada-bfc201668d51,735,10,12,0,499624,1038620,0,0
07d31663-a75f-4b8d-81a9-2d205236d0ce,706,37,11,0,248938,593076,0,0
9801cd00-9285-464b-ab44-17fd6d7d88f0,662,NA,10,0,81339,193776,0,0
34b3971e-48f5-4a69-af66-6998239c5cfd,7280,19,19,0,449654,1273008,0,0
a8616b2e-5846-4689-9ce4-74b79ecde1b5,,31,9,1,174211,236214,0,1
500918c4-9efb-47db-9d3f-d6984e08e4bd,711,68,6,0,135546,223586,0,0
22c99cf6-5622-4bad-bb5f-044c7da22b10,738,NA,8,0,360145,475486,0,0
e8154c44-574c-4be3-bf68-b126ccc3fb7d,705,26,11,1,189012,372174,1,0
09e82596-6526-464f-be77-0f4412c60959,,NA,5,0,61655,274582,0,0
9904ae5d-d28a-4e88-8092-ab1d46406ba9,717,13,14,0,141436,206008,0,0
6afc83cf-f66c-420c-afdd-2897787f2afa,682,NA,9,0,521322,838376,0,0
9ba7fe63-fa8a-4ba0-9956-c45f0f9cbb38,,NA,4,0,233111,322850,0,0
b7700716-74d1-462b-8d2f-01133b6eb9ca,733,NA,11,0,235410,396748,0,0
a398316d-67c9-49f0-9cd9-b5742079b7d8,725,7,16,1,152475,584584,1,0
ea3c85d4-def5-4f84-86fc-22d35cd7de90,730,2,8,0,70813,310574,0,0
92870064-b6fe-4bb2-ac3a-270890fde709,725,25,11,1,125875,297462,1,0
6eee90d3-ce2c-4c66-b260-991c7ebdf371,7170,NA,17,1,271738,506682,1,0
f3e46ac2-25b9-4385-9e06-2c95fc6b6f2c,686,NA,6,0,173109,307428,0,0
8c053998-dd1d-41ac-b8bd-1f2e3e6fffac,716,46,8,0,191938,273702,0,0
5aa552ef-06ed-4d8b-8274-f44c34e51abb,725,78,10,0,305102,494780,0,0
2a4e0e12-31da-4da0-abe8-b4c701a2b367,713,28,14,0,833967,1184854,0,0
24cf9828-9651-4a29-944d-a3e6b40f2464,717,NA,9,1,19703,256344,1,0
79a7e876-b20d-49ae-af99-be9e6775fb01,642,NA,14,1,299022,878812,1,0
ec635490-a32b-47d2-9347-7df0dc78c6bc,740,NA,9,0,157738,426734,0,0
0f9edd06-3469-4264-a2b9-1de6f75c1dbd,724,27,14,0,190038,440968,0,0
7e979dec-6c3a-481a-906a-2f94ee402200,740,NA,9,0,144875,201608,0,0
2de29180-a882-447e-bb53-e5ba42f06785,721,8,16,0,394896,944724,0,0
b11aa2cb-d155-4477-8dce-87b9e7c78d7f,7370,71,14,0,492841,695090,0,0
ab58c45a-b04b-41c8-80cb-ce33c3ad8f2c,,42,13,0,293227,652960,0,0
32d70b70-f32c-48ca-8461-f63ef9172a37,728,NA,8,0,332804,599280,0,0
b204ae1a-600e-497c-bf36-07cb46c53f0b,,NA,9,0,85329,214786,0,0
118438ca-954e-4db2-b242-5d281a97592b,682,NA,3,0,193249,224884,0,0
35ef2fec-08f9-40ea-af10-bf0b398866a5,621,16,21,0,181165,896500,0,0
9c69b593-554b-4308-8202-269ea2acefbd,734,NA,9,1,114095,191180,1,0
a54a11ae-3061-4a67-8c8a-f657400839d9,740,NA,13,0,20292,939950,0,0
b8fcffc6-72c9-4a2a-81ea-0013e8d924c4,719,59,11,0,130986,225016,0,0
cee768a7-a91b-4356-929a-9713e0fc58ac,702,NA,14,1,225169,462264,1,0
4d0b60be-91b3-4b75-bfc4-df813242ac0a,,NA,18,0,349581,950158,0,0
194525b0-e926-4331-9b78-463f53dd2b4a,729,29,9,0,250344,312356,0,0
8a5ad8a6-cfbf-42a5-83b9-80ada003e811,740,25,11,0,178391,336424,0,0
b2d1476f-c1d4-4cae-8a67-90a53828a9a5,746,12,13,0,378765,1235388,0,0
0ffca837-ef46-41e6-bab3-55319ecc6e7f,704,47,6,0,153387,341550,0,0
d0e2338f-fc11-4e78-83f8-256012185b92,742,8,10,0,419121,710534,0,0
54f396ae-bb4e-4d72-a770-a6249a186e43,724,43,30,0,1012890,1991220,0,0
d2e09566-cdb2-4786-8cf8-b502b6c3320d,710,17,10,0,253517,369226,0,0
73950fa7-4294-4853-9dea-154a33ba2e0e,,NA,7,0,563559,834460,0,0
eb61178f-f8a9-4912-bfbe-2570497ddda8,741,NA,5,0,88654,410630,0,0
b874a11f-3d0e-47ef-a499-2b22c7e35c71,748,NA,10,0,205105,501028,0,0
7e9f6759-6a13-48ef-adfa-ef9fbcfcfcc8,7420,NA,13,0,536028,1317734,0,0
9ef2d35f-248d-40ba-a9ce-3c1b5108dfc9,740,NA,12,0,128725,734272,0,0
2b791b99-b37d-4b36-b98b-5c898c94a413,737,NA,7,1,291422,450516,1,0
651f1f1a-41c0-4ead-9fd9-616176743989,715,44,20,0,200089,627880,0,0
b3904c40-4a3c-4739-881c-92fbdf540481,680,NA,28,0,467875,817102,0,0
abaf0ca1-45ce-4f68-a220-773384a6a536,716,80,11,1,71307,345466,1,0
0d6e3365-6bfd-48a9-be47-62c5555c1eba,,81,10,1,252719,314644,1,0
e5079bfb-8838-4be2-af26-0adff469421c,704,28,8,0,104747,200816,0,0
fb65c995-440b-4597-8673-7495971d968c,734,NA,12,1,110295,178112,1,0
5c17d37b-fd68-4efe-86cd-1e1c8a3a32e1,715,42,8,2,55917,134882,1,1
42bcb687-8f6b-40ee-87d8-c217a423ecff,709,24,10,0,124678,176704,0,0
ec5c4194-a965-4a79-afbf-c30e78cc40cf,727,58,9,0,701784,1334322,0,0
e3fdb784-303f-43ba-a03b-f08200449d4b,745,NA,5,0,97983,187220,0,0
676613da-48c9-419f-b340-d951e76b1595,727,NA,6,0,171836,520872,0,0
41261164-8dd5-494b-9527-12dcc909e84f,747,10,8,0,181925,453046,0,0
60e7e33c-2523-4ab2-aa9b-8965d59ce647,697,NA,13,0,153900,525690,0,0
2642da38-59ef-4193-a700-bcb959325149,,NA,8,0,131024,871948,0,0
c697b72e-b8ed-43ae-919c-a45c622a13f7,718,17,5,0,95855,218042,0,0
01d5fd1e-2db9-443f-956c-1235ff9b0b18,685,NA,14,0,781185,1609476,0,0
bbd0dd80-852e-4aff-8ae2-06b7ccf5e9df,705,NA,11,0,3659001,6087290,0,0
5d245e3e-265c-4761-8b80-32d465edfb60,,27,11,0,432934,1457236,0,0
4c0e6d5a-09a5-4e70-a02e-4e5e52670cb1,716,7,14,0,188309,619454,0,0
6727df1f-7b4d-4a7a-b29f-1f15675be845,,4,16,0,514159,1108646,0,0
f5e3f7e6-280f-4ad2-966b-1b9f221ba188,694,49,13,0,451022,767976,0,0
4edb96f7-048e-4fff-8201-e3c79d5eddb3,,NA,5,1,66025,168740,1,0
21c7addc-cdf1-47c5-be58-8f2cb8137548,751,0,41,0,115767,4787662,NA,0
9659a1f1-ea65-478b-b91e-6107762a1785,7050,21,15,0,930715,1732610,0,0
855c6645-61af-410c-abc1-96a480e70b22,722,NA,10,0,188746,408496,0,0
cd12ab15-18a0-4bf0-a32e-13f3edf5ea34,,NA,5,0,137085,560846,0,0
00393195-42fd-4b0f-a019-10cb0c86dce4,,NA,9,1,218937,399212,0,0
20295e06-afcb-4a2f-bd57-91511e563b61,,NA,9,0,147896,935726,0,0
e0ae6497-22c2-412c-915d-d06426bc3029,750,NA,7,0,249774,615362,0,0
4e2526d0-3d35-4bb2-a3cb-7be933d61500,675,70,11,1,37639,178640,1,0
3ac882ec-cc6e-415a-b1b7-073b8f232458,,NA,10,0,167941,388146,0,0
1962ac4e-7702-4f5a-8516-fa3e195afde4,,10,5,0,58938,211926,0,0
1b5cf10e-383c-4bff-aca2-59752aaa7a35,712,NA,21,0,457672,1106336,0,0
a3a3af28-3484-47ee-8d1a-140389fa1288,715,NA,4,0,175389,236412,0,0
89667375-3d54-4ed4-aef0-f6b625d6680a,739,8,15,0,351880,609026,0,0
ba774270-9ef8-462e-a181-1b49c16f2608,746,64,16,0,137883,355586,0,0
8b171722-2200-47fe-8692-53a00ceecac3,675,43,27,0,375972,1012440,0,0
d1c7c4bd-a3a7-41d4-b8c3-07f74876bc5a,688,NA,12,0,153292,292402,0,0
6f450590-5aa6-41ef-8b0a-0226c84a3675,673,NA,21,1,428469,1172864,0,1
1ab1ee01-aef0-4c06-844c-2bf6e024db83,733,NA,8,0,263264,481558,0,0
ee3b7320-80e9-41d9-815a-6e7bc8f0e060,,NA,10,0,145768,333586,0,0
9633fb3d-af8c-41ff-b2e8-60298468cb87,707,NA,6,0,236569,324918,0,0
79fe761b-45af-476d-aa38-0b8b2e578a5c,728,NA,8,1,317395,512534,1,0
3f4d62ff-5a02-4cfe-a7e6-b00001493e20,7310,NA,4,1,42180,127886,1,0
b86cb0c5-230e-4750-a5dd-6aa725def4ed,682,NA,13,0,274759,654610,0,0
f60df6c1-5839-4a8c-b67f-938ae4a83419,713,64,11,0,281352,562672,0,0
625f28fa-7709-4386-ba69-dcabe6444240,725,NA,18,0,62662,1612138,0,0
9fb0a783-6efa-463f-bc15-f557c8747bec,,NA,5,0,266323,323906,0,0
f7d58e74-fc9a-485d-a90e-89e3db72713c,741,NA,11,4,146186,349756,1,3
aeb58029-6b52-4c4e-81e0-14b7ae49bd8b,733,67,7,0,64961,176968,0,0
763746f5-5426-40b0-a218-bfa5700724df,658,NA,25,2,176244,708620,1,1
b73cf778-e712-40a9-8f2b-c6f3bfe66c38,,27,15,0,430730,635316,0,0
2b2f8e6e-08ab-4777-839b-000ba3f4b5f9,701,37,8,0,56810,102146,0,0
7f9bed81-0e7b-450b-a039-d8278624dfaa,749,23,10,0,149131,322146,0,0
f402e620-e66a-4f7f-9854-5eab58c536fb,674,6,8,0,148656,462704,0,0
37320011-93e6-4fbe-83e1-05bd6991686d,744,NA,6,0,122949,329538,0,0
99006967-3356-4a64-867d-294a59e12f58,734,NA,10,2,153216,320826,1,1
0edc9671-7240-4f0f-8b38-2e08c043dad6,7160,NA,10,1,298547,456654,0,0
975e1657-ef84-4450-a1cc-fb8cef75296f,737,NA,9,0,91485,560472,0,0
b30d39ea-f12a-4cd7-bc1a-defa998f9960,744,16,8,0,11495,93698,NA,0
db7c4075-8568-4580-bf28-8074e2bdac4b,721,NA,11,0,137750,437008,0,0
9e4da58d-2280-4caf-bc5a-1ad2a543cac0,750,NA,8,0,26068,185240,0,0
a8f30f22-f19e-4281-9c0d-d269a57740b9,,NA,8,0,223307,272756,0,0
d94cf4bd-64b4-4078-84e2-f5f54aa56d2b,,29,8,1,149530,398926,1,0
ad0953a8-b95f-47c1-98b8-da7b0d5636e5,747,NA,14,0,314564,741796,0,0
7e169dde-a7b3-4988-b23a-43dfe7e6ed67,745,NA,10,0,482011,669196,0,0
b42c53d2-31ea-4b3f-a959-421ebbecbc5a,,NA,15,1,700910,1033868,1,0
fdd5c651-6163-410c-9264-523cc67fce60,667,14,7,0,336186,462858,0,0
cff7509b-d1ae-431d-ad81-3bcd6b388018,723,NA,25,1,586606,1262492,1,0
45b8b5a8-012d-42b4-92e5-e4da9d3079d8,732,44,21,0,264727,559372,0,0
f47b4a5c-af6d-4c9e-9e8e-5a52a5bb0892,,NA,14,0,219450,632082,0,0
0ab230e8-064a-4789-a6a5-b3f07b8dfb52,738,39,6,0,1159,66726,0,0
c7d8d9d6-2768-4d8b-8c64-06bdcdd8fae5,,NA,6,1,27132,165308,1,0
a53f69c3-4e99-4888-a68e-a278ae18b73c,701,29,11,0,160493,257730,0,0
c59cb07b-57cf-4eda-be81-882aa353b1e4,722,NA,16,0,1402884,1917828,0,0
b8c98072-91f5-450f-8e73-fa823da33a7a,721,NA,8,0,149169,386408,0,0
b291c06c-1310-4d86-8591-f8f5cbe30435,7320,NA,11,0,554192,934076,0,0
7839e2e8-5a89-4582-a56a-94a9fd0c8dc3,718,18,10,0,77121,316690,0,0
dac1c3e7-47bd-412a-8361-609fc5d88553,6120,NA,13,0,424897,1020734,0,0
c016a5f3-fd14-412b-88f7-51576abaff66,693,46,11,0,316179,886446,0,0
9108a085-d82b-40dd-9ad9-b7508eac03cb,710,NA,8,1,60857,127424,1,0
36f4b61f-e776-4b2c-a80e-0e515c15e6e3,699,39,14,0,177688,255904,0,0
21c6a96b-00af-4aa1-9b2a-9e75a9158936,742,51,15,0,480529,1842368,0,0
e5aa89cc-3032-4f54-9618-ab9c6c8bc4ad,732,NA,12,0,583300,902946,0,0
8e469694-8537-4851-81ae-8e6a166c380f,7330,59,10,0,102144,474980,0,0
76f0e85d-43e3-4e67-bc81-aef8aecd3e6a,7370,NA,8,0,423757,905278,0,0
5cc2d234-8bce-4dfa-9452-793855b0a23d,695,74,18,0,426911,1594604,0,0
60327bb4-9df2-4a6a-b267-f71f3cc5ef1a,735,NA,7,1,106609,211024,1,0
da99e000-d0b9-47e8-8179-3a9c8136af32,714,NA,16,0,395086,1007644,0,0
e43598a7-5305-4fc5-b027-cce496b6e1e4,731,NA,8,0,130891,309914,0,0
de8ad5ea-fee2-4788-8caa-97d8121941e3,714,47,15,0,596277,2130942,0,0
5ab9c09d-ee3c-4650-9345-5803ce151d55,,NA,13,0,169385,367290,0,0
5874c526-9dbd-41b3-8838-5fab937b5f4d,,NA,12,0,438881,751740,0,0
733df7cf-7d42-49c6-b1f7-6f24eb8da614,620,56,9,0,93803,138512,0,0
2b4748e2-78d5-4ca5-9cea-f0ce0054eab2,732,8,19,1,165889,1333948,0,1
d75b1b64-d626-4b9e-879e-80ead5c24f2d,745,NA,6,0,58596,128986,0,0
f5af42d6-a811-4b28-a344-728734205278,6990,NA,14,0,251484,312114,0,0
515babbd-ea6d-479b-a558-9dc7cc4de48e,722,NA,13,0,249375,584518,0,0
2efa0fe9-0fa3-4bee-ada2-aecd44527244,625,NA,7,0,168416,212190,0,0
cf3968f6-8aae-4908-9717-27898daf5c63,717,61,19,0,397613,601062,0,0
e47d9a11-c7cc-46f9-8520-7bbe90898054,729,39,13,0,38247,262042,0,0
bbd6df3b-42dd-4a82-a6de-86c642098eb8,740,4,14,0,185345,766458,0,0
a3e335dd-5ef4-44cd-a6f3-939d75f0a690,,NA,11,1,409051,689436,1,0
2d1f72c2-1e99-4939-ab6c-6a1a3a0777ab,716,9,7,1,50977,78496,1,0
2fc75609-826f-48b6-b734-4fbe0dc36071,723,34,6,0,169062,353980,0,0
35584c59-d053-4ac7-805f-d1525fb625d7,631,30,3,0,0,0,0,0
bb4b6722-9864-4302-b48c-b13cd85107cc,721,56,7,0,111720,136906,0,0
7be0e6ca-d99c-40d0-9df7-6a774285d0a4,,8,12,0,130093,185724,0,0
f5689437-46c1-45bd-810d-07ba3ca971ef,743,32,10,0,191197,383042,0,0
6b294a4c-d9e7-44e7-b342-e5bd5af1e486,737,27,9,0,122569,258038,0,0
c75de3ad-47de-41a1-a923-cc2754d36858,747,NA,7,0,82973,144034,0,0
29c539df-c4c3-4d01-9293-7ccf83b06bc9,,NA,6,0,67545,144584,0,0
975ca0dc-1b1b-46df-b8e9-63ec4e6ef081,718,23,10,0,184946,261470,0,0
c2ecf9f8-e359-4491-9624-ef5150546f4b,739,NA,16,0,137313,883322,0,0
ce078829-4797-4b28-8a0a-a882d218334a,730,63,8,1,52269,193380,1,0
09057bda-9599-4e14-9225-f1a3175fc3bc,739,16,9,1,119054,206668,1,0
95e3733a-89bd-43b8-bd92-60a12e5cf0fd,716,72,9,0,54967,197032,0,0
843e58c0-7ad4-4dec-8c19-7d47a11a4fce,725,NA,8,0,177897,311146,0,0
cf14020c-2a70-4fdd-9689-750ed41cc94d,7150,35,7,0,97166,148038,0,0
cf4bbcf8-33e2-489f-9546-dda3f0f82006,,NA,6,0,64030,529562,0,0
a516f807-3730-4d5c-9fed-0bfcfa58dc79,727,27,13,1,133969,618046,1,0
d75910d7-1b4f-4cb2-b4b1-f9eb6dc89745,744,NA,8,1,225587,561770,1,0
d2c9ab6f-4990-4201-9a50-3213fdf2c72f,744,40,9,0,378898,880968,0,0
9c85d11f-4e07-45ad-8849-1ef00d12069d,,NA,8,0,379696,1308472,0,0
7bdf39d4-48f3-4cb1-985c-8102aac7d4af,738,NA,8,0,472074,696344,0,0
891e1733-28ad-45e4-a058-31616b6ff853,746,NA,10,0,56981,140404,0,0
10fb0863-cd8e-4c10-8f11-9c31d63a00d1,742,NA,6,0,405859,514162,0,0
4b8fc76a-bec5-40ad-a5a5-bd2dd4e6482a,748,NA,17,0,237804,722722,0,0
73935d6a-488d-40de-a840-96f74c84e87f,,NA,4,0,91428,111782,0,0
c8d02f72-f284-475e-b8fc-9e5608eb2358,723,11,7,0,331360,452452,0,0
4cc42910-b8f4-4af3-993d-721f388d88ff,711,NA,5,0,42826,90178,0,0
ad78ad4c-d8a2-48f4-b47d-e9c87633bdc9,743,53,17,0,535629,1228106,0,0
e6a7057b-cccf-4fbd-b447-efdcc70851f0,749,NA,9,0,531506,863148,0,0
4167a4c4-2798-4ada-be33-705d37fe04a6,,NA,11,0,314925,482328,0,0
2ffd0d82-dd9b-4c02-a00d-b376f5a34a68,750,43,10,0,115159,670032,0,0
4d8f4b65-2749-45cc-a767-3a59e4a8e7f0,,42,12,1,112917,403502,1,0
a1b68236-0d9e-4046-a78c-33e33661b8e2,746,45,11,0,123557,627440,0,0
5f381851-2aec-49b3-93e0-9d2d9f529eb6,680,30,5,0,600533,832744,0,0
6aae2ec6-1602-46dc-9786-dddb5c26277c,721,68,14,0,158004,775236,0,0
9637fc66-969e-4a2e-b029-aae47045dcd1,721,NA,8,0,1622752,11052756,0,0
6b662936-35d5-4573-bc0e-2c4416d71a59,678,NA,13,0,542127,697488,0,0
c7eb5d43-a263-4c16-b969-eae97e95e0d7,710,NA,9,0,634106,784432,0,0
c6454093-0af0-46bd-92af-831d3a3f3b37,671,NA,5,0,116527,340714,0,0
7a9d48fa-1822-418b-a334-4328a3501ac6,677,33,4,0,229710,281160,0,0
4122bd9b-a7b3-461a-a8ab-68f8a3cb5f75,730,61,17,0,131651,802362,0,0
b708e064-9454-4d16-9754-eafee19e07da,,48,12,0,222053,302478,0,0
e9826e22-e74e-40e8-8fac-ae6a814b1415,738,57,14,1,422921,932756,1,0
d320262a-23d0-4a13-b333-b5ca3f558115,7040,NA,8,0,408006,549956,0,0
cc246df6-0c79-4f0f-896b-fa654b93ca4a,,NA,12,1,126198,458084,1,0
2d9cab55-1eb2-4333-bda4-f477ec027d44,737,NA,10,2,185934,313852,2,0
5c6a5b03-b5cd-4bcc-b9bc-db71158826cc,720,NA,6,0,168606,240438,0,0
989d811b-8504-4cd2-b125-5bb0ed153b6f,681,NA,24,0,587594,1938398,0,0
ba556814-fdf6-4ce3-9fcd-44b6b38648d8,747,NA,6,0,105678,257070,0,0
509b2c9b-eddb-4a12-8764-fa2c6bc80148,735,36,18,0,435537,1105918,0,0
1edfbd42-2a75-49dc-b4ba-61d2108a74d4,747,3,8,0,504735,930622,0,0
9fb62061-a26a-43b6-b94c-abf65d724fee,741,36,17,0,309054,514140,0,0
a0df826e-ca7d-4914-a312-0424ee33bfef,,NA,14,0,84493,200046,0,0
3f326523-28e4-439e-93d1-b13104c3e0d3,701,NA,5,0,191273,263978,0,0
c8986d74-f526-46f7-bffe-25f88cfbee9a,712,NA,11,0,283860,576620,0,0
7bd8c8fe-2312-4f0d-88b8-0217a0bfe91c,675,12,10,0,292619,365112,0,0
4c35c3f4-9da1-4c06-9f97-fba8886660b5,671,NA,17,0,7111073,14294896,0,0
b3e41700-ad06-461b-ab7f-ef4ad23e52e2,7010,NA,16,0,578911,692472,0,0
f53fcaf5-123c-48f4-ae58-c4de72719fa2,719,67,6,0,90877,146344,0,0
2ee98663-1dcf-470c-a5af-6f9f0b329a71,702,NA,7,1,161595,228184,1,0
2920b257-2848-438d-abc0-9204c08d4798,7320,NA,11,0,447127,530992,0,0
af93407e-d639-43ab-8371-f50fff633c14,722,NA,12,0,40413,236324,0,0
14832b20-b545-474c-bdcc-1f4f131cb670,723,22,10,0,111245,521510,0,0
03b5e05b-5617-4aab-8a7f-4a8cd6228e03,,35,21,0,302651,705078,0,0
1e930e36-5983-42a8-ad50-332e986027a2,6720,51,6,0,100168,140096,0,0
b4182847-5ca1-482c-ae31-2a43809360d0,708,NA,5,0,256785,308110,0,0
4d1824f2-d9b6-4645-b3f5-9dac8defc5e2,737,21,13,0,376675,595034,0,0
7e3d45b8-a387-403b-80e8-6020f2eafd05,733,69,3,0,253118,298760,0,0
2f879f9f-6e5d-46bc-acf9-8166209239e5,750,NA,5,0,88749,218196,0,0
40681f89-f2d0-4226-9e21-a73cc1b62910,,36,4,0,89072,149710,0,0
42eff5dd-6591-4c71-8f40-8fdf7ff5382d,706,NA,7,0,180386,263384,0,0
09f9084e-0f84-4c8e-bd6e-3a1ec3a8ef5d,751,NA,8,0,41933,622380,0,0
e90e1518-0acb-4771-a201-d122cf870dce,717,64,11,0,338390,694694,0,0
b48b4c6b-f4b8-49a1-a612-ca6efecc814c,679,19,10,0,122398,258126,0,0
c6479cc1-a3e8-46c1-aed1-319b6a0801ba,692,53,8,0,415796,502568,0,0
3fc41ad1-0146-425a-ab50-c468026e7d3f,739,NA,16,0,142082,679822,0,0
6a16cc9f-c748-459e-8048-5e9cf0973178,,31,12,0,335141,829202,0,0
c75bf7b5-467c-4f74-8b0c-1b4050059bdf,6980,41,6,0,162450,190586,0,0
667de4b1-6faa-42b9-b4dd-c57cc092b664,,NA,16,0,211489,444422,0,0
79adce16-d789-478c-a3c8-b0302cd24487,712,9,11,0,1273209,1686762,0,0
1753e876-c3ce-4994-9687-c68780764815,748,NA,8,0,430464,1343474,0,0
fd234478-e1dc-4f1e-93e4-d7723939b6e2,732,NA,11,1,132373,638638,0,0
9c8d39a4-2785-4e4c-aeeb-6401949c0f97,741,23,12,0,352393,628738,0,0
a8b991ae-bcb4-4618-ad69-004237c191d3,748,NA,6,0,168986,464750,0,0
7cb37a9d-3bce-409f-9cbd-e4a8b0f6bd9d,,NA,8,0,227183,385726,0,0
0be6b37a-0d9e-43f0-90dc-0034caf91aa0,750,NA,14,0,6688,121066,0,0
e16ac638-09b7-4b11-8b52-bf808f0a5c7c,,NA,7,0,102733,152878,0,0
f271253c-78a9-4cb8-b8fc-babe3ebf94b7,,NA,10,0,281162,1183820,0,0
d58d322a-906e-4793-8806-9c3212c0065b,724,NA,7,0,190266,881232,0,0
10e870d7-2b75-4239-98c1-64e461444d49,751,NA,14,0,203319,957022,0,0
9a209aea-38d4-47c6-a6a6-44f14298d252,,31,8,0,92853,121088,0,0
ba7c6d92-e159-4b55-8c1b-523ef4e6fcfb,744,NA,10,1,160303,800052,1,0
ab5df875-1a68-4813-8589-5dd6c3a0e51a,,NA,13,0,392540,990242,0,0
3d0a17f9-f608-4fc7-a0bf-6f30126ed5f9,742,NA,4,0,79420,108834,0,0
9eedb65b-d7b5-4caa-9be8-49268afda3e7,747,NA,8,0,3072376,3593414,0,0
694cf60b-830a-4012-b2c5-bfc06a46088d,6860,23,8,0,149226,204996,0,0
207a18dc-867b-4e61-91d9-6f73b9c64b2a,749,NA,6,1,57779,166408,1,0
ed245036-560b-4893-8f26-0cf58b5f20f9,702,NA,9,1,160550,371800,1,0
b759d9b0-096f-4868-847f-8396229e6931,704,NA,9,1,305615,387596,1,0
22f1c46a-8a1b-4c2f-a11c-1c61133a39f3,714,NA,12,3,83771,431090,1,2
9fee9b36-e7c0-46d2-bf5f-ad788d565e9a,744,39,12,0,365408,853028,0,0
131978d2-70d4-45ec-ae1f-ff25fa26735b,740,NA,20,0,353438,1149544,0,0
c597cbd0-a428-4be5-97b3-94a89e6390c7,719,21,13,1,106039,414810,1,0
c8a5c5c1-a463-44e0-9811-f222a25888ee,707,68,9,0,196479,530310,0,0
f9686cc3-ea0d-40e1-b29b-6b68cd361a43,712,NA,7,1,361,135872,1,0
1819c328-1101-4a08-a1c9-6472e6ac3605,717,NA,6,0,120289,193446,0,0
61a6bbe1-ee66-453b-9a9c-8bd700316aac,7220,NA,10,0,443745,624316,0,0
2221b162-8b78-46a9-bbf7-433c86ec247a,710,67,10,0,117534,146190,0,0
da5461fe-e466-417f-b26d-effd2b405cf6,,NA,19,0,404890,806916,0,0
1f3add1d-3e9e-4110-b8b5-1bb31bf1c348,744,NA,9,0,347985,788502,0,0
99c386b4-a58d-41c3-8440-c8d56330ddf5,713,43,7,0,530613,758516,0,0
efa1f2b3-1264-4f5f-846e-b081640a05a9,749,NA,10,0,46303,924264,0,0
99ce50aa-3241-4c6d-89d5-28f21991b285,,22,8,1,281732,333564,1,0
ec9409ee-ee93-458b-9275-86e5e4929ed8,723,NA,15,0,360354,709632,0,0
299dae6a-4afa-4cf5-9b67-3ad60c457a76,744,24,16,0,306033,1015322,0,0
c58d3ea8-f1fb-44d0-8675-f5ad28d7759f,737,NA,10,0,235030,436832,0,0
00ebbe8a-6170-4a65-a8ee-d992ef7dfc38,703,NA,10,0,150233,273108,0,0
5665669e-2ee5-4349-ac54-afb060bf81df,737,NA,8,0,315514,1170972,0,0
560d0c0d-8e84-46b5-b640-4de1a5a9a730,746,13,10,0,195415,1285570,0,0
35b3e0b8-0062-4e7c-84be-6e7d20d07742,743,24,11,0,100187,477356,0,0
30f53cb4-7540-42e2-b289-42c843c3c825,706,NA,15,0,365978,445126,0,0
0c0bdcb3-25be-4c3a-b8ae-de87ff2a18eb,707,61,11,1,247095,464464,1,0
448e3f12-e487-4656-8404-8485f6617519,687,NA,7,0,623675,796180,0,0
6d394940-c3aa-4ba2-a92b-2c2305e6164e,745,35,16,0,259863,515218,0,0
8f7fadc9-15f3-4359-9d84-1472129828f6,720,75,9,0,90782,208978,0,0
179d4f3c-868e-4b38-8821-29fab5188280,694,NA,8,0,368562,451110,0,0
3545724c-354e-4172-b005-a30a24eb7818,725,NA,7,1,58463,124894,1,0
f3ad8afe-5a6e-4e1a-8c4e-6daa3ebd8965,715,NA,7,1,215061,349734,1,0
ef877891-0329-4f41-8bda-ea1aca2cdfb5,731,NA,13,3,192546,389752,0,0
b90a4e17-92b6-4316-bcd6-e214a957bdce,747,NA,7,0,17936,22044,0,0
352395a4-f394-4710-923e-9450909e75eb,699,NA,13,1,181640,446534,1,0
2754994c-0167-4ca2-bd1f-5802395c80da,719,NA,5,0,102315,311740,0,0
fcb7461d-3bf7-40ee-b208-f49a0dea1652,661,31,19,2,164920,339790,0,1
77b1a86e-67ee-4c36-9acb-7880decf1fe4,731,NA,10,1,65816,423324,1,0
139f7969-a286-43c6-94a9-6b8843929adf,726,NA,14,0,210311,403172,0,0
08aa0bca-1939-4f1c-a1a6-ae4057984e08,671,8,14,0,622212,749694,0,0
72e1dc75-1c0c-45f6-974d-d3dc33882270,,NA,10,1,88084,177980,1,0
49ecd6df-c243-4a70-8878-9a784dfe3d87,7380,34,8,0,59603,170412,0,0
cf19a3e0-ed90-4bf1-9c53-2d7308dc39fe,,NA,11,0,354977,1067594,0,0
c1189acd-66d4-4053-94d2-ee543ff4058f,,NA,7,0,201058,371888,0,0
98d80a1e-6a82-4720-91da-8df0a4c94f4d,743,21,18,0,472986,879076,0,0
fd6e7b83-c15f-4b1b-b1e4-2db13aafbb9f,704,NA,5,0,87039,298188,0,0
9313a07b-f8da-44bb-b3bb-ff793a1ddf7a,695,NA,13,0,541367,1015982,0,0
4661cd39-017d-4754-8105-26d544ddf16e,730,NA,15,0,158403,239756,0,0
098677dd-1f53-4869-b8d8-54af0e59dc64,733,5,12,0,77026,337788,0,0
b69fd3ad-c973-4920-b0b1-6a68f76cf506,,23,5,0,70775,94094,0,0
3d501f48-9fdb-46b8-8574-fbb656e2f1db,7450,NA,10,1,35948,991276,1,0
1106c293-e187-47ed-9ed0-4729fe80fff2,,4,10,0,893038,1914902,0,0
534de41b-966c-4c35-ab90-ec0a333d1a08,700,NA,10,0,338637,419364,0,0
f6270a95-087c-4671-8838-b601289ec66f,,36,15,0,182476,427702,0,0
c97ab040-7a5c-4616-b0fd-d78529d52bbe,724,NA,6,1,147953,241296,1,0
9ed76303-510b-4d62-aa24-b7ecdcf25356,704,NA,12,0,578474,836220,0,0
21df0f56-6a94-482e-af62-957e8395ccd7,745,NA,26,0,294747,1376188,0,0
9f40ddcf-3044-4b9a-ba14-6186ab27fec2,703,NA,30,0,275082,629486,0,0
95b8e3d8-9e0d-4462-8c90-573bd15e09b1,742,11,17,0,375687,846318,0,0
f522196c-265e-4a9d-8cc2-9c94a45f0419,728,NA,12,0,242250,450252,0,0
c330f1b3-d48c-44c1-b446-63c011c3b09c,6940,NA,12,0,292619,435512,0,0
622a14a3-7144-4732-8edb-de4101449511,697,NA,4,0,179664,217602,0,0
6b996a16-341a-456e-9632-1eda8c39b003,655,NA,16,0,493981,680944,0,0
ce3bd661-8cdd-4a2f-a4d3-6cd7227b7e5e,,35,9,0,353438,1036090,0,0
3a2f8184-52a8-4de8-8a46-b1d7f2b35c85,732,5,6,1,110941,251900,1,0
b8b8e8cd-d468-46cf-9098-d6c55021ebe0,703,14,10,0,186960,229570,0,0
6f0f4040-1b7c-4a8e-9cd2-f7ed5d3c6e8a,748,NA,10,0,1718094,3412310,0,0
ef99d7c1-17ae-4372-b4c8-d5896eef7570,725,NA,8,0,80807,163592,0,0
0dd36fa4-b3e3-4f3e-928b-aa013c25a0d4,695,NA,10,1,231534,380842,1,0
7f22ff3c-5dd7-4c90-9fd4-2f04b45ac797,703,NA,6,0,291061,376530,0,0
cd1e32de-0814-4ee1-9c54-aa1277dcba0d,749,NA,11,0,364534,1512852,0,0
d5e3609c-7d21-44e8-a341-3f4146410344,730,NA,22,0,354141,1469776,0,0
ab16d75d-d504-4918-bf1c-af3e81bbdf7b,,NA,17,1,192014,621038,1,0
c3d36f57-2437-4020-86f4-3dd3d19b4d19,746,NA,9,0,302442,1435214,0,0
9d242728-da65-4d8f-b725-2b9f4761cb3b,721,28,12,0,345116,591118,0,0
d93de0aa-d4cc-4c45-95c5-9c0d6b6c8dac,7280,11,18,0,372438,760562,0,0
c679d418-1d35-44b3-bb2c-0d8f19ef08c7,747,NA,7,3,387847,547668,0,3
38530e42-74d4-44b5-a28b-c2b06557b76a,696,NA,4,0,12825,48554,0,0
60f287a9-0322-4e86-b4d5-1e7c03a322ba,7160,NA,14,0,410324,530838,0,0
8faa2429-2cfe-4cfe-b304-3067ff18bb21,691,NA,7,0,361418,469150,0,0
295b89ec-277f-43a8-864e-bc4544322b64,718,NA,9,1,149074,217668,1,0
c2250b90-1ce3-424e-bea0-bc86cce0645b,715,NA,11,0,423643,905036,0,0
326e38f3-375b-40d2-8846-eea85f703360,627,69,7,1,49742,221540,1,0
6033e31f-ab06-4d41-b442-d0afd6f9f5b3,744,81,12,0,279015,461538,0,0
d7012ab8-b11c-49b9-b09a-0615c6ac182d,721,80,17,0,525673,814836,0,0
296ef650-dda1-4106-ba8c-953d3a158e06,675,NA,10,0,710980,1207096,0,0
dbdc6116-3f24-40f4-8cfc-19a68e7d96d6,717,23,7,0,49552,101024,0,0
89f4880d-b7a8-4441-89ca-04158f8c2aa2,668,61,11,0,451896,679536,0,0
3af678da-e316-420d-868b-0f5fb3ddeab8,,NA,12,0,214529,619432,0,0
017439d8-d9bd-4965-b52d-a1b6d0c28396,724,NA,13,0,950779,1506032,0,0
3ee9cf04-b9f8-4a39-ad34-a56d93491e25,744,NA,10,0,493069,982630,0,0
4d36df3b-2341-4a13-bac8-adea3bd694ad,737,NA,9,0,411882,929632,0,0
6bfc7f4c-0da5-4361-afad-a8d6bbbcb553,704,NA,15,0,398772,725978,0,0
71cb78f2-ca22-4c22-a163-d0d91f521fea,693,3,12,0,130321,618398,0,0
85666d90-e76f-4661-ac51-53b6de5607b7,748,NA,5,0,231040,487300,0,0
b3faddd0-76ec-4433-90c9-c4cb23f0c5f8,748,NA,5,0,180538,240262,0,0
e7b9bfd6-589d-429a-b86d-f2c5d957a4f6,725,NA,10,0,462707,682506,0,0
a09258ed-dab3-48bb-96a0-a0835510e49d,726,23,4,0,123975,204490,0,0
de5e78fd-50f1-4921-aa09-1237cdd7387e,739,NA,12,0,381596,536228,0,0
e22b9a20-e64a-44bd-baf1-9b1bceb9917e,742,NA,17,0,318041,939466,0,0
5574f700-d205-46ff-bc39-7a9bcac11dd4,747,NA,4,0,96482,133628,0,0
94c57efe-a19e-4c85-b0c5-84e25ec0906b,721,NA,10,0,372039,451088,0,0
94143766-77d5-43bd-8fc0-3b205dd48fd2,6840,NA,4,0,100966,145574,0,0
440ca667-ae51-4e56-8175-491153c632fc,695,NA,9,0,107027,501710,0,0
8bfef975-f957-4ee3-8bd1-6625dffa305a,748,NA,11,0,272422,1051490,0,0
e80adcb0-4667-45b3-928d-6bf3734ebaa0,670,21,5,0,46037,207438,0,0
002f45ea-0555-4498-b56d-d1dffd3e4e05,720,18,10,0,181374,443982,0,0
c4d5be52-30e2-4258-a6a0-f65cfce68114,746,NA,5,1,100776,141262,1,0
d8104367-fb28-4fd2-ba24-81a39a1d12b9,,36,14,0,698174,1213828,0,0
4b292d5c-b5f7-49a3-aae9-5c8b27c0472d,724,59,7,0,39748,446798,0,0
b0d3a070-91b7-4b96-9970-19f4e7d850d4,680,4,10,0,253232,456016,0,0
d0941342-7576-49a4-953b-9f67ee1cd3dc,671,NA,8,0,414029,813912,0,0
bfcabe4d-a32b-4105-a882-3c6e3243dfb7,730,NA,7,0,994840,1253472,0,0
11516c9d-2ff0-4146-b5f6-786c6606c452,745,NA,10,0,661124,1716396,0,0
5214bd34-4cd4-4970-b784-d2fd2a4fed30,740,NA,3,0,165148,235202,0,0
22e12f0c-8006-41fc-8c1d-224e69c447cd,,44,16,0,485507,721622,0,0
b75feb53-f30f-4138-acc5-43399a7d4caa,7150,NA,10,0,115824,211552,0,0
02ee9c4b-19de-4d58-85d9-6a857b8183c5,640,62,9,0,61826,321046,0,0
e6b7d80b-778f-4c74-b6a6-af7a77d14afa,713,72,8,0,1180888,1717782,0,0
4fb8de0e-712e-46f2-8fd5-0accea89f684,735,NA,11,1,56829,90134,1,0
e2c4e8ed-5525-4f06-be00-0a980bf32af2,,NA,7,0,749265,1266518,0,0
4597a572-7135-48ff-9f01-261cbe4d557c,747,NA,9,0,97793,539220,0,0
2b4ca308-1d0e-48a5-b228-04a3f79d6622,743,NA,6,0,88426,232166,0,0
6e1e30c0-3e44-4f8c-8f01-090bb1020155,727,NA,6,0,151050,321508,0,0
b32ef9de-8e99-4cc3-a46c-01ece9817f6e,736,43,15,0,346788,798292,0,0
f6ead900-f554-4f4e-a3f1-92f62cb1210f,722,76,11,0,56544,67496,0,0
9ada8a7e-605a-46e4-adde-e07748037c81,699,NA,11,0,349201,659604,0,0
7f109f19-b0e8-44fd-9a43-f408b215be22,728,NA,7,0,208848,306482,0,0
ce7fde8e-610c-4be0-82a0-5038281a2944,698,24,13,0,379639,1072126,0,0
368ad960-dc75-4dd2-b169-e759e990ed13,719,18,26,0,189734,360140,0,0
ac8846e3-ebc7-4502-ad76-8f293c060b1a,622,NA,17,0,703019,1179772,0,0
417275b9-3c1f-4e89-b557-107c96b77e41,659,NA,25,1,161063,268730,1,0
978fab9f-0fc6-4cce-91a2-f2bbb8c74288,,6,2,0,28177,39314,0,0
79744819-8bbe-4fb9-b628-70d657fb7aa0,709,25,16,1,220590,330858,1,0
a56a42f1-9f75-4f5a-ae71-cbcb74375c86,739,NA,15,0,893817,1236488,0,0
5e2e0a4f-ea0c-4693-abcc-2289aa6a5820,743,NA,8,1,100757,221804,1,0
5aa9f5f9-2dcf-4611-a2e4-7bdf90c6804e,697,49,11,0,30761,59378,0,0
f1011467-4497-41a4-ae35-ea79ccc01d2a,,NA,11,1,59489,217976,1,0
64442e3f-2ead-441e-9609-4e263aa9d356,,NA,6,1,143241,244266,1,0
0fb6f195-8fc7-45f9-9dc6-379c06cffd8d,739,54,6,0,58178,175406,0,0
046d577a-1168-4cc0-99a6-d292c3831498,,NA,4,0,200944,278300,0,0
4bdd015f-dfa8-4b13-a7bb-58748880e733,671,NA,22,0,83372,919336,0,0
cc5c4d0d-8594-4a00-824b-6609b9124b32,,NA,13,0,746130,1548294,0,0
f64e2da8-ab95-4f47-b0ea-9f026612fae3,,NA,6,1,146775,266376,1,0
2770b3d8-1098-4115-91fe-c95046e68fff,699,45,10,2,227810,402094,0,2
78114405-fee9-4e3b-9393-b8cec713e183,,NA,13,0,206568,259688,0,0
29cbb2ac-924b-4793-af8e-8dee5324db96,7240,22,17,0,871454,1716088,0,0
5eb7fa9e-7e06-4360-a42b-334925164bfc,743,5,16,1,152817,369402,1,0
f8a4a5de-e76f-423b-97e8-d41e62827349,719,NA,20,0,317509,769142,0,0
4f398663-fd6f-4bc3-a5fb-de7ff46c46e1,747,NA,25,0,1105724,2870626,0,0
180b37e5-ae60-4fd0-bf58-52e6fe303ae1,704,59,10,0,180272,342188,0,0
d91102b7-a01a-48e6-b8ab-f197e6853378,669,NA,5,0,138909,166672,0,0
ded46f87-a663-4fe9-9d11-483edbf68a50,746,NA,10,0,323779,986590,0,0
d6009e37-36b0-4d13-bc4a-4d648a0ea720,708,16,10,1,172083,400884,1,0
46ceff6f-832a-4458-b82a-1610089ec0e3,7250,NA,13,0,399627,1030568,0,0
421f8cc5-324a-4fde-8112-667a2e0a91b4,740,32,13,0,216524,411004,0,0
396c7df8-ca5f-4dc2-adb0-e092ecae2123,738,NA,11,0,180747,343090,0,0
4b8269a5-b3a6-4ec7-97f4-703b9c718842,717,NA,18,0,525236,948772,0,0
6bbcb37d-e215-4d0f-9fae-89281f6fceb3,,42,17,0,171722,319154,0,0
96efd327-f965-42ae-8b2b-d2555205ce19,719,NA,11,0,98895,139656,0,0
c9541646-710d-4418-ae54-c9b15afbb6a9,745,NA,14,0,384769,601238,0,0
c19f89d2-9d1b-4c6d-8c94-ca4c8e298f34,734,NA,10,1,147782,177694,1,0
0bb607d5-5b99-47ac-9080-b43217a06555,715,NA,7,0,333621,803132,0,0
df88b9d0-497e-40a2-acc1-8f022d83a59a,737,NA,8,1,58881,480062,1,0
cfc79915-8910-40c0-9e9a-0b87b1314303,715,NA,9,0,135831,167156,0,0
004cd873-eb38-42df-b66e-5bda5523b482,736,59,12,0,153007,249524,0,0
4dc3fb1d-4688-4538-9897-a79d7f31914d,746,NA,18,0,265297,834746,0,0
d6a39092-cb71-4e73-b3e8-e7bdd0a2aeb0,709,53,9,0,89091,158202,0,0
a1d8550e-a06a-4f03-a853-370d5806b69f,708,4,4,0,9880,24464,0,0
6c9e2d02-1cc8-4042-aa8c-aa8ff45549b7,7260,NA,13,0,80047,223366,0,0
ba6e596d-d677-445e-aa16-6fd580f2b149,,NA,10,1,130796,380534,1,0
3e2942d2-c72c-4e73-9213-6b5dca3761e3,712,NA,7,0,119529,136378,0,0
e8fbf0ad-83c2-4a33-a438-f0e901dd9114,724,NA,10,0,174382,216656,0,0
ed688c27-f0c7-4cdc-b3e3-da800d687476,712,NA,20,2,149169,423302,0,1
eaf49d82-9d56-4bcb-a706-5748f34b5178,716,NA,11,0,709213,915486,0,0
cef24ae7-1904-4107-80d5-bad6ece422c2,743,NA,15,0,177137,295130,0,0
427a1745-40ac-4678-ad24-0f08738648e3,731,NA,9,0,60401,114664,0,0
0e74a006-7851-445f-809c-31153d5499d5,738,NA,5,0,19380,45958,0,0
a7eba502-1b09-496f-8119-59fd671efb04,,80,5,1,58805,226952,1,0
412980ad-a61c-4d87-bbf4-cc81db5e5d4c,,NA,6,0,368714,613404,0,0
cf149b37-0f6f-4e3b-9051-531138d968ca,696,47,9,0,107312,421212,0,0
49b9baa0-6f4f-4a3e-977d-258c926af63c,703,53,23,1,433029,933724,1,0
b79a1a8d-7cd3-494e-ac7a-10072851a16c,728,23,8,0,91770,385000,0,0
4a958e78-5ce9-4e98-b8fc-6139a8a3bcd0,737,NA,16,0,875862,1643664,0,0
395f3d04-b821-4b99-96e6-17b2ba3222f4,,NA,7,0,137161,365948,0,0
d3a5383a-be29-43d9-8793-2079d01ad198,718,35,7,0,11191,51436,0,0
00785dfe-78b9-4ecf-8779-405e435723ed,699,20,4,0,32870,92378,0,0
16a0b0ce-2052-440a-af19-e773f4968862,619,NA,7,0,573382,782914,0,0
63f72a77-5039-430c-9448-1d6f5fb1c252,,NA,16,0,400387,2934250,0,0
923b88d5-1200-498e-9aa5-4a66ee6ddfef,,NA,15,0,667185,1350580,0,0
1b28ddc9-b928-4741-8186-95d8f9e9ab5c,739,71,12,1,131822,436128,1,0
b0284375-89c2-47aa-8d1c-ed2610890459,692,30,9,0,233244,321112,0,0
096e135c-5744-45ee-920d-2af064895a29,672,NA,10,0,582958,849068,0,0
40b53251-ee50-4c44-b746-ee2d8e92b76a,739,NA,8,0,59603,110990,0,0
6a8a2e7a-47a6-4ff6-b883-3490aa9e3039,653,28,13,0,393946,964392,0,0
661a1e93-9015-4e60-b652-d53dae8926ed,7310,NA,12,0,184471,509806,0,0
1d1fe399-c855-4122-98e3-64d8c9028065,734,NA,20,0,1480499,2345068,0,0
a5cf1f0f-8a67-45ab-b6a4-842ef4b0d1b0,747,NA,5,0,980115,12073028,0,0
97328ccf-3f4c-46e6-8fec-037981334880,738,NA,17,0,322582,728090,0,0
c9d77c2b-69d6-4cde-9485-30ad34cd1aea,748,NA,15,0,2230562,8755098,0,0
370d977c-eba3-4f38-ace2-5d23cb2e41e7,751,34,7,0,526832,707652,0,0
9ce17cd2-8c9d-495d-acce-99697d052439,,NA,12,1,210102,354134,1,0
0a82da6c-bf2e-42ce-bdc6-91fa9a2e73fe,715,9,20,0,76038,423258,0,0
6fb2a36d-878b-494e-990c-cd29d19fcaca,749,35,8,0,135033,205986,0,0
a9c75d31-5d03-4f6c-b9ad-8d75763db791,7390,45,8,0,83866,161832,0,0
927bcd2d-131a-4278-8d15-b648320c4498,735,NA,8,0,88920,311080,0,0
fcb91331-dce9-4e6e-be95-9e056becec97,718,NA,11,0,957600,1152624,0,0
64f3fc21-e9da-4a9c-977e-7eddfcf0de37,741,31,10,0,108471,367268,0,0
9c24c057-ef88-4ade-813d-9dde4a730cb3,747,NA,2,0,98857,396044,0,0
df610e0f-2f63-48bf-8f7c-0aaa204f22c3,,NA,28,0,831041,1473582,0,0
130267bd-e8e3-46ca-9f05-e9f2257d717a,745,NA,6,0,181412,249172,0,0
63616636-148d-46ec-9e21-af7f6f63838c,703,NA,14,0,222262,470492,0,0
277ea02c-e72e-480a-8084-a5c6a2d67110,,59,6,0,109611,134442,0,0
48a79788-9d5e-4806-b22c-be5e654be937,6830,NA,10,0,648660,955570,0,0
5468e115-3638-47a3-94d9-e65ccafc4ec3,738,57,5,0,102581,215182,0,0
1717fa04-f249-43f2-ba01-a7a1d158dd7d,728,NA,9,0,172121,344212,0,0
073d593d-c1fe-4d01-8c59-c4bd3a7cfea3,716,6,16,0,129390,453970,0,0
379ffa23-5715-42e5-abb9-b7affb5295d0,,72,11,0,142234,268224,0,0
825dcb2a-6c3c-4d30-88c0-9f29c348cdd1,701,39,12,0,193857,352946,0,0
8887a300-49d7-46f7-a3c7-7c56c7b66e63,,NA,8,0,179303,278674,0,0
d69f55da-3a55-43c6-8d6c-7d6f0a7e31ae,,NA,10,0,337079,640904,0,0
7468fbe7-a711-4990-aebd-56e2a2d96546,737,10,14,0,63897,249084,0,0
31abd76c-38a9-40d3-8708-56d3a118b368,741,9,6,0,224485,295724,0,0
ce6b1c87-394e-4785-ae0e-15e48c94d05c,731,NA,8,0,276184,507628,0,0
a7818583-7424-4f3e-b3db-8420d12538ff,,31,31,0,655272,1649450,0,0
3c427802-d05a-402d-ade3-383b6264a808,747,NA,6,0,472511,679646,0,0
96481983-503b-4037-8f83-474735a39be6,725,29,11,0,400387,618992,0,0
13246ab4-3327-4eb7-809c-cdc9eb55660a,7350,14,12,0,130720,403634,0,0
7a3a7485-f21b-4db2-8522-302fbdf1851e,733,45,15,0,157073,432014,0,0
4cd13b64-79bd-4aaa-999c-434539994b9d,740,32,11,0,303354,695530,0,0
1299d0b8-9f98-460d-b7cb-e0b686054274,663,37,25,0,142937,286836,0,0
9eb8599e-4940-40f3-8eb5-05c52553d94f,737,49,8,0,140087,308946,0,0
5416568f-7846-4d46-b09f-b6e3ab00c772,,55,6,0,784206,1452858,0,0
ce1c79de-e5b0-4562-b741-76a029d1259e,716,NA,11,0,187739,295350,0,0
826d9a36-361f-4050-bbfd-e944433a0c3a,,33,7,0,180215,512710,0,0
0a58e2b4-cb45-4090-846b-a7c7eb3e06dc,741,NA,3,0,234346,504350,0,0
df60d683-cba0-45be-a3f6-b9a7a36a3fd3,689,NA,4,0,131746,302082,0,0
cdadc2d5-75e4-46b4-bb4a-aba0ff6a7165,,NA,11,0,349638,2326676,0,0
b4252a08-61aa-4457-b5d1-62273e1b9768,7420,NA,15,0,213560,405372,0,0
89c90b76-bb3f-4784-a4d3-28003277511a,,NA,13,0,348973,2160796,0,0
5565dd7d-e4d3-4127-9065-b8addd18a65c,741,NA,18,0,484709,1454024,0,0
56efd0ac-426e-4e7a-b6e9-d99796d53c6f,672,NA,7,0,152228,218152,0,0
4a43577c-e140-4968-9453-f6b5145dfa4d,606,NA,5,0,72960,188584,0,0
6c944ed7-39c6-405c-a120-8ebd9f128272,701,18,13,0,1706903,2295502,0,0
3797686c-edc4-4bc7-8e95-08a237a3699c,,NA,6,0,129352,190080,0,0
90e68421-629a-44f1-9b08-487c5fb0df1b,676,5,9,0,34751,78430,0,0
7f309439-a013-4c1a-b14c-6de5c01018e7,,6,11,0,185041,303930,0,0
2622f605-edbd-43a0-b3d6-910f3acc8eb8,,NA,8,0,375459,581988,0,0
1448347c-bdf5-449a-9ca1-432f9c24b7ed,704,29,6,1,22819,28666,0,1
66377118-9989-4ca5-9859-f59ca29f572d,729,NA,6,0,165471,261756,0,0
d339a391-a13a-4670-97cd-1ab233344be9,740,NA,7,0,159429,547778,0,0
fa328d89-4643-484b-9a80-a3343a4466ab,,16,11,0,316825,709588,0,0
20a5497c-13df-452b-a69b-28252cda7f5d,712,28,17,0,105982,261096,0,0
d878fb23-4144-4c53-9bfa-f85bb751913d,649,NA,10,0,532019,628584,0,0
3e478d6c-bb42-4782-8399-68acc41dede4,735,3,5,0,183654,275110,0,0
d1ace4c6-c9cc-4b86-afc6-73dfe8332bdb,725,15,12,0,50521,198264,0,0
a6f0fa97-bc28-4540-b744-cc966ff6684e,,30,12,0,58672,106326,0,0
e13bb281-af14-4b75-9dae-947cf113d263,678,26,14,0,354179,569602,0,0
353044fa-fba3-4d58-9a55-f7f15aaac21f,717,30,9,0,66215,248138,0,0
46ab31f1-6a52-4a47-8370-9304825917c1,703,18,11,0,2090,241384,0,0
822c8cac-6273-4d12-b64c-fab506d4bf37,7410,NA,7,0,19703,556446,0,0
a3f799f3-6c71-4a94-b2fe-54c6d3ff5914,735,6,9,0,157187,231572,0,0
97bb7a4d-f8fe-45b4-aed5-c54e9a47941a,711,68,5,1,11058,241758,1,0
e814a158-2f6b-4080-bd58-34d2b30c6211,,68,10,1,117344,229526,1,0
2cc4e551-be7a-4e75-ba2d-9d237b0148ac,742,NA,16,0,239571,336666,0,0
dac23567-3dc4-473c-96be-8ae696493ebc,747,34,23,0,605644,1986644,0,0
64932fe5-5508-4227-9df8-46873b94938d,703,11,7,0,1567177,1892220,0,0
0f328b03-feac-405a-811f-d660024af59b,,13,12,0,415226,757130,0,0
6b5164db-bedd-44de-8cc6-4a41b3f7f23f,720,NA,3,0,8550,29106,0,0
b351d26e-f638-4b8e-b7b9-1ed0752256bd,711,33,8,0,196517,302588,0,0
dcbeb767-0d83-486a-81ef-05b4f106a6fb,732,NA,6,0,128155,304678,0,0
d0235e39-9b08-4ac8-a4b9-18aecabc20ce,,NA,20,0,11576491,25148882,0,0
7485d0e2-ae68-4914-bead-019b619efe48,751,NA,13,0,253973,1089198,0,0
9036ef40-5469-4e77-813f-48ccc015b61c,747,37,14,0,447070,1007094,0,0
7f5eeb94-3a10-4b90-995f-1fa55cb5a199,740,3,19,0,101498,384054,0,0
1db6cd5c-dff3-4626-9629-f05c6531089d,,NA,9,1,72732,161964,1,0
51d08bfd-cb19-4cac-a828-e356b8a68913,738,NA,7,0,120954,156640,0,0
35462b1d-50dc-4066-adf2-30477da4b371,723,NA,7,0,87305,378598,0,0
32903f98-da07-40ec-87e2-c577fc9969ba,741,NA,12,0,163685,252032,0,0
6f25fb36-f2d4-4cc4-bf4f-98ed322046e6,706,37,15,0,322601,739706,0,0
423ee041-3191-4719-bb73-504a6dd7d160,663,14,8,0,622440,872542,0,0
66dec62f-be93-4717-81eb-b2c64ee78a60,745,NA,28,0,709726,3043678,0,0
1b6b018b-fee6-41a5-8911-a2de102a77ed,718,8,9,0,102714,140272,0,0
f3113845-f41f-41be-8d92-34cec636189a,695,80,9,1,151753,196988,1,0
e6934a94-265f-4a57-8c34-08f59646ebd1,,NA,12,0,480396,598752,0,0
f3fda3f7-84cc-4a65-beae-fdd234b18820,720,NA,16,0,563008,1038048,0,0
fb7f29bf-b5c1-43d4-b2a4-2f0f975a636f,741,38,14,0,223725,804518,0,0
99249402-e1c2-48ef-8401-7a81721a9bec,731,62,15,0,507452,916674,0,0
f7d021cb-6983-409b-b4dd-584d36a1a858,728,NA,11,0,519270,661452,0,0
52b0c9ad-85bf-4b00-ae47-43a08cd94aaf,730,6,22,2,38817,124872,2,0
bccff3e5-52fa-4a90-847f-0caca484c9c5,647,19,5,0,175123,296010,0,0
25e052e5-4132-4602-9495-c1cd4705c202,,58,12,0,903184,4647940,0,0
3d3b77d0-d6e5-45a2-b825-2b7cce70cecb,739,NA,10,0,173774,291192,0,0
83345967-8026-4625-a03d-2b3ad74e8610,747,8,14,0,182115,440220,0,0
2d024562-dbbb-4366-a007-4f9b8335d929,726,NA,10,0,126597,493570,0,0
de2f06f9-b29f-4758-aea5-48bf93d0483e,7050,NA,10,1,97299,463650,1,0
e6bbe971-7525-4acb-910e-881fc047c00e,710,NA,10,0,250553,553630,0,0
d817c6a2-20de-4e99-affc-3f54b9db2afb,602,4,14,0,235201,598532,0,0
c9edc63b-2e11-45de-ae5a-30d0daa70ef9,737,58,11,0,55024,135300,0,0
9983ebe1-538f-4ec4-9cc7-13cdd3077f98,695,25,12,1,115938,228294,1,0
06e7270c-0bc7-4e2c-87a9-c5070b86c8c7,727,NA,7,0,167922,350966,0,0
ed1fa9f9-b861-42e2-9462-914bd20fbfa6,679,30,9,0,341145,530222,0,0
37769225-268f-4a21-987b-90789f900bcb,727,71,19,0,451896,835846,0,0
f2095e28-0da9-4cdf-afdb-530fbf8f799a,689,59,6,0,24491,189090,0,0
b99dcd4a-8e3b-48b0-9b55-d40546a14675,726,21,9,0,809647,1128138,0,0
a2837bcc-6691-4a85-9be2-8f9798a02e8c,,3,7,0,62947,433840,0,0
5f8a21b0-373a-48ec-b838-6e2e231a31cd,661,15,9,0,260490,361658,0,0
12882b2c-1872-44f4-aff3-f43f662653e1,6920,25,8,3,37639,223498,3,0
21d735ed-3dd7-4793-abab-92065b12b8b8,727,NA,7,0,679345,1041876,0,0
b8d32f51-37d6-48d2-8ee3-f5ee0b9d319f,713,18,27,0,291897,931084,0,0
08e3ace6-7b4d-417f-aeaf-bf24341dd49b,743,NA,7,0,353362,641322,0,0
f3e25e2a-94a1-48dc-b2ec-2af43fcf0115,,NA,13,1,390393,655116,1,0
12adaace-17a8-4bbe-a6ce-dc5ffcc46f54,685,28,5,0,5624,383328,0,0
0b7c53ac-3cee-4894-8006-09cdae93b271,741,23,9,1,132316,571670,0,1
461f24be-e0f3-4069-9477-6a79fef511fa,,NA,4,0,321974,477972,0,0
6bdcd6f3-8c8d-4058-aa7e-367535377907,,NA,9,0,183559,699138,0,0
bd1ef307-6cf9-4a2d-80b8-acbbe609a996,709,59,14,2,131195,216392,1,1
fc3801c8-3e89-497f-8ca3-475881b91ea2,717,40,9,0,120593,244530,0,0
3291abc1-4b4e-4a40-b0a2-1777707561f3,,15,17,0,381634,880264,0,0
de4475cc-44ab-4029-9821-391e4178aabd,737,NA,8,0,180177,310002,0,0
6df8dcde-1233-43fa-946a-715beebd8991,751,NA,8,0,478363,2155186,0,0
5897f171-dbf3-4b36-9d84-f9e92cdb48d0,,6,7,0,289180,547118,0,0
88fa8b96-54f9-4538-abc1-30d96380a89f,741,NA,9,0,200127,306526,0,0
a12247b5-126e-4fdb-8b20-bf2161111b3b,727,66,15,0,667375,870232,0,0
ea8c1417-25ab-49fc-ad61-9ca232966efd,688,33,24,1,455069,1114036,1,0
3cf9d196-89fe-4d28-8a3a-9b3cc94626fb,,NA,7,1,137085,188078,1,0
7934a353-b3c5-430e-b7fb-03ff163aac20,710,16,11,0,336813,720852,0,0
c383b0c2-3cb8-46d1-a1d3-ca63af631538,683,75,6,0,365845,546612,0,0
3b5aa4bd-17d7-4462-95db-ef4a089aa90b,745,NA,8,0,314583,924506,0,0
649f92f8-a12e-414d-8af4-dac8bcb03263,743,NA,12,0,2816085,3552010,0,0
356124ca-c375-4239-b05a-e5c9298a09e9,717,78,6,0,57475,100540,0,0
f75bcacd-296e-4066-a465-de853c994670,709,37,14,0,1417666,2537106,0,0
4b7fb1fa-1ab3-41ed-9614-1ea2c24a56f7,,20,11,0,67830,487784,0,0
2c51c1cb-7490-4154-9ec3-f473c98f70fc,723,NA,12,0,131176,380666,0,0
f07fd3b5-2ea8-4d7e-88cb-767d6ed17fd0,736,20,5,0,149055,182270,0,0
990e3957-b7cf-4b1a-bc55-6761b786b566,,88,8,0,93005,203962,0,0
415c4ab2-206f-4419-a63d-588543061589,683,28,11,0,121771,352484,0,0
2e8f8774-1859-4ae6-be72-ea638ce11f37,718,55,17,0,298870,823944,0,0
604769d0-d78a-4f0b-8ef5-8f99ce81bb18,,73,10,0,259065,335522,0,0
7a5fd8e5-953a-4fa6-968a-38116cbd0306,,NA,9,1,36708,191444,1,0
6a4451b7-1001-4870-9c4c-0631e1230472,,25,13,0,24035,897446,0,0
0c4f9136-5c43-4f38-b732-bb4f0dbefeda,,72,31,0,191615,483406,0,0
f43dd7fb-e8a1-4d5c-8984-170fddce54c4,740,75,9,1,114950,272756,1,0
6a8ab455-c110-404d-bce0-649ea94af7d5,6860,NA,11,1,205713,960432,0,0
34efe14b-e0a0-426a-8b08-6cc87a14018f,656,NA,15,0,270826,591668,0,0
ce57e0d8-3662-43b2-9afd-02ec038f693e,744,NA,12,0,163153,1026674,0,0
415a7e87-fc08-4cfc-963b-14c0d7ad52ff,751,NA,18,0,110390,710116,0,0
34ce9bea-6a6d-42e1-80be-1d869145b4e9,747,NA,19,0,1448541,2722808,0,0
ac15f14e-6a67-48eb-9741-453ce59912e2,,77,15,0,896382,1652706,0,0
509833b1-d890-4abf-bb88-ea27ed84c6ee,729,NA,18,0,342684,535480,0,0
dfecc86e-3e02-464c-8cc3-24ac49761f1a,750,NA,13,0,2172916,9216152,0,0
e1f347dd-7237-4e77-87a8-08d97cc89051,693,13,9,0,822073,992552,0,0
0f31df77-e0bf-44c4-b201-19d9dec1767f,708,47,13,1,152171,731104,1,0
7aa42da8-d896-4dc1-a7c4-85527d7d4592,708,NA,14,0,402895,777524,0,0
8a15cc7d-26d1-4f9b-a687-4af8d20c96d0,712,24,7,1,123063,367268,0,0
f68c3f61-f2ec-4544-9647-717d71df773c,727,NA,8,0,428621,1198802,0,0
735cae26-0fd6-4387-8e69-e5839b42d7eb,747,30,7,1,30020,263362,1,0
25e53bf5-b208-406b-977e-75395705707f,7380,17,9,0,270769,477906,0,0
087a7a8c-aeb7-4e6b-a133-7147bc193a85,709,NA,29,0,795587,1981078,0,0
427b75ef-8ff9-4c90-8768-a1d969d85c9e,711,1,12,2,132829,401566,1,0
5e4bde23-504c-446f-abb4-c2cb9a3dc4f2,725,67,16,0,503671,1154824,0,0
ed893231-57bf-4d81-a2d5-8104df0a713f,,29,8,0,39216,113564,0,0
cc6eefa4-d4fb-4971-b96a-cc4a8921b33b,743,47,15,1,80940,637516,1,0
182cd26f-0675-4e4c-b313-7caaeeacc4e5,,43,14,0,97033,492734,0,0
ba2ccbc0-474f-4518-a72c-2e4ee92cf75b,,NA,9,1,5472,210892,1,0
e29ea50c-8f89-477b-ad59-c4b902a6a69f,746,NA,12,0,361969,1180630,0,0
c381a943-f747-4277-99ce-a2fa2de6b753,,NA,8,0,232769,283118,0,0
cc6afda9-85be-4343-914e-88a29286e082,664,NA,18,0,736383,873620,0,0
266e9fdb-e327-4b95-9955-3f998ff8ee32,743,NA,4,0,225283,767184,0,0
b557b3f6-cd6b-43cf-872d-6dae75323e47,732,9,30,1,602984,1568952,0,1
31eecec2-34d0-441f-a051-c7537dc15894,740,35,6,0,258096,412786,0,0
63f0a5a0-bfeb-4fe0-876a-f076289f1e90,710,NA,7,0,185478,1101408,0,0
c236e141-beab-46b1-9e29-bf84b4dc10e3,729,33,7,0,92682,376596,0,0
71bf9957-e2ea-450f-92a7-c7818641129c,731,NA,19,0,273904,739266,0,0
69229922-082a-405e-abda-7a66b73c124a,739,NA,18,0,279528,355278,0,0
b4a6e31b-102b-4627-bc54-2bdf3e75f130,,NA,12,0,189164,538142,0,0
aa63f8b2-7509-46de-bcfc-c904d5c717ef,724,NA,15,0,444942,899140,0,0
10b65d5b-7e11-44dc-a1f2-05d9822a98e2,728,NA,20,0,663024,1007490,0,0
5ee9a5cd-c9de-4355-9881-dcc184f16478,650,12,14,0,989615,4259706,0,0
9ca7d4af-9265-4fb9-918c-f1854a660340,738,NA,5,0,403237,576444,0,0
ad1c2aee-9d78-4ede-9df9-dbdc5dffc08e,744,NA,3,0,7068,76560,0,0
685c46de-022a-462e-8c99-9c29b003306b,671,55,11,0,962293,1291114,0,0
bdae4e3b-09f9-4d80-b3b5-0f7e11c4b222,715,9,14,0,403218,1032900,0,0
612ff93b-6716-484e-b2b6-4c6d9094f943,740,NA,8,0,111606,1254616,0,0
a9abec7c-cb21-403c-9010-951225156584,,28,21,0,358720,651046,0,0
41ed6de2-0300-495d-be6f-c557412419f6,,NA,6,0,177631,221144,0,0
9ab78c99-fd71-46a5-b8fe-ff2553f27d3e,708,19,16,0,221977,698456,0,0
7ae57eba-337e-44aa-8df1-689337c1f92f,718,NA,12,0,323190,619564,0,0
54ebc183-8ef9-4e9d-9872-f801885b8eca,732,NA,11,0,473043,884884,0,0
7793deb1-e981-4970-9d7d-7c1533ffacbe,719,25,4,0,32414,326414,0,0
d8f977be-c112-40e0-aa06-6c57a0dfa25b,,NA,6,0,404377,591932,0,0
63802a70-d339-4eb3-a292-9401da37430a,7300,NA,7,0,204934,300740,0,0
8d823b5d-e8fa-4302-b638-ff26e459bec8,726,NA,12,0,298376,432410,0,0
f3267b66-056b-4776-a39e-dc44a41bea09,666,NA,19,0,666159,818840,0,0
1f6bd4f6-6b97-4e19-b08e-cbe7c31168a1,,23,8,0,929651,1168794,0,0
fc55f1b5-7301-443c-9209-987dbd7ce165,708,16,7,0,100738,194414,0,0
c3e8695f-bdd8-4bc2-8e9a-c736b7a45532,725,NA,7,0,90174,669262,0,0
7070a738-5279-49a4-927e-8c943aa33135,708,NA,4,1,22306,161392,1,0
6b51f16e-6938-4c9e-a898-789d5cb3f07a,748,NA,25,0,115824,1812272,0,0
01b77a74-176f-4014-9aa5-50883ee2e212,690,NA,9,0,284335,395714,0,0
3f8096d1-84f3-4788-b6ee-758ae63a237d,,NA,15,1,140942,360228,1,0
0cda1f18-812c-4847-bbd2-b4e2f3bd283a,730,47,9,1,52478,215446,1,0
0b6d2bb2-61cb-4968-83ac-4b63f39dcb2c,731,18,14,0,656659,864996,0,0
40b5f679-5cad-4151-bc33-223f214a56d4,717,22,11,0,186105,396858,0,0
2ad3aecd-c074-4381-bd71-d32eeda3ffc3,742,NA,11,0,426949,743380,0,0
88eeafa4-01ff-4a60-a243-a67bb9b93894,738,12,23,0,140600,830632,0,0
af321f3e-d9ea-4468-8282-3f5b2eebee7b,728,76,8,1,111150,247984,1,0
5d72cd99-b17e-420c-bd8b-350fd73a5456,719,NA,9,2,125894,339020,1,0
1c7fcfe6-077d-43e6-807a-e169409430a7,708,NA,12,0,247057,313676,0,0
18567fb5-3f23-465a-8ae4-ea2d44156ec8,699,NA,8,0,211983,442288,0,0
b052ec5f-b849-44e0-8218-57c9bcebbe88,720,NA,5,1,36822,103972,1,0
ff3136a6-7227-44f0-81df-299b3ea41c33,733,17,6,0,110048,320980,0,0
48b259bd-a453-4c8e-8426-2a2a9a7a7775,725,NA,6,0,380665,598862,0,0
3940bd5e-35ed-43e0-9af7-5db097149931,713,39,9,0,76874,194766,0,0
2d399fa6-58f0-4888-99eb-5038d5bdc5c5,,NA,18,1,353552,919930,1,0
98463866-41a0-4fd5-bbad-b1721be9c8f1,722,NA,18,0,419767,934670,0,0
71f9269f-adf4-4da8-af89-772e3041ee8d,718,NA,12,1,343121,1294150,1,0
ed055a45-8724-44e3-9941-f571015e2c4a,,9,16,0,142880,1033978,0,0
bc55e336-7fec-48c8-8c25-88c26ffddfe8,700,NA,17,0,506996,868384,0,0
2244e23b-6ca8-43ec-9ac5-3c400025d8ea,,79,13,0,448837,1160082,0,0
b8a585cb-c44a-4022-96f6-720f44eedaf3,720,NA,12,0,600856,862114,0,0
2202d9a8-8ee7-4e38-a34f-72ff21ca40d5,7370,78,6,0,171589,330022,0,0
deea0122-8b1d-433f-9ebb-991bce405268,738,70,16,0,154698,408936,0,0
123a6d1d-4b64-47eb-831b-28a6db6fae72,723,NA,4,0,215783,279488,0,0
422df145-b062-4416-91df-cd53752b9c71,640,NA,11,2,80541,214852,1,0
41bcbf6c-5335-46a6-a8e6-68dccbc4e129,723,NA,11,0,242269,734338,0,0
94d7c741-461b-4e37-8434-32a1e1b1487a,732,NA,4,0,109041,148016,0,0
aea60b15-9e47-4508-a75b-80cf1947e31a,,NA,9,0,527459,932448,0,0
f96ebb8b-fb69-4442-89e1-f7febc991d4d,728,37,8,0,552102,798094,0,0
e49facd7-1e8e-4c0c-a1b2-6dcfd0fe0220,7470,NA,5,0,57285,144210,0,0
f42a643a-d366-481c-8b08-cf7f605eff00,728,58,6,0,102543,145860,0,0
5654b215-088b-4f55-af43-c71cc2aa952a,716,12,9,0,149302,369380,0,0
b43c9682-b92d-4746-aa33-4643e5b7b1f1,739,NA,10,1,27626,301664,1,0
31df0d40-152c-4d0d-b88d-3d8a28718c9a,633,NA,12,0,252073,314512,0,0
40a6c015-37f7-46b8-bff5-8c8dac105a84,684,44,11,0,110789,253506,0,0
afb4c30e-25fc-4077-8a39-abd8cae42b49,,NA,15,0,87172,212938,0,0
9cd13227-74c7-4d5a-bb65-e29c29c86818,702,NA,13,0,151031,192170,0,0
f577b770-5978-4923-807e-c473ae6b5cd1,699,11,11,0,268831,327316,0,0
1d646d22-2642-417d-8346-ef01bec7a346,736,4,7,0,88008,250360,0,0
437ac222-b73d-4366-9fc2-31a1e8afe4cf,,NA,12,0,736345,1155308,0,0
7e9ccf00-4864-4598-a506-649e6371d345,665,8,12,1,56696,249590,1,0
8418ff04-3060-434a-a12c-a396cfb9da63,7450,56,15,0,172634,611314,0,0
5ed2eedf-4c32-436a-a253-4cbbc582352b,713,35,18,0,73701,969628,0,0
36bab8bd-70cf-4067-93d6-5258dde5237e,,NA,6,0,168511,406516,0,0
ff6e3db6-bf52-4076-91cf-1d67d7f8e8da,733,NA,12,0,884412,1615240,0,0
aed57fd8-c0d4-4fa3-8d57-a4a916c1fffd,,36,39,0,343482,779856,0,0
7ea92e53-f9cd-433b-9348-bf5463379730,728,36,21,0,183654,412104,0,0
b46eadcd-cf2a-4dfe-bb24-eb22bd827131,,NA,20,0,125742,604164,0,0
921be086-e300-4efc-b6ea-32f93765b787,715,7,11,0,53656,212762,0,0
ddde4685-7988-4e6f-b5f1-320b3ea25ac3,747,34,21,0,296476,1148114,0,0
45a6c486-d77f-46b1-8390-475b396b068c,714,66,8,0,117610,340450,0,0
5830bce8-d6ef-48c9-9087-0f02c3994ed4,749,NA,17,0,178467,1081960,0,0
406f742d-d511-4947-9152-2d34ea02fbec,718,NA,16,0,599469,839344,0,0
4e553000-c11a-42a7-bc44-f79a5e2654ee,679,20,7,0,225758,514580,0,0
2892ba1f-957a-4e70-b273-823baaddc891,688,NA,13,0,316882,477752,0,0
8958cd7c-6b47-4ebc-8624-3698ec86e5c6,,NA,22,0,222452,713504,0,0
2af104ad-f1f9-4216-8fab-b15e8327d06d,724,NA,6,0,48051,103994,0,0
2261f3ff-47b1-4c2e-aa60-6411f4b19fe2,,NA,13,0,283955,639672,0,0
e70e91da-cecd-4685-a812-c2928b5331f5,,32,34,0,333431,908402,0,0
f5d4edb2-4f6b-46ca-9d44-484692a9df1c,709,NA,16,0,124564,693440,0,0
7277e50a-aff2-483f-8764-8e23c5fc8bc6,683,NA,10,0,354901,602558,0,0
941008c8-d0d5-4b8e-a80c-28773e8f6219,716,NA,13,1,146889,402094,1,0
cfb12688-3e3a-4d1e-847b-76e25798c6aa,706,NA,26,0,260072,383130,0,0
f8e5b95d-f87d-4499-ae6a-7748bf9baf85,733,47,10,0,280820,724196,0,0
8daef095-ef69-4593-ac04-a119b40878c7,739,NA,4,0,657039,1488806,0,0
b61d253f-cf6f-40c9-8508-11d0fcfb978e,689,65,9,0,300922,536888,0,0
af253502-eb7c-48ab-bf8a-3c1c1ba6b217,709,30,17,0,225074,409750,0,0
96fa101c-087a-463b-a6f4-670867673073,,NA,9,0,179113,242000,0,0
733144bf-45a1-48c3-bc75-7c9c150ccd58,710,2,14,0,559968,1191894,0,0
e52dcf03-d8db-4313-852d-b4f3d73bf45a,746,NA,8,0,766593,1160302,0,0
3d259751-f17b-4760-9218-46d99ebbac48,729,NA,7,0,101593,768790,0,0
baf3a5ba-14bb-474d-a090-fb5609bfdec3,,NA,10,0,253194,533984,0,0
d880df2b-634d-435c-ba09-f9c8b80e05c8,682,46,13,0,212667,713768,0,0
d26a41ef-56ca-4271-90ef-f5bcc4eac70e,722,46,9,0,141436,222508,0,0
52e0b456-e07a-4519-87ba-9680b920d618,737,NA,7,0,417069,540188,0,0
d582d9b5-cea9-4d7f-aae7-b56a19d8d987,,NA,6,1,218823,464046,1,0
b39113bf-495b-4c39-908a-ffac9f43dbfc,,NA,16,0,117078,230560,0,0
19c65ecc-d88e-456b-8d09-93fa1c84628c,737,32,10,0,226309,415294,0,0
bfa314fc-2b00-4d43-932f-ee6d8826d65c,,40,10,0,181944,313478,0,0
f6e736eb-cab1-4584-9f53-1baf429d7717,,NA,13,0,105298,983246,0,0
e3760e3b-e03c-4a02-b963-dcecd42df7a0,721,3,14,0,292733,891968,0,0
d810e799-dba2-4eec-840e-2a0304cc8da8,723,50,12,0,272897,870452,0,0
01d46487-7cf9-48db-98de-1ab6a0abb7d5,707,51,12,0,739138,917312,0,0
3b49f34d-b9a4-4818-880a-59d0fe45d066,730,NA,11,0,251294,367862,0,0
4e268203-e88c-4c79-b667-60ab0e6620fb,737,71,6,1,73701,134816,1,0
ffaac3a2-24f7-4062-8b38-49ba488bcea3,721,73,7,1,35815,203302,1,0
bbe4ab36-5956-4b47-b500-499087a45a5a,746,NA,13,0,643150,894014,0,0
967d04ef-5f03-4257-b3ab-bc6ac2096440,678,NA,14,1,268907,466136,1,0
7ff01316-8215-456c-8350-44f207780169,743,NA,12,0,187226,1032350,0,0
2451dfb9-9d9d-4107-979e-ee0c7942eea7,716,8,8,0,354825,552948,0,0
f0f4ce61-bd73-40eb-8ad5-d478c7282aad,692,NA,6,0,101745,124916,0,0
24011042-2eeb-47bf-826f-fdef7ddc5940,703,NA,6,2,33953,165176,2,0
9bb8064a-08bd-43e7-a7f0-5a0e2d07672d,692,NA,10,0,98914,169928,0,0
12aa58db-105e-4f08-b30b-c55cca8691d4,,NA,16,0,153995,518364,0,0
711f648a-7723-4cee-98a8-e7f7bae29b40,685,NA,16,1,253992,530860,1,0
0942b2f5-0601-4562-9f4d-d4e65e334435,730,NA,4,0,144324,265254,0,0
4ecf279b-8989-45b0-a395-0f56ba14db7d,,NA,8,0,100396,117194,0,0
e1acdbad-e48c-4706-bc3f-27521c6e029f,,NA,11,0,412148,878878,0,0
014e1e5c-98ce-4666-89eb-73e3d8f048be,701,NA,15,0,299649,553388,0,0
a457c27e-1f51-46fb-b06f-13a89a1a4b32,746,33,8,0,208012,553674,0,0
8d51edb3-d2a2-4a22-af2a-8c657a4b022c,721,28,9,0,207328,435710,0,0
e2b01f8c-2fde-4ae4-9d9c-ffc2c7fae433,,34,20,0,3266955,4812720,0,0
0538dc4e-6eb4-417a-97ce-afc0d24ada7a,743,NA,7,0,1457205,1744864,0,0
dda10988-dad2-4bcb-aeb2-b2347bdc2d44,739,NA,9,0,292676,575388,0,0
d54b121c-77ff-493f-b9c5-56e5a6e45e02,635,25,8,0,191729,355212,0,0
dfd05c2d-aca9-46f5-800a-be105073d92f,,NA,18,0,542013,1085788,0,0
90fc88b5-49d6-4ed2-a32a-edb51b52f7d4,,NA,10,0,692968,1112870,0,0
f4d47bf2-8949-418b-b93a-774ac5aabc69,746,38,22,0,234916,592636,0,0
3370e517-8103-4767-8524-7faa9cff1498,747,NA,13,0,283689,866690,0,0
e922d341-201d-4cb4-bf56-461ac85b8587,,NA,5,0,105222,173536,0,0
e98b0dd5-9a34-4f5d-aa41-d267cddddd33,733,12,7,0,56012,134596,0,0
28adc3aa-8b18-4658-a2e0-7df5a64d558d,738,NA,8,0,282359,376684,0,0
3db703f1-1bfd-4581-8df2-26f13354fd7d,703,NA,14,0,350170,491458,0,0
21616440-c836-4a16-a6f5-b03cb41d5131,679,NA,9,1,4579,265584,1,0
b6bace89-fd4a-41aa-b1b0-3bfac6fcbb11,727,NA,8,1,213978,372592,1,0
75a7b174-1199-4584-8a5f-fd5616975802,733,36,7,0,612788,1073446,0,0
02678af6-9838-4484-a401-9f9df70a6a77,728,35,18,0,217189,327470,0,0
47183f15-e151-483d-9274-6a406f6dcadc,730,NA,12,0,517313,864358,0,0
9075b696-8951-47f6-98ab-caf1907eebd2,723,NA,15,0,19361,533742,0,0
334f1198-2c6d-469d-9a6d-92fc3ae6f2b3,717,13,6,0,80978,169862,0,0
013c1253-431a-4b58-9aa0-3ee75bee990b,,NA,10,0,55537,1190838,0,0
30052a33-6356-49ed-9319-76f54d466455,,NA,8,0,231553,318406,0,0
685cb65b-5c44-444c-880b-c776f5454143,748,54,14,1,199614,528902,1,0
51fa3d13-890a-44d5-9d5c-d231c2e286f7,750,NA,7,0,85101,586564,0,0
e143796b-f325-4e62-bf23-35905db6651b,,13,12,0,163267,506858,0,0
593bf90e-6410-4807-8559-cdcc36023251,747,NA,17,0,238963,848716,0,0
732a1d01-ef99-4c53-86b9-c2e970952c90,701,37,19,0,446025,647966,0,0
434523ce-2c62-4942-b683-8ab27305027f,7290,NA,6,2,110219,249744,0,2
8f0e8ae3-d148-4e31-b562-575d1b5cab1e,718,NA,6,0,165718,304590,0,0
0df440fe-b900-4fec-93dd-486c609b11f8,737,NA,11,0,224010,339482,0,0
b77818cc-a976-4ad7-998a-3cf3d8b00c92,719,54,13,1,170297,318032,1,0
fb5cd812-5554-4208-a412-388f0394cd77,665,49,8,0,68989,272668,0,0
addc2f84-d5d9-4992-b842-7f3f45415d58,,15,11,0,63099,137302,0,0
9c9f8b05-a7f1-48f5-b2a7-ca495cfcee80,,NA,12,1,120346,527802,1,0
e9cd0685-9983-48ab-9fdb-a998f4773d42,719,64,13,0,356022,814660,0,0
6e702017-f9ff-42a5-90e3-fe6e61f9532c,698,69,12,0,164540,272184,0,0
f81e2cfa-937d-4f3f-8565-2c47a540a8c5,749,20,6,0,380,36300,0,0
b2cd6dee-d91d-4cf6-a041-938b0d083312,,55,11,0,217132,334774,0,0
31f80262-7951-4bf0-a8f1-0845e9db7baa,707,NA,12,0,1213872,1632422,0,0
9441153d-1c12-4e4a-aca1-2a497721e81a,628,39,12,1,41515,476036,0,1
d06798f9-b7e6-4721-b4a7-c47268f12142,725,NA,8,0,131157,161040,0,0
7f748540-31ab-4944-9080-f0d0cb88d8ab,658,10,9,0,86089,138072,0,0
33c9e88b-44da-4cd2-9e1b-00e03c8dfd54,750,NA,13,0,183179,553806,0,0
44786cba-61f5-4914-85a3-5c82fc0e3283,,NA,23,0,643169,905982,0,0
0e507c6c-e3c3-4896-91a9-a37cb71fecc2,747,NA,8,0,406695,666072,0,0
5c7b3ea3-1321-4568-8f27-b9eb033de49b,732,17,6,0,95513,409640,0,0
b3103d8f-79a4-4913-b8ed-9b90314c63d7,699,NA,9,2,32756,329824,0,2
75acccf3-a567-45bb-9a0b-e21825d43a6d,,NA,9,0,115368,287276,0,0
0914ae91-0324-4ccc-97ec-02c03ff7d8f7,,9,11,0,184148,310376,0,0
94018f8e-3dc5-45d6-8d73-6a1cd9a08545,704,NA,18,0,348973,995280,0,0
357fca98-c410-409a-9d8a-3ce89cde40ad,669,30,9,0,176396,304414,0,0
2084e935-2717-459d-a6b0-174335a6860d,719,NA,7,0,158156,312532,0,0
b95af55c-3e81-4237-8b99-07deec22342b,674,NA,6,0,50597,193336,0,0
e1834902-4f13-4108-8a8b-7bc7aa37cc6f,738,NA,4,0,226746,752268,0,0
56c6703c-dadb-4f5f-bea3-a8da0dc69b6e,,NA,3,0,27550,56650,0,0
9d8a4d4a-d5a7-48ae-adb0-7a3ed10909d2,,NA,12,0,163115,391028,0,0
b8aef388-751a-4f55-9c7b-fef5c17971c4,712,15,6,0,207765,421322,0,0
8fa9bd1b-7d44-49fd-a39d-aa690f9e4f30,710,NA,10,0,224523,330770,0,0
53d6da12-38eb-4dd3-97c4-642daa4e20ea,742,39,9,0,435955,703054,0,0
4dfe1e7e-f1e5-4b2f-b748-0be97c7e4e79,724,NA,31,0,294595,2186668,0,0
4de90812-7b39-4eca-83cc-95c48054e7e4,,NA,10,1,227582,525954,1,0
3fc5f218-bb89-428d-bc6c-07c77b0a6670,711,NA,11,0,296419,594836,0,0
e0313faf-7a9e-476f-b8aa-2aef722345fb,739,NA,14,1,151563,279004,1,0
5c05f5aa-b6b5-405b-bac2-f3a6c2bbc07c,,NA,16,1,50882,263076,1,0
a292859f-533e-4ebb-bfe0-ad654286bf15,7460,NA,24,0,724090,2921292,0,0
d037d4f7-4bf8-45af-99a1-33d705a27960,690,NA,11,1,365883,658878,0,1
16a42b00-af9c-492e-80e4-c0628c410bfd,716,10,12,0,210254,269324,0,0
f9ae23d5-2718-4c21-9e14-f17b264445c3,,17,4,0,669522,851906,0,0
5f86b869-03e9-43bf-bd69-9d664fc1ce64,682,23,16,0,198550,378136,0,0
9480a7e6-5aed-40c0-8940-6bdb6c7b64ac,696,17,15,0,952109,1284888,0,0
34d139c1-d93d-4952-b8cf-f8bd0013a751,724,NA,13,0,202844,434962,0,0
b2b9c679-30d3-479a-bbf8-4a702f972b39,,NA,12,0,280763,330726,0,0
95c4b383-d576-493d-9f50-ab6fd938b014,739,NA,7,0,151278,218130,0,0
72a9a208-5722-4fb0-aa36-5f381a6b034e,655,42,9,0,371260,440902,0,0
2681cff1-fe8d-4c3a-a963-be5b4495c51c,,NA,14,0,263492,562914,0,0
b55f371d-dc24-4462-bf5c-7cb003a989ce,731,25,8,0,1342027,3790072,0,0
8a70319e-e647-4a3f-9099-217ead28e333,718,33,12,0,289978,446490,0,0
a69356ae-3974-4906-838c-dc1ec0e72223,721,35,4,0,270237,362164,0,0
ce4a32a7-f5b2-441f-8a62-0fe902c2b6bd,7110,NA,6,1,57494,112838,1,0
2f31fa96-0fab-4ff0-8dbb-fead2f53bf96,724,NA,8,1,124279,218680,1,0
f426d88e-34db-44db-b83b-eab6c14ddb38,717,13,11,1,298813,395428,1,0
1244cb35-a040-4315-8521-79154f759d05,722,NA,7,0,136743,224906,0,0
844c7f20-eaf2-4f06-accf-99c7154e482b,,NA,5,0,190589,643368,0,0
ab2c345e-1f90-4cc7-97ec-b09e41888e8b,743,NA,9,0,124184,149182,0,0
85a3c3df-3e34-4fec-96d1-2dce63a4825e,744,48,12,1,17119,619124,0,1
e7a4a9ff-0980-403b-929b-b089a977721e,739,NA,7,0,342,198022,0,0
01705cd3-0421-4e33-9157-9341ded4aea0,750,15,10,0,224751,637824,0,0
ede105af-864e-439a-97f6-330bbb95e669,750,76,12,0,317186,576576,0,0
0c0f65a9-6ac4-438f-8521-121c441138a3,721,NA,14,1,205998,594858,1,0
c1c04857-06fc-4430-8d38-f34ae1bcfe9f,727,NA,8,0,193306,230736,0,0
de32e8f1-90b7-4ce7-919c-05081f0e1d0a,,19,9,0,364230,611204,0,0
7664e9fa-346f-4c04-bf8b-5ec3e67213d3,,81,9,0,151449,442816,0,0
3e5a2f30-41e3-4ffb-aa86-ba5845cd13cf,702,45,9,0,117211,374946,0,0
d5df29a5-60b3-4390-8a04-27713ff3aa76,6990,NA,17,0,379316,719994,0,0
08309bfd-6b88-43bf-80f2-19d5808c9e8b,717,NA,7,0,81453,113652,0,0
48fd3deb-e777-4a7e-a3de-689337ba48a8,740,NA,12,0,1540140,4939968,0,0
393b6e1a-6bcb-42a4-b994-bcd3ab03bb52,744,NA,10,0,159790,416702,0,0
8314c092-7bb6-45fa-b4fe-7f9ee1f23ba5,738,NA,15,0,229596,436524,0,0
45e1f388-8a1f-456f-9eb8-07b936ab88dc,666,68,6,0,381197,466092,0,0
f6f1c611-1bb4-493e-ab6a-19eb78962a2c,722,51,7,0,115520,316228,0,0
76fef286-57ff-42dd-aae0-a3308c7137de,729,NA,14,0,724926,1202564,0,0
297f44d4-1c76-472b-a407-2172ab340735,721,21,23,1,81282,151316,1,0
686aed3b-cbf6-430f-9fac-dc72dac45594,721,NA,21,0,245708,417780,0,0
fbd37435-45f0-4a25-a7ea-eb7f238cf383,704,49,12,0,412718,485166,0,0
ce45713d-32d6-4671-8365-e4f3d9eaf4b9,,72,9,0,267140,598312,0,0
be14e5d9-8a09-472c-9311-d6486d7cef8d,685,NA,5,0,93936,153186,0,0
8bd5010c-608a-45fe-ab23-76328e5c836b,740,76,9,1,108015,219428,0,0
7cdde5e5-c01e-44b1-a6ba-1629a7eef020,739,44,22,0,378100,2017532,0,0
502637fd-02fc-429f-837c-c337f0ed813b,673,20,8,0,85918,164428,0,0
1fd73651-c8ac-4c6d-b431-562f53f730a2,739,NA,11,1,132544,395538,1,0
0399f03c-1d85-484c-834f-c9746d985013,,NA,10,0,350170,810920,0,0
3a2d6cfe-40db-478f-8e77-5a4eb69d96ed,747,NA,6,0,443897,917796,0,0
e1e3f709-ceda-4906-b615-60c976437816,7220,45,17,0,317699,690162,0,0
57c0ae95-5dfc-4c96-8908-530fe928b572,740,NA,5,0,21793,85822,0,0
75ef09fa-fb1d-4ab6-bf18-382007ca1326,700,NA,5,0,95171,112574,0,0
7593c1d3-326a-42c5-b764-54994b9faa2f,746,29,17,0,130302,471460,0,0
081cdbd4-3da6-4d9c-bcb5-5d5e65e80370,725,49,11,0,266570,573738,0,0
c72a0565-84b5-436e-a1a5-a1d3230838d0,720,NA,13,0,316103,1169366,0,0
3ddbd84c-6991-4f58-8f2a-a4f32cb1fe41,712,NA,10,1,154869,279312,1,0
bf1aa408-534d-4a4b-929f-795661ab30fc,720,54,7,0,99161,132286,0,0
e91dc3b5-c2ec-4330-890c-a49b80303dc2,,NA,6,0,3496,676478,0,0
9a8442f8-a4e3-4709-b2c9-e382b0824431,719,NA,5,0,68134,100386,0,0
ed26e287-2a67-44de-91c8-0db55c7e5fb3,,2,7,0,1360438,2094752,0,0
d36b8b82-e991-449d-b1fa-8e6de427ca31,744,NA,9,0,284658,504768,0,0
792bb214-ded1-4f2d-96ab-ed2a7acb8bef,745,40,5,1,172083,229834,0,0
977a4f3a-4c42-40c9-abfc-01bf620321b3,722,18,15,0,113658,343618,0,0
933df834-bb3c-42e3-a440-e71bc7997f1d,713,NA,5,0,207518,371382,0,0
c5ea8008-fa08-416d-b8a1-b4dc46b94c19,722,NA,7,0,43263,68904,0,0
ccb41449-c786-4869-a114-5d9bd25437fe,748,NA,6,0,163267,556028,0,0
a36587c2-66c6-4e59-9cd8-7cf98a5bc57d,740,17,10,0,993871,2084786,0,0
850009fe-380c-4412-a0d9-d14ae4b47179,716,NA,6,1,39406,149094,1,0
1fa5a682-c90e-47f4-a37a-afdd6cce3f2f,750,NA,11,0,824467,1284866,0,0
4d7769b9-8c6e-4175-acf7-ea3d7102ec48,722,NA,30,1,175484,793716,1,0
bf79f9ed-1f0f-4c6c-a5f8-3658766b021b,,16,19,1,522709,1369302,0,1
4c2dc54b-5708-43d0-8f17-771a6126f071,731,6,10,1,42693,70510,1,0
02f8d02e-3226-4d3d-8103-1156b7ed4bec,,21,16,0,659186,1229096,0,0
e8149b21-0902-4a4a-a682-e935b34d61e5,731,77,12,0,308142,616220,0,0
b966f0dc-37e4-4e39-85fd-1a80fadd3f11,699,NA,8,0,727928,1885598,0,0
6145da2a-e2b0-48b9-bf5f-ccc9292d226e,656,42,16,0,135907,410850,0,0
f9935de2-e73e-4d00-8e4e-7df48e0d4ba9,,29,18,0,95589,117480,0,0
3533f005-3b63-4525-8182-903e2fb5973a,,22,9,0,457596,871464,0,0
b8ad1c2e-7d15-485e-8a8d-23dba91f1fb8,,NA,11,0,268470,689260,0,0
95112a92-b921-49de-9351-007aa76d2ec6,743,NA,17,0,466982,856922,0,0
30b02394-45f6-4bdf-b6e3-bcf01eff0dac,,NA,9,0,663176,1183204,0,0
1d00b091-d51c-4128-82ac-1eac07c75150,638,NA,10,1,192983,679206,1,0
1a959b9f-a121-4ff3-9e09-2d9d76e044b9,737,7,9,0,59014,116028,0,0
93fad00b-7be8-4986-bba8-5a3feb6bbe03,,NA,11,0,250230,364452,0,0
a7d76e4b-065f-45d8-b5fe-9a842ecec24b,748,76,13,0,1773536,4140246,0,0
82d59411-b023-4f6e-8197-d65e951e8e7b,6630,64,14,1,467191,765160,1,0
0a57359b-5923-43b2-a664-8662ba323542,,81,9,0,71611,164186,0,0
ce61932d-8d33-4e6c-ba4b-419469b58d96,707,3,6,0,15485,543268,0,0
c1b417c8-d3d4-41f1-b125-edd899ac6d1c,747,NA,7,0,586207,927256,0,0
4805b57a-5a5e-42f2-b132-f93b20391bdd,741,NA,15,0,856919,1319428,0,0
a2d236a5-679a-41c2-a897-37c2464c9a71,676,NA,14,1,143127,265584,1,0
2cc90bb3-29eb-4ec5-9e22-022694fae6fa,678,NA,5,0,245404,291434,0,0
e24fbae9-5ef1-48b3-b08c-baf5587e2b29,743,NA,15,0,462327,1376166,0,0
eef863a3-fa12-42b4-9721-0f7dae11b1de,,NA,8,0,189221,1413478,0,0
e020ea79-fa7b-4d55-8967-d422922503d8,7290,34,14,1,321917,537108,1,0
327fd9be-b059-46a3-a72d-15684a10a8d4,,NA,6,0,129295,156596,0,0
3577eb1b-900b-4774-bd25-cd148401212c,735,NA,4,0,147041,353232,0,0
8eeabde5-78dd-44fb-9fa2-b48b2474a8e3,702,NA,22,0,137940,323994,0,0
b8216c1d-8ed2-4e7b-9cc5-6a6227f0d399,739,15,12,0,73929,204776,0,0
b52c4b07-b4fb-409d-b2a3-ae8565c39beb,696,8,7,1,80826,163042,0,0
b98b8cfb-393f-4668-85c2-35641670f415,,NA,6,0,284620,1039610,0,0
63c941c4-482a-4afe-8ec8-d9fd999ac9e1,749,NA,6,0,29488,1796608,0,0
36dd27a4-ca4e-4cb2-bd33-664423508c5b,722,NA,15,0,245423,514822,0,0
330429d4-6d1e-46f6-b248-d88a91683b79,738,27,11,0,172330,253242,0,0
91f5312c-3f29-4907-bb5d-ebe4f9cb85d5,,NA,15,0,312797,712976,0,0
be25540d-c4e6-4e34-a058-607fe76227d5,741,10,6,0,31388,295460,0,0
d24d26bb-acc9-472d-931c-5a8fb20e85ee,,NA,11,2,46094,140074,1,0
9c8d595d-eaeb-4e99-a32d-5d1f737802a3,,43,16,0,251066,908446,0,0
3d6d3b9d-0baa-4f38-85cb-b659c280e831,7070,69,12,1,205105,509630,1,0
3902041f-24b6-483c-9653-495d36b67d60,738,NA,12,1,100852,369556,1,0
12c2ea00-278f-49b0-947c-dc78cd5b84f4,726,NA,14,0,711531,1281324,0,0
114d5be4-308c-4d4f-8e40-c8d0f4596909,,NA,11,0,141265,599148,0,0
c5415a7e-69fa-4b86-b940-f78be6e4c8d6,718,NA,9,1,116527,398024,1,0
8ea3e4e1-aff1-4bda-8f7a-c773988ad70f,,39,9,0,318383,402028,0,0
6c0c6754-ee7a-4e97-806c-a4062cc15b37,712,NA,11,0,152285,310992,0,0
47986e75-82d9-46a6-9ee3-b22a039d639d,711,16,19,0,485469,680526,0,0
7b737d54-95e5-4474-b19d-5743b4e23247,734,NA,16,0,91770,213796,0,0
242262b9-8d53-4ce6-a08b-cab2525ccaeb,704,16,13,0,584877,774862,0,0
e96337d5-690e-4ed8-b960-d69cf8a95a79,739,NA,10,0,229501,446622,0,0
b5a216dc-4579-4b93-9d79-a8e51df6e3f6,711,NA,10,0,638590,928928,0,0
d2dbdf2a-7914-451a-9c56-00a80643412a,701,NA,16,0,305957,881254,0,0
86382e09-98f0-4f3f-b86e-cbfded7969c1,705,24,13,0,871663,2635226,0,0
5191a0f3-9ad9-4827-b20f-da8afc1b8ca0,719,50,18,1,310954,530244,1,0
d943e8d9-fddf-4128-8e44-5047077e91c7,734,64,7,0,152893,237952,0,0
bc7d299e-248a-4fa2-944f-55ce4d025329,751,NA,5,0,0,0,0,0
7a7ea7db-7b89-4a4d-a386-20deb76b38d5,735,12,12,0,64809,1667688,0,0
9aa84a42-3f75-415f-951d-e0cb004e8593,,NA,13,0,349220,762938,0,0
eb997294-cccf-4049-be29-041586d6843b,716,28,4,1,87742,142912,0,1
aa3b92f3-9175-4c33-9854-96a6b3d513de,7460,28,27,0,385225,1708982,0,0
324ac50b-06c8-45e4-8112-c3abe5fb0f8d,,20,22,0,77292,639232,0,0
9479c65f-1162-4b86-8d70-99c3ea55c155,716,38,11,0,91561,310002,0,0
a8e3628e-5ae0-44b0-8434-fcb6fa79199b,675,30,14,2,382698,787072,0,2
8cbd86dd-d8d2-4029-8906-dbc600722238,741,NA,8,0,125552,328878,0,0
01ef6fa6-b0a2-4e91-908e-a979280336fa,677,17,7,0,62662,111650,0,0
b04a65fc-4969-40c6-9d22-8046949bcd98,662,NA,7,1,108547,210188,1,0
487507f3-dd3f-4e6d-b6b8-dffb7df6dee6,743,NA,7,0,83315,323730,0,0
82fb0a5e-d098-40b6-abd8-625b241cf377,724,56,11,0,289389,423082,0,0
8d3fa35e-4d52-4813-bdbc-32876294f1d2,,NA,16,0,274170,1889690,0,0
1c2db4c8-33ec-4ac5-af6e-c558d2b1eda6,,NA,12,0,324254,712404,0,0
78ee613a-686f-473d-8c5c-bf77c5fc0bef,746,54,8,0,307781,484858,0,0
cddbd3c3-dca2-43f0-bd35-fb7c4a0e787b,588,19,25,0,314374,756800,0,0
db973f77-8a94-4863-a517-ab6cd9231e70,703,NA,12,0,300010,439714,0,0
5ec18107-6eb7-4700-81b6-c31b450d5241,739,20,12,0,154774,378862,0,0
380e4723-94b3-426f-a9d8-9eda527e2c37,711,43,4,0,75487,127600,0,0
71215728-7177-46e6-8214-c23d94fd00b7,732,26,9,0,66785,556380,0,0
11cf1601-ea1d-4fa3-94d3-a1baafa5389a,728,18,8,0,375535,578248,0,0
8e658ffe-1d85-4604-90ee-22419060f011,,NA,11,0,422237,614196,0,0
9c5b3498-bf51-4ae4-b65d-180c99d33a15,724,NA,9,0,285323,372878,0,0
315cb490-501b-4a71-8f49-365cef5e7935,735,NA,5,0,109497,215974,0,0
a858b7b4-e421-4b2a-9c4f-d517f5406ea6,,NA,6,0,335692,600754,0,0
123da2fd-795f-4a10-a12c-faf680557e52,,14,11,0,84227,404668,0,0
83ad95ee-350c-416a-9481-d656fba62a25,742,NA,12,0,335236,773256,0,0
cc8e30d6-3d86-4a5e-b266-c0b497dea5da,739,37,11,0,215061,310882,0,0
f51fbf7b-e4d0-4114-a7db-029a44220b43,706,8,20,0,745370,1041084,0,0
3dde919a-8677-4aa7-9f2a-a2aaee766b05,737,9,16,0,556947,899426,0,0
2012dd77-cd11-4bbd-abb1-0e7188b3ad54,7420,NA,6,0,135736,232518,0,0
60a6b698-d10c-4049-8d1b-e6d2f78c0770,702,45,11,1,148599,458810,1,0
4c41c0e6-65d7-4d5d-a00c-f038729d1a7f,683,38,11,0,138339,449966,0,0
da2d349a-751e-4cd6-8b03-f8b3e54bf3fe,747,NA,19,0,450281,1619178,0,0
26fa1a1c-b1cf-4c81-8ae2-51c006f73b80,,NA,14,1,87951,732666,1,0
a9cbcde3-acd9-4ce0-9124-bb107107b71b,,28,3,0,703,74030,0,0
596cac4e-7a65-4c04-aa75-6df5e22cd717,640,NA,7,0,76817,137258,0,0
b048f283-0502-4024-9083-9b5e5a60d128,721,33,7,0,270978,393206,0,0
f204fcd1-f1c4-461d-85d5-84d464357adc,735,NA,16,0,401945,2248378,0,0
f7a35000-bd46-416c-8253-d8d5bd45e821,724,NA,16,0,442966,1038312,0,0
6772abad-a3c3-4735-b165-ddc9ff4f564a,702,NA,20,1,111777,130218,0,0
31377424-34ad-4fde-8fc4-a4472e6f0817,733,48,7,0,182571,306372,0,0
59663856-2ccd-46ad-a003-b045b99286b8,,29,10,0,71991,89364,0,0
152e79cc-ec93-4067-b740-dc54ece4c0a2,732,NA,12,0,755250,1173832,0,0
99c9afb7-d621-4ae4-be40-dfd4e2972836,,6,31,0,280440,1047464,0,0
0377d78b-6361-464c-ab84-91355eb65e0f,738,NA,7,0,41629,408562,0,0
51d21ad1-30bc-48a7-8a7a-ccdef086c393,729,8,2,0,0,0,0,0
4ff4a738-dded-4877-ae1b-d7ca4a69254e,707,16,6,0,139574,336006,0,0
358b9542-7378-4971-afc1-35e0381ad9f9,,6,7,0,75677,226996,0,0
a8ff15a8-6777-40c9-a458-935e768bfedc,,NA,6,0,43510,333608,0,0
3b82a289-520c-4f67-be06-e34b6087ed40,710,78,15,0,324862,626934,0,0
383bc084-e230-477d-8faa-398761e4d5b1,6750,52,12,1,163058,302104,1,0
c738ef30-1ddb-4e2c-a102-6b1e9abba853,726,NA,7,0,137617,236082,0,0
cb19c9ac-483c-41da-bec4-9d2cc0bd0072,718,NA,14,0,856786,1161644,0,0
f79c5f8a-e963-4489-b87a-6535b59bfb82,746,NA,13,0,123025,705166,0,0
b9123f08-4004-437d-9d58-63e24d6510df,737,75,13,0,1243569,1482932,0,0
6a01f762-8d33-48ea-9e8a-db09fdd8f515,,NA,8,0,217588,656106,0,0
7b2ec25d-2844-4d6f-a2e8-b53cde4618dc,,NA,19,0,58083,134508,0,0
c6aa510d-d018-4c81-ab90-da64b4ec7f3a,,13,14,0,310840,553718,0,0
f2e9c14f-7ebd-42ea-b586-136465548b26,709,31,9,1,74708,126654,1,0
c4df5603-f48c-439f-a5a9-a5fb661ab3e0,729,NA,12,1,308408,541904,1,0
9d5a2c52-b60f-46e5-bfaf-75b6b3792965,721,5,9,0,96900,115192,0,0
5f452d8f-9dc6-4efd-b4ba-0f215d19b961,7400,NA,9,0,125894,234366,0,0
13207124-0fe0-4154-8b2b-e17a4b89d03c,7150,NA,6,0,73549,124696,0,0
a237d8dc-1cd9-4ae7-9b6f-5c88ce5baebe,702,NA,9,0,152456,316932,0,0
9d788696-2b9e-416b-a3a4-abb717d4b0d8,,NA,16,0,367251,1707772,0,0
d620db0c-e83b-4c96-9508-ec915aacefea,,NA,7,0,107369,161678,0,0
7816ac60-478c-4cf9-8a7b-f3a708ff456b,729,NA,17,0,196783,308308,0,0
8592e2ab-a275-45d3-a17a-a354d96e1613,,NA,9,0,155781,284922,0,0
ef0d933b-53ea-44aa-ae2d-5d2ffcb52e7c,731,13,10,0,131461,415932,0,0
0e19590b-11ab-410b-838b-734f0660ef41,,NA,10,1,133228,489720,1,0
84a95e3d-63f4-4cdd-8bf6-63565201c304,746,7,12,0,536845,834394,0,0
20bbac91-53bb-4067-8e8e-c7c9dcf09e84,712,13,12,0,455962,1145232,0,0
ef9a851d-7a55-4061-93df-d0640d3040c4,680,40,14,0,245765,510906,0,0
7c57036a-0d06-4ec8-a342-763dcab2d418,708,23,9,1,127110,215512,1,0
7310dc86-78da-426c-85ce-e29cde4686aa,673,59,11,0,280269,414458,0,0
593f81ad-0cc5-4f39-a7a6-606e42596251,746,NA,12,0,213123,506726,0,0
179470c6-3d27-4804-b633-3a1101fa7fcc,731,NA,10,1,25004,41008,1,0
1cd02859-a081-4039-ba71-2a04189bceb4,717,NA,8,0,221540,351406,0,0
05c8392b-e31d-4b9e-a44a-68cdba9e0d0e,736,63,10,0,270294,446468,0,0
1fee5d6c-d24a-4d67-a6c5-8bb9c8c9e071,724,58,12,0,342551,626582,0,0
9c088709-c725-4327-a1af-4cc6d81d6029,723,NA,12,0,317091,591228,0,0
6de98991-280c-4802-a40d-9105503c16cc,724,25,11,0,630078,945010,0,0
d481bf3a-42e9-469b-a91d-2d3d9f433b69,748,NA,16,0,460047,1186394,0,0
daf1ac98-85c6-4647-a9f9-96813d48c51d,740,NA,11,0,45391,584034,0,0
7c85924d-79a2-41cd-9545-9812ceeeff65,729,NA,10,1,186542,389180,1,0
0287bfb3-e358-4eb8-b549-229aa6dc6a44,664,NA,7,0,413725,824538,0,0
feecf1e3-b411-4dc3-8c64-4ee7f333347e,686,NA,10,0,146414,262416,0,0
67b8cd21-ec17-4c14-9b64-2411a2bd7ab0,,NA,2,0,36879,53922,0,0
741756a3-2962-4655-a135-2a5c4a4db0eb,747,NA,6,0,375744,514272,0,0
3f13cd8f-bf02-442e-b90c-c7405165cdcd,747,NA,10,0,221711,274274,0,0
dc33219d-51bc-4189-8e89-194eb7fa2045,678,4,11,0,47101,84942,0,0
46bcc777-f0e2-4d0e-abcc-d12ea698e170,728,NA,15,0,732355,1084380,0,0
f19e429f-fbd7-45af-883f-440507807b58,,72,13,0,104234,759044,0,0
014d1b17-52fa-453a-af80-c5d2b4e04386,723,NA,4,0,214719,264484,0,0
30b8bc7a-7226-4322-a2f7-8ef5324ccafe,644,NA,18,0,779285,1274460,0,0
68238c37-decc-4fa6-931d-7a0d2138680c,727,NA,6,0,212838,292006,0,0
095e72d9-10a4-42d4-b75b-dbb919f258ed,703,NA,9,0,83505,182424,0,0
5535f503-5eb0-4a5b-9f4a-08a1a8db3c29,750,61,9,0,413535,831292,0,0
1d8c459e-991d-4b4c-be7b-1ec6f33ad1ef,745,NA,14,0,523051,1857812,0,0
1a6c439c-4bcf-4f35-b30f-3e8b10761ad4,723,NA,19,0,214111,367840,0,0
54b9075f-7cf1-4f6d-8d80-fffcb94163cb,693,54,4,0,24719,88330,0,0
54f48fd9-d6e5-47b3-9875-c3f0388c995e,,16,8,0,253498,421102,0,0
c7353b09-8c26-4f67-9413-7ea23cdd92f4,699,76,14,0,458090,566698,0,0
7b8d7b53-ba57-4800-9c34-18bf9ae8a94b,668,2,11,0,113354,486156,0,0
1e362d8b-9b33-4602-b9c0-297b82bb259d,,NA,9,0,141360,578380,0,0
2eb7ebc8-520c-4608-898a-897bf3b70879,,NA,5,1,57627,83820,1,0
594a8e5d-909a-4cbd-8c31-88e512ab56a6,728,37,11,0,206245,440594,0,0
dc3dbc9b-9e2a-43a1-8f67-caa44f77ab5d,736,0,14,0,481403,1233188,NA,0
3a67c025-6a79-4767-81f9-692bf3ef6398,730,15,15,0,242706,759506,0,0
dfd51aca-e0b6-4730-adfd-441f9c06a3f1,742,NA,14,0,283290,611996,0,0
07d76e63-d5f4-4a45-9882-6bfe13a0caa7,699,22,6,0,190779,376992,0,0
a9f79828-a0c2-49d8-98a0-07aeb908d78f,710,7,7,0,86564,138644,0,0
d7254f6d-5e9c-4d23-8c59-1ae4f6267c29,,NA,11,0,108072,227502,0,0
41ecaafd-76f4-494b-b155-077bfb20cb21,717,NA,15,0,260243,605110,0,0
d005edca-6461-4b28-8960-217df817850a,603,NA,4,0,64980,118096,0,0
5656635e-cdbc-4015-9f6d-e76fb56f96d1,737,15,15,0,389481,1741190,0,0
7d9f99ac-90d0-414a-90e2-827f73c5b2e8,689,19,12,0,743071,1013430,0,0
06d231e3-46fb-467b-a9ab-a4d8bdbb7fe7,,NA,8,0,391647,811228,0,0
f602b691-6a8f-4114-a8c2-a5cacd25f9aa,748,41,6,0,93480,397936,0,0
f1b5bd3d-b56c-4040-8306-cead29813f82,,NA,10,0,593636,841324,0,0
112b4041-f3a3-4a36-8d70-468123710d25,724,NA,13,0,475228,618992,0,0
72b19aad-181b-4fc7-8396-aae7e99a8276,727,NA,12,0,520638,890472,0,0
ce3278cb-181f-4296-a6f4-f58ddac86ce5,747,NA,9,0,272707,426712,0,0
b57a0647-5fc0-4358-aed4-5b35131f2b11,7460,57,6,0,55195,201608,0,0
c2ddea05-d83f-4325-871d-74765f0100aa,734,29,5,0,125267,324478,0,0
258bba5f-8e6a-48d2-b2bc-34922c8ed2f2,714,43,35,0,159619,1207976,0,0
bc911a1b-58c0-44a0-8690-1bb052b7e437,697,38,11,0,37487,319198,0,0
25ffd405-5c9c-4245-99f5-ce38c4add432,707,28,7,0,6707,44154,0,0
fd29f6ff-8213-4fc2-a878-5ac9f5c8abf0,734,NA,10,0,250230,1316986,0,0
747c4839-f813-4a72-83a7-93554c64a2ef,722,NA,16,0,164407,723800,0,0
3aefd231-dd57-4106-87d7-2053b66cc257,747,NA,13,0,137921,643962,0,0
5a19fb1e-4c5b-48d1-aa43-98e06e20ac5a,703,39,6,1,80503,234190,0,0
e471dc8e-f086-4361-9378-bfdf75507164,741,19,14,0,579500,1018204,0,0
f795b049-21f0-4068-94cc-35b0423e069c,741,NA,14,0,26980,76934,0,0
b2987c52-8372-4778-bc32-741062a97d44,646,9,11,0,63897,155122,0,0
9eb5c254-ad6e-4ea2-b645-894070870fb8,6540,NA,8,1,240388,391468,1,0
c575f528-cf05-4f42-a285-1557d573bd58,,34,6,0,87647,539814,0,0
13ba979f-c600-4006-9717-f49c181ede39,672,NA,10,0,943122,2197272,0,0
268af890-8b9e-40dd-aedc-dbab305d860d,,NA,6,0,168321,287452,0,0
a75283a1-891d-4541-993e-50317e4f6b02,,18,9,0,69958,306878,0,0
34661412-5904-4b02-b5c8-f47c5625d475,747,NA,4,0,1179273,0,0,0
a6917821-b855-4ac2-8e5a-e2daa67c6d58,738,26,6,0,64961,112266,0,0
a7af6f1c-29c6-441e-8071-1caa20bd0833,707,29,6,0,84341,110330,0,0
61690bcc-6898-4212-9447-a180b62ad7f9,718,80,14,0,396625,513128,0,0
f175ed3d-836e-48e5-8369-8ecc150c6a52,702,50,10,0,104595,402380,0,0
57dd083d-42b4-4dfe-939c-9cda31eef4be,715,NA,8,0,105108,248908,0,0
d57626b0-ac67-4946-b657-94751c179057,729,46,11,0,294158,573408,0,0
b4a7bcae-062c-486c-91aa-1623a173b727,,NA,4,0,5415,25828,0,0
e8f720c6-bba4-46d6-aaa6-c1ed5212869f,671,NA,12,0,223193,304392,0,0
f7cbe43d-d6f6-49fd-888b-d24976c2f2ff,7170,NA,14,0,543286,862928,0,0
976c13ff-081f-4460-9ed7-b14081200d35,746,NA,22,0,430730,1445598,0,0
b76451d1-9a9a-4c03-89e2-13788a7c6fbb,6480,NA,15,0,829901,1231978,0,0
f780ed62-0b50-440e-bd61-cda715568e5f,723,NA,3,0,132753,171930,0,0
76dc4151-ae4a-4bbc-a7b6-0c14916b562f,720,NA,7,0,191045,621412,0,0
9640e3c5-c361-4efb-836d-ea54f75a5a8c,669,NA,23,0,530271,969980,0,0
9888c42a-9aca-4535-b463-d8f48b46bf27,736,NA,6,0,441047,642356,0,0
0bd11fe6-1551-4080-99af-cee295e7caac,733,NA,7,0,92359,301268,0,0
e8dbdbb5-11b5-4825-ab7d-6245dafbda32,707,48,10,0,321784,486398,0,0
c463b9b4-e756-46aa-bed5-f6267bf9e45a,751,NA,9,0,25080,440066,0,0
b360e9b5-6cc1-45b3-8f78-d563a824eda7,,81,14,0,521911,851158,0,0
d2f25370-de27-41db-91ea-5cd64a67e5df,679,NA,8,0,38380,82148,0,0
ce9ce506-3177-442f-9e4b-840a6bd7e1a5,,NA,13,0,339302,472780,0,0
803dbdc7-6a2f-4164-8c52-6ab15b3b591f,683,17,8,0,552919,1221792,0,0
bfd3a2fe-a4fc-4cd6-aea2-ba89631f6abe,692,66,4,0,13262,26488,0,0
713c2571-7f88-4e5e-8da8-96d6f3c08930,736,43,10,0,280573,632060,0,0
019789f2-4dd9-4f34-8c02-428491a9c35e,,NA,9,0,181830,345708,0,0
1e4d72c0-f067-4047-94a5-fd123ec626d4,721,9,13,0,220039,361900,0,0
eaf68f05-9250-4de0-b292-592de306316d,701,75,13,0,543647,740586,0,0
2b6dd351-bcfe-45ed-9634-09a451541e69,736,NA,11,0,201894,333014,0,0
6dda5345-5764-443b-a783-8b838dd236e7,747,NA,9,0,850668,1354848,0,0
3ef79f17-5f69-49fe-8ec7-ae3a9fd13cf8,647,NA,9,0,82156,103510,0,0
745d95f8-985f-453b-bf73-7dd97e30b1e1,742,68,9,3,145958,384098,2,1
98739975-ff69-4012-85d0-5948d80599d4,747,NA,13,0,56753,722260,0,0
f218b509-b57f-4831-9af9-84fdecb84a98,,NA,6,0,149549,271436,0,0
ba19eefe-5662-4e55-9602-53937716b157,7270,NA,10,0,451060,1024078,0,0
da22c7d1-0596-42e4-9176-8b6644b72934,748,NA,19,0,177365,900768,0,0
a300dadb-0fa5-46ac-a620-cb9c95df86a5,742,80,11,0,164293,1211606,0,0
02ac445f-2b25-4d37-8fa4-73e320071ae6,736,NA,10,0,111948,310112,0,0
62c41eeb-f3f7-4543-a3b0-068be39276a9,692,52,19,0,198968,363396,0,0
b6844d33-13f3-4406-b250-bf9f3cd732f9,705,54,12,0,164901,284130,0,0
f91a5c94-9b5a-447e-a4b7-2a273f957450,636,NA,19,0,467229,824714,0,0
9922a2f9-8ca4-43f0-8566-a7f3d6106f00,718,NA,10,0,310878,617430,0,0
2178cd1f-aee4-46c7-abdc-3e372f5cb14c,741,NA,11,0,265563,342430,0,0
1307a361-d2ac-47a5-80e4-612d26530e5e,673,25,8,0,209304,464266,0,0
0bb01335-71a8-47d7-a084-caf41c1edd19,692,62,16,0,211698,897886,0,0
7e1fb549-23a6-4ed7-a5d6-34f50fb7bf05,707,NA,15,0,312170,590612,0,0
26d2203a-b702-4810-af8d-2be2a2871c51,,NA,15,0,314887,443564,0,0
aab387eb-f46d-491a-9628-1253b359d9da,734,NA,5,0,0,0,0,0
46c372fa-58d5-40b5-98cc-b8ddbc062e56,718,NA,10,0,171532,268048,0,0
1e37716d-db61-494a-8a0f-6f08a390dd81,745,NA,16,0,203775,639430,0,0
5d38880b-10d3-4f2a-9377-1058c4406c05,718,21,4,0,114608,389136,0,0
ac68f5d9-b209-47c3-a526-cf7f96289f1f,750,NA,9,0,114,19316,0,0
a9d88270-604e-4a3e-91cb-e171690a62c3,7050,NA,20,0,505818,701426,0,0
73c8963f-e6e8-4497-9eeb-f4c7feac9cf5,735,48,8,0,204896,359480,0,0
a3124df3-6ad3-49ce-9a7d-accc41fe7644,710,NA,8,1,125533,322300,1,0
1c23a3b1-c3c0-470d-9d49-d81c4c0d8546,748,29,18,0,324805,1150094,0,0
1ab5c5a0-3d45-4369-b495-a3ce22f98f97,713,NA,12,0,316673,881452,0,0
735c4e84-5fb9-40f4-96fd-513fe2fee6ea,704,NA,9,0,310004,638726,0,0
45961a5a-0654-4355-bdae-b81637e9c7fd,,19,9,0,354369,592944,0,0
bf9db9e6-74e6-41fa-ad01-0bfa4034d0eb,,72,15,0,181146,400290,0,0
6c13d272-e9a9-49be-91fc-ac6d3d67710b,723,NA,17,1,404130,1199836,1,0
dd91ef59-b401-4bd2-a457-8e1ac06791ec,747,NA,8,0,92473,991386,0,0
b1162b0b-5c0f-4c05-89b1-df91982ed7f8,,NA,12,0,298224,719400,0,0
0702f85e-267b-4b7b-bc94-fc07c6941500,739,NA,14,0,358473,904310,0,0
b543b464-cf36-4996-bafa-bfab8b5b9559,727,25,9,1,41002,106898,0,1
df7d30f0-7853-423b-bf93-fd7a79d1144d,730,56,14,0,738948,2222374,0,0
7c85934b-8014-4835-ba1c-0e96eb2cacee,607,17,9,0,156066,206998,0,0
9386055a-9495-41f8-b92b-945098801860,741,NA,5,0,153786,246290,0,0
d01b9ea4-2107-431e-9acc-e6026f3e151c,743,NA,7,1,56335,239778,1,0
614dd494-8081-4214-ba2e-71164fc3c1d0,723,55,8,1,182590,441386,1,0
c0e282bf-27f1-4bd7-a5e8-7a521f585e79,746,7,10,0,233719,506792,0,0
75deb91a-fbb2-4099-9893-51ac8b443e75,721,32,6,0,102847,156046,0,0
ed9d34e1-85ce-42b5-a014-6511cb45b318,736,17,8,0,124431,384208,0,0
255613d1-d373-444d-8448-b7804b31f80d,,15,6,0,89300,170368,0,0
17fea086-220d-4a51-bb7a-3314872070f6,723,65,7,1,48944,88572,1,0
e7485541-64e1-454e-a9fd-1bbb13ff75c6,745,55,14,0,437684,1181312,0,0
6a102aa2-da6d-4c1c-9b08-d8ffa2437ca5,738,NA,6,0,352431,513304,0,0
0956bbd1-d431-4a29-9701-8b4826b411b1,715,NA,4,0,54036,143198,0,0
95a0713d-366d-4639-b8ff-0873ec980d8c,646,40,18,0,362482,533302,0,0
1305b46c-5d6b-4e76-b6e2-b4b4d9745004,740,19,7,0,127243,214148,0,0
83c075dc-e35c-40fd-a090-3c22802f8977,,27,8,0,62662,268686,0,0
0db64b54-f69c-47ca-8a20-f900b8223226,742,NA,9,1,221939,509872,1,0
823948d5-5da1-455f-82d3-d7661b562f79,,15,8,0,333982,409222,0,0
c2c6495a-b648-4746-93fd-6aa4bc5a406e,,72,25,0,329099,780846,0,0
48d55863-9da8-498b-9d91-796ab4d824e0,725,29,7,0,83220,132726,0,0
f7c82b2d-b29b-42f7-b1d6-40653d65cf1a,,NA,16,0,227031,925606,0,0
e31cc089-ec3d-42fd-afb2-52a87b47037d,,NA,6,0,50369,149556,0,0
c2c4bef2-13b9-453d-8dff-6d123cf5c0b2,,16,11,0,124051,311564,0,0
3727d4e0-c687-4ac3-be8a-ebc1b751d3d1,739,NA,14,0,392160,1018138,0,0
caa7b31c-9b8a-4b3f-884e-18ed5e2dc6ae,708,34,9,1,153026,311410,1,0
33410356-441b-435b-a8f2-729f8523cf29,735,NA,10,0,264784,665060,0,0
6f7a87e6-fcec-41f3-ad5e-7b5c81a2e6d2,746,NA,16,0,376466,1103564,0,0
f2045038-d17b-492f-b1d4-5a0337248789,,49,6,0,287565,351978,0,0
03abc0ad-74c4-48c6-bc35-31f012bb2a15,730,12,10,0,199462,317240,0,0
13e78c13-d18a-478b-8f5c-9b356598e819,735,NA,4,0,452694,557040,0,0
3304ebb8-626c-4e7e-b15f-b6d40f9f22b6,734,NA,10,0,411559,563288,0,0
ce8fcb03-337b-461e-a12f-eb6fe97e3d5c,737,NA,17,0,309643,1001484,0,0
dad7902b-0cdb-4b4c-bff8-274bf0701e84,,NA,16,0,575149,1136454,0,0
52de333a-88a8-4cf9-a712-4c86f8feb1e1,,6,25,0,211356,1840036,0,0
73717487-9316-4ba7-b400-69f17149b973,,NA,7,0,288230,376244,0,0
0f798323-df2c-415f-bcde-bc135fc78db4,710,NA,9,0,358834,641168,0,0
d9581eac-5f5d-493e-bddb-721de025733d,728,58,8,0,41211,220968,0,0
8496e7ac-eee6-4eed-9628-089d51505ad0,734,NA,13,0,206264,558030,0,0
25fa0bcb-f690-43c4-9c01-1bbc398bfe1f,735,1,7,0,86811,1058002,0,0
916a1547-8fea-40ac-8c2c-9128f60283bd,707,14,13,1,84284,293084,1,0
68e71c9e-b6b6-4a45-a7e7-7e0d12959ae1,732,42,3,0,58064,120692,0,0
5c0370cb-3f8d-4b0d-9d66-2e652ed2d045,737,24,5,0,207157,275704,0,0
fb433b43-69f8-4e8b-9e0f-90ddfd2070c8,746,NA,17,0,611629,978186,0,0
665899a9-f700-43c3-8a1f-429c0cf66a61,,51,8,0,557479,657338,0,0
4039f6cf-3146-4839-adbb-753d04abdca6,717,79,20,0,256386,667128,0,0
ca314c67-8d59-4268-ae6f-af4db04a5bb1,,NA,13,0,352184,631246,0,0
0c5d247e-baff-45f3-8856-8807db30b2e0,,NA,10,0,303525,570526,0,0
d850867f-edc0-4604-99a1-1421b7643253,746,36,6,0,81966,191334,0,0
adce32c3-7761-4fa3-8a95-26fa0768a4ef,646,5,10,0,192109,249678,0,0
d8ad20fc-e55d-4100-a171-1280d9686941,749,NA,9,0,324767,1387650,0,0
10e42803-a2aa-4889-8a8b-323a16ca5beb,,71,17,0,700245,1176802,0,0
1dd8dcca-6d4e-438e-a1bd-7cb70b844a11,,21,13,0,695191,1158190,0,0
1bb798ba-60ef-47d7-a933-584e94b59215,,NA,18,0,408063,1936440,0,0
e43f94f9-e6ff-4142-936e-481bacd32ccf,702,NA,5,0,448666,615516,0,0
a0b52c39-42b7-4b86-b3e3-204e4d8c97e4,745,64,9,1,21508,461076,1,0
ca190084-326b-40e2-97c1-332f66d66f33,743,11,19,0,93309,350746,0,0
3ca5e187-7b41-44d4-b540-62d656ce729a,716,NA,8,0,75145,104698,0,0
d31a9a5f-b2ab-4c29-90d2-2dd8996b9cba,709,42,18,1,368277,1470414,0,1
c1101d47-c8ea-4df1-9b00-ce4b77078c50,688,NA,3,0,139042,800954,0,0
a78a9e4a-af8a-4810-9e93-c7d3e77a2f98,674,42,10,0,261516,383328,0,0
32438772-711f-4097-b2c1-5609695af2b7,719,NA,6,0,648774,929698,0,0
66761ebd-4c91-4849-902c-1d6339042b0a,675,46,3,0,58463,90398,0,0
5606beda-df95-43ad-ab1d-d29f55f3ba0e,719,65,19,1,319960,495968,1,0
701871b7-6180-4922-af99-654eef0e4d26,667,56,25,1,448495,1182918,1,0
50094577-22fa-4257-a2ef-7390b181440c,713,26,7,1,143963,300344,0,0
ab4f8e76-3170-439c-9356-e116a36f469a,,NA,6,0,163951,348964,0,0
503e909d-f23a-4305-93eb-496b73b6f0f3,723,NA,13,0,162659,412148,0,0
b4576126-e21e-43b9-b291-4397f4c9f25c,706,79,19,0,564946,885170,0,0
ada6e22c-5933-4f76-a04c-47181e67e95b,726,61,12,0,243181,662508,0,0
e8a27469-570b-473e-a4f7-22fc753d0d7a,742,NA,4,0,23579,265012,0,0
9a2f43d2-2c51-45c6-8978-cd79fff466d4,692,39,17,0,242630,416812,0,0
a89c9bcb-e7fa-48d0-a92e-e763f1fd2e2b,,NA,9,0,172615,368060,0,0
f7e6b1b9-8371-43ac-b2b5-bbba8101c07f,,40,10,0,141493,313236,0,0
845a8e4f-2f66-4c0d-97dd-c7695da8346d,737,36,10,1,469965,753676,1,0
8d6a0a9e-7f97-4336-b8e4-a5b9be355577,,NA,6,0,35777,481646,0,0
1513e592-bb39-45fc-9a6a-5865872d72eb,,41,25,0,173489,851180,0,0
2eb8fe18-f0c5-47c1-baf4-5a30d06a3b3e,710,NA,9,0,285418,351560,0,0
618b6c67-fb90-4f4b-970f-fc8ae57708b7,743,72,14,0,387999,808038,0,0
9859b592-23ee-4a66-a68c-846611b2ef36,622,21,7,0,52440,122672,0,0
df63b065-a90c-4541-88ae-7dbd906f3821,744,NA,10,0,337155,844976,0,0
3ffee98a-d7ac-46a8-ac64-d47d3c17eadf,,NA,14,0,440819,952292,0,0
457a1fa1-e9b1-46f9-a39e-5788a5692071,,80,14,0,294386,1342044,0,0
2b2e2d08-1ff2-4441-be5e-a768f6132d02,712,73,13,0,79116,636108,0,0
e03d2da5-42ab-45bc-ba6b-fef688143509,,NA,6,0,28671,36586,0,0
80a6e9e1-d9bb-42a1-a488-9f2884196639,719,35,9,0,301530,396308,0,0
ade8b11c-1ef8-4aea-8251-3839cb1509f6,662,32,9,0,97147,310706,0,0
2584eae4-9dc8-49d4-859f-3a14ffb4d480,670,NA,3,0,52744,316404,0,0
6896182a-46c6-445b-a87e-11858a779e48,,NA,12,0,189392,334818,0,0
f1848a44-f96e-49e8-8033-bb06cff5c945,,11,17,0,785517,1329746,0,0
56b2704e-225a-498c-afc9-9e5ba56a6209,739,NA,15,0,228703,344806,0,0
85e136aa-a69d-4527-9920-585679caa4ea,,45,7,0,184566,267454,0,0
6218e81b-50d3-4816-bb63-073a44f0f209,741,NA,7,0,480187,669878,0,0
06b35113-ab21-49b8-9ae9-0addae041ab9,743,NA,7,0,461130,965536,0,0
aff32ae1-9bdf-4170-866e-3bd95b83984d,708,NA,9,0,894425,1641266,0,0
1566ed65-6ff6-4614-b871-0561565e88ab,742,NA,11,0,173318,332244,0,0
c20d9680-3b28-4f37-9280-b722ac6aea43,729,19,13,0,552444,888448,0,0
30d3a84e-59f8-45c6-8f92-126110fec358,721,53,8,0,119738,162734,0,0
8e838dbc-39c0-4be7-8d56-deb05033631c,742,NA,16,0,589608,1801316,0,0
2345aafa-d1c1-4cc9-a422-8b80133cbd07,6720,19,19,0,276051,1220010,0,0
ff97850e-94c6-4d6d-9474-08a711a65c8d,663,NA,23,0,1351033,1871254,0,0
352d2e29-a009-4c5f-8d90-0f1d062269f8,,NA,9,0,86963,263582,0,0
6b35da9b-c3ef-4040-af71-0f4f3c4be2d4,741,NA,16,0,125153,1042536,0,0
d9230168-ea23-44ca-94ca-47a8bead4a36,,NA,8,0,355832,645766,0,0
ee12122b-2318-4cb9-8d84-34ca904f726d,747,64,11,1,317053,1195832,1,0
3b7883c6-1fec-4b30-8280-a9b8c81c4554,7360,60,7,0,159144,272998,0,0
31d5f5a3-7c4d-458e-877f-0c08a4bdd7de,736,NA,8,0,410780,512556,0,0
1bfad840-849f-46ee-a48d-8aa51a5aeae5,691,52,10,1,127889,334246,1,0
89efa1f1-5ebf-4ab9-832c-9ec1010727ec,735,NA,16,0,1022599,2006862,0,0
c1aee858-f035-4ede-a3d8-6da83c103a06,,44,12,0,99845,260986,0,0
6166f6d1-c5f1-4eca-9e75-9939f7a8f79b,,50,17,1,289655,426712,1,0
62ec72d2-7eeb-42c5-aea0-95a202abc25f,746,18,8,0,34523,338844,0,0
b6360ed1-8d80-43fe-9dfe-3da231858b80,648,NA,4,0,99902,144078,0,0
08c659bc-9dfd-4a6b-a864-449e25b7cef6,739,NA,8,1,109991,223432,1,0
f14b37b3-219b-410a-84d5-f46db8ca1a3c,702,25,12,0,126806,163152,0,0
e94d49b4-6396-4852-b535-0831935a0c6b,741,NA,10,0,183502,269302,0,0
a0828510-7899-428a-99a1-1feeefa8f26b,692,NA,12,0,335806,570130,0,0
a2ca80ac-6877-493a-95ea-7bf69a2435d4,597,NA,9,0,247038,418792,0,0
baf7cb06-1cba-4f0c-ad44-b9a417f9c198,680,37,4,0,64733,178860,0,0
5c1e38a3-b8c0-426a-a40c-9ce8396cb66f,725,NA,14,0,204497,420574,0,0
2b7ed8b8-b452-4356-964e-a2d2f39e8d8e,737,NA,12,0,99636,164824,0,0
de3e7e7b-0b23-4ef7-a354-a18aa8888b5d,709,61,10,0,178011,238018,0,0
73c1c6e4-18af-4fdd-96a3-94da94379a37,700,NA,10,0,173869,374924,0,0
c7b81bfa-f96b-465a-86b0-d5ff5e86ed16,,NA,10,0,46170,267322,0,0
d9789663-43a2-4c75-958c-cefd20776ca6,728,NA,10,0,31559,150370,0,0
4ed31557-139c-4c6f-9abf-a53d3174b6fe,,NA,12,0,240654,543180,0,0
d7dd8190-64e8-4f9c-95b9-40f9eb3ff4df,718,61,14,0,142253,183832,0,0
e525ed22-aecd-4807-87f4-4335b79fa305,738,NA,8,0,153786,217162,0,0
43ebfc09-bb0f-4bae-8621-61e85fc436e3,746,NA,7,0,89547,482240,0,0
9a80ab2e-0b65-45a5-9d0e-2ea988a1cf54,736,5,13,0,57304,241318,0,0
33294a69-70e9-4195-b648-4a3a8dcf2366,,4,12,0,85386,534380,0,0
09853004-eaa1-4711-8df1-6ce9d3cf41d6,,NA,7,0,57741,359414,0,0
f9d182fd-9cc9-465b-ac5e-e0a9849edd51,728,17,14,0,200906,498146,0,0
c65456e4-d5e2-434e-95f6-2399a29f300e,706,NA,14,0,647140,1390202,0,0
a776e23c-8cd2-48a7-a8a1-fa31b85c298c,6840,72,13,3,96178,259006,3,0
cef055fa-c791-41ed-84af-7ec0dcc840c8,749,NA,17,0,479712,2257904,0,0
d7687055-9397-4359-9e3e-f270a13610dc,,64,7,0,337307,537240,0,0
cee58d66-acbf-47c3-8cd5-92a7f64e3ed0,6800,NA,4,0,597854,701360,0,0
484162e9-372f-4673-859d-4d67e63417db,,NA,26,0,449920,2943292,0,0
16b74bb3-20e3-47d7-892f-c3af88fc5ffb,727,38,9,0,392350,470294,0,0
01e27bdf-e39d-4f0b-ae64-3deafc8190b3,677,NA,8,0,101365,128414,0,0
9842881b-c66b-4f02-853f-609f5083b4bc,721,NA,12,0,263853,901186,0,0
8ef8b3bf-70ce-46b1-957f-af24b2a0b0f1,745,NA,11,0,146794,438042,0,0
f9f928d7-5534-4235-b42a-0c98c55ff853,688,NA,7,0,73131,92444,0,0
4be973f8-b23c-42f7-adf3-942bbcad462b,740,NA,6,0,37449,55968,0,0
6e11bae2-dd6d-499d-b3d5-236e9a4c4bbf,,NA,15,0,332880,818356,0,0
6c915654-37b9-4fa4-a71d-49652a6d02bd,744,30,6,0,131974,217382,0,0
ab742fe3-5794-4a60-b4cd-a7f7d81311b6,662,33,17,0,367631,605528,0,0
ff4dec71-e07a-48b5-b875-b43754747ccf,732,NA,11,0,618431,1276418,0,0
b46d0d21-de68-44d9-b376-d4e075e55646,,41,11,1,204307,559262,0,0
f1788862-446f-48d5-a8d7-cb6143e6be76,,10,17,0,36708,301378,0,0
1694b636-38e3-42d0-8c56-4b09c3deb3fd,747,NA,11,0,1214176,2304742,0,0
4a30a99d-bdaf-439c-b161-7b24887c74ee,716,19,6,0,15409,84194,0,0
2399f7f6-2cd6-4bec-8502-0615f5c46954,738,NA,11,0,76931,236258,0,0
8c19324e-1f95-45ad-864f-eb44124b064a,740,NA,9,0,295640,710204,0,0
1114eb34-8470-44d9-9982-71c6db33e1ce,737,14,24,0,332082,1451032,0,0
e628e25b-ea94-41ad-b35a-b7bbaefabcf5,,34,14,0,202825,499708,0,0
b1c30466-3724-4813-ab90-9a07a27f53fc,,NA,12,0,262789,1635964,0,0
9e879a87-16b9-4504-9e6f-eaa9df8d0c94,719,NA,7,1,21945,123948,1,0
0ee87ef9-b5af-479d-80d1-fe31bbea5580,736,72,21,0,294310,646646,0,0
15deb56c-0f51-4216-b8f7-4d893c63efe4,745,NA,15,0,209,246972,0,0
f601ca1c-ce43-4070-8227-dc8388fece3c,729,47,12,0,369911,1248764,0,0
a7e0ea37-cce5-44d2-9195-915983a74e97,,18,8,0,134159,184272,0,0
06973465-66bb-43d0-8eda-ba3714cbedf6,703,NA,7,0,104044,152482,0,0
08500c9f-15e9-4349-8e32-9ae991d947de,740,NA,10,0,442358,767932,0,0
14ad7607-c316-4a35-9e45-2f62b05cdad8,740,75,8,1,88141,279598,1,0
9370fe30-6c68-4b9b-bb69-f5092f1bf8b6,734,NA,7,0,83011,142384,0,0
f028b741-dfc7-4ae3-9e12-0501548b824b,,58,8,0,81681,184008,0,0
1cde04e8-c0a4-4d92-b2f1-e71be8443cf4,738,48,7,0,143526,276958,0,0
91647966-c3f4-4d03-9d28-2ee06f637ef8,736,NA,12,0,140106,198066,0,0
cd98c7c3-80f2-49c5-98f2-c19e10ea6297,722,23,5,0,298224,523204,0,0
fe1bafd6-e3ab-47cc-b634-b10bd4dc30ba,745,NA,21,0,775428,1012242,0,0
52fc4796-1fa0-4d4a-9865-56cf5fa48089,740,18,6,0,185858,285384,0,0
752255f0-ed42-4da2-86b7-a7e944877c5a,745,NA,21,0,211299,379324,0,0
b233c550-aeba-4b7c-9095-6f1c432e3afb,721,37,9,0,81529,120098,0,0
a6e7197f-9343-42b5-9fd8-9cf62aa49064,7020,80,10,1,236949,452760,1,0
2506225f-31a8-47ad-a35f-886289b07164,749,NA,17,0,1448009,12897324,0,0
9ca7b7f6-5f5c-4039-b72b-9f80536e9163,672,NA,10,1,70547,115060,1,0
a94e7562-40bc-406c-ba53-5681e763e399,665,21,24,0,392274,871816,0,0
f3e3969f-d297-4939-af4f-28b2dcf80a70,693,57,16,0,163229,684794,0,0
f311a6a9-555c-4be0-9a69-bb99273f39f1,723,23,16,0,11476,116578,0,0
ff52e850-ec77-4539-8f03-886ed6461963,729,NA,17,0,247133,342694,0,0
a2fb9f10-0bfa-4564-8424-257789f45f58,727,NA,11,0,410742,538626,0,0
82bc5eef-6f2b-4055-9105-50d0dbcfbfd6,740,NA,11,0,313082,959002,0,0
97f0c669-35a1-44bf-a9bd-c72866281146,723,60,9,0,70452,151052,0,0
c139af79-3905-4b5d-8770-4ae87118ab0c,727,NA,3,0,0,0,0,0
8a2ea9c6-db5e-4838-8dbc-7b9fca5508a5,692,33,27,0,264556,696234,0,0
948ff06b-c719-4e8c-bae8-b9cdf59cb1f3,709,78,7,0,215650,289674,0,0
9c872256-e52c-4a66-b4e3-ab656677ceb4,710,87,10,0,170905,434918,0,0
d85d7fbe-db7b-4284-9fca-e9aecc587856,747,NA,12,0,94810,583990,0,0
ff00575d-1ce3-467b-aa49-b0235a06de43,743,NA,11,0,391742,700018,0,0
8457072a-e44c-4e12-b8c9-a81e40465393,698,30,9,0,0,0,0,0
9f439a43-5a3c-474a-abd1-6becee83029f,749,NA,15,0,383914,2442528,0,0
6d089587-d87f-457b-a31a-5adba53224c7,720,NA,16,0,287489,545688,0,0
9b40e6d4-a21f-49e1-816d-41d559b5f0c6,737,NA,17,0,233054,914782,0,0
1b8fb29f-0301-476a-bae7-f528ba9ced63,673,30,11,1,109231,221892,1,0
db58acc3-5542-41eb-a6c3-46e050b75390,716,49,3,0,0,0,0,0
14941271-b3fe-4e65-8cb7-798b1cdcac4e,725,1,7,0,160854,257620,0,0
6cee2968-e817-4e70-ad85-6c3d671cd84d,681,NA,12,0,99617,145662,0,0
5d329de3-4b2a-4fbd-bce0-b882f507ae6b,,NA,18,0,250515,346544,0,0
4ce3c6a3-e156-4b05-8ce8-fef96f7224cb,710,35,8,0,99788,154044,0,0
9678b261-f54e-470f-b455-6585f68e133c,728,NA,13,0,485222,677732,0,0
dc5d9776-988e-49c8-9bc7-72689c2aa337,745,NA,10,1,206986,297330,1,0
6ac24a40-6c61-4df5-9f5a-802318e6fbc8,740,NA,6,0,71174,173140,0,0
2d3e17ee-d685-4552-9ac9-1ff579905a66,741,NA,8,0,241395,333960,0,0
5a47cb54-a413-4bee-9a06-3fb5a0418658,698,NA,11,0,223934,342078,0,0
5f696c2e-ea0c-4495-bef5-7810fa30eafd,714,NA,15,1,420869,642026,1,0
d2cd8593-7948-4353-8470-1949ac0f1ef9,721,NA,19,0,1172167,1936176,0,0
63dcae5e-b7a3-4e48-81a4-7e1c113b89bd,645,NA,10,0,163609,187924,0,0
0ef1cefe-875c-47c2-98fe-5d91c53d102f,,NA,7,0,1041010,1454002,0,0
e13765ec-08b9-4867-8376-32e8818518f0,,NA,4,0,96824,216832,0,0
9b245abd-ec54-4f4d-9062-5b2cc6d91f32,743,NA,13,0,171437,1550868,0,0
3a80cf12-0f91-425b-b5a9-f61d96193bd2,710,NA,8,0,497819,735218,0,0
3f1e75cb-b026-4d78-b965-0d519b00ceec,740,65,15,0,485773,740080,0,0
64ac72ad-b92c-490f-87d0-04151f4c19c5,696,33,8,0,199595,545072,0,0
f57e0359-109f-4652-b601-0b9129d5bb59,706,37,15,0,379316,991430,0,0
f036d138-8a48-4ce9-a774-8f40ef32341e,709,31,7,0,533292,633314,0,0
4777b829-4bdb-485d-8826-ab1173abf501,710,24,15,0,189221,514316,0,0
2b0a1b53-9945-42fa-95d6-cc0612dbb7e1,,NA,8,0,138833,400884,0,0
07244f47-21e9-436c-bc07-13e6382c048f,654,NA,11,1,187872,242792,1,0
e9869aa8-3af4-4053-a31d-b8a46ac7593e,663,NA,20,0,1103995,1291224,0,0
302d791a-e548-45a8-b95c-af374df2ed94,,NA,14,0,620730,878636,0,0
9af330d8-4816-4371-b066-193efb6d6bfc,745,29,4,0,96539,269346,0,0
9ac11978-348c-4df3-a514-13f41b1d3045,745,NA,8,0,18487,118316,0,0
d6bdbf00-94fd-49bf-8d73-dd4317f7be46,738,NA,11,0,366757,508596,0,0
92ef4248-380c-478b-bfa7-aa415fdfe812,734,NA,11,0,658312,1969660,0,0
23741f03-8b33-485b-a1f6-15d4851b5e67,750,NA,8,0,122113,462044,0,0
85361c15-f6e5-4558-858d-34ca54597781,,57,9,2,94430,128018,1,0
2ce09ac0-3656-494b-97e4-ab01d3a007f9,,NA,9,1,174781,261470,1,0
ef6f4ae2-afb3-41b1-92f2-4bf598134d0f,,14,13,0,60154,75724,0,0
3964f9a8-2826-4202-a80a-ed667c226e34,,NA,7,0,102068,537218,0,0
eb41fd5d-e9df-4d83-998d-30dde70c601f,712,NA,6,0,109934,134552,0,0
e161d830-b40b-449e-9d1b-dec432235040,697,NA,7,1,106818,235114,1,0
544b03a4-961b-440c-a0dd-212cb00ea734,718,NA,17,0,391286,1022714,0,0
994a5ce0-859c-4617-81ca-ce8072c27020,,33,12,1,152494,378092,1,0
d8f60206-4fb9-4298-93c3-57989598dc13,694,59,5,0,86032,302764,0,0
33e04853-dfc3-4282-ac19-dbbe6e7c89f5,703,NA,22,0,544426,708312,0,0
71721814-a852-471e-8c7a-aed64f8f72c5,,21,8,0,96330,262438,0,0
fcc8156b-0500-4431-aa11-12e44aefe1a7,,NA,14,0,355642,1116016,0,0
5625e87f-c74c-43ae-9be3-9b974b2d80c1,651,15,12,0,195244,326238,0,0
6e3521ba-12a6-49b8-823a-7ff63a3c145d,722,NA,11,0,284126,618398,0,0
9d1a8d76-2675-4b6c-8d8a-94cd8e7845bd,666,65,17,0,202407,778668,0,0
f5405252-8c0c-459d-8077-ad84f5887864,728,NA,6,0,229425,329186,0,0
2edc6052-4c96-4164-82eb-46aa4d4c23eb,710,NA,11,0,433827,835824,0,0
38a85f3d-bc56-433e-a3ea-69f50a985f1e,716,NA,9,0,94259,198088,0,0
6bb9d20c-034d-4f11-82e5-391d3425506e,738,NA,16,0,269306,1194710,0,0
ba94ae16-2500-4783-85cc-f7ece6c36d84,673,32,10,1,183673,260634,1,0
179e0b2f-96b4-4983-a9fe-078e692f1bda,744,NA,12,0,243580,1106006,0,0
63118a5b-0b84-4522-9db5-f335d2baba28,719,NA,23,0,603497,810656,0,0
b4227c4c-5b9d-4611-9232-38d76764bb75,728,NA,9,0,86868,279378,0,0
fa00664a-077e-4d42-8eb5-8db4f637026e,,7,6,0,76342,107536,0,0
85d1443b-514d-4962-b649-6556f64d0a8a,732,NA,17,1,176377,385352,1,0
6acbc8f5-70ae-49f3-acef-ac1a57e90d83,,32,5,0,34827,53702,0,0
191ee6ed-ad1e-4ff3-863a-abbe04307ac9,681,27,11,0,176852,853248,0,0
2b499c74-ab19-40a4-a373-68fc6e52a5a1,654,76,8,0,110713,427328,0,0
9936a1e9-16d4-455e-adc6-7c7ab619371f,702,12,10,0,67260,221892,0,0
5780f1fa-9788-4f64-be57-b1a84711b4b5,742,NA,9,0,630534,1045990,0,0
6ddfa15f-1ca8-4b86-9972-e3fce427ca5b,,NA,7,1,76532,203676,1,0
8ddcea94-9885-4937-8c02-d76792314359,715,NA,15,0,953990,1282952,0,0
ca3e8f20-10b4-4a64-bf3a-15fac140aaeb,,NA,11,0,186200,244706,0,0
09c6389c-1cad-49bf-8231-7efb619d6021,748,14,7,0,47842,200024,0,0
4263a823-ff59-4a88-82d7-ae0249b3d00a,,NA,6,0,130910,274604,0,0
fec29424-82c1-4aeb-ad23-209425b504a0,739,NA,14,0,373996,1176758,0,0
6741abad-1353-4a4b-8869-781bd5fe5b45,668,60,12,0,281029,865436,0,0
5fbf2219-aa2a-4cfa-8100-15a1a419646c,723,NA,14,0,1366556,1948672,0,0
f9382144-73c6-4b82-bb0e-700a1d14e3cc,731,23,10,0,241148,417384,0,0
adeb24ca-752c-459c-9b84-64ddd67e47bc,740,24,15,0,192071,295768,0,0
78b0273e-e75f-492c-ac1c-762849f0e162,,NA,13,0,634296,890230,0,0
c784403f-ef6e-4359-bcdf-ed01948227e2,704,NA,10,0,698193,875864,0,0
7796650f-9c62-483b-91e0-5d594b126487,700,73,12,0,56392,135168,0,0
01be1601-9298-41a7-86b0-d2f0a239b3c5,694,NA,8,0,107065,214104,0,0
3dcda40b-a643-4329-b09b-de7a9d9e01a5,742,NA,14,0,270731,486024,0,0
52012e22-be48-41ce-81b3-f102c285eccd,702,10,15,0,373882,481008,0,0
b5fec171-422d-4744-b8ed-5b59194a4f75,7260,34,13,0,290890,498256,0,0
4743710f-408b-4e54-bf09-3b1cdb679af8,722,NA,13,0,187492,646096,0,0
9027c0aa-e89f-401c-b54d-6fdb10894dca,7250,72,14,0,341164,469700,0,0
d758d231-bdb4-4470-8bb0-e17a9e7b8549,723,NA,22,0,589190,1000340,0,0
399c61f1-775e-4593-9106-6e0419c85b11,665,38,8,1,74727,149424,1,0
d30ac99e-ac35-42ef-9d7f-b03ca67e244a,738,22,15,0,405365,522698,0,0
6413ada2-065a-489a-b74b-caf87bdb53ee,,60,6,0,146680,350900,0,0
9443b770-e602-42d8-9533-840321813b04,694,NA,24,0,159961,218680,0,0
ae1b5d48-675a-4667-8944-fe1501323616,746,NA,12,0,153197,642730,0,0
b8adb849-4fc0-428d-975d-be39314e67b0,727,35,11,0,126635,263736,0,0
8989b891-a1e6-4596-81fc-efb392d1753f,721,NA,15,0,466754,774290,0,0
ddc0fdf2-0000-4aa5-8ccc-7d79226e9e91,676,NA,15,2,206169,451264,1,1
45dd15f0-4566-4d50-87ae-36b5f6505c8d,733,6,15,0,344546,597212,0,0
4a7ab8db-75de-4a24-8446-98ea4ebd3c58,739,48,16,0,343121,636702,0,0
1d027f90-d9d5-4663-8b88-33973e677111,7290,80,15,1,304057,898128,0,1
c797b1c6-5b2a-4d18-95ad-1dd7736d41ae,697,16,9,0,96140,118052,0,0
c0b79843-fc5b-4f3f-b213-10aef35701e9,734,78,8,0,34656,71786,0,0
df3f5568-9acb-4a8f-995e-f1be0407372d,726,1,10,0,256690,669416,0,0
d24eb11f-26b5-4c6e-b73e-63cae6ea12c2,690,NA,6,0,121391,329208,0,0
72bd84d1-b82d-49a4-9b76-332b78f7a581,,NA,17,0,193401,1309616,0,0
0f938d86-6ffb-4a3d-864a-a7daa21c0a5d,739,NA,3,0,0,0,0,0
5419b7c7-ac11-4be2-a8a7-b131fb6d6dbe,7400,NA,21,0,133171,957726,0,0
31a00064-7fbb-46c2-94ad-31c3ceed3655,,9,11,1,64448,259138,0,0
dcefa5f4-7e8b-42c6-b64f-cd1ca0f4092e,731,51,6,0,222300,612832,0,0
2c5552e8-b645-4a0e-b614-b246e9e20097,703,3,14,0,756789,1041964,0,0
d156b4fe-4ec3-4682-aef5-b20aef80df08,732,NA,6,1,89946,150282,1,0
93c2e855-946a-4529-bb8c-d5c6319713c1,735,NA,12,0,351690,530244,0,0
7163c755-2117-4aac-92ad-9d1580024f2c,,NA,7,0,65417,1165164,0,0
8c7aa839-c032-4907-953a-63d29a89e823,,19,7,0,104899,166144,0,0
afe45210-2a6d-407a-8cf9-24c55e240d46,746,NA,10,0,2366374,9927610,0,0
a4793ab1-50f3-4145-ae5d-3f16dba7be5c,664,53,12,0,149872,264132,0,0
685aeb91-3166-417c-a500-600123ec1c27,741,9,17,0,237899,390192,0,0
311c9a87-396f-464d-8985-8af666712fa0,679,NA,7,0,29222,55638,0,0
40a370a4-4d13-4f8e-a462-12c400a4d13e,688,NA,8,0,91580,253660,0,0
2392c363-0d14-4474-a8da-1a39e60a16e0,713,11,12,0,283689,815078,0,0
068bc90c-c707-4240-8137-d2379d493894,712,13,16,0,274626,680922,0,0
40a767ee-040d-4295-a5ca-26c0a250f932,739,79,16,0,531677,1031206,0,0
df4d0207-687a-4db8-b71d-20ba089b24b1,700,7,8,0,341297,717222,0,0
a4c2c973-51f2-4318-9a32-fb64d12a7039,,NA,11,0,267748,1260270,0,0
7d888978-3008-437f-b9bc-2dbe208fc22f,723,NA,10,1,272422,323510,1,0
b67b6e0e-8811-4440-8680-6475ff045d7a,,NA,7,0,108471,314776,0,0
ce9cc700-a2d1-4e2c-940d-306caaf4e377,716,NA,30,0,602072,1792098,0,0
ff53de5a-5cdd-4eee-99b3-bd9c5d0b1865,738,NA,16,0,30457,43428,0,0
361f2715-c27b-48de-a939-7a5ccbcf5bfc,742,37,17,0,615125,846912,0,0
38a48e30-cf8b-4e78-83bf-2a955be2a84f,737,NA,4,1,30115,73590,1,0
bb631867-bb0e-4b58-813b-8ccc47d213a8,725,NA,20,0,54644,249106,0,0
bb78bd21-3909-41ad-bf24-ecbf8ee84fb5,741,NA,4,0,81282,218350,0,0
cd64ed0c-44a0-45c5-a8ad-bac6d71bc41b,746,NA,4,0,34276,165330,0,0
e764ca23-df94-47dd-a82c-002edffec47e,695,56,12,0,226423,303798,0,0
0975a56f-e8f6-4c3a-8728-aa09172b4392,747,40,12,0,8607,622600,0,0
8083ab69-ef27-4c5c-beb3-22ab257a10fa,,NA,16,1,213883,442244,1,0
bd266210-1771-48b4-8917-789108f7b34c,744,29,14,0,110086,342650,0,0
6d2116ec-5e32-44b7-bc15-70a9cbc47647,720,NA,23,0,392369,1336258,0,0
d11044f1-1568-46e7-91bd-2ae8478b9046,,NA,8,0,143070,581306,0,0
0f521e37-befd-4daa-8727-8dabe6707348,,NA,4,0,177061,239492,0,0
7086a0f0-1018-4507-a7ac-422a84e296f0,621,25,12,0,803434,1366090,0,0
4f3728f8-2de8-4e09-80d7-61a39b139846,,NA,6,0,175826,704484,0,0
e2cb88d0-9d02-4962-8d74-8aa2c50dc354,699,NA,11,1,85785,174240,1,0
b2ae9b5c-35bd-43a4-be0a-26f9ba0522ba,718,32,14,0,495444,919314,0,0
d274c072-dce2-47cd-a0f5-dba4e4ef51f6,7390,12,11,0,126806,270886,0,0
4f311aa2-3304-42d6-b72f-4c6ad93b7ead,715,NA,19,0,500479,911174,0,0
ba25e1b1-e2c6-407f-918c-aafeb25e0f9f,712,NA,6,0,6175,113432,0,0
3e162147-1995-40db-aa40-2d33acb094ed,716,NA,22,0,257792,436370,0,0
b6301f33-dbf7-4588-bf8c-66da5574c63e,746,NA,15,0,253232,554268,0,0
f9485016-0916-4194-9cfd-e3118fe406cb,625,NA,10,1,263264,431794,1,0
11228d01-9558-4aee-aefe-4f90f5e71ae1,,41,7,0,67089,130328,0,0
a681d698-336a-45fe-8f4c-770d25bb7b11,746,NA,11,0,315096,531058,0,0
1ea480bc-be6d-4ad8-9821-5f685f3f2faf,715,NA,7,0,524514,867614,0,0
4466945d-bb2c-421e-839f-2fbb0932781f,,NA,11,0,202141,345730,0,0
b61dc2b4-6356-461d-9b31-6a8d3ff2c521,691,41,10,0,248007,521180,0,0
9277e5a6-e2a2-4bfc-a9a2-0ee400f79380,,NA,8,0,78717,146058,0,0
3018e99b-b295-47b0-a3a1-e9f526caf988,747,NA,7,0,279737,558470,0,0
f858ef64-dadd-4828-8472-03bce07add02,656,NA,7,1,54188,90266,1,0
c682adb1-a9d3-49cc-9048-1ce59397abed,626,17,19,0,227164,664224,0,0
ca4d2a1f-9c28-458b-af15-2bd7bddccf46,717,NA,8,0,151962,400818,0,0
20f603a1-d0fe-4e61-a722-68bf83b72fb2,674,42,14,0,71478,207944,0,0
29fec0d1-9d70-4553-848c-1b74dc7ddc7d,746,NA,10,0,325337,732886,0,0
40d7afcc-6976-4e5b-a548-f2bf99ac4ac7,730,NA,6,0,106894,134530,0,0
9a360265-5a14-4cf0-b8d9-4650084a77f9,711,29,9,0,140961,263252,0,0
bd0f2843-9dc2-4ece-8875-36a73ed9fa51,707,30,15,0,954560,2105290,0,0
6a8319d7-3526-4139-b8ec-17fce34e8080,674,66,7,1,151449,222244,1,0
e0f5754d-ec00-4e64-9772-533ae8299400,724,31,20,0,803966,1298330,0,0
331d5adb-0e3e-41dd-b513-cb3d02188ace,731,18,9,0,62833,160974,0,0
0585630c-6a3b-4400-813c-552bc9349f0c,718,81,11,0,591907,705122,0,0
57989a49-8b11-4ef0-8dd0-cb0a109bca56,699,1,11,0,46740,470580,0,0
8698af4f-e687-4a68-a3b3-fe13af02c291,719,NA,7,1,166516,318692,1,0
0af1ee97-d984-485b-9eff-d0764c2ed3a9,740,NA,10,0,980476,1422652,0,0
b9e2970b-5fc2-483e-a9f1-b777e5bfd619,687,58,9,0,117705,218416,0,0
1eda07bb-9209-4e12-b6ec-04915eec0023,741,NA,16,0,410362,1176098,0,0
9bc06dbc-ef90-4d21-9211-91a02bfd43d8,701,NA,17,0,402762,1038664,0,0
feb282bb-3fad-46b7-b0f8-ef6026202d08,704,NA,15,0,621015,1491864,0,0
976515fe-062c-440c-a06d-11667f1f5ce9,678,7,16,0,140866,334906,0,0
b9fdea9b-774a-47b1-9603-cea01fb94999,702,NA,7,1,142937,357478,1,0
7afbcdd6-4ae2-4d47-a47a-66cb0e8aeb5a,650,NA,13,0,298395,555500,0,0
9bad46f7-03df-4376-bf9d-b4936190c5f8,709,NA,7,0,4180,160974,0,0
398ab76a-4546-42a2-9513-5951b9b44ee1,733,NA,13,0,241186,566478,0,0
4806ae6f-6f02-44f2-862f-8ac307f5d319,740,13,16,0,149492,291896,0,0
c578f34f-98ae-4e18-81d7-a1c90669574f,,7,15,0,40736,403172,0,0
c31d9745-fe66-4b20-b64f-5f79144483b2,693,21,4,0,52915,77836,0,0
e221be32-e2d8-4c84-89e3-8f0fe0c05075,708,NA,9,1,116983,183810,1,0
a4b6cb23-8d85-4808-8bf4-c74f129a8d79,737,29,15,1,54169,335368,1,0
4108ac89-31f8-4cb7-b684-f983369dac9f,,24,10,0,444220,1353572,0,0
fabaa611-d1db-418a-bc13-977516fa249d,718,NA,14,0,407208,712250,0,0
5c62c120-f312-4976-a4a3-43722aa934c8,,NA,15,0,1713895,3801732,0,0
a37fe39b-ad67-4796-a9e2-65a1a0c227fe,,38,7,0,279509,525404,0,0
9265b98a-e1a2-48cb-a075-9e6a210b9442,710,NA,20,0,1262227,1522422,0,0
ce864221-b824-4051-98e3-3d8004fd55ee,,NA,14,0,477755,908336,0,0
25bc212c-0d22-4ddd-be0b-a40437a09002,729,28,3,0,31008,150260,0,0
211fec55-c2b5-4e1e-a841-8d51aedd0d51,746,NA,6,0,566447,830214,0,0
54484e24-56bd-4b52-80d2-70befb6ad2ae,658,NA,10,0,469699,703560,0,0
db6a2c94-91d9-45f0-9a1f-02f038d7b6bd,,NA,4,0,32186,243628,0,0
089ef857-686f-4640-aec8-ea7cdca27664,734,NA,8,0,262143,1724624,0,0
f8576252-9d81-4099-9737-c334468f697a,745,46,18,0,229634,605660,0,0
97f72b14-d8fe-4eb7-b024-9c5d9338a422,,NA,9,0,333697,845482,0,0
abdbbc8f-cd71-40a6-b9fe-13a899b18fc9,,NA,17,0,215916,381128,0,0
ec4dffa9-a83d-4eb6-9fb5-400b9d17f0a3,702,64,9,2,110352,277156,2,0
e79109fe-aec8-4e38-9bca-5d5734f2e7df,736,57,8,0,63517,240328,0,0
b03aa775-556f-483d-9e38-6534bdbbdc18,724,NA,13,0,218386,334048,0,0
08af87cc-fe90-4365-a096-bbedead700d2,,NA,7,0,271453,351582,0,0
3e906b92-cb4b-476f-a3b6-ee428b961417,,NA,4,0,35188,261118,0,0
cc3de498-82a6-4ecf-a3f3-aa2a1fa0ab29,745,NA,15,0,612446,2309890,0,0
80586ce4-a924-499e-aa75-8a5a948401c7,702,NA,9,0,66462,139172,0,0
829aef08-2393-4f48-8c93-eb603ad1c366,686,NA,16,0,631997,876414,0,0
a9d6a57a-1fb5-4812-98d4-6cafeecf6e65,701,66,11,1,146186,211596,1,0
b4844c41-97c7-463f-89b9-a9850e621a23,621,20,8,0,137104,254408,0,0
0370f16a-06e4-4ec0-a381-3fae3b88aaba,7490,NA,12,0,8493,35508,0,0
3b847ea3-8ba7-40ed-8b7a-7e581ec0d224,724,28,9,1,39159,219054,0,0
4b885ba7-b234-4e08-8734-95d0cf86e5c2,746,46,7,1,46873,81862,0,1
7c0d1258-47df-4c05-85c5-0dc32a907329,742,NA,9,0,463011,651420,0,0
2f226097-cbb4-4a73-be7b-077f6acabd29,701,25,12,0,499529,648450,0,0
7ee54d09-1c12-443c-96f3-e87e9430d077,,NA,7,4,168625,428186,0,4
f791f627-8e7d-4336-92bd-d542e1063a13,741,9,10,0,91960,524480,0,0
7ea2512f-4e13-4a7d-880e-3aceed34679a,735,NA,18,0,410343,664532,0,0
3471e33e-2a89-4a2a-b91f-b76c7cb04797,,NA,21,0,357447,475728,0,0
af659cdd-51a6-428e-94c1-e3785d3ea428,,NA,8,0,73701,132286,0,0
fba6c483-0c08-4a38-b454-9fa663a24a3c,693,24,8,0,132392,314138,0,0
b3479047-18b7-4fd6-b07f-3b691dc403b9,725,10,11,0,176738,505274,0,0
0ce58c8a-228c-4421-a233-21e4b6f0c94d,736,NA,6,2,90478,181566,0,2
4539f676-ab4d-41ba-a135-b2480501bbd0,696,22,16,0,156123,308990,0,0
6cafc380-3025-4a7e-84ab-6e74cff801b2,700,NA,11,0,338048,494208,0,0
ed8343f1-b5ef-401b-bc67-4addbf7aa290,,67,6,2,55366,275176,2,0
1293e601-32fb-4754-a1ab-68d372ae203b,,26,12,0,37886,212960,0,0
f4884e07-2612-4f9a-919c-d4fb9bf438b1,696,6,16,0,76133,337722,0,0
3bb1e649-06db-4a44-8b1b-963999e74e8d,737,NA,4,0,130435,225060,0,0
127c927f-ae27-489d-87a6-fa706abdd327,744,NA,8,0,71915,365222,0,0
638b17b8-d3b5-4467-816a-837846aabf55,719,38,14,0,195358,482306,0,0
efcb9f44-a1ea-463b-88e2-5ad6db3cdb67,727,61,8,1,68286,120890,1,0
82357a09-db31-4699-a3ea-acfa57b826fb,732,48,6,0,177935,289388,0,0
6a6d8bc1-2f50-48d9-8a8c-75fb98c3e407,697,21,16,0,114589,236918,0,0
9e72653a-32d0-450d-a18a-048582769f55,717,NA,10,0,253460,455004,0,0
bbf50095-ebe5-4abf-810b-44abe95a4190,678,63,27,0,612332,1330230,0,0
01ff00a6-9927-48a1-a1c2-2803ba8a914e,747,NA,20,0,328149,1319340,0,0
abfdf97e-3f28-46fd-a051-b70453c0b0f3,707,NA,8,0,196916,593780,0,0
3594062e-6bda-4eca-9675-cd9fac07a98a,645,NA,8,0,106894,127446,0,0
480f1215-f621-4909-af3d-8f7fd6de15a4,711,NA,6,0,149435,192258,0,0
0bff7e5f-34e8-4c78-982c-1c375caa388b,713,NA,12,0,136857,306526,0,0
23343ef2-8d5d-41ee-bdcc-b0d54af71844,676,26,16,0,153805,523798,0,0
fdad901c-c049-422e-8272-344243b9f5aa,726,13,7,0,100263,146234,0,0
18f8f327-651c-4cab-84d0-4afa5f197472,665,23,5,0,317205,491040,0,0
93b19794-616e-428f-aaea-ff12c676936a,628,NA,15,0,798513,1442430,0,0
4af9ab42-9f2c-4c96-8521-9d355bf3c5dc,748,NA,10,0,401432,976492,0,0
e2258514-324b-4478-8a5a-7fd286e1cce1,660,NA,12,1,155762,658262,1,0
c8ee9ab6-8425-4751-9f53-6d086a5f2413,738,NA,7,0,400596,477686,0,0
695d93e7-0f7b-4e6e-a44a-b8aa331b7783,747,NA,2,0,29716,86438,0,0
31f4514e-705a-4649-9433-5d34ef8ed152,725,38,24,1,58216,93368,1,0
8e6bc0a9-9d6a-4546-8905-6a32c766ef17,699,NA,10,0,57456,302456,0,0
84670511-a957-4952-9345-0e404a143aaf,692,NA,4,0,151753,227326,0,0
3b22451a-c7fb-437a-b200-11ed54f26f76,725,4,14,0,228114,957022,0,0
dee161bb-f618-497a-94d0-7649860af580,734,NA,21,0,166478,243386,0,0
6e42d0f6-ad5b-45a6-b30a-b5a7a47db2c3,722,49,11,0,258096,503954,0,0
fa6b374b-18b6-493a-a451-f7a2dedc7d6c,743,NA,20,0,695039,2204906,0,0
b25b2794-fa7c-4d06-956e-e5301d1b01f5,736,NA,10,0,253916,316140,0,0
36dfdc85-32c5-4ece-b95e-911af96d7a9c,747,NA,13,0,58786,362010,0,0
c06acd4b-57fc-4feb-a0f7-9bd61b29d3da,737,23,17,0,694526,1598762,0,0
ad3db3ca-9ea5-4b14-8e57-89bc7c5d4b70,646,NA,18,0,0,0,0,0
7ca7b817-4d92-41d2-809f-ea0e9fe0b2a7,713,NA,5,1,110922,154176,0,1
7305aab3-1c29-439a-a39a-0324bf76c7ce,743,NA,11,0,296172,443652,0,0
ddee7779-05b2-40e5-9193-6c3267eef6ff,729,1,7,0,158954,694562,0,0
0c65bd6e-f53a-492a-b353-3a17cef60d8f,724,70,8,0,160531,319946,0,0
1201ce5f-b594-4cc3-809a-139a48d850de,707,NA,7,1,93157,258676,1,0
a39895c1-c72f-4d9f-93dd-e6f6237cefb6,716,38,9,0,56677,231066,NA,0
07aa0dd3-c2a7-486e-aa21-18bb4752dfb3,718,NA,7,0,70832,277992,0,0
0e974977-a1f9-4dbd-8ef7-8dcce1905c74,734,13,11,0,404415,643236,0,0
8d243ff5-16bb-43ef-89c0-4012309f5f2f,718,16,13,0,206701,362648,0,0
e4dbaed8-913e-4655-ae8c-924d5210e865,740,NA,4,0,273334,400114,0,0
64a7903e-0316-49cb-82a9-25724ae730c1,702,38,11,1,140182,331254,1,0
df94cc63-2638-4a47-aadb-8dbae1d7dde9,714,8,8,0,62415,80828,0,0
ce00b81d-192f-41e8-822d-823cdc432de8,722,34,22,0,323874,866074,0,0
114cd959-d3e6-4ab7-a876-9719a4a818ff,,NA,7,0,67773,90816,0,0
a5530779-c38b-4ab9-8a04-b9463ee1b871,,NA,9,1,79230,178464,0,1
1ee43126-8071-4f33-8381-a642f8f4e22c,742,NA,10,0,421287,756294,0,0
cd6f5a59-d100-44db-9942-5633d129bd80,,NA,10,0,777594,1202102,0,0
bd2846a5-0665-419e-b3d3-9d65570e233c,743,NA,11,0,432535,765798,0,0
140bf1c7-4192-402d-8544-2790be6bf3d6,664,27,19,0,1678631,2737592,0,0
c3084166-e6a8-4be8-b553-3f12d993c3b5,709,47,5,0,131803,209352,0,0
07308512-efbb-4a54-83ce-a413bbf8e014,7080,16,12,0,65759,103466,0,0
19cfa98a-1c8f-4c03-bd4d-0d930ce3478b,728,NA,8,0,309491,693154,0,0
b1fb9e6d-2d08-4da3-bbc2-1b74b738d005,,21,9,0,93822,264946,0,0
fea6c2d4-3a8a-48cf-bdeb-9420ababbb88,,25,11,1,69331,397452,1,0
b57e9445-33f9-4150-b228-bb3974696adf,,47,12,0,163894,344388,0,0
504f6cc1-86c5-48f0-aece-a4c078bfbaf0,739,NA,9,0,633004,1227732,0,0
ddde15d7-9b53-4b85-a68b-33348f200e7b,713,NA,12,0,1908474,2245760,0,0
aaff107d-c536-4a76-9104-2fd9ef37bde5,721,NA,15,0,298034,449328,0,0
2a53e7fd-538b-4363-8879-3a7b6416b07c,7390,56,25,0,688123,1173458,0,0
9b232e9f-2364-4fa2-8d95-811030d69793,,50,5,0,251560,326194,0,0
cf3d418b-4a2f-4ec7-8caa-987e8bbafdb2,7230,NA,10,0,296571,798600,0,0
414c6340-e635-444c-ad4a-de0ac427dfc3,625,NA,7,0,95950,167552,0,0
8e1f0719-0152-4ed7-8b94-c02713a89575,746,NA,21,0,313785,1507572,0,0
daa0fd5f-a43f-46e6-8063-0f242f57c8ca,672,NA,17,0,541158,832128,0,0
3d620ac9-0df2-4d51-a88e-504feb00d4c1,708,NA,8,0,198322,295944,0,0
e0c52914-6dfd-4543-b13c-5b5354a2300e,,38,6,0,181602,395230,0,0
a1e3f208-a1bb-46bb-9d33-58224fec8d7e,738,54,8,0,417069,514294,0,0
454e4f85-5d47-465f-b3b1-38fb406f0088,663,NA,4,0,10944,39710,0,0
9d354bbc-f1be-432a-a986-d8b5ba059467,721,NA,9,0,419121,682550,0,0
93797b08-9464-4809-9b55-e0daabfe42d5,745,NA,8,0,199861,413974,0,0
0d4297ef-a1d3-45d6-8b90-5793a5b75c6a,712,57,14,0,719815,1673650,0,0
ee9409c5-30e2-41e3-9b91-40fbb25e04a0,,NA,10,0,495140,692406,0,0
f18d8aeb-bb83-45b0-ac2b-6c743060653d,6660,38,5,0,201362,273042,0,0
a298838d-2c07-4e7b-ad04-ad08982385e1,,NA,16,0,130701,1112760,0,0
2d0fdcb8-2df8-4f36-99b6-393e071a012b,717,20,4,0,8398,22374,0,0
9fbfa174-df80-4898-b856-902f17cc9a95,742,NA,13,1,295374,444202,1,0
4ddde290-12e2-477c-a3f9-c57e59f21499,672,45,10,0,442852,782870,0,0
d8c3440d-e064-4091-b2cf-25d3a4548dde,,NA,9,0,227183,471416,0,0
dc47ab79-0cde-4665-bff2-a03095c060a2,,34,16,0,64524,104654,0,0
e65a6335-4432-4971-9278-20df0d187137,741,59,14,0,157890,466378,0,0
fcf99704-27cc-4330-ae04-cf13ad03abd3,735,NA,11,0,49742,553740,0,0
665c3177-aef6-454b-9c20-8fb9860613e2,643,NA,6,0,467438,777656,0,0
d29d05c8-d152-4b59-aeee-b1a4e56dfcdf,700,NA,13,0,1279650,2698916,0,0
0292b528-5902-468b-a0fc-36037eb129b7,721,34,12,1,224694,368522,1,0
e3fdb58c-5455-494c-8fe5-4dcf81993f3d,746,NA,7,1,219013,376244,1,0
68c51c70-ad8d-4331-b4a9-e549dfb5e2a5,725,NA,8,2,66538,135190,2,0
15ee35c7-aec4-42f6-8136-d7d7eec23fda,743,NA,9,0,430293,737044,0,0
fff616e3-3b35-4529-a970-38f1bb02d6e1,712,11,11,0,265240,588368,0,0
7c2ea4dc-c82c-4f5d-b61f-ac349f622ce0,,NA,6,0,106799,278520,0,0
4f089577-d673-41e0-963d-431f1c8df912,716,NA,5,0,139194,214918,0,0
73255114-a707-4b72-9f8b-ac607878b335,702,13,12,0,73948,251834,0,0
5927ab44-b63a-4d4e-a8e9-269808ad392c,715,NA,9,0,351120,452254,0,0
2367cc55-e72e-4147-8a55-4855cfc4ef8c,655,15,6,0,153083,462792,0,0
d2cc30dc-f846-4f5c-8b60-e796e0a2a046,,NA,5,3,21413,121594,0,3
964e469a-148e-494e-844e-864a2e4ba71c,721,15,11,0,233776,524568,0,0
271a5fc8-9d8a-4ec1-afac-845a93a2fc7f,676,NA,18,0,760817,2133010,0,0
2a424b94-bd1d-4b12-a902-a79e4d3b9e98,697,21,13,0,158726,683254,0,0
88ee39d0-5cea-4d38-afaf-d485b289347a,684,NA,11,0,890549,1073028,0,0
6e56fb90-d4f5-4e9b-aa90-8e088ee19c3c,674,NA,12,0,296495,591932,0,0
ab9bfb71-7708-439a-b3b7-6fa8e48ac289,717,11,12,0,104899,183744,0,0
f02708f4-abd8-4c27-a869-6cca97a3f3cd,725,NA,8,0,127775,672518,0,0
722ef12e-1fba-4ad5-a4b0-fe9fe117fbd1,685,18,8,0,440382,694694,0,0
26fb46e8-94a6-4050-a6d6-163a941bd064,736,13,23,0,37601,277310,0,0
57dcd62d-46c0-4da2-a01c-edcb5cd46ac8,729,82,14,0,609938,863390,0,0
3ef200c0-eaf7-41ed-a5ad-104e5d680e24,742,NA,6,0,125913,225346,0,0
ebf5147e-770a-4e59-8fbc-10daf624ffef,742,NA,7,0,440439,1042888,0,0
b339455b-c481-45f6-be97-032783f2417f,675,NA,19,0,429324,522720,0,0
cdf650a2-cdbb-4883-bb40-4fc2c0b24ee8,685,NA,21,0,416860,568524,0,0
8153cb91-2287-4d70-9d4d-069461c43e5e,,NA,17,0,183445,406912,0,0
9d5387a5-e9dc-413b-a1dd-b00883fe34eb,658,NA,22,0,522348,1546842,0,0
5db522ce-a4ab-4598-a690-0266c4fa7a53,629,NA,25,0,1311304,2586628,0,0
2c78dd2f-b4b5-4a93-95e0-765c2a95f4a6,746,NA,12,0,299459,621390,0,0
0566cf76-869f-4af7-b92d-4a9b3be2f54d,7260,NA,10,0,298547,431574,0,0
6dbe5ee6-0cd2-432e-8bf1-861742ee4714,7110,42,7,0,554192,795146,0,0
d43172d3-c248-4c5b-b507-16242c0772a2,743,24,10,0,90079,396572,0,0
805ecf20-98e0-4f27-87d3-e1f31edb9312,706,23,3,0,2026711,2493854,0,0
a32a0d72-0cb7-4569-bb08-2155e4d685bc,741,NA,18,0,730379,1267948,0,0
fcbeb1c7-1573-4c4f-90b1-06dfd30febd6,,NA,5,1,63802,128018,1,0
df4fea20-3b03-4ed3-aa51-f3cf519cb9f3,748,58,16,0,537966,1971244,0,0
2d2796b5-d9b2-4554-917f-d03c02e3b2bb,,NA,6,0,184338,247896,0,0
61d67011-80d6-402a-8a3e-39a2a8647c0f,700,NA,14,1,168891,532840,1,0
a64fe5f2-e070-4b3e-8c33-482a9f33123d,726,NA,8,0,285399,476850,0,0
4974b78d-917b-471b-b8ee-61121812aa3c,,5,10,0,20786,84744,0,0
f971c8ed-27c9-4741-a4f3-b3e8045dd114,722,39,10,0,149435,417934,0,0
4cdd4eed-89e1-4bbd-b143-aeef3d225279,748,NA,4,0,409127,858220,0,0
15758122-fe76-46f0-8e5a-a4a5d8ee2287,724,13,8,0,6745,54252,0,0
f35d9b36-02cc-4bb2-a0d8-d95ddcd64b47,641,NA,9,0,253232,259710,0,0
40789cb6-b9a2-4108-bbb3-79351ed80854,726,32,3,0,126996,145882,0,0
2c74467e-98c4-4404-80ca-82029f7ed2d0,681,18,19,0,528979,972246,0,0
823892b6-6e11-432f-98fd-54f80e7e8658,727,NA,7,0,356060,652322,0,0
cbdce949-2199-449a-bb84-4fa72992e7ca,724,NA,13,0,405916,545886,0,0
b7add955-2647-491c-ab96-0e176cd36cea,698,NA,9,0,361893,493548,0,0
68f05704-8c50-4a19-8ad2-d5720e26529e,709,9,8,0,104614,179982,0,0
8c40b162-cda3-4af4-a9fc-5a506b0aa5d3,717,NA,19,0,448267,710050,0,0
a74ff722-a675-40ae-94ba-24b862e2ca20,,NA,10,0,1575404,2841344,0,0
5fd4139a-8841-41cd-9031-3078dc5edc55,661,NA,8,0,389158,477334,0,0
74da6231-8f8b-4110-9516-d32f62c52e2e,,18,7,0,55917,262130,0,0
1a25e683-b424-4d22-a8fd-6bef448039e0,723,48,14,0,329840,449856,0,0
c12fc537-bced-4c58-b0f3-a77c1119da3b,722,NA,8,0,453131,552860,0,0
e6c7f0e4-ad0d-4589-9a2f-510ce9c87b85,724,NA,18,0,1076711,1596320,0,0
bf98bd93-0441-4f29-8cee-7e54e06976be,702,NA,9,0,306793,435336,0,0
4d1cf6c7-8e49-4f00-8a76-0e8d0f7f7b85,706,19,32,0,430787,622732,0,0
f2d43f25-611f-4df2-b612-51f2ca642190,714,23,15,0,675108,1036728,0,0
082d2d0f-8795-43f4-8945-b6fad1c163eb,734,5,8,0,68153,153560,0,0
c253d025-48b1-4ef2-9a8a-6d9a8ebf4037,,31,18,0,57779,202752,0,0
1b216bbc-57e4-437f-8d8b-e7238b1d19c7,7260,NA,14,0,201647,288596,0,0
8df6ff61-5e44-4f4f-966a-c3ce0cbe8a17,692,8,18,0,451516,724108,0,0
4593cc0e-36a4-4510-ba70-3abc189fecc7,732,NA,10,0,283556,367686,0,0
51c5bfad-ccee-4278-973d-10e03366fdcb,627,73,17,0,594054,920810,0,0
c3585431-9104-426d-95dd-3c11e76c6228,729,NA,8,0,93062,115258,0,0
1dcc6c1d-368d-48ce-ad32-a9a9f0131425,731,NA,11,0,299345,747032,0,0
f2f29aeb-f84b-413a-8eb8-6b1f7b2d426e,741,56,36,1,103056,634744,1,0
eb4b8ccc-f1cf-4b9b-b963-4bb2c15f75d9,745,NA,6,0,173451,1160940,0,0
584020f4-3f29-435f-9231-a7b9fc918521,742,12,8,0,223079,499620,0,0
e1d316fa-2766-414c-b895-4a7a92dd4f68,699,78,11,0,300808,577632,0,0
64ed49c6-ac95-4ca2-a972-ea982f27ef2b,695,NA,18,0,212268,311146,0,0
f0680320-820b-4a38-b220-09141268d1d7,,NA,8,0,172729,388344,0,0
d6a4124f-2cf6-4d8b-87bb-97f6d0154d79,7220,29,14,1,456038,983334,0,1
e95e266a-de7f-45e5-b4c2-c979236e16bc,721,17,6,0,58558,98142,0,0
c6c18678-caca-4ed3-b897-ed9b82802639,679,NA,8,1,239685,489456,1,0
880ca359-223c-4b49-b6f9-3585f0ff4085,659,NA,25,0,138282,374110,0,0
b3d56878-cc07-425d-8937-4262d08eed91,,19,11,0,123462,258500,0,0
37aee6cb-2b9a-4876-a99d-8b75d4885ff6,731,11,28,3,1470087,2275680,0,3
58865f12-74d6-40c9-a568-de23ac46eb54,7000,NA,5,0,451459,616440,0,0
5a4bc157-6644-45ae-8a25-6985d0c310e6,665,57,17,0,462232,710754,0,0
c5b38145-f6e8-4af7-bda9-f737dbbc7e00,689,9,6,0,88350,207944,0,0
5b671843-45f2-495f-9560-d5cb6a47ef94,748,44,8,0,241699,433906,0,0
0c24fa9e-2852-436e-9293-a8093f0d8e56,720,NA,7,0,310916,367334,0,0
85bb4456-60af-4797-b1ee-571a2820b4c5,668,NA,8,0,87647,374506,0,0
4177bb89-cb89-4ac5-ab9d-d1a75489ff3f,720,NA,8,1,66899,95612,1,0
26d01bc8-175f-48a2-baf3-b2c12b747b81,717,16,12,0,254505,389796,0,0
3f131ec2-0bcc-4bf3-bceb-358ed9741032,,9,9,1,93404,138820,1,0
8434bdf0-a97f-46aa-9469-125802cec522,684,45,14,0,278787,350878,0,0
25d23228-01cf-4cd7-92ba-48e9bb0f4541,689,NA,10,0,752913,933394,0,0
8780d122-c42f-45cf-ae4b-f5dfce023b65,,NA,8,1,85063,471306,1,0
587c23df-956d-4c10-8dd7-dc55d2818ca4,640,NA,8,0,696806,890560,0,0
611ac416-74cb-4779-b7bd-371b9c9ec92f,,NA,10,0,64505,131978,0,0
c3cc49aa-20d7-4df5-961f-7e6f76f0ae32,733,NA,7,0,212078,368698,0,0
dd4f3fb4-717c-482f-9e2a-13957f063f61,731,5,10,0,156769,268532,0,0
96f86083-8ca4-46fa-9a13-481a3c01de48,715,NA,9,0,378404,546326,0,0
123ee0c0-4ce8-487f-86ba-1081e8a82044,701,57,17,1,210102,717596,1,0
4c1d9594-b7c5-4425-9e39-587c2e03effe,700,53,12,1,56297,94204,1,0
f8ea972b-ae3d-4e55-9d69-2d59c21c8f7d,744,NA,14,0,1935530,2826142,0,0
ee8badcb-850d-45c3-ab17-45306f68dd52,,NA,16,0,73169,791780,0,0
a873b892-4851-4d13-8d1a-b25c54ba8cea,748,NA,10,0,236398,595034,0,0
ee75ec7d-9547-4f87-a6be-a46aef64975f,720,NA,16,0,172501,516142,0,0
4fb3955d-4cfd-4cce-ba0a-9829e3b51fae,716,NA,9,0,376504,618376,0,0
128b920f-f19e-4366-8f05-8de7754b8acf,7070,17,11,0,228228,307648,0,0
866ac4af-9452-4491-8ee6-61ba380960d8,698,46,8,1,82821,175934,1,0
36cff20f-ffad-4e60-8197-b05d8723b6e5,722,38,14,1,183958,466092,1,0
efb52b61-9ff7-419a-bd38-fb8d45843f1a,721,NA,5,0,121239,294272,0,0
b8b16cbc-a608-41a0-87a9-60afa0414708,724,NA,20,0,356459,889526,0,0
d2644a8e-95c4-41c6-b304-7c8e6c997ce7,713,44,18,0,193021,1006786,0,0
9c09d3b6-4100-4836-8439-a29fb8b9102a,7300,NA,8,0,323931,426712,0,0
74c8eebb-1867-42c5-81b6-428f29351654,,NA,10,0,61712,283514,0,0
8b7f65fb-2872-4b95-9c1d-879f52128d80,737,42,15,0,110295,893024,0,0
04ab3571-302c-4501-a703-f7efefc93656,,NA,6,0,103360,296934,0,0
7dfe22c2-2753-4822-b188-cdffbd5f64e2,,NA,12,0,237386,642202,0,0
d7adbc06-bfb7-4bf9-97e5-130a3c328662,,NA,6,0,245366,807158,0,0
0c917200-1e84-4dc0-9369-c8b4ecc94b68,,16,8,0,342266,581086,0,0
3b8dfea3-4207-401a-a9ba-97a41b330451,746,9,26,2,1034797,3153106,0,2
34c170c5-0d1d-4e03-8078-f096a2b5879c,692,68,10,0,106666,311872,0,0
003f6e36-5bb5-4f22-be99-9bfa6e734dca,747,NA,17,0,102030,442486,0,0
8e4b083f-9220-4a8b-99ee-e89bcd2e24cb,6770,NA,9,0,115862,340472,0,0
31139e7c-1eb1-4eb0-98fc-afcbcc3acf35,748,NA,20,0,51718,1871606,0,0
79e0adbc-fc19-4ab9-a92e-1f69c48c79fa,742,NA,15,0,367004,583704,0,0
63ed968d-7188-46bb-81f3-c57e95c41b09,732,NA,9,0,24377,71478,0,0
361ebd8a-5ea8-423c-a06a-370357bd1656,744,NA,20,0,200640,523248,0,0
ccc04b67-6b47-44ba-aa79-f97b9c0700bf,,NA,13,0,253023,416746,0,0
8f4f32c1-cdb2-4da2-ad54-ac544eb03e8a,716,61,7,0,194047,345158,0,0
2457d288-5876-4adf-95cd-ee0084f5b61d,728,NA,6,0,336281,588192,0,0
8c701705-6609-4ae9-978b-e81885edb1c5,715,17,11,1,70623,389444,1,0
8848cef3-20da-4bf4-804c-035ac2bd76b7,,NA,6,0,52288,128546,0,0
9ec72e42-2a8c-4a95-8249-0fc8883b08a7,707,NA,28,1,312759,522566,1,0
0956c1e0-6b65-4cb7-a8ab-3ce3d746ee0a,748,NA,5,0,99389,342496,0,0
ff11ca2f-5401-4ae0-8078-622043ab3418,698,51,14,0,230375,336402,0,0
012f2921-f62f-42b8-b046-5c03b4d74280,725,59,18,0,899308,1368334,0,0
9c3c2557-4ca8-4b74-ae7e-fff8e4441d74,680,30,19,0,312151,1606374,0,0
07cda284-4ba0-42bb-9025-415af52c769d,723,NA,6,0,215650,268202,0,0
7fef33c0-8ea6-4b47-add5-9d98a1057aff,,23,12,0,140220,323444,0,0
9a98e5ec-92b9-4291-9d44-d85167cee180,,NA,14,1,260072,818290,1,0
74fb66c4-8318-48ec-947f-5caa25b42800,686,NA,17,0,799311,1090122,0,0
a616104a-9d1c-4b0d-8ec7-b8752eb51979,,33,4,0,118503,151976,0,0
4f17de34-d5f4-4630-b5cb-cf3d2ba79d47,696,78,10,0,392179,503976,0,0
4d142b1f-4264-445f-b192-b14da11da80c,,NA,20,0,209171,1542684,0,0
0f6790df-236e-409d-9e43-d8c2db0bbbbe,720,NA,7,0,308389,393690,0,0
f9628cf5-4585-407d-841f-3ef7c0b326fc,697,9,9,1,213123,651134,1,0
d49dceb9-5909-41dc-bd5b-6f659f1bdd05,716,34,4,0,30628,106194,0,0
89ced915-a11b-45e3-8049-19e07f6bdcc1,744,NA,10,1,240901,414480,1,0
3470a38e-91f9-45a9-93e3-27e75676b3de,693,NA,11,0,591964,1043262,0,0
1ed4e088-9bc9-4810-8f25-961f4ae8bd32,7050,NA,2,0,181906,221958,0,0
e95397ec-7b14-4256-96eb-e23f8f0113c8,640,32,10,0,61712,224026,0,0
d4153496-80f9-45be-a27d-1957a5ed4ca5,7440,28,18,1,236835,870584,1,0
88ff43bb-b15e-4516-8fff-043799a572fe,716,NA,6,0,25574,197428,0,0
41f8eb42-417a-43e4-8955-0bff41733904,741,NA,9,0,139403,280742,0,0
a424c3f2-ace0-4a6a-bf15-911a88e05f6c,707,76,7,0,292486,503228,0,0
30f0206f-1fb2-469f-86da-f26c0e862570,736,NA,11,0,93689,281050,0,0
b6d13586-1d05-412e-934f-da9124344f3f,,5,13,1,227164,429110,0,1
f05b9382-24c5-4ce3-8ee7-a34a9acabe9b,731,4,9,0,152380,350086,0,0
2537a7f2-195f-4972-a625-4756bdab697d,716,NA,19,0,164464,391028,0,0
022856b6-5bc5-4ab8-9403-0773d5c9eed1,686,NA,15,0,192432,446534,0,0
a82dd254-1979-432e-87ea-f9c91a3b2833,733,NA,10,0,158346,397738,0,0
0e31e5bc-7d83-40bf-b330-cabac2136b27,746,21,9,0,177745,326678,0,0
8b7ba59a-c5e3-4cc3-9774-b077275735ff,647,NA,3,0,23104,55044,0,0
17981fa5-00bf-4105-930c-a243586e61f7,737,NA,9,0,298243,675796,0,0
95cd8ff9-3d44-4372-ad1a-5fef472729a4,,NA,10,0,137807,335918,0,0
e421da24-e640-430e-b881-8fbd723b8261,747,NA,7,0,197220,517792,0,0
f1724161-cd1b-410c-9af5-0c0e31ec82c0,692,45,11,0,265050,358116,0,0
55f15bb2-d03b-40b2-a75f-6aac6c56541d,,NA,19,1,571121,954250,0,1
2d647dbe-63fd-419a-895e-e632da011dc6,749,7,9,0,283594,761882,0,0
deb70a4c-6331-4ceb-b9d8-599c86c63d14,,25,9,0,267938,643676,0,0
ab47ecc9-02a3-485a-98e5-856d542946cf,,39,3,0,303240,352528,0,0
b6b1cf6e-6084-4887-bbce-83e82f41d72c,,NA,28,0,545813,1217700,0,0
38d4e122-9dd5-4b6d-adc1-44c3456ec622,,NA,20,0,429286,1598300,0,0
3ae698ce-b59a-4b92-af1c-f250f4ac2911,710,2,14,0,72789,842754,0,0
d525a797-679e-4898-bb83-b592dced893e,711,42,25,0,49932,310860,0,0
d4f100dc-92f4-439e-94e0-29c8a81dc469,633,NA,4,0,179018,300410,0,0
b0b26f44-2d9d-46c6-9754-fc4c12e39b7c,720,7,8,0,135546,338272,0,0
82f75e7f-8454-4d4b-b551-7af86a9119e5,728,2,13,0,54074,115962,0,0
b0326c0f-13d0-4199-9527-699f7a6c4420,694,NA,7,0,162564,341000,0,0
26a573fa-d5bb-4ecd-9fb0-a1a340569901,741,24,7,0,333583,951368,0,0
4d8aba64-ad09-445a-a7b7-10dbfe9391a6,725,NA,6,0,75544,403062,0,0
c400519d-ed3d-47ad-8331-830f1766b096,,NA,5,0,70775,109714,0,0
c0109e68-fec4-402a-b3c5-5f72545aa15d,,79,5,0,18107,97944,0,0
931fffce-9c87-4cd9-9d42-d468f5e39bb0,743,NA,9,1,101745,328174,1,0
e440b7ad-a1b7-42f3-b824-acd27d83ae22,692,NA,5,0,89034,128700,0,0
65220fd4-bc8b-4c9e-8f7c-e11dfa9f1adc,,35,11,1,135641,710666,1,0
5c3ea048-0736-450d-8168-c366779779ed,719,NA,8,0,42465,630322,0,0
1e058573-7e98-4eb3-8568-92f2a06e1738,699,NA,9,1,354749,524612,0,1
619a6f79-cb44-4e7a-add9-48d309c6bb13,683,NA,15,0,532760,651420,0,0
72cba917-949c-42e0-b429-3971f44cc58b,725,NA,6,0,153121,496606,0,0
953b2c12-28fd-462e-938f-d3fd84c7fba3,733,26,14,1,56962,289256,0,1
bc584529-5534-4a9b-a8fe-816b8ffb80e6,,NA,13,0,731747,982938,0,0
9c73183b-73c3-4875-a405-5dd7d82d64b6,728,NA,23,0,583186,802912,0,0
5f46cddc-38eb-4725-a9ce-ad8354c096cc,663,NA,15,0,257583,322784,0,0
a9a34fb5-33d6-4840-a8d2-733ae9e55a74,722,51,9,0,159467,504504,0,0
41df67ed-4896-4a8e-b6f3-22246ece5ed3,718,49,13,0,161405,194678,0,0
43935d59-6626-4f0a-8723-4ceae1d30601,,21,13,0,486343,1497672,0,0
697c3263-41f4-4222-8460-99f6ac770abb,,75,7,0,28177,207878,0,0
cae5b943-331e-4990-ac2f-d2bd0f923708,,NA,14,0,386631,1320594,0,0
81b6a573-1921-4fce-a797-f8125ff5ffbe,722,32,8,0,166630,261074,0,0
47cc383e-1ce3-4ec7-be9e-7afc57ce9615,,NA,5,0,254733,534336,0,0
062858a3-23e2-4b87-90ee-0d8474897485,690,62,17,0,330695,1029358,0,0
093a7b1f-224f-4dcd-858b-9615d9971b17,716,72,16,1,158232,724152,0,1
e26a2c10-c69a-49c3-bdf3-5da559eebc86,7420,40,23,0,460655,1167144,0,0
9192541d-f06e-463d-b8d1-fe9da778d18b,748,NA,15,0,21090,530860,0,0
6be9b3cf-e711-4e19-9776-b7c283b3138b,735,NA,14,1,158631,351186,1,0
e9e5b595-424e-4341-9ca8-a2f67e1bff64,,49,6,0,27816,243980,0,0
680208ac-ce75-4890-8919-82552ffbb0c0,728,NA,8,0,108148,145442,0,0
6bd55422-0705-4a4b-b652-2d9191acf5b8,732,15,11,0,466412,866844,0,0
f56a1bd3-663f-438a-9221-8ca255a5c3fc,,NA,8,1,202730,291236,1,0
e908b94a-b4bc-482a-8d88-36fbd25993ba,676,33,7,0,27531,32670,0,0
33c6f7ef-e2a1-4e90-bfae-06afc22b8f04,734,NA,7,0,483892,753082,0,0
4191c26d-82c7-4d45-9c09-8109b6d83ef0,,NA,11,0,121087,274362,0,0
227f245d-3d5f-40bf-b367-aedbe5c41721,611,34,4,0,4104,6644,0,0
bad319e5-ae0a-4201-8ae3-d4a625d80e73,,NA,13,2,263758,526570,0,2
4f121dd5-87b9-46b1-9c3b-f00648ed6a6d,,NA,13,0,465918,583242,0,0
52d7ce61-b91a-4f90-8ac0-e620fed1a6f1,,NA,6,0,456323,1065262,0,0
e1a3efb2-0e2c-432e-9421-f19087f14f15,718,NA,15,0,636462,1473934,0,0
7adf31ff-43aa-43cd-8555-9a510c8fb93e,709,61,5,0,405935,625878,0,0
610ffed4-027f-41c2-b746-2d961b72c8fe,,NA,4,0,95228,121726,0,0
a28ea277-1de5-4a18-90c0-1fedc6a9766d,,61,4,1,10184,124168,1,0
e64f1ca2-d72b-409a-bea7-7d4104beee19,6710,NA,17,0,328605,399278,0,0
497983b1-5438-4cfa-8759-5f5cd605be8f,715,3,12,0,1204695,2048332,0,0
3ddceae7-c837-454b-a71a-541e5765caf9,748,NA,10,0,827944,1149500,0,0
2234e491-3823-42c6-9bf7-d24fb6238a28,,NA,4,1,54150,103114,0,0
ed03eebf-c2e6-457c-811f-d47af399aa04,749,NA,22,0,205656,1196646,0,0
e7ac6ab1-2c09-48d2-ae8c-91b8f47b0a09,715,31,17,1,177650,373318,0,1
d3b87056-6391-4fb5-8a13-9dc78272df20,728,NA,8,0,352564,430166,0,0
22f42b3c-51a0-4413-93b1-98bc44d3c3b1,678,NA,10,0,26163,522170,0,0
641dfe5e-30f1-47bf-a520-2b41da517fe2,727,NA,8,0,112689,307780,0,0
01240e26-a9c2-4537-af80-df002b86f48c,741,6,6,0,71573,518034,0,0
c72b9c32-df12-410e-9ab8-438ebceb4460,722,NA,5,0,20957,75086,0,0
8999f020-e704-4083-bc6a-3ddb217df59e,724,62,11,1,93670,331716,1,0
bd1bab43-cc84-4a52-90e1-13db7f8c459e,733,NA,7,0,262371,550352,0,0
96221533-e640-4d07-8967-159ee2d4e2bc,725,9,9,0,62890,131186,0,0
aae83520-cf66-45a1-9175-be6027df67db,731,26,8,0,164863,235950,0,0
06e1abae-af3c-4307-9bca-282cc060b1c6,733,NA,9,0,240255,581988,0,0
e632c385-c5e9-453d-954d-533ef0e3ac06,,38,13,0,223953,375276,0,0
4345fb18-e180-4e5d-acaa-0094a35aefa7,686,11,14,0,585295,2244088,0,0
746de72e-4870-4a4d-8dfd-037cf19d9fd6,7190,43,16,0,152703,191356,0,0
3dbfcf56-fea2-4425-b58d-7a8bba50c16e,709,71,16,0,96577,257642,0,0
f4a31978-f122-42a5-9dd5-7f02894adc80,749,NA,16,0,58976,343156,0,0
9ef9d82d-fd37-4a87-9dac-0ce5c37eff2e,670,52,8,0,107236,149974,0,0
183f3e70-bfea-4c01-b984-9be923b6a325,701,66,7,0,155211,329164,0,0
39c79314-1387-4bbd-b7e9-f633e3186d47,750,NA,13,0,79496,786654,0,0
bfe0e740-65cd-4b9b-a3a6-988670b5f9c9,,NA,8,0,148485,682264,0,0
25614e41-647e-4e93-8333-97147f65d9b3,739,NA,7,0,154983,284878,0,0
917a4e5c-1d61-44e7-9093-e94e99a09afc,697,43,6,0,72333,120164,0,0
52863a98-7395-446c-9c19-2c7a29dd7d1d,739,43,23,0,140429,444224,0,0
40019cb2-287e-4527-8676-b6b0ffc13650,,30,22,0,717877,989538,0,0
1c16045a-50e0-4ae6-bc0f-02b3a82dd1b0,,78,8,1,173869,359502,1,0
ce4469df-d2c9-4d5f-b1af-9a87a402654c,744,74,11,1,53960,135234,1,0
a203094d-5537-49d7-b6a2-e79f4d233aee,713,29,11,0,122037,252340,0,0
1649f8a4-cd63-48a0-9dce-9ad0367bfd11,746,NA,15,0,1959109,4154678,0,0
8fcfdb91-85cd-4ae7-a06d-7d6f3e10d0ac,,NA,9,0,684209,1259522,0,0
f7873c2c-29cc-4a8e-89dd-7ca7b1f093e1,736,19,10,0,315343,455840,0,0
58aa6b94-818e-4c60-b8a7-5e0b1be3f723,742,51,5,0,72960,90266,0,0
d163f396-b215-4190-af92-99a95b218f8c,,81,8,0,16131,19844,0,0
7b877caf-cdab-410e-a54f-34180655fb99,714,NA,16,0,277305,389202,0,0
ce3e912c-3e48-4e50-a2c0-8357cebb1c77,699,19,10,0,746339,1095292,0,0
fb1b4301-748f-4c9d-817f-13ccb299d0d6,741,NA,10,0,166288,526086,0,0
c5edc66b-818b-4ec7-8705-aa303117608e,,7,9,0,227658,347776,0,0
323d6da5-6392-43eb-86dd-e17f91ef505d,701,NA,2,0,111891,131406,0,0
75a4d848-c92b-48fd-88b8-d2833cc6fc33,724,NA,14,0,599659,756360,0,0
3b3f397a-8c94-48c4-b217-8c1890bcc902,718,67,8,1,43890,66000,1,0
112fed12-f5a9-4283-9513-5b62bd37c81d,731,NA,6,0,160797,235092,0,0
9cee17fd-01cf-437b-9e35-645e5a3c768c,749,NA,5,0,56639,500544,0,0
48e07be4-efa3-40dc-ae2c-739559e385dc,744,77,12,0,258115,475904,0,0
d4b04511-a827-44f3-8339-2696e472c724,743,22,15,0,107426,846120,0,0
23cacdc8-b2d8-456c-8b9e-8ec4f0478a4a,747,NA,9,0,302385,394284,0,0
3c0a89c5-943b-4832-8311-6fea6d7ab059,720,NA,9,1,158137,290620,1,0
1ff99373-1bde-43b8-9945-963286fe026a,731,5,18,0,282910,938630,0,0
b47596e8-c948-469d-bdf4-b9dc3d27563d,671,NA,23,1,90782,946946,0,0
9e2b8c57-b1ef-4b3d-97d6-aa1d60bc9cf0,722,NA,13,0,252206,457028,0,0
988172a6-f44e-4fd4-ad39-2b365fd8277f,,NA,6,0,67165,161656,0,0
2edc2f1e-2d02-45b0-be09-ec0307b4287f,7480,NA,10,0,308598,511192,0,0
7cd54c38-2217-4685-a169-91f8ebf884d3,730,NA,13,0,1026095,1186922,0,0
7691e7d5-081b-41ab-9dd0-a87581e32d18,667,77,7,0,331588,477532,0,0
28cfdae8-97e7-471c-8a64-a4fadb0a6bc9,6670,NA,2,0,9481,33286,0,0
91884375-9e6e-46df-91d2-801b8c3ad27d,,NA,10,0,130796,421872,0,0
fa48366e-3286-4568-8de6-b1abd583161f,698,NA,6,1,231572,427636,1,0
ab4d487c-0915-4d39-8c37-7d34c3e5e218,,27,9,2,202255,301400,0,0
01b18ab3-e438-4b01-9d38-2bc0f12852d6,,38,11,0,112233,262020,0,0
f0a4e084-8006-4b3e-97fc-c0bb8dd5fcc4,711,NA,8,1,137389,212124,1,0
a4998912-4217-496d-ab40-7ea0cb76356a,,9,12,0,1283944,2102804,0,0
ad0b5d35-6e8e-4bdb-bc0f-cca40b0ab89d,740,NA,14,0,43491,329186,0,0
dfb6ef6d-6021-4b28-8c2d-092f30ef9807,740,28,10,0,215194,550066,0,0
3701e5d7-6b61-44eb-90f2-44a5e0bcd0a0,737,NA,9,0,269819,533148,0,0
597acb7c-a184-4adf-8870-6778db6c1268,695,NA,5,0,112404,150810,0,0
6069fceb-d91e-4e68-a5b3-b111f95e93cd,7310,NA,3,0,144210,240592,0,0
8b570260-8c10-42bf-9a11-79fbf97c7930,722,NA,14,0,347795,509102,0,0
3698824e-a788-46e2-a70a-e0750f71d674,654,NA,18,0,436069,642400,0,0
3475879e-02d7-4812-9c3a-19a725757791,723,NA,6,0,120897,238876,0,0
168e0b32-1019-4288-a229-f5db019ff44c,722,NA,16,0,327864,600688,0,0
16811137-6238-4ce1-89c2-69ae0506a819,740,NA,15,0,327788,826892,0,0
242d7f26-d791-4bab-8a8d-3da3e632faa0,,24,6,0,112784,195184,0,0
828e88af-c7aa-4306-b919-cb984cd280f4,,NA,8,0,504507,700436,0,0
de742a24-5fba-4d8e-a527-0b0793e9b716,,8,7,0,211337,288574,0,0
a7862fd6-2747-4e32-bc2a-9ed0f94e84fa,713,65,13,0,136097,263978,0,0
68ca7815-f896-4dfe-8497-62d985418962,742,23,10,0,589,343222,0,0
a4d6a413-445f-4b95-a709-65a41d2375f7,655,NA,11,1,111644,171446,1,0
8acef7fc-6ebe-4cef-a7f6-304caabcb5ad,727,9,11,1,192052,599390,0,0
ab3d0359-2da3-4928-bca8-09aa2b93066b,720,NA,6,0,17214,32736,0,0
b07ad519-4b54-4c9e-9eea-a7602f0f3d73,701,64,12,0,220780,289828,0,0
0aef3c0c-a8f4-4f62-a9ee-eaeab8163ea9,667,78,22,0,577600,923736,0,0
654d9b3e-0e73-4a98-bdaa-71da3068b324,709,NA,18,0,631313,763818,0,0
eeb2ec39-324d-4e16-aef2-445219c13f4e,6010,NA,17,0,286159,394460,0,0
830f5516-b011-4f78-af4b-e78a4ced09dc,670,41,5,0,89756,108482,0,0
26341604-b8cd-48ad-87c9-f68dbaf80b2e,741,NA,6,0,360240,518804,0,0
ead62d0e-8997-4d6c-8281-4c0388ae7bb3,727,NA,15,0,111055,756404,0,0
90165c24-5816-4993-bf9c-4e42725075dd,723,80,6,1,99598,250712,1,0
402ddef9-ed97-42b0-bf6e-3f09dee87514,727,NA,13,0,346921,727716,0,0
8e833bae-bae3-491e-8d0b-f9ebd89e271f,720,79,10,0,488452,647108,0,0
010b0f93-5a9d-48b3-b718-f4a0d36d0e99,716,NA,5,0,231515,275770,0,0
0aa42eb1-45cc-4dd0-a1e0-53af51fe1d0b,7330,74,10,0,60154,252362,0,0
1f49b015-9393-46cd-914e-1d5b5851e2e0,,NA,10,0,179778,349272,0,0
790404cc-b8c7-49a7-9e9b-4ae0e22bd43f,750,0,7,0,42465,1294216,NA,0
84755be2-9770-4ce7-8979-8fa35aeb38df,722,NA,15,1,191653,541244,1,0
76fecadb-bfc4-45a9-b86f-8eaf6bd0c75f,738,6,12,0,313101,589490,0,0
cb272ef6-ae6d-460e-bf80-776fa35a79c5,,NA,7,0,24111,129866,0,0
181e6ba4-15e9-4d48-8760-3b9db5f431fb,743,1,8,0,153330,778690,0,0
4a3c5007-248d-4718-a7c5-b31a75c5fad6,682,76,14,1,169898,311740,1,0
e7268b9c-913a-4fdb-90f3-97cef9f2c01d,,17,9,2,22686,320430,1,1
b6bd1426-1eb4-4b7a-9fd3-60b9e2e76279,704,NA,11,1,67279,304282,1,0
6bdd0591-3028-475f-998c-90b66e536dd7,731,50,8,0,227316,408716,0,0
09639d0f-c026-4cbf-83dc-3d6fa0f08c32,,NA,13,0,271396,371888,0,0
a2fd99b5-b20b-4c29-8f18-5f88a49aa6bb,7210,NA,7,0,71459,149094,0,0
ac944ac9-840f-4d39-8bcc-f2add1fc7d3c,734,NA,10,0,317319,405988,0,0
aa9f47df-4d4b-402e-9b93-b8e47382650a,749,24,9,0,437760,1689600,0,0
73a9d858-1c41-4171-9d79-6824a7ea7d4b,719,9,11,0,414827,555918,0,0
057ad779-2ad2-4324-8605-79721fd50677,750,NA,11,0,179303,1412290,0,0
408b0f6f-3e61-40b1-8615-4ca569f609e8,698,76,9,0,151563,236522,0,0
9b2e4517-c487-4e93-9d68-8d7f16970ead,730,15,7,0,149511,274802,0,0
ff5de4f6-f489-4015-beb0-7d215ca30242,679,3,13,0,123386,998998,0,0
536df43d-95da-4aff-9316-5cc3f6ab374b,662,NA,5,0,515014,772464,0,0
9cff60cd-818f-48da-aa63-5bc2556b47aa,729,10,22,0,480852,2209460,0,0
a14c30eb-c403-4799-9bec-65610c65c6db,738,NA,13,1,90991,163592,1,0
109a5bee-3887-4270-a3b9-76b063c52188,,NA,15,0,491796,799766,0,0
6488413d-2276-4f01-a6e6-e89bcd579144,732,80,10,1,202692,363308,1,0
6a3cd041-190f-45dc-8fa9-fa9898346e5f,723,NA,13,0,100852,442310,0,0
0d400c59-a636-476f-8582-80fff36dbc96,7100,NA,18,0,647406,1322090,0,0
2121a8cf-668b-4711-ae63-6438b93f2b07,737,NA,14,0,61617,544588,0,0
88912a4b-06bf-4e1d-8c6e-0af2a8b9d3d8,705,NA,14,0,717554,1308406,0,0
e6454e2e-d84f-4897-bca8-aef291a60d51,731,18,14,0,189354,777458,0,0
ba114846-dc52-45c0-b154-17ac7874b38f,680,64,11,5,69958,147004,3,0
a1adfbe6-079c-46ef-bbe6-13d794d7a333,736,NA,14,0,374870,1104488,0,0
cbfe6f9c-7d7b-49e5-925f-fde0e62fee3d,735,72,16,0,584478,854502,0,0
b638fc64-d4a9-401e-97ae-f6ce659a12f1,734,40,15,0,346085,1154824,0,0
670e82f3-a4b8-4f53-9df3-67af3a4633d0,696,NA,9,0,213940,263252,0,0
f3cfa864-5e51-4115-b53a-fbc2a3d310c3,737,NA,8,0,273258,578446,0,0
2b64638b-a4a6-4a2f-9879-125a5aeb7ca7,699,36,6,0,92302,122848,0,0
a6a57dde-87dd-475e-9f59-3e01c8b743ca,7240,38,9,0,124450,279818,0,0
5772ec0e-b261-4d9c-b141-f882a4b82485,740,NA,9,0,75487,188364,0,0
56c73107-d5c4-471a-9206-0c12c88296c2,741,NA,20,0,344185,547404,0,0
f2b2ad89-1246-4dd6-a5f4-455edbd5676c,725,50,9,0,37639,142890,0,0
4c8fa7ce-55b7-48f4-97ab-5a9aa3197f94,,45,16,1,66690,245960,0,0
b15dc8d5-37a7-4439-8375-e2a820be539f,748,19,11,0,82954,129646,0,0
04539ca2-12e2-4f03-b3dc-7b45a99bd2bd,730,NA,16,0,669313,1601248,0,0
3e54687b-d549-4004-bc4e-be290468730a,735,20,8,0,139973,403194,0,0
b1c4384e-70e6-481c-b7f2-0b82b13c26fe,722,59,5,0,71079,93434,0,0
62e9df93-5538-4dd9-aea1-971c0937a489,,16,11,0,65759,472978,0,0
004275a5-d726-4c0a-b62d-82b475a2660a,,NA,7,1,50844,684662,1,0
77ea3fc0-43d5-4c92-b0e7-97949eb73b25,717,48,7,0,0,0,0,0
d1d847ee-43fc-49ac-b9a4-48ab3cc23f9a,746,NA,14,0,299326,482702,0,0
922b165c-83e9-418e-a958-a203237ec7f0,,NA,21,0,454366,844492,0,0
2beb7282-a347-4279-a559-9be35f0eb6aa,743,NA,5,0,278635,394900,0,0
b53e28cd-02ab-4c69-a6a1-7943832379c0,7220,NA,7,0,386631,472230,0,0
43573eb7-269e-49fa-aae9-3beb493407b0,7140,31,9,0,769595,1100132,0,0
6dcbffe2-204c-432c-9b21-f943ff4e5cff,732,NA,22,0,629527,999922,0,0
e68dcb11-e5c4-48fd-99df-54099739568f,,NA,15,0,582540,711502,0,0
ea89b9dc-2d28-4fb1-b58c-723da177e2ee,662,32,3,0,1691,178398,0,0
a3a1f804-b49d-45a5-bc11-4c30243b8ae2,,4,8,0,82175,252362,0,0
65fac423-3006-4e0d-b106-66ccf3f127e2,,NA,13,0,121315,1160896,0,0
173141af-3d52-41e5-bc66-26d8372a9c88,,NA,5,0,254087,327976,0,0
2bbffd7c-9791-4172-a876-3c6c5f87da06,714,55,11,1,196574,481206,1,0
0a277211-565c-4dce-9e1f-6ddef9ae436d,745,NA,9,0,263055,612876,0,0
4d54c6e9-489c-4fd8-98e8-8e2c0dae117c,,41,16,0,349638,568590,0,0
9a99b341-fc23-494a-945c-575f31dbceb4,692,NA,19,0,716452,1320968,0,0
5662a5c4-dc31-490e-ab6d-d394c25c5195,715,8,13,0,297654,848892,0,0
337f94ed-9d36-4989-bf8e-a3165603d284,732,NA,7,0,196536,317394,0,0
46c6f0ef-c536-4bd6-8c65-6b68acc1b507,714,NA,18,0,189544,225324,0,0
4a36242c-95b1-4b2f-aa6a-9fb8368f4f78,735,62,13,0,211831,340670,0,0
95af526f-a1ed-4466-b874-2f494ebc2f75,740,15,11,0,268432,328922,0,0
0c511b54-4708-4cc0-affe-ec7bd76dc164,692,20,4,0,0,0,0,0
72b166fb-43f8-4154-bc23-9874ba7a8706,751,NA,8,0,20444,591734,0,0
3cd899c1-7885-422f-a65f-ae7f29b4973a,,NA,11,1,49324,221364,1,0
fd0b93d4-add2-4898-b205-90127e42b307,656,9,20,1,92587,427130,1,0
a1c17e65-05de-4a3e-a201-576a4487ef30,,NA,6,0,80066,116776,0,0
17def4fd-119b-430e-bc45-abbe931821e9,728,43,3,0,72371,242880,0,0
ce0dc165-bd50-4a0d-a1d4-697c32fcfda7,669,62,5,0,78014,121088,0,0
e48e2864-1e11-4fa0-833d-c973a7cf1ded,709,71,10,0,36157,228800,0,0
e4a1a4c7-86fe-4fec-8302-1c4995a4894d,6400,NA,15,0,400292,553080,0,0
96e6b0f1-9816-4a42-96d0-d3b60f5fc515,704,51,8,0,168815,296626,0,0
2a6d58eb-6f57-4927-b18d-03e7e6d92228,702,NA,9,0,43757,888910,0,0
9d75bd90-3253-4065-a884-91fa7b8c86b7,,79,3,0,76209,124102,0,0
55ff06e6-0d18-4780-9fec-65ed30d49583,715,37,9,0,79344,168278,0,0
b532541d-b54f-4a7b-bdb0-ea003b3ea9e4,704,57,18,1,259445,375518,1,0
44cd6e1d-b9fe-476f-ab6b-4043b8316ab5,677,NA,19,0,187568,227876,0,0
bf31c641-001e-4ebe-bdcf-0ebcd6f9e290,708,66,13,0,240084,430320,0,0
7f629a05-6751-40fd-896b-243138e94ea7,745,NA,10,1,60971,534842,1,0
5607b10c-1fcc-4352-8a0a-54f7d2e8e770,745,34,5,0,309586,397430,0,0
dac8174f-8592-464c-b084-1fd08c11270c,671,NA,6,0,143146,225522,0,0
cb470eda-7224-43e1-92e9-14e54e89ae50,,NA,10,0,465785,735790,0,0
a94f06c3-83e8-4341-a024-9b9a33bf6028,707,NA,8,0,327218,453222,0,0
2e995934-4765-4602-9a53-995e020a586f,,4,5,0,11400,29282,0,0
e9e755f9-e341-4e8f-b092-f23372c65e13,7460,NA,14,0,466184,1150930,0,0
32a6eecd-0f35-4a80-bb73-634c9912d7a8,747,NA,13,0,122208,1131966,0,0
597f1c3b-49f4-4367-a422-a0b6ccb2b838,,29,9,0,44479,113454,0,0
0aff5133-da6b-4e5b-925d-52c5a7098ca0,,79,15,0,415074,620136,0,0
701b9b95-1ed2-4bb7-afa9-ff5d2ddc89d1,,NA,9,0,126483,155496,0,0
143ec79b-62f7-4d72-9b02-7795f33aaa71,,NA,4,1,25270,142714,1,0
3cd2c21d-33f6-4f03-9cda-3e3136737919,658,NA,9,0,46892,135740,0,0
2a807072-8eaa-45b4-a73c-b387520bc7d1,729,NA,10,1,109592,451594,1,0
eef01636-ad1e-4a38-9eb2-f219f636046c,658,NA,6,0,74746,163592,0,0
d2e88b5a-6d8c-4b9d-b269-ec1c95bd8ccd,742,NA,13,1,634391,1008986,1,0
135ffb43-b6ce-468b-ba14-e7a1451ff0d8,669,NA,14,1,210197,534908,1,0
ae5038cd-d96a-47ea-acaa-cae90bd236a8,721,26,12,0,193002,360448,0,0
8bffc2db-76fc-448a-82f4-03f3effd83e5,703,NA,11,0,816354,1542024,0,0
450fb105-1d25-47d6-9c49-309463ead617,717,19,10,0,154774,236456,0,0
e8793f59-f999-4b7f-88ec-c87944b14565,741,18,10,0,561450,1392050,0,0
9c3ee4a6-d715-4918-a30f-a8d129771aae,715,81,8,0,205865,510422,0,0
b8f956ae-bd9f-46ea-9039-00d9d5a8c6a8,722,44,10,0,226898,356972,0,0
0e490df4-7514-4fd8-ae58-68462560f563,742,NA,7,0,20121,529562,0,0
12eba30e-bc32-4e52-b064-66034a52710c,,NA,11,1,81168,587400,1,0
560bfefa-dc19-4de8-90f8-1cb4be095f12,651,NA,7,0,157472,393822,0,0
ab77247b-d7e1-4606-b0bc-6f43923316c2,715,28,26,0,297255,764830,0,0
14633349-4bcb-4c16-8d13-c6e477b4eb52,725,20,10,0,252130,338272,0,0
5d11d20e-c057-46ac-81ed-21b87d9f912a,746,NA,8,0,346028,2356882,0,0
54705a2b-0c5e-48b8-b35f-73b266fa1f30,702,20,13,0,163096,342738,0,0
3aade616-e4eb-43ec-951c-e3dd9aa1a7d1,737,NA,7,0,77995,310376,0,0
f4c35633-993e-4324-a90d-63b0c30c1e0a,703,16,17,1,230470,550220,1,0
b1b3934c-66f1-4b5c-8422-8dde23d7e920,743,22,4,0,541367,732292,0,0
476359a5-5d98-40c0-a123-8194bbe9d154,743,NA,24,0,357979,1936968,0,0
9bce3c95-2de7-4623-b40b-2112c5f5a364,749,31,5,0,360012,1114586,0,0
cb2da76c-9b68-4870-918e-85a8eafa87a0,714,25,14,0,215992,330814,0,0
a5f90a34-37a0-4856-b285-bc055f75f234,743,NA,7,0,118807,431244,0,0
8c76daf0-c6ec-4b11-817c-4cf2602f24d3,739,NA,12,0,299060,588918,0,0
bfc7603e-b07c-45b6-94ee-9e90e02d96ed,732,NA,4,0,65322,185856,0,0
6514e259-fb25-4419-9784-434754fc5d74,733,NA,9,0,157415,223938,0,0
fe36a779-d1ad-44dd-8c49-2bbafec913ec,742,NA,7,0,283385,494186,0,0
a150b8c0-db47-4188-8406-bc9fcb3098d3,746,51,10,0,241376,363462,0,0
c3641376-6f04-4c43-af98-25ac8f396db5,,44,9,0,7942,113520,0,0
644e923b-8341-4a05-8aa8-0ebe0bea9d8a,705,19,10,1,295203,871992,0,0
234a68a2-6aa5-44e9-b2ab-b82100326966,,NA,9,0,213560,309474,0,0
055369c5-05be-4866-b532-a20bf3052bfd,735,22,14,0,100890,934516,0,0
4cf46f12-c260-49cf-9631-062c74eba05f,740,7,10,0,102049,384890,0,0
1c629a5d-0702-4ae8-aafb-8ff38720a5c0,696,NA,6,0,11666,158862,0,0
ad1d170b-1c2b-4953-9a8c-31e6d5920247,,9,13,0,361741,636548,0,0
e3dffbef-66b6-4dd5-8c98-2ed8a09659ac,649,NA,11,0,260490,432102,0,0
557db0bb-4dcc-448f-bcfe-b6c37dbd8a87,7210,52,11,0,178619,276848,0,0
b6537232-c46a-44d7-ad9b-03fc81b03555,742,32,10,0,68875,249986,0,0
00e66b35-56ec-4d32-9f55-120261532f2a,707,9,10,0,177384,288860,0,0
f4ca203a-e567-44e1-bc6a-a8f846bad492,739,NA,19,0,273942,573628,0,0
6db35fc7-b80f-471b-b410-9312b2acb024,,27,10,0,216904,831622,0,0
a94e8ad1-2cee-4538-89df-eb669bc2c2cc,722,NA,9,0,452580,891220,0,0
c769d028-6fa8-4966-923d-efda67bd953c,688,NA,9,0,414580,480040,0,0
25dc77e8-0596-4ab3-89a3-5539e97b5f86,718,6,9,0,172767,412456,0,0
77a92b88-3239-4cc5-9df2-1137e96ef534,,NA,7,0,72998,123222,0,0
807c487a-f548-4395-97eb-895f511a1371,,NA,16,0,417183,1486276,0,0
7645f2dd-e32f-4d12-bdec-c403c2f3399c,,41,8,0,201780,435908,0,0
9a999bdc-ee3c-46d1-add5-efdb6aeaa4c3,725,NA,6,0,61275,194348,0,0
6711f410-b802-41ed-b587-0e4d928ce17f,679,NA,8,0,212952,250338,0,0
25b076c7-e3e2-40b0-a4d9-d5a305e7a0e3,690,27,8,0,1412042,1659878,0,0
8c20a262-6b59-4a33-b19d-a2b8eac30ed8,,NA,7,1,161006,314380,1,0
0ee00d1d-6f2e-48b8-9d09-c0814c856d5b,750,NA,6,0,12198,65978,0,0
13ba56c2-ba10-4176-80fb-a7119a8ab14b,693,37,10,0,326097,462154,0,0
9e4af7ae-10ea-493b-bf0f-d86ef9201c0d,714,33,17,1,132658,404184,1,0
8ce60d50-1024-4a28-9191-c32fb2a039bd,608,NA,6,0,63346,142428,0,0
d2e253ee-4ac4-457c-85a4-07baebafac0e,,NA,14,0,698136,1110428,0,0
581043c3-49f7-4307-b8a8-e26b53a044d9,658,NA,8,3,60002,273570,3,0
943946b6-9d36-4cbe-99d9-83b58b789142,719,NA,12,0,98135,322828,0,0
df2483f0-6953-47c5-968e-512fd3e23209,,47,10,1,133247,257576,1,0
66416148-f40d-4955-a17c-b10256e4b0b0,,NA,12,0,330486,517132,0,0
11a20028-f505-45e2-882a-fe4af2829a10,,NA,10,0,20539,528308,0,0
ae5d0a52-a59a-4d7e-830c-19b7a534fc31,708,NA,8,0,323190,806520,0,0
643b6282-cdf4-4ecb-89bf-0fea9fc4b00d,683,NA,11,0,175484,387046,0,0
f89816a8-c3a0-4bf4-9d38-5489ce91cb69,722,NA,13,1,225777,562232,1,0
293307f4-475d-44fa-950e-d6a3be1f1b79,728,NA,14,1,335616,626780,1,0
b46757b2-deff-45cc-8b4b-1c779f967824,720,44,6,0,232313,394988,0,0
625b5540-610c-4631-9a13-6653bdedf8bc,730,78,9,0,150385,888492,0,0
b0b0c752-f05a-4860-8e54-4482b5cc4608,713,6,13,0,332785,468204,0,0
d08a0812-0f23-49c0-85f8-8c0b7ba82f14,,NA,8,0,123329,536822,0,0
7dff9fe8-687b-429c-a7ed-2469dc2a0a09,742,43,5,0,193838,325754,0,0
b52306d0-1c6a-41ee-8780-6da8d16defb1,730,62,8,0,762945,939796,0,0
6935220a-362c-4ad6-aa07-5f02299a214c,704,NA,7,0,122379,196262,0,0
c1e7d305-0b59-4859-baf5-d923f7379c76,718,NA,11,0,69141,119834,0,0
df0a3211-6597-4a4f-906f-a9d3ba630c7e,706,40,12,0,444201,675884,0,0
b95ad2de-cfc1-4b55-b39d-54a89f77eb35,719,78,9,1,182913,450626,1,0
cd32b774-dc15-4982-8b40-d14f92d03d15,729,NA,12,0,737542,924220,0,0
127ecc53-378b-4385-87ec-deec71392221,608,NA,12,0,482315,1431980,0,0
889b54db-c6ed-4dd6-b521-78e0dff11fd7,706,40,11,0,533178,698368,0,0
bdea1ce7-f673-4564-a3b0-19c7d027b465,726,11,11,0,1718873,3095290,0,0
0b0784e5-7334-4b37-8578-294c4a2914f0,,NA,10,0,151506,184250,0,0
96f7e824-4d79-48e0-9b29-30f16e4ea3e6,736,NA,3,1,83220,102190,1,0
2f3d8a8c-f0c8-431e-bd74-131564a6e378,594,40,18,0,562514,765380,0,0
322148fd-6933-4d12-a154-ebd981359a15,745,NA,13,0,1310031,2851288,0,0
35f12fe7-744a-4038-977f-2bded6feaf4f,740,70,14,0,331436,591316,0,0
8149af38-96cc-4ddc-acb3-28664c2262eb,744,NA,10,0,567169,1007248,0,0
5a83639c-b490-4479-99f5-e15d398c3430,743,NA,12,0,1047641,1454530,0,0
c1115be2-cd73-43e6-b8bf-68ffd716132a,721,47,8,0,248919,584628,0,0
59119869-0227-402a-83f0-8ceb02465239,674,NA,10,0,535097,638088,0,0
696218bb-cb64-40e8-83d8-f0e0dc31bded,712,42,5,0,44783,66638,0,0
cd34611f-3c4d-480c-b005-e4425aaaae1e,725,NA,12,0,560671,985138,0,0
1b49a815-1d6b-4faa-a7a1-90d12356478b,747,NA,8,0,418684,868780,0,0
2775a81d-59a6-458c-85a8-70770c393651,717,34,15,0,523203,1311266,0,0
b73ad7c8-b5ce-4e8a-9c4c-d766748c2e4e,,NA,4,0,132924,450010,0,0
6dcf59b7-ab48-49c8-90a1-13cdffa71041,724,NA,17,0,493221,1100374,0,0
34b6ba8c-8820-4f2b-9337-ebad4f06ef07,7080,NA,17,0,404852,1070278,0,0
2b1756ec-526d-4201-b617-c08b73853ed3,720,27,12,0,586340,847572,0,0
02fc0b22-ec87-4629-a6d3-3bf94254c1b2,698,NA,14,0,24263,131912,0,0
f73a1dca-febc-4300-8f67-34a16ef12800,697,NA,12,0,142253,306174,0,0
cd26a6c7-8fa1-4794-b720-f268d3901a74,729,9,13,0,82802,278718,0,0
63bae68f-64f0-4af6-a019-43e271afc3c2,,10,13,0,1426767,4009830,0,0
d92584f6-ae4c-40a6-a948-2ef8f723959a,717,9,13,1,127870,220000,0,1
40906166-da36-4dac-a5b2-01452ae4bb8e,689,69,14,0,615163,1483922,0,0
7aedf4eb-c3d3-4a5e-b8a3-e68c469cb9e7,7440,28,11,0,110371,280236,0,0
2e0ec996-78dd-41ee-b1b8-724b6dddb97c,741,18,13,0,713944,950224,0,0
ae19c172-5888-4a69-a278-8f7d776a6039,,53,5,1,72048,99440,1,0
94a48ee2-86e9-4ad5-8559-2c48f600dd31,,9,11,0,105355,230164,0,0
b378ac94-98e0-4b69-91eb-f468099a0407,,40,8,0,102239,165110,0,0
4b41bc6d-b12a-4b46-8d45-85e4ce49f945,704,NA,7,0,210330,258786,0,0
7fd66214-49ca-4313-967a-50d200b3752a,,NA,18,0,685957,1630948,0,0
57717854-9028-417a-b7df-6e29dc2d06c7,654,32,12,1,217303,356378,1,0
1b16d41f-65ac-43c9-a1fb-fd38fd035e4c,741,8,13,0,161215,309562,0,0
90b0f904-e4a7-4eda-9ff6-5554fe8d7d65,7270,NA,5,0,103303,183480,0,0
4e273290-19b4-4607-aeaf-7f70ecac3cb6,,60,6,0,563179,915882,NA,0
02a6c2cc-faa8-4ede-bbf7-60e09c6da319,716,NA,6,0,7030,312972,0,0
0c69198d-5ebf-410e-a17c-59dd7ef68636,748,NA,12,0,459572,661034,0,0
ff0c3c5b-d056-4ece-87f4-91cf626d138a,738,NA,5,0,184699,217778,0,0
3832c185-74d8-409a-aa79-c9fed1069116,741,NA,9,0,454176,551232,0,0
0f6e65a7-6897-4068-a7e0-1c052240b377,715,50,8,0,193477,383614,0,0
f5709a9d-def4-45c7-81f9-9ce8c62da7c3,722,36,8,0,210938,413952,0,0
bdaa9a62-07a4-43c4-ac38-922977d16fbf,696,40,11,0,272669,473352,0,0
6201d330-8582-4211-b969-195f95b81c43,706,81,3,0,38532,159896,0,0
ad685d37-e94a-4533-84d3-587cf9ad02e7,,NA,10,0,106970,315964,0,0
06ef054b-e72b-47b4-adfe-e86bbcf7d9ba,7430,NA,9,1,35112,207438,1,0
947da648-0c59-4b60-ace9-b6f101ef36ff,748,NA,12,0,120175,752202,0,0
315e10c4-9ee1-4e1b-9a71-282ea08322ae,716,36,6,0,231325,295966,0,0
5097149c-a51c-4b69-859a-6eef09f14c9f,732,19,10,0,170012,246686,0,0
d815904e-baa5-4584-a1e2-fd5e6301ebcf,710,NA,8,0,330239,450912,0,0
2131a9e8-029e-4a91-b4a2-d8b1dd3e3d3d,671,NA,26,1,318687,704198,1,0
6620ff08-13bb-49c1-9661-295304164862,719,39,9,0,90231,211508,0,0
9f10db14-a8b3-4f06-84e7-fe1bef2b2ff7,,NA,8,0,191254,374704,0,0
0b578cea-f7e5-4b22-83f4-4305e07ed73e,733,NA,9,0,732640,986436,0,0
0539774f-e09a-4362-b313-2986f2756067,,NA,12,0,238108,1681152,0,0
b77ded3b-70a3-4816-8236-4a4075c3d3b3,718,28,8,1,186960,526680,1,0
676733d7-5a3e-44d5-a679-c3d6efe2863d,682,6,11,0,0,0,0,0
0e386cd8-dbff-429a-a499-96e4e9e7bb46,,NA,10,0,222946,899492,0,0
58d1c13c-256b-496f-967b-fff6283bcce6,739,46,7,0,444847,547954,0,0
bb159b26-8e93-4b31-8a42-0cdd4b1cb3da,728,7,9,0,275975,522984,0,0
ebeaadec-afda-4aec-8ea7-efb1822874ab,709,NA,9,1,32414,165352,1,0
e8b92ee4-c2d4-4471-ad93-4ab713df2cba,,NA,13,1,93309,385836,0,0
7be58a66-d6a7-4399-bbbc-ef2545dbf1f2,7250,NA,10,0,304646,442618,0,0
3a544893-0717-4013-b7bc-57e1358fb352,745,12,8,0,247741,359018,0,0
bb039a54-27d4-46c9-b80a-b25f4ce6fc16,734,NA,12,1,139745,227238,1,0
4e34a26d-6bf1-4c92-8190-43f89cec8288,,NA,12,0,195586,541750,0,0
a6441e66-4008-46a9-b51c-2702800a5930,606,43,4,0,150119,205700,0,0
40c1f213-226e-4480-8c32-37e187f32777,741,NA,3,0,21736,156310,0,0
bb06cdba-9ca0-4e25-b108-1c0c8df54804,715,58,18,0,162374,559548,0,0
2cb63a3d-86ea-4c91-bf2b-18aa305dc5ff,737,29,8,0,123785,401478,0,0
c05af8d7-2e06-4d9b-8792-8d8f8fc2dc64,,NA,14,0,311258,370414,0,0
09d4e552-e61e-4d85-8b70-9a2cc76b6b44,690,62,24,0,134862,709808,0,0
f9a6bc5f-e191-4f81-9748-ffebb0e0428b,708,NA,11,0,121904,211640,0,0
3d9e6274-9b11-4d2c-b26e-ca2e735e8338,,81,11,1,127338,294866,1,0
225e9d51-563d-48ab-bf16-31f8cc811978,750,NA,17,0,125419,839498,0,0
ef09e076-dede-4d28-8574-fd7d4f832419,733,NA,13,0,97983,126478,0,0
f1b9ee10-f468-46e8-8918-71942167a724,714,NA,8,0,294671,362186,0,0
976583b9-5a11-4e28-b906-9bf44c0582c7,743,NA,12,0,682309,1180938,0,0
13d37aaf-bf27-4f56-b90e-48c1a049dbdf,,31,10,5,7581,109868,5,0
a8420961-de96-41b3-814b-3959ff2b23ec,721,NA,9,1,160056,428978,1,0
3dd215d2-89c9-4325-833f-f656356e09fb,745,5,15,0,172672,748770,0,0
b1aa098e-4e68-4d53-9c34-e23136f56343,722,NA,7,0,458793,578688,0,0
a49a209e-ade7-4a9b-95e5-9eabed6841dc,747,NA,9,0,172197,313984,0,0
9a0a64ee-b2d0-4346-b2ef-181def392246,744,14,16,0,242554,577874,0,0
5c74fa1d-8b8f-478b-81bb-4927e21a5260,657,NA,7,0,308636,411246,0,0
a702d3e4-c385-4fbb-ab7e-f867c5d5d520,719,33,14,0,647121,867262,0,0
d591dc8c-f7a7-4698-aa4d-b7e12340bfed,747,NA,13,0,610242,1275406,0,0
116062f8-3678-4116-886a-8b46dbfeecf3,708,32,9,0,159961,224224,0,0
f91a0a96-d757-4228-8159-1d4718027927,,NA,13,0,530309,613448,0,0
6ed49659-c658-4f3c-940a-514660fc149b,724,31,6,0,267805,352396,0,0
8d853a60-62de-4ce0-ae9d-3bd04f2708eb,713,62,5,0,19798,56166,0,0
15b8a952-fdb8-4eed-a4ba-fd097323d396,,76,7,1,214738,373362,1,0
fde9eacf-cac3-4f96-aafe-b277d30c809d,693,14,6,0,112708,335522,0,0
ab15c740-d24e-4459-8de5-ad30cbf3c30c,716,24,7,0,115558,157432,0,0
0f65845f-b10f-41a7-94b9-47fd65f755ca,7080,32,10,0,109782,144760,0,0
e67a0fd9-ad67-4dc4-8a0e-5225e0e506d3,735,NA,19,0,220229,667546,0,0
c573c3b2-05e3-4f76-9849-cb1e36d518b6,683,17,6,0,199234,296912,0,0
2326df21-9777-4146-8c15-4967432f79df,744,NA,7,0,430008,577632,0,0
5fd112b1-8d27-43ea-ac13-8d6f432e8b5c,,NA,9,0,301055,714340,0,0
5bb3e143-9e54-4260-9cd3-4d968a6081bb,676,NA,10,0,300162,579238,0,0
665dfa89-fdc1-4c28-b752-a5c352681c3a,717,NA,11,0,119092,232144,0,0
cfaccfe4-6e80-48d6-81d5-25aaddc4a7b4,714,NA,7,0,32433,110418,0,0
78a803f8-60cf-4b72-805e-64c74bba11c5,724,NA,9,2,72447,195096,1,1
6de955c2-b498-4b2c-b43d-05665b4e4307,744,NA,6,0,257887,534160,0,0
c3d166c1-b210-41ac-8002-aa8fae8db9a7,,NA,16,0,240920,429176,0,0
74a21dab-e724-40ce-9a68-b17947d51bcd,740,NA,14,0,423244,1072368,0,0
b6f5c918-b46f-47c6-812e-5fd0793ee0e7,678,NA,11,0,997557,1580128,0,0
5eb9d4e6-6d71-4c75-95ae-e8647e3ebe7c,732,13,11,0,449749,1115114,0,0
301d1c59-8076-4cb0-a00d-8557f8ff5e6a,727,42,10,0,284107,420134,0,0
32e1f2e0-6be4-4310-b938-dcbb89855c42,,71,9,0,129238,252758,0,0
78f2ca29-5db5-42b7-94c8-5f818aae1909,748,NA,14,0,266665,1764422,0,0
ff888a5d-3881-4cbe-a3af-59389ee47735,714,NA,7,1,13889,178816,1,0
8f787899-37f3-48ba-a501-0813c20ac357,723,NA,12,0,121296,190828,0,0
67da371d-b7d0-40ec-9548-951ec11f55e0,741,NA,11,0,140239,259402,0,0
5f8711c0-9e44-4e63-8479-14dde934a24b,711,NA,7,0,103417,286506,0,0
2600b1b5-45ad-48d3-a1d1-3b83cd15a846,745,14,11,0,81985,328460,0,0
afe2db44-2295-47eb-9b97-7b8e1baffd6b,713,NA,4,0,60496,195646,0,0
c64d824c-4fe1-4cf2-bf7e-052693b1f3c5,,NA,22,0,557821,1193896,0,0
a119d38b-d715-4e15-b6c0-f087610be52f,7440,9,12,0,68362,315326,0,0
78e125a7-5ab7-4e2c-9cf7-f667785f4394,,NA,6,0,238716,464552,0,0
fdd22d56-dc9c-49a8-8531-e96a0daef7bf,700,46,8,0,33269,65758,0,0
31936ca7-1103-40cc-9c9e-d0b81d7cf7a8,,15,10,0,119795,270930,0,0
4b74298f-a11d-4b5c-bd4e-b8ed65880be4,745,NA,8,0,145882,188958,0,0
6ec82a7f-d6e1-4ce1-a69f-79a21712b336,732,55,14,0,291555,981376,0,0
dd7e4189-c027-4285-b01f-ae586a3074a0,746,NA,10,0,140068,1142152,0,0
cb90b65b-9436-448f-892f-12995df1d486,691,42,14,0,520467,772618,0,0
606ff3a3-54e6-4fd4-bef2-7bf14a447c1a,742,NA,5,1,71326,268158,1,0
422e8b08-5890-4f49-9e94-dd0bfccd0fda,,16,4,0,64828,113388,0,0
f767898e-2e27-4b9d-adbe-4dfa32b1a3c6,712,NA,13,0,103797,938982,0,0
0eb58c96-257e-4adc-a6be-d36faf69081b,740,76,19,0,201666,452540,0,0
d89e4e82-e892-4f19-b599-9830a4f64654,713,NA,20,0,505210,869198,0,0
08ba9751-937f-4a67-bf0e-7b754138c996,,17,13,0,661485,1044912,0,0
fcbd4bde-6711-4075-88e5-0811af5ee0ef,692,22,26,0,691068,992772,0,0
abc72344-4dbb-4b04-b54c-1d180c132daa,696,73,13,0,620179,849838,0,0
4bab65f1-b08c-46dc-ab44-ac22bb8f1e5c,700,49,15,0,386574,749738,0,0
eaa8ac84-670d-4e33-8651-f2f1ab953dab,712,60,20,0,186694,343662,0,0
6c3fe583-5cda-4de7-b012-09fd23772563,706,60,9,1,493202,907896,1,0
2454442b-a73e-4c9e-99a5-ed181917a0ea,734,56,8,1,58919,259380,1,0
888d942b-4f98-4f0b-9761-ba324cbc79ed,,46,5,0,142728,425942,0,0
cba5490d-a6b9-4449-8dba-74630401143b,718,NA,12,0,340157,606848,0,0
3c577ec8-e327-4ef6-b31a-b6a5fbda23e0,585,NA,15,0,333697,472934,0,0
0aabf3a8-c5b1-4a20-83c9-d784e383f3b2,706,36,6,0,120156,148324,0,0
de5e1afd-d4a8-4089-9492-dcfeec6d242f,729,NA,18,0,297768,713834,0,0
04d2818a-3b2c-4d9b-9cfa-96b3d1b38312,743,NA,15,0,281466,1831016,0,0
5447cf21-891a-4b44-9c6c-c7c954310d36,688,NA,7,1,73967,125752,1,0
5d2b7683-028f-4dee-bff9-1928a5a23509,748,NA,3,0,0,0,0,0
7472ce5c-f885-4612-8b99-dad83938b3c3,7060,44,19,0,632947,882970,0,0
8c4f49b2-880d-455c-a7bd-791681072f1c,738,51,10,0,129865,229218,0,0
57c066ac-f7fb-4e53-8358-1f220555e65a,723,13,11,0,337060,598598,0,0
7e80230b-4717-4c91-ad9c-96f161185809,740,NA,12,0,859161,1120262,0,0
fca297fd-5b1a-4c13-a8cf-0cbc3e80cb8b,731,NA,4,0,72333,215886,0,0
d8fc5d87-4c0f-488f-9684-b292adeb6eb5,729,NA,12,0,375345,1329108,0,0
0d621199-a734-4d07-8f84-474b930b97e9,,NA,11,0,422769,2014452,0,0
d8da9397-c801-4493-b4c5-e010af057142,727,46,5,0,519023,958474,0,0
e423b13e-f500-4430-9aa4-5ca4869c2ef2,730,60,7,0,419007,533148,0,0
26ce0732-9f60-40f4-9683-3437f574b130,,71,5,1,46493,161216,0,0
7c4e8078-11ef-4857-ba08-59c1ab1c807f,717,NA,10,0,374433,589864,0,0
1302b887-3bcc-4df9-a068-10630ca239da,718,48,4,0,163058,276034,0,0
128975da-1c32-403d-affe-d954f532d622,742,NA,10,0,132772,637956,0,0
2c3d2b0b-28c3-444b-b6b7-2e27808f5e80,720,49,5,0,146870,181104,0,0
086a985e-60ed-47ed-a963-574a15b88ac8,725,NA,16,0,286406,652806,0,0
6521a727-a0a1-45a0-a26c-ef3043d4cfec,6560,NA,8,0,174610,410960,0,0
b0fb8f67-6082-4d90-ad12-4a1f74cf2b15,741,NA,19,0,2279392,2935812,0,0
bc550903-9dd1-4587-bf80-cbb6e452f299,737,NA,13,0,194617,262636,0,0
7f52e004-b04e-4e4f-93f6-79a008cd9da7,718,30,8,0,116755,292600,0,0
6a433865-cdd9-4441-893a-7c311eb46256,,NA,14,0,27892,252274,0,0
566450ec-006e-4b9a-860c-9bf7992dca08,714,75,6,0,31008,53988,0,0
14b5345b-33d5-4188-9e74-5bfaa7bd6dcb,701,NA,10,0,111644,215446,0,0
94a2094d-20b8-4d4f-8811-21fa7e0ec55c,721,NA,7,0,100586,164736,0,0
697315ab-d843-4726-a40c-29a3a0ca0065,,NA,12,0,193914,688710,0,0
17662f56-d648-4a1d-907e-3669a16cb965,7090,NA,13,0,156902,359744,0,0
99a5a107-a02a-4b8b-955a-7ec466b3e28b,742,10,10,0,46721,278894,0,0
ec1115f7-4e58-4f50-9bbd-71b99440fff1,,NA,8,0,184186,679228,0,0
815be3ad-de8b-4a71-99e6-8cd06a6a3ec3,678,NA,16,0,295944,686708,0,0
d4a522e6-df88-4b75-902a-406b6c140823,690,16,4,0,16340,116754,0,0
456392e2-49e5-47a5-9bb6-8d38fdfa2db3,742,NA,7,1,164939,317790,1,0
b487c906-45e6-43d2-a50e-1cc294e422e9,666,NA,13,0,348365,490710,0,0
02af4077-e9e6-4829-b986-534ebcd5e975,731,3,9,0,519061,873576,0,0
1e349ee8-d222-42c9-bcb3-d7c2cd1e8507,741,NA,8,0,91713,210694,0,0
f10c87b2-8150-45f7-a721-61c81a7ec78d,674,NA,12,0,430635,727936,0,0
05eab935-23c9-4194-894b-14bbe61de1fa,7120,NA,18,0,493164,859980,0,0
6005d6d1-afc2-4ba3-942b-40954f27c489,736,23,7,0,25441,165528,0,0
81e53a05-25a0-4bf9-b845-5057933abb9e,741,NA,16,0,751165,3609012,0,0
c6f735f5-07fd-4d23-9313-98def48ef530,665,NA,14,0,154261,251218,0,0
35fecd4d-16a2-481b-bfc6-fcb7fdaada05,732,NA,6,1,37354,207922,1,0
cde36b4d-0ce5-494d-bff3-f48480e437fe,734,48,13,1,314127,513018,0,0
6d4b3e43-2fd8-4085-addd-6d0f8f35f352,,NA,10,0,21318,128590,0,0
6c754425-d0b4-4fb7-8fe0-4d097cfdae27,731,NA,9,0,426911,652982,0,0
af6c0f20-74f0-4796-a0a4-aaf599000898,710,54,21,0,269287,568986,0,0
000751e2-fb3d-48f6-9a64-88632c41181d,749,59,7,0,204307,1399838,0,0
6b498af4-9a55-4bf0-a09d-0b917c9eee6f,679,NA,9,0,647159,844800,0,0
b3556525-ef4a-4e63-a580-069dbeb481e0,740,NA,10,1,197087,519838,1,0
64eda48e-a1bc-48cd-8f82-85b85f2c7aa2,,34,11,0,382983,745294,0,0
1a6196c1-1c49-4c0a-b5fe-26fb4cafd8b3,,NA,11,0,176681,347336,0,0
10664685-d00d-4774-8655-e28a6ffc59eb,694,18,9,0,76779,121110,0,0
e432a65b-1f45-414a-803b-89a5b718af98,669,18,7,0,291384,363176,0,0
2483fca7-cbe1-439e-8d0b-bc8238f0c4cf,,NA,11,1,169480,378114,0,1
f18c33f3-ded1-471f-a6e1-489b4444b27d,686,21,12,0,174952,238898,0,0
bd527b9b-e152-42e7-bbb9-f952ff3d8415,721,NA,16,0,485849,796840,0,0
4565d1aa-f428-4b93-bb7c-e7ad32b6d940,723,46,10,0,227031,534336,0,0
e357f78f-98bb-4b9e-ae36-ba9a456eaa92,745,34,7,0,183502,318560,0,0
eeb3d075-ef5c-4588-9f57-a9d34a8dcc18,679,8,6,0,1177221,1408176,0,0
6e13ce27-7803-4d02-ad13-96ff6a40697f,703,NA,19,0,283974,393316,0,0
7e621b34-8cce-4cd3-adab-0c2ed9be68ff,746,NA,9,0,28025,97174,0,0
814345f6-27de-4c38-8711-5fa2a8cc2648,6770,39,6,0,233073,355542,0,0
d734cd0c-b69e-41aa-b643-e4a2fa1e850b,,NA,6,0,368391,555412,0,0
1afc967c-9a20-4701-89e0-9b03d7b3d1f4,736,33,6,1,49533,189288,1,0
eb13db0a-0ec4-4799-bf0e-63706189049d,,NA,17,1,252396,447546,1,0
4c110c12-1238-4d6a-bda3-3e0e55e9a00e,729,NA,13,0,851865,1025332,0,0
791b75be-0a0c-41b4-96d4-98157fcb6f27,723,NA,12,0,424745,641234,0,0
d502768e-3c1b-4028-946b-d70f94de2794,684,7,7,0,94202,222596,0,0
99ee13dd-f5d1-4a2f-9369-ea6019d1fc85,,NA,13,0,1040307,1524754,0,0
bd10eba4-5ffb-4523-8435-7d1d19f94a8c,729,NA,3,0,14383,40524,0,0
4a09bdec-a8e6-4d0c-bed2-9f1a5fe1fc00,,67,10,0,182343,289608,0,0
f2785296-4b78-4392-b307-1010f81c6183,,53,9,0,22401,701206,0,0
9cb2209b-6e24-4a37-a8b1-f9a9253e134c,723,NA,7,0,93100,115280,0,0
81c1cafa-91fe-4e96-b0c3-b36809dd9faa,738,10,19,0,493107,1057342,0,0
931c6765-06a5-4560-a326-e0f4d897657e,7350,12,14,6,101593,340978,1,5
c419a380-876b-4dd6-ba5c-bbebde48b92b,724,57,10,0,271567,410498,0,0
ea83e4ea-ebd5-4e36-85da-0a1d58985bf5,,NA,5,0,98287,150326,0,0
0c441d8e-456b-4542-b2cb-e9c9990e7332,750,6,19,0,636272,2472294,0,0
355bf608-3f57-4251-bf61-3ddbfb84b11c,738,NA,20,0,81301,287034,0,0
5bdae978-1508-4072-8c09-b11e1571aed0,734,NA,7,0,76798,240372,0,0
cd8065fb-e044-4131-bd4c-c451134bf74c,716,NA,9,0,175199,455862,0,0
77a1cd4a-5a47-4d81-a910-39121e74f24f,701,NA,15,0,2150344,3818804,0,0
79e9c57c-3726-4337-a387-1a0ff4f039dd,741,NA,7,0,97546,172964,0,0
cc4c3667-6a70-4381-9ac3-5887c4c85e9b,,NA,9,0,200678,425590,0,0
9c1d2e15-91ae-4280-9104-4e5381b29679,718,52,10,0,285494,747934,0,0
3766ae17-fcce-4c7b-a2ef-08fe55f11d9e,731,75,9,1,81149,361416,1,0
c8dc36b1-51a7-4ddc-b1fa-b99f3e8b2c1b,739,67,11,0,111511,453024,0,0
5df5ddc5-4de7-4b10-af19-7bcf1b1346db,747,NA,10,0,12635,472230,0,0
0af8ea0f-c461-4196-9a9f-dc5dd87f7c51,722,50,10,0,218766,448338,0,0
033d9478-c0a0-4df6-a0bd-d465d29b3113,,NA,18,0,889675,1954766,0,0
6917a602-60d0-478f-9c12-04638dd93eef,683,35,12,0,215536,549692,0,0
07c7cff7-b9ae-442f-9b5c-1c90beb83d46,,NA,13,0,234517,1155550,0,0
b6f3cf58-9736-4cff-b2d7-6b8e24c3709a,692,NA,4,0,417506,562122,0,0
9a5a8150-4666-40d9-a69f-5919ecf51be6,721,54,14,0,236132,468974,0,0
832d232b-2648-46b9-81f8-879987802e50,743,17,6,0,150594,213708,0,0
7a94dc15-46b0-439d-88e9-8dcb525da1e6,739,19,12,0,134083,383350,0,0
346566fb-2e74-401d-997f-7f7b39d4fd68,664,12,11,0,377568,486860,0,0
00cb19b6-08d8-433e-a6eb-50541eae9fc2,,40,15,0,384047,769362,0,0
71289cb4-d5ef-4250-b276-200967e60ed8,711,NA,16,0,391970,1216754,0,0
7114fb7f-6596-401e-88cc-cc93b306b63f,,15,11,1,121391,1089550,1,0
f15113d9-e89b-4aa7-b70f-c686ca4db365,728,NA,11,0,248653,561220,0,0
07e1c908-2c82-467d-9ad0-32843e271fff,716,NA,8,1,36385,239338,1,0
8cda0507-7ea5-4339-ae3f-80e193fb94d5,,69,15,1,215840,435402,0,0
ca5f31f0-8008-457a-9895-e583e1544b9e,707,NA,13,1,100548,261602,1,0
d49a7af2-0b80-4007-95e2-1d9f85d84acb,712,NA,6,0,360696,1082004,0,0
5fce5823-fb36-4cba-b4e0-e5c6d07fc110,740,34,8,0,58273,404030,0,0
8d4ad0f0-9f31-41b3-9ad7-71c506be011a,,7,11,0,516344,1001440,0,0
8ede2e03-23f5-48af-8a2f-29fe6ab4d94c,742,38,17,0,365161,689744,0,0
bf5b0054-b924-402c-9858-6f5eedec12e2,740,76,7,0,147725,322124,0,0
44a9a9f6-e0c5-425e-994b-401b48c5b783,726,65,2,0,67070,161788,0,0
def1cf46-a257-4d13-adc4-65b875dc4431,,16,9,0,86431,272712,0,0
127d4671-e31b-4531-9c3c-60ac1ddaad0b,744,42,12,0,218082,705364,0,0
32e907b0-076d-4dc6-8478-186d7df88e1d,,NA,6,0,91238,177232,0,0
fb0a6bf1-f05c-4d74-a310-120400e0bb9b,7300,NA,15,0,219165,629706,0,0
b1176080-209c-4798-aac1-bb27ab8f6668,751,25,18,0,229406,570020,0,0
0146ffef-579c-441c-bd1f-a96e60a9297e,726,52,11,0,152779,298804,0,0
e81c8616-a9d2-443a-8cba-cf382c836f12,,NA,6,0,135622,258280,0,0
9f685901-8281-4e60-8a70-41dfbcbc3e48,,NA,12,0,519783,801394,0,0
2834c2c0-b7f8-44ac-84e6-01adfb2a88aa,717,63,5,0,12939,64878,0,0
a22d31c7-65ba-491a-8eaf-c9a29a3dea0f,,75,5,3,68590,130196,1,0
90bcb41f-dc91-48b3-a34f-fd28fc0eccce,739,NA,10,0,125514,520872,0,0
4c7dd725-bb72-40f6-9352-a9472be86d4c,721,NA,15,0,539068,668272,0,0
38c5a266-cd32-4995-bc08-647390e4319f,717,NA,10,0,332272,523446,0,0
193ac878-4d50-4be0-995b-20896ebc9ad8,745,NA,14,0,432174,942370,0,0
11316dca-ce14-43e2-9082-bc2cc517b9ce,,4,18,0,102068,322036,0,0
a4162b55-f627-4ace-aacb-155711527b6f,,42,11,1,91827,242220,0,0
9d9c5131-59fa-4d4a-af1e-28df8bf47734,742,30,9,0,186067,579194,0,0
3dacf326-593b-430e-9ba4-ec5d3bfc9598,692,NA,11,0,375554,604824,0,0
92657feb-b08c-4559-9470-071b8932dc1c,672,47,21,0,902595,1311288,0,0
90fc120f-cbaf-405a-a7d2-ad864c6655e6,718,NA,7,0,119662,229768,0,0
cadf1105-02bb-489c-ad73-331029cf970e,745,NA,10,0,485355,1718618,0,0
92a4ee2d-24c5-4cb3-b407-01cc1a11ffb0,688,NA,5,0,28405,112618,0,0
3ad95ef3-8b76-4dc3-801f-7747b164f1f5,678,37,8,0,314032,635690,0,0
68dd19f0-71ea-42a0-921d-03c1cdf8ff48,675,10,12,0,150252,368588,0,0
44a6461d-e6d5-4c94-85af-713c4bfc33a7,708,68,16,0,192565,399608,0,0
862f5b8d-23ea-4f60-bd01-4908f81fa8c4,692,NA,8,0,239400,332750,0,0
bb0568d3-8aa6-4412-9b85-edf15e8fd529,743,21,14,0,85063,956318,0,0
bbe6e2b9-7d62-4080-ad67-faa4ef1f82e3,742,NA,10,0,146281,419232,0,0
7b7dcfd2-7d73-45d9-941b-4d99dcc1025d,,64,12,0,276925,1627714,0,0
48af02b8-808c-4147-9a69-9de3f83135c5,705,NA,6,0,639806,748308,0,0
5dfd550e-5bee-4f25-815d-f618ce71c15a,696,31,10,0,109573,229438,0,0
d16ca711-02e7-4df1-88a4-d7a545913300,732,NA,13,0,233681,540078,0,0
ffb1e188-dc62-4d88-99d8-1a4fe9d18bd2,705,NA,12,0,250382,362384,0,0
37f001fe-6998-4fed-93ca-bbcd193d5a20,722,45,16,1,53067,585244,1,0
954c9a9a-6d73-4ad1-93d9-ccd49282856c,632,15,6,0,90706,124586,0,0
24f82388-56e7-461e-aa55-4084859fd278,723,NA,7,0,135622,276452,0,0
133648a7-84dd-4572-b6dd-5479a4198d55,700,40,5,0,181507,319880,0,0
0431d464-3130-4930-b83e-b42cfa9af705,702,NA,8,0,406923,527010,0,0
6d3567b0-1b06-40b5-a693-9f9eea1b577b,747,17,13,0,543248,1067968,0,0
266e6a43-dc14-49dc-aef4-8bd2de271cf7,,17,7,1,181108,337150,1,0
74a0c2d4-0aa9-46dc-9e47-e09c6228dd8b,701,NA,16,1,203205,364782,1,0
aaa44cc2-33b6-4451-8651-821ed577f82d,710,11,19,0,177194,275396,0,0
4251e26c-bf9c-45c0-9687-f9c800645b83,,47,11,0,2115270,5479320,0,0
8f20561b-c9db-4f90-b8a9-8d6f95c11c88,,21,5,0,236417,869022,0,0
224fcaca-9232-4206-961c-227437117d81,736,NA,13,1,194693,375738,1,0
5392c668-d95e-41e9-9047-1c7b7cd1cea4,711,NA,5,0,459287,763004,0,0
58679bbc-2dfc-4e7e-8d22-16a012ca007e,745,19,10,0,406752,606166,0,0
75ab95e2-7007-4804-a34c-72780f47ddf8,714,75,13,0,449996,620312,0,0
87f6ce6e-ce68-4e69-82db-f4ad8b2ee40d,736,70,8,0,195719,339746,0,0
12ac7c41-8584-47f6-b7f8-eb72b58d2a50,742,14,11,0,14003,165374,0,0
066593d4-7a82-4c7d-86c7-d3c1d9828ea7,6070,NA,17,0,329669,662706,0,0
86b8d6c1-ef0c-4e7b-9971-43cf247e17ec,7400,48,15,0,86526,176682,0,0
b78f1e56-7e2f-47fc-9f40-8d5d9cea278a,745,29,14,1,61883,276694,1,0
5ad1275c-1b0c-4527-9bb3-1c701f0ba509,745,NA,8,0,92454,248358,0,0
e4f0b479-cdc2-4168-853b-2637d106d0a9,730,19,7,0,116565,206690,0,0
60472509-d44f-4bc9-8b54-3f2e4ce8c16b,626,NA,4,0,143735,175362,0,0
83e07c1b-5255-4465-81a3-26ae28afd9d0,676,25,12,0,207290,273680,0,0
1065aa18-ad00-4d2a-86cf-9a1a5efc4c12,,64,7,0,102486,140756,0,0
57857dc2-7914-4f1f-bb75-e0f42f98a39a,740,NA,10,0,892601,1192070,0,0
87c006a8-c25d-4d8d-bc83-f47d9eb8de80,738,29,22,0,496451,1006742,0,0
c9df31f1-7bc5-42f8-9193-6a0e143a49b0,7080,79,10,0,293322,611974,0,0
da78e39b-89d1-4558-9e9b-24d85211db9e,,NA,10,0,151354,826694,0,0
cb9fa075-f55e-4c39-96fe-06ea0ee44688,,9,10,0,224219,322916,0,0
6b985e6c-df56-4bfd-b7bc-9a3e80092399,,NA,5,0,214244,277178,0,0
c3cc3b6c-9717-412b-8c6e-c505d766b76b,675,NA,16,1,162602,380358,1,0
71361c35-59ca-41be-90d1-443356de6f94,7120,NA,11,0,183369,416306,0,0
a8e564a9-2b36-4257-b020-89bc7f826de8,682,71,13,0,169214,376794,0,0
a8353daa-7463-4aa5-9241-18c1863e7325,732,NA,8,0,453169,595606,0,0
c09426da-b2a6-4017-b888-1797c31b3622,714,NA,13,0,198360,446864,0,0
6185be28-2174-4d62-b162-412890fb8954,712,24,17,0,2046015,4127288,0,0
b4fe2634-e737-41b1-9b0a-901d58ae34ad,749,NA,9,0,4275,620114,0,0
b6ec3dfa-2032-41ba-a2b6-d68fd765b06b,746,NA,19,0,1234373,2570634,0,0
97863a5e-af37-41c7-b72c-78593023dc14,717,NA,8,0,61275,138578,0,0
d37c4875-13ca-4b8d-9dff-a748b699010a,746,NA,5,0,1102,98296,0,0
5c7599fd-b617-4365-a5a6-feb2787ca09e,736,NA,18,0,364230,1573660,0,0
cf04f5f8-6eb4-4531-8f0a-bf168630eeb8,,NA,17,0,377188,651860,0,0
99c7fad1-dc8f-40b8-9bc1-a5cfa17e7f90,722,NA,8,0,287242,721490,0,0
30c7f1f9-0309-4440-bf27-aeeefde482b3,748,17,11,0,245214,617232,0,0
8ebb6f41-3a35-495c-8c5b-def9ee9df6ea,,NA,13,0,385054,622710,0,0
2264c2c9-5c9e-4bc9-a74f-a93b7fee05ff,694,34,3,0,10678,23628,0,0
f06d9c47-b5c6-4ab6-bed5-acd19131c331,723,42,13,0,175028,365156,0,0
395b0d0c-a9f5-4c52-8e33-f8d720302da2,679,NA,18,0,435594,964392,0,0
6739d317-69d5-4c95-8975-90924a709163,,NA,8,0,340309,800888,0,0
88690992-8ee7-4aea-9c25-e3928aaf8434,716,NA,14,0,691296,931832,0,0
67f62b40-5114-4fb4-9f54-8ba56bdc324b,725,78,9,0,1893597,2526018,0,0
90285924-e796-483c-8436-05273014f68a,,36,6,0,3933,8866,0,0
c6c4af54-0f40-4dc9-b118-259fb9b927a1,714,18,11,0,65854,224906,0,0
c974b125-9e5b-489e-8666-44aa2e4ff2f6,749,NA,9,0,310897,2092948,0,0
14383e1d-ece5-44fe-8f67-e62e7ecb62b5,,11,14,0,190380,646448,0,0
5adf82b5-43b8-4e57-8003-0fb7a93339f6,6820,26,22,0,110390,277860,0,0
ba0836fb-3c8e-41f1-a1d3-6ef064e8b453,733,NA,14,0,502322,754380,0,0
37ef2c39-a807-4c53-b782-6c6f280a5100,610,NA,14,1,140030,408408,1,0
044cfb45-0f84-4038-a479-63f05eb2e822,746,11,10,0,177574,354486,0,0
76d1c94c-e3f3-47df-abef-e8d4f602f1ab,724,NA,8,0,83866,216260,0,0
61480d8f-0e8f-44c2-b971-95338c389bf5,691,74,11,0,263568,403678,0,0
1a722334-e7d1-40b7-8dcd-79b580de950a,702,60,9,0,91371,106238,0,0
3f9c0f93-15f9-4610-9183-1f03cc36f26f,6660,NA,4,0,93062,132704,0,0
2d533dfa-ed1f-4253-b3a6-b6cd03cf04f8,739,17,10,0,203224,372922,0,0
3c0c3e56-d33e-4ff9-9dd2-4aa673dc5b58,748,NA,11,0,260813,586410,0,0
b4588c78-9802-4dbe-9955-f559a2afd10b,,NA,6,0,186143,723272,0,0
f93876a1-7101-4543-a290-e37449646968,717,45,4,0,12122,43846,0,0
989e3775-3932-44a1-ad66-df1c837195ca,748,NA,6,0,434454,1091222,0,0
4a2c8c68-9795-40b7-8fd9-594bb6aefb8e,743,NA,13,0,442529,1407714,0,0
9919549d-979f-4169-a0d8-80fed1bbed5a,687,NA,8,0,156256,208208,0,0
e590c6ff-0190-4c8e-ba2f-0176166f4719,719,NA,5,0,101954,118778,0,0
75f59bdf-04ea-4395-be61-f18188790a86,696,NA,16,1,312341,539792,1,0
fe6c3059-5040-47c7-8568-f76edcf75713,724,46,12,0,150043,295944,0,0
4b0f3b12-cc88-471a-a70f-8d039084e7d6,740,NA,12,0,255854,583154,0,0
5b2dccf5-eef7-4d6f-9add-f6a66d2cf1af,742,57,6,0,320758,411312,0,0
367b5d21-b0c2-49fa-a842-5808846fcc90,,26,5,1,91162,118206,1,0
642fc878-8320-4e11-9754-edb70c38fcb1,740,NA,5,2,90288,312114,1,1
ad32440a-3f3e-438e-9338-8abcbfdcbb6f,,NA,9,0,48298,642840,0,0
e31e883b-6ec8-4dd7-8664-eda2c4a311a7,,NA,8,0,426246,679800,0,0
4c5ce34d-9d11-4c4a-945b-f3b1491c4e27,732,73,12,0,99199,261074,0,0
b3a98fa5-c498-49fc-aae3-9f53256652e0,713,NA,5,0,1090752,1282182,0,0
47c9c05c-80a7-4c0f-ac4a-bcbbb9fe675a,707,NA,10,0,236987,329428,0,0
c2d3cb95-3235-48ca-943a-b71f52b259e0,724,69,17,1,88445,445258,1,0
1ec36ada-aeac-4e43-adce-831a78823a6b,750,72,10,0,6859,330836,0,0
23e05899-cb84-4a1b-b86f-a9a797361535,652,NA,14,0,361760,544016,0,0
5d820865-bafc-4105-8e0e-1e505c86290f,716,66,7,0,164046,284790,0,0
709797c7-6549-47b7-889d-bb416af56930,,15,14,0,188043,809402,0,0
9813e6cc-eb10-49e4-9c06-b1ee662a349e,,44,10,1,97242,150744,1,0
7d4329e0-a896-458e-9c1b-e6e5a6341f4b,741,49,11,0,361855,577918,0,0
52745afa-209a-49e9-a28a-ab875d89ac30,,NA,11,0,94202,524370,0,0
8daa7082-77ba-4aab-baaa-bdd2ff58c643,681,NA,18,0,1382022,2260236,0,0
444cf866-7649-4697-bea7-d0c71998edf4,715,NA,18,0,436525,677534,0,0
3d28905d-4e9e-4643-b6fa-042ad44b4748,734,27,7,0,284734,567446,0,0
f4440a5d-1704-4bae-a4e6-c47713150bd7,747,NA,11,0,201343,644028,0,0
7a6bcd18-03ff-4b9d-8fb8-df4e314d5ec1,693,49,10,0,109763,166804,0,0
4debaf3f-d3f8-4b1e-a8a7-e6d3458fd8aa,745,NA,4,0,419881,769274,0,0
d440e408-9ebe-4da7-953d-328234fb22e3,,NA,8,0,150062,190718,0,0
8d66e9b0-7e69-4940-8152-3d972551e818,710,14,15,0,128535,372086,0,0
4e981e19-7c07-4f29-84ae-c1fe46edb10b,703,NA,6,0,88749,115588,0,0
fc90fb1a-19d7-4053-8ce4-48d851f0b139,747,NA,7,0,121258,200024,0,0
8019757c-7302-464f-868a-fb9087807706,725,54,5,0,35131,74910,0,0
03f64b96-f2a9-4825-a92e-160b2fd9de74,750,NA,8,4,688313,1317360,0,4
48932cad-f7a5-47d5-af8d-9547cb5a9b8d,707,11,17,0,197296,530068,0,0
e9d89972-e9ea-4ea7-8375-6644b8d7189b,669,NA,11,0,193705,386716,0,0
ed0eca1d-1cca-4418-895d-791be8e46909,717,NA,14,0,489877,972928,0,0
4db41f88-baf4-4948-873d-c1bae5650a56,681,48,16,0,335502,604142,0,0
119355b0-c0b3-4fe3-b39d-d55675d0e776,669,18,12,0,180500,725670,0,0
1734373f-9316-41c4-a081-a39b304c46bf,711,NA,10,0,243428,316690,0,0
4ae3ab48-5736-47c6-9b28-71b563eac754,,35,8,0,426094,705826,0,0
dac882b7-45f6-4e76-8326-e1f62db18dd5,680,NA,5,0,95779,119504,0,0
bcca62ef-01b6-46bb-81c0-1acedf5848ee,736,NA,6,0,81415,139678,0,0
17cd3b1e-463d-4709-9f59-c29a8095da2b,,7,8,0,41287,157256,0,0
2b9f7bf6-8106-4068-9a7f-be364bc9538e,660,NA,17,0,235201,469546,0,0
3b791376-c95f-4d75-a54b-a94c09b446e7,748,NA,11,0,244644,1514832,0,0
7fc9d0ab-c5b6-402f-9c25-139482de1e87,743,34,24,0,138662,764522,0,0
b5d486cc-a256-44cd-8af7-d7099c72216b,690,61,20,0,1359830,2378442,0,0
4e12b98f-fb90-492e-98de-81edb6cacfa9,,41,5,0,47766,90222,0,0
6f2945a4-f768-41cd-bf16-5c7bd264c8c2,702,NA,8,0,124906,242638,0,0
7e63372c-6e72-496c-9752-e41c513324f5,,53,8,0,85918,368478,0,0
424c0759-8740-4e51-ba40-7af190c3dc51,666,NA,12,0,76247,510312,0,0
6ff2c09d-307d-470f-83a1-807ee1fb3f01,720,39,14,9,401508,537438,0,9
7fea26b0-5803-4557-ab75-8e8cc61e3fcf,747,NA,7,0,203946,461252,0,0
a93b0529-d7e7-4895-8129-745a36ffdf61,741,24,8,0,204535,248248,0,0
5fb42731-bb3c-41b6-9bf1-457d37bbd8a8,712,NA,8,0,61256,140470,0,0
9f58125d-4d1d-4fc1-8b6e-3ba2957514be,679,NA,29,0,67431,154330,0,0
9dfd064e-defd-41dc-9431-5c34d45ff7a8,725,60,5,0,117990,767514,0,0
ed3b56e3-493e-4e24-948a-e210a04ffc8f,,NA,11,1,119016,299596,1,0
c9893701-b3da-45a8-a7ff-a45dabe9154b,742,9,12,0,270598,346610,0,0
af2c9165-b8bc-4d14-8585-1d6508382256,7210,NA,3,0,96368,257686,0,0
2600ec47-a0d7-4d59-a184-36356138a563,703,NA,14,0,106438,342364,0,0
cba646d4-8647-439a-b860-526d1eb7d9fa,,NA,4,0,328909,590458,0,0
b1b37686-b42c-48f8-8212-5a5656984ac3,674,10,12,0,427272,593912,0,0
9bfee3c6-a8ea-4ce8-9244-57f98894f2c6,673,14,19,0,690099,1201618,0,0
8662fbd3-ca60-438d-9ff1-f478f8cc5234,740,NA,9,0,256652,496958,0,0
be5dc9b9-a10d-4a84-9ee9-e90d5f8efe00,721,NA,17,1,222775,636922,1,0
f4640ec9-b0ac-4591-ad49-9d12dec36ca0,,42,16,0,510606,850674,0,0
53d73fa1-648d-4931-bfd4-f73cfaeecedc,,26,8,0,154527,281336,0,0
a9e99572-a0e6-401d-aa8b-75d97dd22a1e,735,NA,13,0,342057,773564,0,0
0204532f-d2e5-472d-8fcf-6ad6a920069c,,52,10,0,962901,1168684,0,0
5be8a217-f4c7-4c66-8908-63c543d56beb,6870,NA,12,0,578531,796510,0,0
2b1dc303-d06b-4bc2-9f45-b2b12989ed66,692,NA,6,0,65664,91938,0,0
73795f7c-efc8-42ae-93fd-240d63f8694d,699,NA,20,0,359062,629948,0,0
75d2e306-008b-4f9b-b446-d272a8c01e2a,,NA,15,0,514254,835142,0,0
e88054b7-8e94-4dd3-aca9-0f5f28c89076,738,NA,13,1,363033,588742,0,1
71986a3b-73f3-425c-980f-a00aa15f4a68,689,NA,14,0,250021,409486,0,0
9b0a247d-5f11-448e-b766-950d40ac06b2,695,NA,17,0,158346,647878,0,0
b36ce2c0-d53b-417c-b4bf-a811adca9a19,683,28,24,0,476900,792264,0,0
815ec7fb-a67b-42fb-9521-3577cfb5df12,6660,NA,7,0,109193,189860,0,0
1d15b761-c838-4d55-83c8-38c005bd94e7,7270,NA,13,0,299193,1085964,0,0
cb891874-6759-4d40-8932-2eb92caf7303,,30,8,0,164521,361460,0,0
8e863ff0-282c-407e-a584-3c4bad409fc3,676,5,13,0,679516,842402,0,0
3e617aaf-5c71-49e3-abf7-441ce8b008d5,717,1,16,0,517560,1275054,0,0
ee4bda1b-5ca2-4965-8cb6-66ea1b33c46f,717,NA,5,0,49989,224356,0,0
e02ec5db-ee34-4e6f-9d8b-27b06ba07b4d,7350,20,13,0,623960,1355508,0,0
65215435-06f3-4536-b21d-229f07fb449b,741,NA,5,0,114171,191576,0,0
b8af2132-4b74-41d3-81a2-98ff72485d34,,NA,9,0,621528,862906,0,0
ce3ea2ee-ff95-4770-85be-a39d1ce347e6,690,NA,10,0,146205,184800,0,0
8bd2526b-6f5e-48dd-be86-7286fa42d3f5,,NA,21,0,618089,890142,0,0
73e0b406-2218-4771-895b-7fd72798600d,714,11,7,0,133095,168608,0,0
472ff40e-ea76-406d-b01d-9972c6b85787,732,27,10,0,337174,610038,0,0
ef38cc03-581e-4287-8d98-85883941b820,,NA,8,0,348042,471328,0,0
7c0b7df8-d8d9-4d5c-a1e1-a4be8a5b1fb5,743,NA,13,0,371697,781088,0,0
437393a5-3dc0-409c-b66b-c22c472a3c64,737,60,6,1,78204,199034,1,0
768e6827-1fe3-42a0-ba1d-fcfa33ec6ec1,739,38,10,0,258039,438724,0,0
f931f905-3eac-45e3-9511-9f22fa6f9f78,652,62,12,0,146110,235290,0,0
61d8866e-77d3-42f5-80ea-19d1d75a158e,739,7,11,0,220343,401148,0,0
2afaf010-24bd-4318-aa43-ad05e6ecbdcb,,NA,13,0,877534,1363868,0,0
66685721-6d0e-4402-95ff-29083fad841f,738,34,6,0,471504,599302,0,0
b426e25f-62c2-4307-8416-93c3bdca7434,733,35,10,0,236132,457204,0,0
f7cdf962-c7b9-4549-bb1b-7218a37feb51,731,6,20,0,507300,2175536,0,0
20372c99-1d67-480d-be60-b2537b81a294,725,5,7,0,226784,267674,0,0
a72f850e-ed22-44d1-bff2-94b978cdaf59,7420,43,6,0,357067,521356,0,0
cef36c29-48e0-4e4d-ac4a-3c937a256c38,595,53,31,0,470991,918104,0,0
38199a16-63da-42f8-9008-e4f627d27a79,735,NA,9,0,124393,326634,0,0
0272fed9-9159-4eb7-bfae-9bbbfae1c2f3,674,NA,5,1,491815,570614,0,0
641e7ef2-de8e-4b96-a727-aa723e565246,,NA,15,0,141797,892342,0,0
9b688614-7c15-4db0-a3a2-3e0c8cf2c8ce,717,NA,13,0,217303,357918,0,0
1f2aba47-4a67-4556-93cf-6fe37f713bca,715,NA,10,0,333431,517550,0,0
b9a1e61a-8d10-4ff9-bbe6-808d6187fc9e,,NA,13,0,328814,654170,0,0
2d127a31-7f39-4573-b564-5200484e1eac,711,11,10,0,138662,177980,0,0
c8f56578-ea6b-4737-967c-2aed44e8d769,715,32,12,0,132449,570152,0,0
96843cc7-5503-4439-9fc3-410a4b11ba7b,745,NA,13,0,245081,444796,0,0
e7e506cc-4bb7-4ea4-a062-7ee7c9bb0e64,737,NA,6,0,85253,101970,0,0
cc2fc27c-6ac6-49b5-8bde-ca60b12cf094,7420,NA,10,1,449255,883190,0,1
0b68bb29-424a-4eb0-8416-1b72705522d8,714,NA,4,0,8151,143000,0,0
08236239-4160-4a31-b5e0-bc804146290e,662,NA,9,1,246183,510840,1,0
b906000c-078e-4e57-ac1e-7cded658b4d0,742,NA,8,1,263074,686070,1,0
6b430a5c-226b-4539-b35c-f68f44e316f7,662,NA,5,0,765225,1089858,0,0
03c886f2-060e-44dc-846c-0c8708d33ba0,721,59,13,1,363052,491678,1,0
5365f404-a2bb-454a-91bc-e9ca95239ffe,724,NA,12,0,3916812,5285830,0,0
375a9cb6-9230-4437-a0f4-e6c0983b9c43,718,NA,10,0,3569245,4443890,0,0
9c29ddcb-a0b4-4d1d-a215-018b4e69b2bb,732,NA,8,0,320853,433510,0,0
d3294b1d-ee35-41b5-a7ca-b85b09945c99,663,NA,7,1,99218,143616,1,0
9b8aeec6-e6cb-4e90-be26-824337415265,,NA,15,1,170240,326898,1,0
c8084634-e8d5-4e35-8b99-3cb97a911248,693,NA,20,0,118218,435930,0,0
b816f198-d540-4978-b60c-50abac825ac9,746,NA,8,0,342760,672650,0,0
cc7498f8-fc2d-49ef-8093-8260a4de42ef,717,25,9,0,163400,302258,0,0
5ef118d3-564d-4a2c-b0fe-bed44b6d2b5a,735,51,10,0,32319,239954,0,0
1d49cbfa-30d3-4435-80ff-b4e9bd5df558,741,49,11,0,369892,512930,0,0
b3980796-13e4-4d80-a9de-ce282352e4b3,714,46,4,0,65911,412500,0,0
474f6177-498f-48d1-98c6-bcc89e91c473,739,29,4,0,589969,704264,0,0
7e1ffd1d-0401-4c71-89c4-29732bd5a623,715,NA,8,0,261934,484506,0,0
467ca6fb-33c4-4949-87e3-17093cbac27f,751,NA,6,0,174895,978274,0,0
9bb85678-6c95-416f-882e-9e0ff5043c7c,,NA,7,1,60192,96140,1,0
9456f6d3-b6b8-4df5-90cc-cb09f124b4cc,746,NA,10,0,337839,863522,0,0
79d2a09d-5155-40bc-b40e-7d2e365d7772,671,2,12,0,226499,319440,0,0
495681f0-3430-4f6b-b3ae-e3fa59cd12e6,710,7,8,0,60572,1348732,0,0
02d71a83-07a0-4a0c-ada9-5a001bbf8831,,NA,6,1,52706,159346,1,0
3b7216ac-3578-4ab0-a10c-474d1417e9c5,715,15,17,0,1013688,2030688,0,0
8fa25169-8b93-4c00-a667-b04295809964,719,66,13,0,220704,362494,0,0
d6a04026-fb1d-4b17-8fca-126bc484e2de,709,NA,4,1,18240,45430,0,1
eae328c5-88c1-403d-8afd-8a66c47e2cca,735,NA,8,0,93575,345092,0,0
a1646494-c78c-4234-9959-a02c2b8660a8,720,NA,10,0,186561,544126,0,0
858d426c-1b0f-4796-aeeb-5f2720d72b8b,,NA,10,1,102410,262328,1,0
d0386965-b294-4a31-bc08-5bafed519e98,712,NA,7,0,138016,237094,0,0
3619c468-1cae-4c67-bec1-637e6361ded3,732,69,4,1,42503,74448,0,0
3261aee0-84dd-4dda-a830-25699df3a01f,,17,10,0,123576,183700,0,0
4e2b7395-d451-4df5-aab0-175531549328,,NA,10,0,110675,199628,0,0
1dcc713a-edba-4b82-ad90-873620ef1b0c,748,NA,8,0,239742,378708,0,0
1fe660ab-9211-4e82-a1f0-f41e5c219387,695,52,7,0,38247,214962,0,0
d6429657-e199-4d2a-bba1-22fc6b3ad507,686,NA,13,1,10982,83138,1,0
f671e0e7-868b-42f2-8fb4-7b65a1265e7f,714,9,8,0,525046,827134,0,0
dbe623fa-34ab-4f09-a6d4-4a15af10758b,736,18,5,0,78888,107470,0,0
61b51125-92f2-476e-b283-f4128a361c91,702,5,4,0,35340,85052,0,0
ae9909fc-3fd1-4cc2-b60d-39b5dc7739de,720,57,9,1,58596,138490,1,0
f98217be-4992-4615-98c7-3ece83d2959c,737,17,12,0,170848,576730,0,0
aa20a2c5-0d28-4bea-87e7-a0fe5f3f1f5d,738,24,16,0,421933,848188,0,0
06ab7b0a-b8bb-4c6f-bdf9-1ecdfb56035f,722,NA,8,0,105678,289278,0,0
6f3229cf-88c3-422f-9b82-28ce0dd5a751,,NA,10,0,139574,250954,0,0
37a61328-70e8-4842-9538-b3691e498a68,663,52,19,0,202236,762740,0,0
6c2e0c7e-4313-4f2a-a56f-b0ad9df3ad02,698,NA,7,0,207081,286154,0,0
eba63f16-f706-4861-829c-eee586bba1a0,650,56,12,0,597645,859628,0,0
703357fe-f10a-4079-8909-463f0b10161b,732,62,6,0,87704,247676,0,0
099cb99b-a39f-42a2-924a-76bb7f0bc5e9,,26,13,0,245708,473374,0,0
b8068909-8e59-4225-ac54-2d55a74efee6,680,50,6,0,126996,220770,0,0
72b4164b-bf24-4161-a8fe-7c5ac131cd35,,26,12,0,450908,709390,0,0
e657c523-4cfa-45a2-82a8-575f20e5bf76,736,NA,4,0,71041,304656,0,0
fc09f942-e1f8-4b6a-9861-9e8a9295ba68,740,NA,11,0,294614,532180,0,0
cf2a44e7-7c1d-4481-99ad-c63b5c06e77c,729,NA,5,0,260813,311674,0,0
6d023557-664c-4af7-b74e-974708a1bad8,656,38,7,0,0,0,0,0
a482c0ae-bf7e-41ad-868d-fab165aa4bd1,726,NA,4,0,202350,235708,0,0
74440c5d-7830-48f3-832e-f74d3987ba93,713,NA,17,0,554230,930050,0,0
9f2c825c-e594-42b3-8667-3124e4a77da2,740,NA,13,0,329992,456522,0,0
385300f8-982b-4469-9a33-14dc7c0d462c,723,NA,13,0,108775,340406,0,0
cd79a443-fc20-40b3-b51d-9efe511d8644,681,NA,21,0,703456,2250094,0,0
cb4d6e8d-553a-494a-bb01-b41dc8629f08,,66,13,1,114285,155298,1,0
53c62fc2-b35b-4afc-af76-990201a6ba13,706,NA,8,1,62073,128326,1,0
563e3ccf-34d0-4585-a44d-5e1fe93a5a94,,20,7,0,68134,255332,0,0
7d15a0a3-2eef-429e-a2c4-ce7829e65058,662,15,8,0,160702,286264,0,0
56a9f2d3-5648-4c67-9539-41af700c136b,729,8,11,0,340214,807246,0,0
cf796a33-4c61-41fb-8062-184bfbaff10a,,NA,9,0,216638,393162,0,0
aa7385b4-b3a1-43fb-989d-5e5448f4b4e3,732,68,7,0,346883,455884,0,0
141443c1-033d-4484-a139-b78ab389b054,,NA,6,0,126540,201542,0,0
d24910f0-7ced-4102-b66f-ae55a72e8a51,,NA,4,0,33820,407924,0,0
f085565c-4ac5-4b50-8653-fc7e9ed4d7af,714,NA,7,0,186276,285692,0,0
17fcad0d-e793-462e-b1a3-7e0bf16b2015,7220,NA,9,0,183331,312620,0,0
d495f9a8-3271-4d22-8c18-20a57a0f488b,722,NA,11,0,213579,460526,0,0
51722836-818a-4dc5-8a2b-950ec145ced7,,79,15,0,519137,871156,0,0
fd8e37a2-be6e-4378-9d20-92129d84caad,737,NA,15,0,689187,1734810,0,0
85519ee8-daba-4a4c-a3a6-99e3bb58d6f1,,37,13,0,317186,660550,0,0
f9ad44d2-ec3d-4998-813d-2c11f2c69334,609,NA,15,0,541804,700172,0,0
4cfeea92-0b62-4607-a193-397be98cfa7b,,NA,8,0,448001,746394,0,0
d920a530-8709-409e-99d5-b31697ef6584,,15,21,0,638571,1192576,0,0
ec385c5e-eef9-4b93-8f6f-f6c8dccc0607,7110,66,12,0,426436,639606,0,0
0853a683-f038-40fe-ab8d-ad9d25eb2466,656,NA,11,0,384674,568128,0,0
b3452ee5-b1e8-442d-a09b-03d2568d4ea9,,NA,6,0,145008,188650,0,0
307709a7-e3fc-4693-b0c8-9eb445701260,730,NA,6,1,54948,207944,1,0
edc71d2a-1cf1-4aed-b618-087c092e9efe,704,NA,9,0,838660,978890,0,0
4b71f5df-c844-401b-b4bd-dcf139501782,736,NA,11,0,190437,262526,0,0
0c7a1812-3417-4a19-9e07-84d06cdd9216,718,NA,21,0,190000,1099956,0,0
f81ca1a0-a26d-489d-a00c-a7180d01b470,749,NA,23,0,134140,1327502,0,0
ac295446-d04c-4c2f-b5fb-ee36025b2eb3,737,NA,6,0,248311,494868,0,0
42969f65-4a25-4cb1-a31f-de9032fa4add,747,NA,10,0,84873,885280,0,0
572aaf45-a35e-4873-96ca-cf1cf8090048,746,NA,12,0,136819,456522,0,0
cffbd54e-b3e1-4785-98f1-c5a8cfc4831d,722,NA,11,0,400387,703494,0,0
375f0109-54e6-47f3-a88c-5aeeface895d,707,NA,11,0,229406,396440,0,0
a599e0c4-ed66-44eb-8290-42575ffdba00,743,NA,15,0,318174,435468,0,0
aba6d0fb-ec96-4f0f-8993-957f9664182e,659,80,11,0,280022,323928,0,0
7610e066-2324-4577-aa40-46b7d76a7939,730,NA,16,0,61446,199298,0,0
62d48629-afce-4375-876f-82dbf2437773,,29,17,0,526889,644908,0,0
bf12701e-964f-4a1d-992b-bb7a212d12b3,714,NA,9,0,309225,683298,0,0
6358a54f-2f19-4832-b902-ea09eb24ebac,731,NA,9,0,775333,994202,0,0
5974c2ff-f142-45d2-84a1-a156a0067e16,725,42,6,0,14554,40106,0,0
8f6a880e-1406-4de7-bede-f0782d64e09c,741,NA,12,0,280896,1174184,0,0
59db1543-1a09-4cff-9183-b7a008d5d5d8,701,55,19,1,491530,1171082,0,1
37db4b86-57ef-425b-9e9c-4da0f0c1c7b7,,NA,13,1,401907,773036,1,0
45d989c2-c88e-4354-b7b8-652b88576614,636,18,13,0,281941,667612,NA,0
f5b2e4a2-a71c-453d-9db3-2cb6cf9ec5eb,686,NA,7,0,58064,222640,0,0
65e0cf95-c579-4c2e-80fa-e193e28002bd,747,NA,9,0,146319,1821842,0,0
2307142f-1907-49b9-8713-b6426953e976,735,19,10,0,318117,444312,0,0
1a72a4dc-941e-4026-9ef3-15ecf3a77cb2,736,19,6,1,161386,263208,0,0
7b11ffaa-10bd-4cae-8176-e33e870762d1,737,62,6,0,253384,444510,0,0
4d1cfb3e-c329-43f8-a7a8-9bef5c4daea5,712,NA,12,0,341696,618178,0,0
129a6fcf-7a33-4b9a-a4ec-99fdced387f9,748,NA,14,0,353742,862312,0,0
c0d96e46-fb5f-4f0f-826f-5602e0bea42b,7340,NA,16,0,500840,1428394,0,0
09a81fca-98cf-4c62-8681-588c7382b24c,702,43,18,0,492879,1060774,0,0
1bcdc12a-f35c-4e28-bc13-bcd0d5be0d4d,732,NA,8,0,321651,497266,0,0
90f29cd0-1256-4305-abe1-a34fc0c2e005,741,72,13,0,138149,371140,0,0
a9acf846-b822-40a0-9b13-1d9c65af377a,732,NA,15,0,360202,1024782,0,0
f1d70f18-fdc4-4250-8014-90306595c11c,706,1,12,0,211337,755238,0,0
36f79808-1aa9-4a6a-852a-d1224e7f5822,,6,15,0,183768,921118,0,0
5178ac6a-3c9d-40b7-9612-9452f6e1d938,,44,18,0,351899,664708,0,0
3d1293f5-745a-4511-98d7-0992c01a100f,703,NA,18,0,494513,700832,0,0
ff2a2a23-4af1-4fae-a850-e02667d119f6,675,79,26,0,386916,1374230,0,0
e4ebda9e-a789-4c17-a060-ec1782d159bc,750,NA,8,0,128896,259578,0,0
49131983-9acb-4097-abc7-d04b35c497b8,693,NA,12,0,700036,1083654,0,0
57b8b746-8bdc-41da-a554-4ae1a93e25b0,746,38,10,0,203338,509652,0,0
f71dacda-64ac-4f2b-a7f7-d5bb55eeabf7,720,NA,11,0,141911,205634,0,0
13d409b8-b630-4bd3-80fc-ea1a98ae2f63,,29,11,0,216657,301510,0,0
8be49069-1d83-471e-aa54-6bec4d87f02d,747,NA,8,0,77159,554994,0,0
21f1fe83-ae44-476f-b7dc-070341c3be9a,684,NA,18,0,503557,1019370,0,0
c398c072-08b1-4b33-832d-5fb7fa6c5adf,731,NA,12,0,561830,1222826,0,0
d8ac3531-363e-4081-ad00-b5b01910f71a,684,NA,7,0,199329,360052,0,0
6feb228c-c773-4ba1-9751-c29330505e92,740,NA,6,0,29754,703296,0,0
f5a38b11-493d-4cce-b365-e1ba3f5dafc3,642,19,6,0,28690,110044,0,0
833ad25b-7209-496c-bed7-68c2e33c3e60,736,68,5,1,44878,109384,0,1
a3e1c262-3cb0-4953-b4d4-e5120a1a28b3,741,NA,9,0,187948,486838,0,0
17a07639-0f14-459a-9d30-d544b9f8f6c6,747,16,6,0,235201,452386,0,0
7225a13e-8179-4ecd-ba22-6eba2358f1cc,,34,22,0,366738,1439482,0,0
c6dd7624-c71b-45de-bfae-aa05efdec1c9,716,27,6,0,259331,410762,0,0
b54815ea-f62a-4095-87cc-44ed5e155c96,694,NA,9,0,537966,734558,0,0
34d790c4-25d9-434c-b854-2186352335d3,720,30,22,0,511537,1239128,0,0
e432d367-9443-421a-90ef-c0ced95df54e,743,NA,8,0,172482,229042,0,0
84619248-4fd9-43a5-bd9f-3030e9bdbc11,740,NA,9,0,294481,639716,0,0
dd781f90-9c71-4bfd-b41c-8d1e51129731,746,NA,16,0,524989,1443904,0,0
849b6739-f222-475e-8f1f-f680ace81256,744,16,5,0,41572,193358,0,0
14a55cbb-9de7-46f9-ade9-6e56259cbddd,746,50,5,0,79401,1010196,0,0
19f85f26-b927-456f-b35e-b9f88df10014,750,NA,22,0,343672,1173854,0,0
bfc13332-5b1d-4a25-8b4a-957b1c38369f,720,30,18,0,484823,901098,0,0
50ab0d88-a39f-445e-b2b1-6079581ac651,691,6,13,0,1601586,2536886,0,0
8eaf3ee3-7c55-4409-9285-e1f8ba919e42,706,NA,8,0,739309,8310984,0,0
522cd466-b5f4-409f-be0b-99f47df8c2f2,725,NA,10,0,146509,206888,0,0
28eae503-da2e-4795-bcdb-23379efd29de,715,NA,8,0,1163047,1446478,0,0
151b5fca-43e3-45f2-a7ae-e003ef051bba,,NA,10,0,341240,462132,0,0
80d2a3d4-92ad-4cb4-8dc1-b34e9ea623d5,7350,NA,11,0,159657,321530,0,0
e70df3b2-c845-4c20-bfc5-6d337b64d1e1,721,78,12,0,315780,679624,0,0
8550cd0c-4fe7-4889-a098-877b3520c6da,,NA,7,1,545718,1100836,1,0
414d9c35-4fff-47c9-b36d-55533647b1e8,720,NA,8,0,411445,508420,0,0
1526aae0-efe2-4d9d-9618-a777d70087c0,738,69,18,0,708377,1176780,0,0
5c5b50ce-215a-4407-b54d-4acbe058cb72,,5,15,0,141759,565972,0,0
b9851a59-0ab1-4832-80e5-81e74cb9e812,738,NA,9,0,700416,1189188,0,0
48e20ca8-d8dc-40f6-999b-9a046b61b6e1,741,NA,8,0,443289,712866,0,0
424c1af0-167a-44e2-ba16-2b0507d42869,716,NA,7,0,348821,557106,0,0
09b8f6c8-b901-4d49-befa-ba6aec05faa2,741,9,20,0,250382,1329944,0,0
6c8d4e00-3bd4-4691-86ef-b7b61aa25736,745,20,12,1,262010,633358,0,0
cc7167ec-b363-4ddb-bcc7-703b4c72ba87,723,NA,7,2,56411,277992,2,0
833a5895-2b75-4e4e-b978-b874a08db4bc,737,NA,14,0,237177,481800,0,0
0b7103a2-3700-4695-a4f1-a0c5460a93db,711,NA,6,0,3800,199760,0,0
68b7cec7-9ae0-44a0-add6-4f7e7d77c75a,,25,13,0,118275,353870,0,0
e425c35d-82b7-4a51-85da-a521f78ccb06,,21,6,0,26543,149930,0,0
bbd2f409-a0db-4e70-bc6f-cb9dbbcc400e,732,NA,18,1,281390,806454,1,0
aed66a7b-d28e-4dfc-9c5a-6f1a5ac5db5b,726,NA,8,0,161310,359194,0,0
a96222ed-02bf-40c1-8bcb-7ecfa43ade39,743,31,3,0,257469,406714,0,0
d0726ca7-c72f-4436-81e5-f3bd6c518eca,748,2,6,0,182343,346698,0,0
0b648823-54e5-4c86-8182-7ebec8fbd5fa,750,NA,8,0,7562,249898,0,0
581df1b1-89ca-4b6f-a47a-52d8166714c0,642,NA,9,0,256614,308858,0,0
b72e7bb6-b119-4408-99c2-a343a21618d2,6960,78,8,0,316293,546612,0,0
e370cd6c-dd6a-400d-b5ca-74b0ac180ecb,710,NA,9,0,377967,652234,0,0
8f8d6311-eef6-444a-802b-1b3bc1fb50ef,727,NA,6,0,62073,168322,0,0
a0ec5c87-003a-4550-a6c1-6697fb04be03,722,65,7,0,141607,219230,0,0
c36470bc-35cc-4b6c-8860-606effcadc65,705,7,8,0,221103,416966,0,0
c52ec125-ebaf-4627-9a60-166dbdc675b5,725,42,13,0,148029,310530,0,0
26d9c1fd-adf3-4258-afe2-cc1ecea96f8b,732,NA,10,0,299630,860904,0,0
43389b67-bce0-4371-9ae8-b813a74edbc6,7450,NA,8,0,295051,878240,0,0
1691f25f-7fac-4aee-a676-15f99ed2e4a8,744,3,15,0,376979,752576,0,0
3d78df79-99ff-4667-adcc-d9be5693a6a1,658,9,28,0,304817,1368048,0,0
c15a2f9a-6c14-4a79-9f02-641d2e957467,676,18,13,0,39482,108328,0,0
f70b7f62-dbb0-494e-a67c-352fd83788a9,746,NA,11,0,340366,638748,0,0
b84ee3bc-fb27-4c9d-bb73-583c7cca52fa,751,NA,5,0,953097,12262140,0,0
2955e8c3-8b7c-491a-9668-fc37ae2eee8c,747,77,11,0,379316,584826,0,0
d89cc631-6b1c-45a6-90ab-45b05e31e0d8,729,9,5,0,252111,1089242,0,0
7cfb1b28-2b25-4d95-a8ab-23e9a895e73a,,NA,5,0,476767,884664,0,0
c0b85f1e-8555-4f7b-989a-e30cd7e42cad,699,NA,9,0,259141,418506,0,0
a6449c25-79df-4631-86dd-8bc359b40f5e,649,NA,8,0,160455,264660,0,0
9fd48dc9-919d-41f7-ab96-a1366d413ac4,700,NA,3,0,80313,101288,0,0
3d37c192-2348-4535-a988-3a7da52a118f,679,62,22,0,253498,411664,0,0
a78dd874-44c9-41b4-a34f-ffa6eea50738,712,NA,8,0,117078,277222,0,0
b0fdae8f-dade-4f56-9783-87f4ed8deccf,707,NA,6,0,91105,277618,0,0
2e6d83eb-2772-4a08-95ec-9e1973599283,717,37,13,0,165927,594836,0,0
300d682d-3d37-4673-a0ec-247fbe27bc57,738,NA,10,0,128174,765050,0,0
56ca1f3c-7a73-4fbb-bd15-ca6c1c4b940b,,22,10,0,295241,492580,0,0
39e7abfe-ccd1-461c-ba9e-73ca95a6b062,750,30,16,0,3705,268114,0,0
f56ea6a5-6669-4ee1-8290-562762e25e4e,743,NA,9,0,447070,1060796,0,0
012afb85-7c29-4b37-86b3-a2644eee15a4,715,NA,14,0,628824,1921106,0,0
90233e10-d984-45f4-9c55-7d447c357c66,710,12,12,0,427386,1007886,0,0
480c2daa-b8e1-4954-b591-b69e12329b4c,649,NA,7,0,560481,697070,0,0
3ac91d10-b433-44bc-a9cd-995951cbe681,750,NA,8,0,4465,1035760,0,0
c5a6c62b-543e-44fd-b0a3-ca10dd3ffc3f,735,33,7,0,28348,41074,0,0
c9fd4ba1-fd0b-4b2c-adf8-465900e493ba,735,NA,8,0,5491,1591084,0,0
44002854-2a14-4017-b6a3-4df93da06500,727,24,10,1,85025,289586,1,0
baa69e8a-c902-4dd2-8de4-9ad9732db9d0,699,32,7,0,69692,187660,0,0
1ffa6ffc-7508-4554-a6b3-b3fb2ffad4e1,743,NA,6,0,56088,559922,0,0
b81e7386-fb25-4929-b6fc-30f521cff797,6710,5,8,0,70338,208274,0,0
be714944-d028-47a4-a408-ce7f37f5bf16,747,NA,17,0,579747,1974390,0,0
6da01200-bd76-4350-bfe2-5806939f7fef,709,79,11,1,93290,257202,1,0
4bc892ae-c9b3-4da8-a1b8-049edc0e94f2,746,29,12,0,26638,151976,0,0
190a8c30-9883-4756-b573-ffad23ef24c5,7150,NA,15,1,301378,765248,0,0
a7b4b292-1cf7-464f-b7ed-d22dc63448d2,7460,57,12,0,80845,125158,0,0
f9b66b55-8975-44ff-98df-0c859f99f0e2,735,NA,6,0,444106,663520,0,0
326fce1a-5c2c-4466-8454-75849fdd0c54,744,NA,7,0,205903,414634,0,0
18fa05bf-0c5a-469a-a20b-eaf1ec888fab,,NA,8,0,71516,307846,0,0
f8e24006-e9ce-4f22-b921-ddacfe12374f,596,27,35,0,293322,959420,0,0
5917d689-0a67-4633-aa5a-0bcca3041b0e,726,NA,12,0,623903,832282,0,0
c1481247-54b0-4e12-8b37-6b53f493269a,,31,9,0,279946,534930,0,0
ba758068-313a-457c-aeba-f607641e4430,732,69,10,0,377834,571890,0,0
d0dff6d2-e70e-4819-80a5-c2bf4fedeeee,711,31,9,0,425448,645634,0,0
d4dcfac7-bad3-4b31-8ab1-fd4299f55566,738,NA,8,0,527459,788040,0,0
6ac7b0d9-c732-4130-858a-d567e4fd8b6c,725,NA,10,1,271073,385132,1,0
cab51685-d908-4594-b93d-eb511e178270,716,10,12,0,477869,929940,0,0
6128b413-bce4-4df3-961c-f744215c1f6e,,13,4,0,184110,225126,0,0
444121ad-75f1-45af-8e19-1aa0346ee826,,NA,11,0,378233,981948,0,0
da795dc7-9960-49d9-9ef4-94a28a51f168,693,NA,2,0,0,0,0,0
3b3c5233-9376-4a93-afc8-2b4b6e462bad,745,NA,17,0,561488,754226,0,0
36554ed9-b7f6-488d-9706-a207a2321c5a,734,NA,8,0,634961,896610,0,0
351a02a7-74f0-449d-8614-bd603fb68b96,742,NA,9,0,406467,569800,0,0
7a23dae0-86c4-4ad0-a96d-7b5bb4f03cdf,727,NA,13,0,228304,562474,0,0
51a9cbf8-076a-4203-aaf0-fa03caeb72c3,737,NA,8,0,256006,555082,0,0
0b10f350-e89c-4336-81c4-7d008fa9ce14,730,38,22,0,983972,1873916,0,0
f3dcf678-27e5-42a5-b3b5-ae4a9eccdcbc,,27,4,0,9329,12958,0,0
2d6c85ad-282b-4fb8-8868-dbbc39f48fd7,725,NA,20,0,20064,1659988,0,0
e4712c42-3a8a-46cd-9b0f-102eef88b257,744,17,13,0,184908,294074,0,0
8ba36910-c7b2-4a54-9b85-1ccd779aa776,726,10,13,0,470364,1057540,0,0
1400016b-03a5-4864-8c32-89c0ad18dd68,6240,NA,11,0,358777,661518,0,0
31d1241a-f09b-4365-9bbd-6897b5f84cbf,710,NA,19,1,143925,422950,1,0
2209dcc5-8ead-4ec0-827e-8988195ca1fa,,NA,3,0,120574,429594,0,0
8cfa168a-59b7-492b-aa97-c02d173ac981,725,41,12,1,412300,756602,1,0
62b9d6ef-7515-42bf-9001-a4fcd138591c,740,NA,11,0,165205,678326,0,0
ed39eb8d-4276-4ede-a519-cff1560c2155,716,NA,9,0,508041,761970,0,0
85430ec6-b3b9-46ea-b8ca-c5880e947f3b,632,25,10,0,277704,341352,0,0
b8c574db-11d2-42ce-800b-87bfadb1b7dc,704,NA,9,0,220552,502678,0,0
ba57d7f1-033e-4520-a244-471a40a689d9,718,12,11,0,264309,473022,0,0
45fcb61d-eba8-4cdd-b806-b101123f44a8,722,NA,17,0,697927,1138214,0,0
b4bbfd24-5216-4f40-8a8c-819ba015e6f8,727,NA,21,0,504298,671198,0,0
954fb88d-b54c-47fd-91a5-13adbf6a5d47,718,NA,9,0,227240,293018,0,0
7e0b565d-73f7-4fdd-b953-c1fd2a6fa0c3,741,NA,12,0,241395,733634,0,0
ea554639-d385-4aef-afd7-d6b0b00c2948,,26,21,0,156617,304788,0,0
d0502e32-52e5-49cc-b4f6-901ff7d6aa34,748,10,15,0,250800,933768,0,0
edbff6f2-6d42-44be-a8a0-641817d282cb,,NA,10,0,191235,412346,0,0
f50bb94d-dc6b-4e50-b737-5f12f17cf230,,NA,9,0,1183662,1944052,0,0
8a57fb4d-26b5-4d05-b77d-5239f96f82bc,673,18,9,0,260338,495814,0,0
edc0fc66-b148-483a-8bf6-b2a8806522ed,735,15,15,0,415796,622842,0,0
5028f538-14c2-4472-bc3d-d8026c0649f1,721,17,12,0,144191,418418,0,0
b97b6801-e701-47c0-92af-ac9a02b6c370,749,NA,7,0,11647,214038,0,0
39e324b1-7ecf-49fb-9dd7-63ad27a068bf,730,NA,5,1,158289,229108,1,0
362fd4ac-e53a-4e2c-b81b-134045341bd7,739,NA,8,0,144856,596882,0,0
3ce0f49f-4a0b-4088-8a74-3ace323fe008,737,NA,15,0,696274,1138698,0,0
2b71d3f8-f944-4f45-9591-e60fdcc98345,748,54,20,0,1381718,5177590,0,0
1e6736a9-deb3-4ceb-a543-6f996677a44f,722,NA,9,0,236949,366806,0,0
1ef85e5b-bba5-41a2-ae71-56a6fe551e93,718,39,10,0,476710,1207822,0,0
43e74c0e-de1b-4dd0-9d93-afa0ca761806,636,13,7,0,28348,295636,0,0
df2da462-c4a1-4f54-b57f-fa3a644f6c6f,689,NA,8,0,672790,1393612,0,0
3ef2b4fe-7969-42a5-a2cb-e9a7648a9cfc,748,NA,16,0,173147,348084,0,0
f6fa5fc8-1955-4226-8353-35e52903b81a,750,NA,9,0,171152,777194,0,0
dcc352bd-3e56-4859-b166-09c1a8502aa8,,16,12,0,310194,947672,0,0
d93aa263-eeae-4c54-b33d-dca8d615853a,719,9,16,0,113905,295042,0,0
e8928f33-b4a4-48af-bf68-c14bc1aa5fda,745,17,10,1,16777,747142,1,0
da68fadc-098c-47cd-9a8e-8bf0bf579f07,699,79,16,0,375288,687588,0,0
3fc8db02-1765-4583-bedc-88df6039c975,,NA,8,0,916370,1431936,0,0
e887457b-486f-4cf9-a495-c5054b5472f7,720,17,15,0,595650,756250,0,0
0b97d988-5768-4ff8-80a2-a6082397a946,730,25,20,0,591755,1779712,0,0
d349a50f-d430-4de6-8cfb-6e999eb2fe40,665,NA,8,0,382964,478346,0,0
dc5e8f6d-f28e-4485-97db-f3a089a155f2,622,NA,3,0,116888,137808,0,0
35395d96-1740-4cdc-8563-667a36926abb,739,NA,6,1,22078,690998,1,0
78a35905-4a1d-45ae-a3fd-1d8220b85b3a,7250,38,10,1,147060,266882,1,0
7811f35c-01eb-46c6-b96f-214d281f3779,,NA,13,0,2604121,3880690,0,0
4071ede3-4eda-452d-88c8-ff6476099de7,,67,17,1,499263,1675608,0,0
af1473de-cb83-465e-aa86-8a230e8f324b,,32,10,1,171057,352396,1,0
1a999bcb-e512-4f2f-bd1a-8b80ee4ea75c,,NA,8,0,229862,306636,0,0
f6fa5140-823f-4fa6-b9c6-29e24865efda,701,NA,17,0,774269,1519540,0,0
3d13522b-9d66-49da-b5b8-98b9e39e6c62,,NA,16,0,245100,464486,0,0
9f70cb80-9541-4691-b109-635fc110e795,740,42,24,0,276203,1055494,0,0
5b45c56d-7d8f-4361-9501-91c282dac54e,737,NA,7,0,316293,452694,0,0
05456e1a-fc6e-433d-8478-2aeee04e3418,,50,6,0,89889,377124,0,0
b628b3b9-66a4-4113-a798-2f90ba1a1eea,737,74,9,0,108661,326832,0,0
273ece65-9d49-4c4a-94f1-e29426a7eb5f,716,NA,11,0,550468,877954,0,0
d8396b0a-b081-4600-9ffc-f4e9b956f013,748,NA,16,0,5909,53394,0,0
1d8515d4-daa4-424f-a4a2-4abae8b9b334,,6,10,0,55252,142164,0,0
1e146229-a0ab-4d28-b626-564da54281c9,736,70,10,0,517560,756668,0,0
5a5e48ae-d213-47be-abb6-6b2543686304,,34,15,0,851200,1455828,0,0
28d39248-51d9-476c-8b05-a9835ed2c762,744,14,15,0,125818,358820,0,0
d8037340-500d-415f-8117-bda96e7a40da,704,NA,8,0,522728,654346,0,0
be230c64-e1be-40c9-ae47-39f2bc9b5b84,745,3,5,0,29963,488686,0,0
e3f6b494-5e7c-4f67-a3cd-5f5a05b6a325,,44,10,0,90269,701448,0,0
1e93907f-3bfa-4440-a2b7-9aaad8e324ab,735,NA,5,1,31179,291236,1,0
f67db1d0-6ad2-4fd7-b4b3-a26359c4f15d,,6,16,0,729524,922174,0,0
07a0817b-bb2e-4e81-babf-6fc7178b97ec,,9,13,1,824486,1086074,0,0
0aba3ae3-fd5a-4eec-9b38-01b900a22b0b,709,21,14,0,386327,658812,0,0
ed316696-1992-4506-8287-910dc65cc500,,NA,12,0,230812,439560,0,0
8325945f-5ec3-4a41-b4a6-4612c5beac3f,,24,11,0,341791,1289112,0,0
766bacba-1158-42d5-9080-2f42a6748716,747,NA,4,0,13091,329538,0,0
5994eab9-d345-4230-b0ae-2f81282d648d,713,33,11,0,112214,580096,0,0
f625d6b1-9a68-4b83-ae9e-2a27aaddb4f7,652,NA,8,0,206435,258698,0,0
71d0e8cf-b4cd-4a17-ba63-5952ad283c22,712,NA,6,0,486837,619454,0,0
7feb4802-037a-4dc2-83b9-271d0cdf6cd7,727,18,7,0,203870,290004,0,0
efcbf831-ec9c-4ac9-a07e-74d800830abd,,NA,22,0,1381889,2867502,0,0
d766a2f1-c7e1-42a3-b8ad-c1bc73bb3e55,728,53,12,0,263929,731104,0,0
723600f1-7884-4a82-aa53-53c66432133e,743,NA,9,0,287470,509762,0,0
25214788-99ae-4857-ba21-a937adb4181b,,70,15,0,123614,273152,0,0
c959b875-2b0d-49ad-8e05-f0a9fac508cf,701,8,12,0,140467,380006,0,0
820162bd-ad8b-4aae-8f78-7b87720c069b,718,NA,7,0,535344,739706,0,0
cf2e2c26-bf14-47a1-a146-8a3c13694d06,726,NA,14,0,302328,1223992,0,0
d7e6f206-fe03-42b8-9b44-96e629c69691,747,NA,10,0,206530,617914,0,0
d55edfc7-25d1-45e2-a644-4db13213a214,,14,13,0,540322,873796,0,0
422dffd5-0ef3-485f-a1e5-d8120f1044d3,649,14,9,1,185744,303776,1,0
5f0665be-31cd-4e45-860f-df087619f271,693,28,12,0,272422,366784,0,0
752baf0c-f2f7-4043-920e-be33b3d1ffa4,,NA,7,0,223573,951742,0,0
b7316c5e-a683-49cb-8faa-05295ead5777,,NA,15,0,232047,2634060,0,0
c8b037fb-4735-43c5-b81e-a0b648f509ad,712,NA,16,0,360981,501160,0,0
3afc08c5-293c-42b2-88d7-6f685fa50e87,7250,52,9,0,108110,231814,0,0
c05b97ba-f7bc-4806-a3dd-3f064e13c902,728,NA,9,0,159828,315304,0,0
e7753b7a-d954-4b5c-b49e-e0a140b01d11,742,NA,12,0,164749,522632,0,0
39cce6a1-82e7-4500-92c5-b1501a0dbeab,708,41,10,1,103132,186868,1,0
85f282c6-ffbf-4d2a-a9e3-1ef1f591ccd7,676,NA,25,0,351443,493240,0,0
8c16f3f8-a8e0-4b03-b7f8-e1b36e504005,659,55,8,1,60439,75746,1,0
b3649913-de8d-4b07-80b5-c6a6c20d4caa,724,NA,11,0,600723,726066,0,0
5d893252-fd21-4b52-b17c-943cb9453f08,683,37,22,0,220381,398728,0,0
8ec7fec4-3135-40c5-8cc9-7ac8dcbd3724,7310,NA,18,0,344147,664158,0,0
1cc5aa9f-5bb9-4aa8-ad0c-dea83480eb8e,731,50,17,0,125533,353650,0,0
926a4307-a5a9-4b73-97df-a6bb830c942c,624,NA,4,0,137978,222508,0,0
ad02792e-78ad-4367-954f-b936b94d782d,732,NA,8,0,152874,332706,0,0
063083e5-efb4-4777-96b6-6cb167b4a326,728,NA,13,0,488661,1063590,0,0
34188a54-d6f8-4199-9287-edc82a48fff7,737,16,19,0,505020,1382414,0,0
0b579ac5-90ab-4df1-b419-9e66a7b2549c,,25,22,0,322468,620224,0,0
09f55086-bec8-43bd-b541-420603a04fd3,675,7,7,0,533121,754644,0,0
26bf6cdb-3e98-468b-b00e-01aa4df3ca31,,37,14,1,23237,373604,1,0
8baa670a-4880-4bf3-bd97-a87d64616891,694,8,6,0,55955,165682,0,0
e9a14e4a-794b-4101-9220-61d3c2a24abd,745,NA,6,0,251978,337304,0,0
21880735-3b95-4d05-b2ef-95a05cac9791,687,NA,14,0,886730,1926342,0,0
5680f176-1e46-4295-bc23-c209e5f583ba,648,NA,18,0,327959,375606,0,0
7a7829ab-97a8-41d3-9bef-35f312f678d7,688,NA,8,0,100301,196526,0,0
5ae72c0c-ecea-4c98-952e-6c34dd878b8a,740,10,7,0,77824,327690,0,0
9e1be94b-c39f-4109-a93a-8f56c6299e6c,738,NA,7,0,307306,402534,0,0
d51ff4fa-b5a9-476c-b284-22a442166d0f,751,NA,9,0,97451,811844,0,0
000dbdf1-3926-4676-bb4f-fe40c242a46e,717,NA,20,0,712633,1121142,0,0
6caebdff-f857-4be6-95b0-f90df51140e0,,55,14,0,162697,269874,0,0
af7c077d-17ee-4d6e-9765-c70e2d430cc1,7360,75,12,0,120479,284130,0,0
bdd2b61e-2785-4897-94a9-04fe164616b5,,26,12,0,2934892,4766212,0,0
46296872-3add-4039-b1a8-664f473b4607,708,44,16,0,352944,644600,0,0
83ec5b2d-cee2-4868-8e4f-fc513086230e,739,47,11,2,96444,262152,1,1
0cb32458-affd-4b09-82b1-28a533e7fd0e,,45,8,0,76304,252406,0,0
9be13673-b2cc-433d-8bf1-c2f4924c76b5,709,NA,4,0,32585,55242,0,0
c42ff7bd-b328-430d-93c2-3dc7fcf055ed,735,NA,11,0,312531,427262,0,0
e5b27ded-10e0-4431-a7f8-287959237753,729,NA,9,0,76950,112640,0,0
7b959e09-e26d-457d-b688-a83e20b4066d,703,40,10,0,432326,777326,0,0
df7a201e-1764-439c-b439-59bf6cf12692,,4,23,1,755896,1130822,0,1
b4477057-a867-4170-b2a6-7606e08ebd66,732,NA,12,0,291213,800932,0,0
e0d3eddf-4d1b-44ac-b3ec-7ba66d023f4d,705,NA,6,0,459933,701646,0,0
e3ffda9b-70b1-4e64-ba02-3dcfdb91b0cc,683,NA,9,0,380076,492272,0,0
7d4eb74c-ef60-443e-84de-94f97b6dce5f,6480,44,7,0,125533,400422,0,0
e1636f89-9254-4413-b3e6-2e557d4ebd29,719,25,25,0,141455,285340,0,0
40346ef3-d834-4dc9-8be2-1aedb39ab4a2,638,NA,5,0,120460,145750,0,0
64c8087e-8b01-4bc1-a0b4-be610039490a,738,65,6,0,113601,229548,0,0
433a4adf-886b-4df7-998a-a0e171fb98bc,,24,8,0,133133,519046,0,0
efe1cebd-4c37-4a66-8995-7bf2eb763e72,,NA,4,0,162488,308418,0,0
d70feac7-6469-4c01-9834-3df7e203d592,725,NA,9,1,137294,202004,1,0
42688197-fd36-4630-956c-51b7fb371249,714,NA,9,0,190038,265430,0,0
c957d076-5a16-4d88-a582-fd58988cbee7,692,23,14,1,134140,341374,1,0
f766871c-5d2f-4d9b-bcc1-c98b0f4a2edb,717,NA,9,0,955206,2238918,0,0
aa4f90ca-b7a4-4ab7-a7ee-fdccda17225a,736,81,6,0,301416,387354,0,0
96ef2bc2-0be2-4c16-9650-5d8371dfbf26,,46,8,0,634524,791714,0,0
c51b7ee1-727f-4963-a985-f3716ebd327e,746,42,14,0,264594,572682,0,0
477a7e98-ce00-4996-9066-09a7952eca6d,751,NA,10,0,273258,663322,0,0
91fbec18-40ab-496c-89df-e9b8f7443232,700,26,12,0,138187,174878,0,0
7b0f11d3-e3ee-4889-9fcd-7aa76d1445e2,726,63,11,0,171836,234608,0,0
41e822ff-ebaf-4370-a82e-0fb191ee5884,739,NA,12,0,135052,568590,0,0
2fe6e4b6-2234-4ac0-a03c-3275dd841615,723,NA,10,0,252586,542608,0,0
ee0f40b9-8ade-4dea-bf02-f9686f444804,677,NA,11,0,231192,300454,0,0
00778836-ad77-411e-91f8-946a63c3ba47,,21,7,0,106077,192236,0,0
e2a0e7a1-0f0f-44cf-b339-b7ca4ff68d06,716,62,16,0,263283,443102,0,0
2fd857da-5e5c-4d27-903e-b6bc056d8efb,742,NA,15,0,133038,490556,0,0
11af3d0a-9994-4d5b-bdb6-56051fc8c9ea,743,26,17,0,311049,470800,0,0
3ed73bb9-846a-44a2-a0ce-2a8df161250b,625,NA,4,0,24985,39028,0,0
6d8b3ed1-6097-4dab-b832-1a633c6f7cf8,726,NA,7,1,97508,146256,1,0
69a145bc-f6bc-4857-ad09-399b925ddb90,739,22,15,0,281675,397276,0,0
723819de-eefd-4c8c-ae2a-0f38762bfaaf,6470,NA,7,0,591014,1009338,0,0
64421b9e-9377-4814-ba0a-f9a659586865,706,NA,11,0,16112,533324,0,0
559f6436-26bd-4e5a-8b49-eeb364607822,,NA,10,1,470041,896654,1,0
d21037f8-7bb5-43f0-8b27-c9a54c93fb76,739,33,4,0,97413,208516,0,0
52209b9b-446d-45d0-8fb7-d46107e382dd,,19,11,0,157225,337150,0,0
208fa0bf-629e-4088-8bf9-2561e9734573,735,54,11,0,173242,323532,0,0
7f331be5-d6bb-4f86-8447-fdd976a0f7df,721,41,11,0,48013,96866,0,0
ea83f9a9-4987-43d4-8009-c022ba16af8e,,NA,10,0,251731,384032,0,0
f5976d1c-6305-41e9-8b4c-a85db7d054b4,747,24,12,0,164255,437206,0,0
d79ec91b-22d3-44a7-8fb9-dec39f7484c9,731,NA,10,0,78394,207724,0,0
be187c39-68b2-46a7-b2a1-70975b891941,710,NA,7,0,200108,247808,0,0
b9cc70dc-8eb9-4e71-b704-68c80f7b6d57,,NA,8,0,81320,553916,0,0
8bada9b1-3819-4a1a-bff8-87c132e25070,748,NA,18,0,463391,1225026,0,0
2c532f85-349f-4117-812f-c75965c8fc6c,600,64,9,0,265943,395802,0,0
73d3d9a9-8135-44ed-a032-c57e559d8715,702,NA,5,0,89623,159434,0,0
b8423545-d840-4d29-a2aa-0863dce8c4cb,,21,19,0,134140,633996,0,0
7d1c0061-0063-44f6-8b95-7711920e99da,600,18,10,1,182115,224818,0,1
00b3db14-3646-4f24-823a-e4d6ffe3fcbf,,NA,10,0,360373,549054,0,0
f24c17e0-602e-4813-bbeb-c76c1fb92e32,745,NA,10,0,165547,604736,0,0
d3ddc166-8421-4303-8375-974fb73956f0,,NA,8,0,180709,758142,0,0
1bd854de-f801-4351-83e3-4c84097e735f,,65,8,0,155743,262878,0,0
9aff4925-a7df-4d73-809c-5f7eaff75869,716,NA,9,0,131518,256806,0,0
af4f42b5-97eb-4a79-9c37-b28c7a88465d,724,55,9,1,106894,276276,1,0
2bf1d58a-ea2a-4c8f-84e2-2ff8fa5e23f2,699,22,10,2,25327,156882,0,2
37cf46a1-c88e-49c3-add8-285a48d8acbc,595,NA,4,0,226556,292468,0,0
c3db75bb-c0d9-4d70-98f9-a9e68898494a,,NA,12,0,385624,750420,0,0
15523349-fd47-4950-9eda-95ad46cb5842,734,NA,23,0,772559,2577938,0,0
582097da-6830-4d86-bc7c-35ec4f47073c,720,NA,6,0,88768,311476,0,0
e3dca8b1-af60-4cb0-91bb-a96de9cd79e2,,55,8,0,104576,165440,0,0
54c0f0ac-2d84-4533-9476-88708f2160e9,705,32,4,0,50122,81048,0,0
c0133323-911e-4579-b90b-0e8e5e7f636f,739,NA,5,0,244720,426096,0,0
0edf3744-240e-49bf-bcb1-a4054b27010d,692,51,8,1,179436,307780,1,0
37e23647-c3a2-4c28-9522-9fefd306d87e,,16,10,0,215213,345158,0,0
f0138724-bcd9-4e34-be40-401f8a482314,744,NA,9,0,126901,193578,0,0
f77d0b77-f227-474d-a2a1-11360dab6221,,53,6,0,614213,739288,0,0
3c44ceaa-71f2-491a-ac49-3912ddc3a488,,8,10,0,526737,667304,0,0
c4c544f1-1726-4db7-bc3e-6c3547dbca9f,734,55,7,0,330714,462484,0,0
36261be2-b00c-4115-99b1-004887798047,736,NA,18,0,234118,746790,0,0
b86eb0a0-c9a9-4fdf-b774-3c9b402a8bba,,NA,5,0,278597,551430,0,0
c870dbe3-7aab-4aa3-83d6-75de9c56f4b3,678,43,16,1,356934,551804,1,0
697ddca6-c1dc-4f63-b305-b7a25e7b1c96,698,NA,9,0,117591,207570,0,0
a17de670-bf55-439e-bc5c-09707593bbc5,711,NA,8,1,199861,235422,1,0
1e3115d7-17ae-49a2-a952-d1aebfb7ead4,729,44,17,0,224922,629090,0,0
6dc0d718-1d35-4527-a538-fa6459bd1aca,736,27,9,1,73283,158598,1,0
f63877bd-fc1f-46b1-a727-7eca2a5d36a9,741,NA,6,0,42978,56166,0,0
9c274c41-5e4c-4025-9a14-5b8ee1e397ea,720,NA,8,0,245613,478786,0,0
6248ec20-ec35-4366-88b8-304d34f5c9df,,48,14,0,326306,690734,0,0
dae8a140-fd22-4929-ad7b-c2fa5217a7b3,746,NA,7,0,125191,217976,0,0
5a91ee99-2811-410a-95c6-7a4d4133c544,728,NA,11,0,646057,1015036,0,0
ea547055-acf7-481d-958e-41ce390c4441,669,NA,7,0,219184,1328712,0,0
3e257c46-d967-4747-9621-239b5974b363,705,7,6,0,240426,291214,0,0
4929cb7b-9786-4750-9b37-c2e89ecace49,673,13,8,0,570646,829048,0,0
812eeecf-5ae2-4415-85a3-4e86e58f54e4,697,NA,14,0,630819,1137730,0,0
5b1b64b5-4c43-4b12-b7fb-838150d1b9d6,709,NA,5,0,42731,88220,0,0
611ff936-d4da-43d2-ad26-37c50c922489,,24,19,0,21964,69102,0,0
c4999a78-a792-419b-a0ed-2b4f9f719935,,62,15,0,641440,1023044,0,0
13795853-94b6-44b4-a5de-396ec04004d2,,30,7,0,162165,284922,0,0
75942c4c-ceda-4e45-8067-5a629eba997a,736,NA,19,0,436563,1113398,0,0
8e93143a-9d2a-44e0-a635-0baeb17bd3a7,750,NA,7,0,115691,305866,0,0
870998c2-0e60-4383-b930-bd76284a0f0e,692,41,22,2,229406,772178,2,0
e5a2fd09-3de1-4ef0-aae1-5e88ffbc60c4,,NA,6,0,100035,193358,0,0
ec00aef1-53d2-4a36-9dad-5c753c717aaa,723,NA,11,0,321214,730730,0,0
04972d60-a6fd-4603-819d-a3733750ed3f,7430,36,16,0,423111,846164,0,0
d9cd63da-3725-4d55-a8d6-b2025c07a6c5,740,NA,14,0,498294,690162,0,0
08013dc1-44ee-438c-9c32-611ff24d2876,708,62,6,0,265715,377058,0,0
4bac0db7-6c6a-4805-a7bd-37d7a8145a6e,706,31,11,0,97907,439384,0,0
5bba4095-f2a0-43d8-b608-4fe8eec99305,698,NA,12,0,147801,439978,0,0
8254767a-248a-4c20-bc5d-a74c29cd1c71,,48,8,3,76399,177276,1,2
d4213d13-ca3d-43ad-a5e3-dfa6a4a4ebd2,742,45,7,1,42294,162734,1,0
20e85dab-0e97-4935-b8b5-6eb4ec003694,,NA,9,0,496356,709544,0,0
e5a71039-bd10-4312-8cbe-d837419b33cc,722,15,10,0,264366,322916,0,0
c7b25bd9-9e42-4938-993e-4ff6ff3b113f,614,5,11,0,1424791,1851586,0,0
4475d460-02a7-4813-a089-40e6d238484c,653,42,8,0,141398,180312,0,0
4ce88e3a-6435-4c49-8cc5-4067e50e90a2,750,NA,8,0,265297,589578,0,0
2b49f09f-0e68-4a91-91d1-35630ef47dcc,693,32,6,0,60800,187748,0,0
e2a68877-7c6b-416e-b387-7e30b9aaa135,724,63,31,1,682613,1985896,0,1
f756790e-a7bf-43cd-8eee-2a3086e34609,736,64,6,0,195890,332090,0,0
fdddf189-b1b4-40b5-b6a6-63112e8207f9,,46,13,0,335293,1112430,0,0
592cc522-6d5c-4269-8f44-c97150028a38,710,24,13,0,508307,886402,0,0
645fec21-9d9c-495d-bbff-a7c3417d4960,669,NA,11,0,1894699,2507252,0,0
59721d46-60bc-471a-afef-fd5e7ce92c5e,,15,10,0,59204,93654,0,0
a999cde1-9cd5-406a-a48a-23f69599a582,733,48,4,0,272498,443168,0,0
659443ff-b646-49e9-92e3-892f0da83548,722,16,17,0,232256,675708,0,0
48043696-938a-4eb1-b6b8-7452c9f6b67d,668,13,10,0,193629,301334,0,0
eadaedbf-ed44-4d13-823d-c1993a25cbeb,,NA,16,1,185193,818400,1,0
c30e57fa-3671-4ec9-a222-32f4120dff07,745,NA,7,0,1159285,1586684,0,0
856a7324-462c-496a-a276-25504187a8d7,,NA,11,0,202901,611798,0,0
450e34a8-1cd5-4755-99b5-61653f8b5166,707,NA,12,0,421363,1053778,0,0
3e17be9e-0ffc-47cf-8212-f31400181b2c,648,NA,21,0,318155,454806,0,0
2b92190b-b38f-4364-aff6-59ecef7f9c06,653,19,9,0,160151,288376,0,0
d6d7bb91-fed7-45e7-b232-4b99906046bb,715,NA,12,0,181431,322212,0,0
e6e059f9-e46b-491b-bef4-760b284df1ee,722,NA,10,0,232921,463408,0,0
c21ac23c-fdf4-414b-998e-70f3cb3eb65b,726,NA,9,1,92891,155892,1,0
8adacad5-2c4f-4ab2-872d-f920a33257e6,719,NA,12,0,380494,1036662,0,0
6c2e5f3b-1545-48e9-9dd6-2b49b65205a6,739,NA,9,0,719739,952424,0,0
adbec73f-4a3b-4f72-91ec-311a8e0f5564,,NA,8,0,286045,564234,0,0
1e21420f-5711-49ae-94a8-91f7ba736409,,NA,21,0,1087484,1522620,0,0
4464e059-1657-4682-92a8-42a9dea862b8,722,78,10,0,40166,134024,0,0
ee0010f6-a147-4efd-9210-793f2d938670,726,NA,11,0,706610,1196184,0,0
f58e76d6-a510-447e-ae10-eb75b690e437,750,NA,17,0,25574,64526,0,0
e8564ee0-8b42-493c-b1c7-1c86b0258984,728,NA,8,0,279186,537900,0,0
4097834d-ed20-4665-89fd-86dae86ec1c1,723,NA,11,1,124564,215270,1,0
b3d82595-a7d8-4d6b-b724-4c3604e965a9,,3,15,0,56202,1587058,0,0
35080c5b-dc6c-4694-b0d9-cb2494bd3525,743,NA,7,0,230318,1159466,0,0
4ac4fefd-6c72-4838-a3e8-d2fba3f71ffd,743,NA,6,0,211185,318010,0,0
8ace1e28-d41a-410d-be3d-cb17f15d7b34,700,51,9,0,74385,187242,0,0
f86e931e-8185-4d01-bcc0-cdad075706d8,722,NA,17,0,87552,126874,0,0
8840903e-23b3-490b-9a55-5c909f9383f3,727,15,9,0,57703,156486,0,0
73ff35de-c0e6-4ca0-8227-a1ec3536dc79,742,27,10,0,225929,1038092,0,0
c62ebcbc-a365-4526-b167-a65930c138e0,689,NA,10,0,153254,345928,0,0
57bbd6af-a254-4bd2-959f-5747ed90a4db,701,53,8,0,201571,1728848,0,0
e2e51b5c-f9d7-4b9b-a3f4-16e43e277979,734,63,15,0,109516,192720,0,0
8cde250f-98a9-4521-9f66-c3eb3306e87c,729,71,10,2,63973,304832,1,1
a08de08f-1dee-4b13-8b0e-a19ffaa9fab5,673,NA,16,0,645050,1208570,0,0
65373d27-a18c-4b4f-8995-8787bf882729,662,NA,6,0,358264,533874,0,0
d67ff74b-1efe-4cc8-9d16-d5383caff9a8,737,39,15,0,809571,1755424,0,0
4f04f5e5-d8e4-435a-9262-f7f9bb5051e5,,NA,4,1,96634,138996,1,0
2ac47d27-6bc4-489a-8d7f-7163298159f1,742,25,15,0,438273,1177440,0,0
08392ffc-202c-47e7-8538-7bdf802d3cd6,703,NA,5,0,106932,165088,0,0
edf9ccf1-899d-45f8-92fe-257e899dd76f,706,NA,4,1,71706,89650,1,0
ee5e5a13-5796-44f5-889d-8a4d6f17ec68,706,17,10,0,173128,273878,0,0
bbaa5be7-9609-4b94-b790-2a3a39e1b47d,643,NA,9,0,387030,495726,0,0
92dbc0a6-b9ab-49f8-96c9-9aeb2a95c79e,709,NA,8,0,304551,408606,0,0
0957e76d-c969-4e10-bc77-780697f6aae1,,NA,6,0,174876,201674,0,0
8bf1e23c-e293-45c3-a492-5bc808192f2d,668,53,18,0,89224,453156,0,0
e387d566-a2f1-4cad-81c5-2379adbe0f66,697,NA,8,0,215137,371250,0,0
3011d2ac-6bdc-4427-a73b-9f4c3734943d,706,64,14,0,654037,816068,0,0
665aecf2-8fa0-43e2-82e9-38309cda2241,,57,7,0,294310,387706,0,0
99e81761-966c-4b2d-b77e-a79435657c9c,730,3,13,0,90117,187682,0,0
15f58918-e0cb-4be9-9975-c440d4b9a868,743,NA,11,0,571900,2207348,0,0
c0e4b311-fa60-44e4-a23f-90115f1b8c89,739,47,8,0,70756,178090,0,0
b5857abd-0022-4f7e-b27e-cfeb641290cb,,NA,6,0,202388,296252,0,0
7375b998-139f-48b9-8feb-47b0c07eee5f,722,NA,9,0,437437,648538,0,0
f0fc3ddc-dcdf-400f-a672-8ab5ea769dff,741,NA,8,0,340480,1504756,0,0
59dab05f-a95e-4f3e-8ad5-edd9399ff095,719,9,10,0,26125,149028,0,0
a417e885-136e-4920-81fd-9a9562699e44,721,NA,7,0,253061,408122,0,0
f44b98e5-f6b2-44bb-a493-6ca1640e27af,741,NA,7,0,268451,511258,0,0
4625351d-a8d6-4d94-b35a-ecf8dee504ed,,51,16,0,255721,499312,0,0
6c56983f-6713-4111-8c59-501994d69682,737,35,10,0,206264,445566,0,0
672c9348-fcda-4c86-b71e-f53e1a658b10,742,NA,5,0,90858,139524,0,0
def58600-9c0e-46b2-addd-b7ae8155f428,,70,15,0,431167,813098,0,0
668c904a-263b-4b8a-8c28-072c6ae8ab20,728,NA,5,0,264689,314336,0,0
d6a1b00b-b1da-42b3-83d5-223f2f70c413,735,38,16,0,415834,633556,0,0
08c89c11-6391-4ab5-a3e8-0e1a76639643,722,NA,15,1,364325,1195040,0,1
7fdbce5f-f67d-4351-b48f-3b4beb157b0a,727,NA,16,0,224352,405262,0,0
b0ba0afd-2cfd-4f5e-853d-56a46a7a82b0,7100,NA,10,0,239571,350262,0,0
09014aa7-cb74-4044-b2e0-ea8d1554cfce,7300,NA,18,0,433200,572594,0,0
e486c8d0-130f-4e12-af16-620f9427fc1b,661,NA,21,0,519707,1294106,0,0
5cfd7f4f-25b9-4439-93ff-c87fede83ed8,,NA,7,3,60610,112134,2,0
8eee80b4-f520-4147-af0e-4df32e1fc8e2,7270,NA,6,0,132924,250668,0,0
ff4f455a-d099-42aa-941d-66c6d7ad6c79,734,NA,10,0,422028,570878,0,0
8b38b6aa-26f2-425c-97dc-92df40b279a0,693,NA,8,0,317775,388542,0,0
f4c7d073-6872-472e-805c-c1934902dd31,710,40,14,1,56981,115742,1,0
271e22ee-dc46-4398-9167-2f54e05639ce,741,21,15,0,328947,1175548,0,0
8440d407-10ee-4426-a588-6dfeb605d81b,718,19,14,0,304893,682858,0,0
deb113f8-2b9f-44d1-9adc-8af940a6878d,734,NA,3,0,273771,358578,0,0
5d93d7b3-206c-42bf-b867-fe5645f3c9d3,722,15,13,1,153881,267938,1,0
b429c585-f699-4725-aea8-929350608652,,NA,17,0,871492,1707442,0,0
78064fed-cdef-4adc-a3c2-ae5198769c3c,,10,14,0,538897,824296,0,0
bc3c2f44-2f11-47fe-a6c9-b32515a9a48c,748,NA,14,0,188423,477444,0,0
0a557144-f9e1-4e0f-8f11-6920b412a020,,NA,3,0,207480,375364,0,0
a427362f-dffa-4070-9094-900a2d845914,743,6,3,0,1957,24464,0,0
c47e781c-ab04-46e5-a594-91361231fb17,,NA,11,0,1013650,2319592,0,0
bfafab49-ed29-4877-baf5-d5dd93cf81aa,710,78,8,0,351234,439648,0,0
fdee2143-5e87-417b-831d-5acf05916c05,720,26,5,0,129827,158070,0,0
fba85659-4603-4d01-87d1-13f789201635,679,NA,7,0,602851,958826,0,0
ef9544fc-68a9-48e9-ba16-393fd38ae568,727,36,16,0,133874,498410,0,0
6342f561-600d-4918-b227-97b2818020e2,689,NA,4,0,243523,290686,0,0
416bd241-735a-4074-abdf-c94bfda0c5ca,698,NA,11,0,319960,532312,0,0
33805c31-f791-4c33-96a6-ec910eb7162f,740,NA,11,0,306641,962214,0,0
b2f94f2d-5dd0-4557-b132-f69c0649c797,722,NA,13,0,424080,598114,0,0
49d0932d-640f-4e01-ba79-68040793ea8a,686,NA,14,0,545414,889482,0,0
a1701734-5ad3-4210-b810-c057948a9def,741,NA,12,0,342399,523050,0,0
72d4ad82-ee2f-4e57-898e-a4321b847caa,7070,NA,9,0,115368,272096,0,0
5e27ce6c-b377-4269-9d2c-6f08f935a1e2,722,37,8,0,181754,251438,0,0
0d8d450b-6e1c-4f3e-97dc-cf6138f20636,,NA,10,1,107749,410388,1,0
e498cbb6-6aae-48ba-a335-a88716894324,657,11,10,0,152570,233046,0,0
ed60fc27-eeb6-4bea-a5bd-200992dac90d,,27,6,0,229406,430518,0,0
98640fa0-c169-4ff0-9413-1f31feaabf79,732,NA,9,0,182761,467148,0,0
924f4653-c538-4c43-8690-16e1492d4376,690,NA,5,0,16378,45936,0,0
6e54bdad-0b38-4119-a935-e11c21092b27,720,27,8,0,145578,250470,0,0
4b0471d2-588e-46f8-bf00-2318d8e0605f,691,61,15,0,142481,338074,0,0
7d34009d-9cd6-459e-ab11-a394acf3712d,715,7,15,0,216505,509542,0,0
8f82ccd3-9053-48bb-9150-18b9db3d213c,,NA,13,1,51509,238568,1,0
9d7ab6c4-4717-4426-a1d2-ce1bddac77a2,7330,NA,7,0,129865,404228,0,0
c706b205-3256-45bb-b9a7-816a4abf10aa,727,NA,12,0,471751,600930,0,0
2fdde974-35aa-4e1d-a5c3-400c9c39bf56,699,3,18,0,242934,953524,0,0
36717e49-0ffc-489a-9233-0585bbe04b28,,53,22,0,743432,1190640,0,0
0756e004-500f-4adf-840f-2293dd895c68,725,NA,17,0,397366,725714,0,0
8c6165ea-761a-4836-b45c-9b8186c7698b,690,38,21,0,312987,776028,0,0
c68962e0-3cac-4d2a-8c9c-7611c33a2ec5,694,53,17,0,98629,139766,0,0
0922a7be-7e58-4ad2-97cc-09e34777b7b6,722,NA,11,0,771533,1415788,0,0
5c90c936-2532-4ca2-bfdb-7631eeb868d9,,NA,7,1,55461,125422,1,0
22d336e6-bc51-4dbb-9992-3c3be6cb2ca4,,49,10,1,263093,382690,1,0
93d3e094-4223-4750-9c82-85b6c186cbb9,742,NA,12,0,51262,534776,0,0
01fb3f64-a35a-45ec-a00f-9d68f0138be5,,65,6,3,75848,253814,3,0
cb0f4202-d7ef-4c2f-a38a-a0c505477376,,NA,19,0,377131,859584,0,0
5ff8765c-24fa-4f5c-a826-94654efa9877,725,NA,17,0,577885,935858,0,0
f40cc5cb-edac-4941-a4b9-0ccc33a1ad17,690,NA,6,0,58349,187660,0,0
cc2c0f2b-1472-48f2-b889-121df5a3bcd9,748,41,14,0,127661,1895190,0,0
3746439d-e79a-4401-8a69-40b7fd133194,667,15,13,0,347719,533984,0,0
2d61b903-4e7e-41e7-9271-610db99193ec,739,NA,10,0,286387,572726,0,0
214e8039-e85a-4421-90f7-09ac4de8e506,725,NA,12,0,199158,411796,0,0
5169527e-ee8a-4f5d-8142-1ab29814015c,746,NA,13,1,211660,366344,1,0
5651cd7a-922e-4e99-a73d-d9c0fb2da026,,NA,10,0,215726,412874,0,0
4be50b67-6ab7-417a-80cc-c712b39b6a2c,727,57,9,0,292239,516604,0,0
8cca80ac-a6ec-4ce9-bc14-6aa9ab9daef2,,25,13,0,155686,211090,0,0
65c2a7dd-2765-4700-b629-25ad1caa5f63,715,NA,6,0,295469,693946,0,0
27cd8651-af3d-446a-8d96-04c3197a9a16,722,15,12,0,317091,486948,0,0
3f34b3ff-ec20-40a7-b390-93f059b382ac,738,22,9,0,141379,268356,0,0
6c203ade-27ab-4148-837e-b5e45ee7b29d,725,NA,9,1,91067,485914,1,0
0cd2a30d-147d-4bf8-9cc5-1498b34142ad,693,14,9,0,601293,777040,0,0
166a3fbb-1577-4d8c-81ff-ebed07a2a884,741,NA,13,0,287508,1270676,0,0
a85397de-1e84-4271-b6d4-885e73046a9b,665,NA,3,0,221882,269302,0,0
f216870d-2fc2-4c67-9d90-217ef951c26c,710,8,9,0,589646,756074,0,0
cac4ac58-f87f-44f0-9a12-6b62e4ee9fb7,,19,7,0,160797,503184,0,0
15697609-1d8d-405a-be0d-4b7faaa7579e,715,NA,8,0,113867,214060,0,0
0387a6b8-79b0-45c9-add8-d66f7c9487c6,747,40,6,0,208297,416548,0,0
400ef6e8-29b8-423d-93a3-3a76582eedcc,707,NA,7,0,78755,324522,0,0
d1f65ac5-1fb8-4fa2-bbfa-c2d9f9e019b0,7190,11,19,0,312911,425260,0,0
5d7e60d4-6be4-4188-a700-b2a5dd499b7a,738,26,7,0,398202,673112,0,0
7ed6bafa-05fd-44c0-8b5e-1cd62ddcd7ed,747,NA,8,0,254258,366190,0,0
1e8908b6-3ad7-4e0e-ad0c-0f39c097a929,671,56,16,2,141037,317746,2,0
7e121dba-5980-4c45-8bca-c820660c972a,732,NA,8,0,228152,575542,0,0
b1cfa3ee-0b76-42ce-ba02-76e8501dc4d0,738,15,14,0,905958,1110054,0,0
59771603-a932-4223-8bc7-af2bda79a7f6,740,57,5,0,1995,26048,0,0
619ec450-5027-4265-8376-564f23b205bb,,NA,3,0,62738,88044,0,0
9ffe2c3f-2d67-4baf-b57c-48757b472f1d,728,NA,10,0,342285,424314,0,0
ceb04b9f-3418-42cf-85da-041b33b1f5ff,713,NA,14,0,599545,940654,0,0
7a18b36a-4824-433c-a797-2772b46f44b3,714,NA,12,0,219222,516978,0,0
a6e65f6d-d76b-46cb-87df-03e8219a0468,,NA,16,0,574731,1043064,0,0
c8465886-5f9c-4c73-8f77-b88e895a9568,7130,39,18,0,465652,1700886,0,0
97ec2329-e4b6-4769-beb5-fbc8cfc47ffb,730,11,13,0,565687,1113926,0,0
7b59adf4-2d68-4653-be46-ea81627d35a2,,NA,10,0,275899,433466,0,0
309c78a1-2da9-4c54-899d-cd323754dc0b,721,40,22,0,378100,1006434,0,0
ba02f377-6a19-483b-92a0-7657bfb9ba2f,749,NA,17,0,74157,1341780,0,0
f1038b04-1bf5-46ee-b6dc-bccdb9f95b41,,17,21,0,615600,1419924,0,0
942ed4b3-ddf6-4650-8137-1ee03eb0d625,,NA,15,0,306299,498102,0,0
070a37b2-76c6-44df-8d65-dfd86c02bc76,696,11,15,2,315362,670032,0,2
05176dc2-1ff8-4107-a290-e6e709c8602b,742,74,12,0,375117,696058,0,0
035d09a2-2220-4cd7-9ed2-9d52dfc5451f,750,21,8,1,53181,410432,0,1
bdc6bc0f-2367-4a9a-8b5c-38c8de64778a,726,39,8,0,198417,460394,0,0
98038ced-8bad-4c5b-a933-f1b0354f3e06,624,50,11,0,324311,550616,0,0
8966fc77-b268-48f4-bf02-ad668f0c69e9,749,NA,10,0,78128,445610,0,0
fe8c6166-f9d3-4027-b68c-58e80172f79c,709,NA,7,0,164863,275858,0,0
eb47a765-1738-4b45-8f16-c8082029296f,710,NA,8,0,435461,611930,0,0
5259f19c-9b03-40b3-9024-cf4198e236ae,702,39,18,0,675051,1494526,0,0
ec7573f7-537d-4992-90b6-2d7d5b03bc3e,717,NA,15,0,354654,839784,0,0
a830ac78-ee6f-479b-9a46-3b29ba4363ba,,70,13,2,181355,545446,0,0
8c7931e1-819c-4f20-a6e9-9402fe5e188c,723,61,11,0,258305,485540,0,0
a4b620f8-ff00-4d04-b269-67b6c342201c,705,38,6,0,482600,579678,0,0
7e59d19e-73a6-432a-b1a7-cfbef30284ab,740,NA,5,0,34808,244266,0,0
4b19a131-d685-4db6-8bd2-63a195e74357,731,31,4,0,515052,802648,0,0
5910a687-a9d5-4af8-bca7-113112b8f4f8,,NA,11,0,143925,181940,0,0
7ec145b1-93f0-4205-bd32-d9e3329a97e4,750,NA,10,0,41097,587356,0,0
051bd194-3e07-4de4-a81f-8335cf893ac9,662,0,12,0,94487,308220,0,0
8e0f9c17-1e65-45d2-ad47-ba5bbdb56dac,742,NA,7,0,115824,220572,0,0
4b09cf2d-a312-43d3-a7ea-efab94d9b92d,698,17,14,0,370158,645480,0,0
0fda8a2b-229b-459d-8b6b-5238d3a20598,721,23,24,0,71535,374836,0,0
079828b5-e73e-4d93-aecd-ba5f87ccf482,735,42,14,0,314564,728486,0,0
86cd7316-d821-43d5-99ba-b5cfc7ed1f20,,NA,11,0,244587,355344,0,0
19eb4505-fc1b-41c5-a68b-0eb8c0eb41bc,741,68,9,0,333336,634810,0,0
a4b012da-2f40-44ce-b13d-6dd8d165c2f4,721,NA,7,0,100852,269698,0,0
aca6dd89-6edb-4751-8dad-5b381ca98c7d,746,NA,14,0,308826,600974,0,0
91f67753-88d4-4733-aaa3-baacb79f3c14,743,NA,10,0,129789,188078,0,0
8aadc468-1c31-46c3-a98c-a838e2361917,737,NA,11,0,755763,2451240,0,0
86880f0b-6671-4b94-a649-e58c75d351b5,734,41,6,1,26828,157674,1,0
f962ac70-3a74-4505-9536-8b3a51782211,704,38,6,0,164483,278454,0,0
a1ba479b-481d-42a8-9437-ca768fde785b,692,NA,19,0,615239,1477982,0,0
6bde7a24-e0d2-4152-bdac-6f648fdadf42,715,NA,9,0,104538,680020,0,0
75057721-f84d-42ec-94f7-8fda60906324,6830,NA,17,0,657058,835142,0,0
dab367fa-59e8-4086-a8d9-a35a87e7aa84,642,20,4,0,12521,15114,0,0
43795a0e-55cd-4d28-861c-2c73d70184f7,,NA,10,1,177707,457292,1,0
98bc6e38-7c14-4e72-856a-1efa060ab9db,,NA,10,0,588601,1076658,0,0
a4836b59-cba3-473f-ab2a-161e3b24a07b,697,NA,5,0,17233,28050,0,0
9662a8f9-92df-4a02-93a0-e13704b3bf9f,750,NA,11,0,217113,808368,0,0
43f7a3a2-bdd3-4d6b-a31c-13f754277831,,70,14,3,1207127,1715010,0,3
7c24c0a5-ff61-4652-84c8-197cc24f75d0,740,10,8,0,890853,1014288,0,0
dfc53902-21cb-4400-94d9-1d2a5afd86e6,744,NA,11,0,381083,1202322,0,0
17e5d465-4a54-4c83-bc1e-d53190ddf75b,673,74,16,0,501923,852170,0,0
82021fba-653c-4060-8c50-677a7e53a6b7,713,NA,14,0,277666,372988,0,0
254e61d8-6832-4c96-b68e-13683c0986c4,,NA,8,1,156902,497750,0,0
9ac30e88-4c58-4356-b330-157fb001d37d,680,34,17,0,228266,355256,0,0
4575c2f5-b21e-41f3-aad5-ec610a9e487e,683,NA,7,0,66576,81576,0,0
1bb543fd-c17a-4236-aafc-f3b6f474ab0f,680,NA,10,1,261592,408210,1,0
57f8d8e9-d7c6-4dc7-846e-cc2e52429ff1,729,73,9,0,78166,215490,0,0
48760dd3-fc05-4884-9ea1-92cf3341c1dc,713,NA,3,0,87419,117018,0,0
c104f707-f6c6-4e1f-8333-3a99db45663c,694,19,6,0,12540,38038,0,0
1acb148d-8afc-4c0f-be7d-7e7829f3ef0e,672,NA,14,0,223288,590304,0,0
e337ed83-4006-4b7f-af63-f36f24a4cb6c,729,NA,6,0,492784,1152712,0,0
ca483e4f-3580-4c71-a374-c26d9e147dbe,,NA,10,0,258381,394196,0,0
193d550f-e079-4a4c-8344-568d96035a94,736,38,16,0,985929,1721852,0,0
81fd5505-ab34-4489-b798-38ad7a9ae44b,724,NA,19,0,582236,1337622,0,0
66dd7b78-4bb5-4c2d-a456-32bd0047071f,723,NA,11,0,141512,224136,0,0
83212532-89f7-4825-896f-d76a92e1a56d,7380,NA,12,1,151924,421872,1,0
bd5e7e66-70c8-4540-a049-eb8a7e51d03a,734,NA,11,0,370139,603636,0,0
2d707b02-dc4e-4685-9709-5470877da184,736,NA,12,0,151506,268224,0,0
33191d9a-a749-4e5c-bb6f-e0c67cd0ff16,724,66,9,1,208297,438548,1,0
6e76cb47-8120-4442-8f30-7b016aa3b9b7,742,NA,17,0,245328,486420,0,0
a9f80d93-f7d7-40c4-8cee-2f8db5e194f7,713,44,6,0,85405,110858,0,0
76c36108-3252-4175-8918-9ccf89c5eec4,6810,NA,10,0,504906,806366,0,0
4472576d-399f-4927-91ce-a28304ab49ee,747,21,14,0,212819,606980,0,0
e3df56f1-dee9-4d0b-818b-77f8021e2b7e,706,5,9,0,1501,174064,0,0
a7dcc10d-8e9d-4c5d-b7eb-95248717c165,717,27,7,0,127091,212938,0,0
6314be9d-374b-484a-b19d-760e7e138103,732,NA,18,0,708244,927674,0,0
b1b7861f-7b09-45a7-bd3f-073273c954b9,740,NA,8,0,404567,760452,0,0
ccd8bdf7-3eda-4df3-86a0-b4d797bfb853,706,NA,8,0,41040,54362,0,0
104877a9-6b4c-4d6b-8606-3fb91faefafc,721,29,5,0,300447,506396,0,0
e709ee81-396d-42b1-a3a2-1ef359f547a0,,NA,24,0,597930,1688654,0,0
64d4087c-cf9f-4fbd-b1fb-2fb768e1e0a7,721,NA,8,0,1346606,1605802,0,0
3456acd0-6c17-40b7-84fc-402eab977d1b,715,7,7,0,58938,136466,0,0
0943a6fa-517b-4eb8-83c1-69f8b09349d7,730,NA,10,1,79344,198022,1,0
61cef7ba-7703-4e6a-8c03-062b4c66be53,673,3,10,0,332481,572022,0,0
d17375e9-9487-4551-9aaf-3ec7be6e2fb6,733,43,16,0,72922,152394,NA,0
cb7a353d-7f4c-4d16-a759-880fa3a93669,670,23,21,0,122246,209704,0,0
96254f4f-49ab-4e99-819a-279d0a5e4f02,6880,NA,12,0,174629,533500,0,0
a4b15d25-91b0-4275-b13f-24007c7979c3,748,27,19,0,533900,886930,0,0
45202804-09b6-4b4f-a03f-92b3fc17b0ba,747,NA,6,0,1365150,3341844,0,0
e7f893de-a43c-4bd1-988d-ba76c9547b8c,738,NA,12,0,520467,1179354,0,0
a4a5ffec-2791-4d44-b3e1-92dec5b2447c,7440,NA,4,0,79021,269148,0,0
94e08bbc-734e-4256-be3e-04a5b9bdc18b,675,NA,4,0,29241,42636,0,0
e75fd4c8-b82d-4f52-a470-09f7512a8368,742,28,12,0,200450,536030,0,0
634428f4-bc3e-4123-acb6-7d9335eca9fd,,NA,9,1,376181,694716,1,0
fb6e802b-be04-45ed-8c49-1789085f67ac,732,2,23,0,723691,2038850,0,0
3dc438c6-efc1-4e3a-8277-b39334af63e4,738,NA,10,0,317053,467060,0,0
0f041c3c-05da-43a5-9cdc-c3b7ef30fae3,737,80,19,0,841358,1105808,0,0
2d2180f7-fef8-4524-868d-c7dfa331d66c,,NA,10,0,212648,516208,0,0
57adc765-f88f-4891-a883-92149a240833,,NA,15,0,240331,453948,0,0
5103a2d7-84df-445d-b5c7-d4c664b11fb8,725,NA,7,1,373122,664664,1,0
416abec9-67c7-44c2-b7f2-31446a3a99bb,711,15,8,2,81472,193314,1,1
3dc7bcbf-6d72-4b96-87cf-8aab26d8bb43,,33,20,0,410343,873422,0,0
5b52ca4a-fbd6-449f-999a-d218404a9214,747,NA,21,0,367175,1786334,0,0
30ccee68-4813-4122-8da2-ea5dab282d8e,,NA,13,1,180671,506550,1,0
1e348419-5df6-439d-bd16-037caa259ee6,,NA,7,0,704957,1174492,0,0
842598a4-4530-426c-aeff-af6e652b1a71,717,64,10,0,69008,163064,0,0
2dc8d442-05b1-4b24-9c38-b581cd4f40e8,670,36,6,0,0,0,0,0
4f1735c5-69b2-4306-81b6-39ae21659e3d,716,51,7,0,19570,145288,0,0
2601cffc-81a3-41d1-a61f-236bd0a24ad9,672,13,47,0,498085,1410090,0,0
20ca14c4-1d70-410f-9bb9-e502117737ab,684,13,18,0,436867,896918,0,0
3264027c-8cd3-4f85-bc7f-53fbfa868ff2,717,67,14,0,425334,897072,0,0
37ee7ac6-f5d8-46fe-94c1-2748e600edb0,727,12,15,0,86469,254782,0,0
22c541e7-77a8-4edb-9163-6f5425050554,717,NA,11,0,13072,388124,0,0
79ac7b37-4aeb-4d86-a75e-d562fdf116ca,696,NA,7,0,349315,469216,0,0
93bb859f-5d88-4183-8d77-72bdbd7de7bc,7130,7,14,0,639540,1202124,0,0
b8e30990-1e38-4c40-ad57-b894b17efc96,,NA,10,0,209703,420816,0,0
cf89c6bf-628e-4bc5-b241-f437d151ad96,674,66,10,0,339473,409442,0,0
891681ef-9c94-483d-8380-d57785835e38,712,45,24,0,350664,810458,0,0
94be29d5-4cd6-45a5-859c-f65274f06771,747,NA,11,0,138548,1015388,0,0
58d0d899-a086-44af-a00d-4861013ba1be,,NA,13,0,329422,1315292,0,0
d130746b-f9dc-4bf7-88fd-0e9bfe95b7d8,640,NA,13,0,182001,313126,0,0
86028ead-da0c-47a1-80d1-1d20cd318ab8,693,23,17,0,479845,741796,0,0
b994832a-aa08-4652-9395-e85d6b299428,748,NA,9,0,579462,979484,0,0
66b13d5e-2fea-436d-887f-873b66144bdf,7000,NA,7,0,391647,687104,0,0
e574cf65-07f5-4043-b793-c7bf2a192b5f,721,NA,21,0,3762,870100,0,0
b9860f67-4e1c-4907-972f-cb62f4085455,718,NA,10,0,173622,229240,0,0
7d0c3a58-2d76-4227-b768-647295b84508,744,NA,13,0,321594,1415854,0,0
fec31144-7ec2-4272-aa93-7e176df5cfc6,740,NA,8,0,201077,293964,0,0
bde77b36-22a1-4fb8-ab4e-f52d901c44c8,738,NA,3,0,11571,235026,0,0
70c21116-5512-4d65-88eb-0cfd7315df00,742,NA,14,0,305767,581350,0,0
c008e8e1-f9d5-45d8-a3b4-cb4c91d7a733,690,NA,8,1,119700,282854,0,1
291aac04-73c7-4321-b989-04bc093977a9,740,30,10,0,238754,531630,0,0
472b5ddb-41a1-4a17-a451-80675f968d21,746,33,9,0,63403,569162,0,0
b9f94e2c-bf1f-4bcc-a471-e186a33001b5,732,39,8,0,310156,377652,0,0
12adfa22-71ea-42ca-b820-3c05ada8ef7a,728,NA,9,0,119396,207900,0,0
99b43129-d554-46d0-9f05-0bbe9839577e,,66,10,0,465918,1008370,0,0
e792cfd6-f961-40bf-bd7b-f88bb76b5008,745,15,15,0,65227,403920,0,0
1086adca-cddc-49a4-a278-1e03f6ec08e7,7140,NA,10,0,74290,123772,0,0
5e2cb3de-8f66-42c4-98da-68af51f725ed,734,49,16,0,328377,621280,0,0
6b566cf7-1337-4974-84c9-1159a535bc66,693,NA,6,0,416955,648912,0,0
b278c1af-46f2-42b0-86b2-d1abec2a0771,739,NA,5,0,571159,723580,0,0
1843c66e-f9d6-4df4-8928-8ba2116ca788,643,6,5,0,127794,150216,0,0
d5e50df4-6de4-495a-b247-6bb261ec7446,722,NA,11,0,513247,719488,0,0
ada56f9a-3aec-46aa-93fb-fbd30a76675d,712,51,24,0,344945,839080,0,0
424260de-1677-4e30-a3eb-c50fe5dc296a,,25,13,0,206226,571252,0,0
6018bf7d-17ed-4dad-987c-2306091b9fbb,,NA,13,0,1150754,1723744,0,0
f407d070-fb0d-48be-942c-9f65ea4e5ba4,742,NA,9,0,170468,331738,0,0
2aa1a27c-9afe-45eb-96e2-72575a09e2c2,,8,14,0,135945,221364,0,0
dcad46ae-6637-4ac0-ace7-5f6d03fe1633,668,2,16,2,64961,378004,1,1
7771effd-46f5-457c-bd2b-72d364784cca,,NA,8,0,174078,242264,0,0
91846215-be5c-4089-a5e3-c6ad9e607c6e,741,NA,6,0,13262,465410,0,0
23728d63-372b-4fc4-86f0-ba98950300b9,745,4,14,0,41344,423742,0,0
344675fb-6576-4413-9405-4ceacef40a15,737,NA,10,0,290130,459558,0,0
05228e70-bf70-43f7-b1c8-a72935eb8e5d,729,NA,17,0,274550,374880,0,0
777c169d-b557-4649-a3af-5c546f46a76b,745,NA,14,0,160645,400862,0,0
616add7e-2589-4211-a13a-ae8cf7e43351,,NA,8,0,315647,372944,0,0
ddf6f57c-946f-42df-959a-1854bae875ce,750,NA,11,0,199937,411950,0,0
91e0c667-e738-4058-9630-e92c96be64fa,692,45,16,3,102505,399630,3,0
1b4626a3-6376-448e-beee-4a5bc90069e7,653,76,17,0,143716,299288,0,0
5bcbc1bc-d17e-4400-88b1-6874cceeb2c9,717,NA,8,0,287375,553674,0,0
86954b99-20e6-4732-9c13-848c2e988834,,25,5,0,168986,465872,0,0
974e98b6-1a3a-43d2-ac04-fa75717d3177,700,49,10,0,216714,347072,0,0
706b540b-caf9-42cc-825b-b78bb6534e60,750,NA,9,0,131879,396616,0,0
128de514-f6e3-41fb-9806-03059f50b4a4,717,39,12,2,82156,153428,1,1
e643494d-3072-4533-aa51-bf159275d520,,48,3,0,32699,47916,0,0
c0039a2f-bdb7-48b3-bb19-3c389ee9cc71,742,16,13,0,229463,609400,0,0
29307086-fa94-4951-97cf-950944b0683c,745,79,10,0,156427,465608,0,0
0c216720-8792-4bfd-ac49-90a28f8ca120,661,16,10,1,120137,329648,1,0
617ef780-5800-4276-ab2c-de7d390ab460,700,46,9,0,187948,317702,0,0
f485becf-80b5-4715-a76f-b77f54b6b167,733,7,12,0,124659,267300,0,0
d128b93c-1d99-4098-8b71-72dd919e1146,694,12,8,0,84797,1128534,0,0
514936c7-26fa-4b98-a984-44b4684fc574,,1,12,0,124697,913814,0,0
19adc8f9-7a40-4d86-839e-90236ac72202,745,NA,11,0,537225,946792,0,0
c6902465-101e-4a92-bc9e-a3a289916eec,658,38,8,0,172463,218240,0,0
7fa04668-5b21-463b-9567-0b00993036d9,741,NA,7,2,19703,362120,1,1
f9caba1a-6e8b-44e0-9472-c14821547f7a,748,NA,12,0,1103919,5863352,0,0
d6a0174d-0808-4df7-854c-1c14e8ea15b0,,21,7,0,163913,251702,0,0
5e51b8cb-d409-47de-a8e1-a55d795b4939,723,62,11,0,143697,299794,0,0
ea237dff-7c9a-44af-a001-538891c60822,744,NA,12,1,488718,862642,1,0
5cc57dd8-05e8-42e2-85e6-f28883fdc4e4,747,NA,10,0,159524,697070,0,0
0a9e8d9b-14b6-467c-85c0-8790997ab483,741,76,10,1,124868,266266,1,0
899a2984-5b72-4899-8011-e9c7295c7f61,625,NA,20,0,420204,930314,0,0
f10cc1c6-d0ba-4dc7-8ed5-e852927cc532,731,NA,12,0,4882791,12563892,0,0
a8567671-c008-4b25-a7c3-aaa621f6e0d2,7260,NA,9,1,185212,357412,1,0
36c94e6a-a1b4-461b-b069-ce71822f35f6,683,NA,4,0,83125,106370,0,0
88cc24af-d360-43bc-8597-115cfde4f0b7,704,NA,10,0,106590,358776,0,0
ba3a2238-e948-4335-adfa-5a91f04d4890,,62,6,0,212059,297616,0,0
eac7d834-5355-44b1-9b5a-c6b1bbfbf991,724,22,9,0,289655,572352,0,0
c3e05b01-6d9a-49c3-8805-d03ed4b3edb8,703,49,16,0,210444,302324,0,0
4f814c4d-45f5-4f99-8b55-90b1ee7c1648,747,NA,11,0,379202,570240,0,0
6623139d-869d-4d9d-9e8a-178ead0a9665,,NA,10,0,84322,224972,0,0
cd3bdcc8-7164-43f0-9985-7b9218962955,716,NA,11,0,298395,624800,0,0
38549ed6-cf45-4f4e-a821-5e366d92c791,708,NA,14,1,218576,516494,1,0
c448cf74-bc84-4811-9bb4-762e64215728,720,26,11,0,46664,149688,0,0
d63c8f9f-c74c-4e20-b69e-f20d07fe6eb4,,NA,8,0,142823,283668,0,0
49add785-95e7-45fa-832c-1a7c7e4333e4,727,26,11,1,134102,278784,0,0
f586e5de-8c58-42d4-8c16-f96b4d0052c4,699,41,32,0,107578,2042106,0,0
55802722-9f6d-421b-a00e-0b857efdac91,658,NA,12,0,496983,721138,0,0
2896a59a-b0fe-430c-98ec-47ffd9a96c3d,718,NA,12,0,353647,511214,0,0
e998f431-d74a-41c3-85ce-f137a53a168c,721,NA,8,0,329194,459800,0,0
f3e415f6-268e-4e18-a64c-65d6b79ba348,740,NA,6,0,126483,180378,0,0
b6ee5227-442c-4e1e-9c22-72ea9d2ebe73,739,NA,10,0,252966,760782,0,0
fb897582-d7bb-46d3-ae35-0ede1010a972,,NA,8,0,240521,439274,0,0
e6dc0ab0-8599-4c23-9658-882f0a75b1ed,,NA,10,0,244397,428120,0,0
84635dd1-f3e1-4951-990e-1122041de55c,713,NA,7,0,294823,437096,0,0
12b3b857-af2a-40e2-8645-c651541423d5,723,72,15,1,385187,946946,1,0
2bdf191f-a7b4-4a3f-93a9-4a7ccac80c18,729,NA,10,0,565611,682198,0,0
c1493d80-3b1d-478e-b6cf-9d2605cd13de,665,NA,13,0,307705,864798,0,0
2913eeee-99e8-445c-8869-25656f4e444c,634,6,9,0,702943,895400,0,0
81a5b10e-3ba9-4a69-a374-bc82c8f19de2,719,NA,7,0,49419,196614,0,0
e956c43b-6003-4098-b9bb-6f6153817f59,747,53,12,0,9595,1233848,0,0
1a816e89-9314-414b-88b1-2542a77f45ee,740,30,18,0,582768,933306,0,0
d5cf43cb-538a-4ca8-955c-490e32b5b52e,730,NA,14,0,633251,2143966,0,0
5b637725-a8aa-4644-9ec4-b4ed1731b2a4,722,NA,15,0,291593,576180,0,0
c63c24bc-9728-4b74-b31e-d99233a21051,743,NA,7,0,445455,733700,0,0
a07c0e29-5ed8-4444-9463-3b4d04ef65ad,,32,5,0,358815,419650,0,0
4e8f0f96-a46d-4f18-a2e4-fa9398cdb6ea,743,36,8,0,62814,118646,0,0
4c2daa0d-b887-4519-a283-b5913bd6b08c,692,NA,9,0,340841,467060,0,0
900cd3f8-23c3-40d9-aa1d-f483a43e26cb,,NA,10,0,524343,655644,0,0
f4361537-79a5-4714-a187-9761cda369a7,735,NA,19,0,553109,1067396,0,0
09743839-6450-4ea1-8d66-c85bd655b367,,47,11,0,558638,746064,0,0
954d5c4b-cd6d-4e6d-8884-6ae76fd5e727,748,NA,10,0,204649,472032,0,0
3bdb77f9-4996-41b0-b0e6-63e78cc483bd,741,NA,14,0,395257,782342,0,0
99e20d20-ffc5-466d-9663-cf3726a24d88,646,17,14,0,599393,841236,0,0
21881091-2da5-415a-9115-34415ef5127d,748,NA,11,0,356953,1025596,0,0
b59651b2-0ef8-4a68-8fb3-1bd5e81ac4a1,739,NA,8,0,210691,910272,0,0
3df5ac73-b560-4119-8352-2c3085206f9a,733,44,10,0,32794,165132,0,0
3486fbb7-df6f-4d2b-883c-2badbaf2bf83,694,NA,10,0,86849,207790,0,0
55bc2b31-f7b7-42bc-9747-a30c80eda79c,,20,14,0,387030,621566,0,0
0d0fad10-25b2-4309-bf6e-7291bcb8d21d,709,NA,13,0,657324,1071994,0,0
2998bf20-5227-4481-a793-1bc1eccb882d,745,NA,21,0,60800,991562,0,0
43f358c3-c0ce-4e18-9bca-de6e87c3de84,716,17,21,0,101023,268268,0,0
e280cd55-ab5a-44aa-94a0-70a08db90c45,748,NA,9,0,352488,1766842,0,0
cf15d78f-99f4-4c61-902a-16c7fee71fb6,731,NA,22,0,1862266,2338732,0,0
c542240b-98d5-4cf5-a88d-83b4943f0d36,738,22,16,0,307857,792132,0,0
37e1fcef-0272-4501-9f0a-aa99b08a758d,740,6,10,0,212002,437558,0,0
8ba900cb-e2e3-4018-a17b-f5123ba8c162,724,62,7,2,106343,186582,2,0
b697efc1-01bb-441e-ad08-fcdd76090841,711,22,10,0,137750,187418,0,0
6c7e8e49-ec66-433f-b09c-5dfd7fc15e18,656,48,9,0,178961,236830,0,0
dcade0ac-7764-4d70-8905-61bc4edab4db,743,NA,9,0,336034,564740,0,0
16329da7-820a-4643-abc0-9ed96df3f552,,NA,10,0,368657,894938,0,0
ee7bf771-df2a-4383-a29c-55909d7829bf,,82,7,0,315115,510290,0,0
6fecec54-c74f-4f33-ab14-5849f3870fce,743,NA,20,0,109592,526526,0,0
0597d6d7-b7e7-493b-8bd4-b58ae35d01a5,,NA,14,0,241699,553102,0,0
6c228482-4ff2-4e0d-a549-6c3ce292a831,738,40,6,0,247095,324016,0,0
0dc06d02-a8eb-40a6-9e03-4c76b1a3faae,668,NA,12,0,295222,477444,0,0
faa71570-60be-4131-9516-c634a25ab507,719,20,9,0,29849,67650,0,0
c763a630-03cd-4dc2-9dbb-f904097a211f,,NA,4,0,494,95194,0,0
8d3a8eee-5537-4e03-92d0-9a1612c288f7,719,3,14,0,284411,371250,0,0
5fc745ed-fca8-4315-9263-c58aa2f17da0,722,82,13,0,667280,1095930,0,0
dfab3cfe-9203-4a0e-a47f-af9887c5f850,738,NA,6,0,221882,562188,0,0
694a0e0d-6c15-49d9-9055-d68106f2454c,725,NA,7,0,57855,132154,0,0
dbb3a28a-dd47-4def-89a0-411755fd774b,687,3,19,0,641953,2519748,0,0
06520aa1-375a-4eb6-98bd-e94ac0595fda,746,NA,9,0,210653,288002,0,0
d39c9058-f1ed-4176-b30c-a875fdb384e2,702,NA,15,0,364021,670142,0,0
fa0eb328-4156-4464-b42c-5d31969fa07f,718,NA,6,0,178790,225258,0,0
1283bcf3-30bb-4af8-ad8f-f61bbc5018ea,728,7,13,1,233092,597102,0,1
f7ee9a24-0aa1-45d7-ae17-8c726e047444,641,5,7,0,46360,53680,0,0
d9485372-b1a9-4144-b728-f5775df8448c,734,NA,5,0,153387,308880,0,0
03db0711-158a-4174-9e91-b4d864b30175,7330,NA,11,0,210995,634590,0,0
bb99a02c-89e6-4cee-89b3-4497e6cdcd2d,717,NA,14,0,396910,731786,0,0
9e16b76d-06de-4684-9eac-24691dfe4bfb,695,42,8,0,317984,1022780,0,0
79655e01-3151-424a-a62b-7ad27e10ed15,748,70,11,0,100168,816816,0,0
80cc51d0-4f10-4013-ae53-32468c3876f4,730,32,17,0,179797,473132,0,0
b4b97c72-475b-41ff-855c-c34903e44165,710,3,4,0,68191,304810,0,0
2990053a-4e35-4722-9db4-df3a392c1a0d,718,NA,7,1,57171,90178,0,0
011a32e9-b719-4436-a925-951fed5cfc0b,735,66,12,0,246183,904948,0,0
d7c2698c-fb04-4465-b98f-24b4ef7230c8,682,15,20,0,306033,984280,0,0
954c9e4e-b093-4a68-ab6a-e1c3b49e670d,713,NA,12,0,232560,359524,0,0
eace279d-a32c-41f5-9bca-624ae798fde0,725,24,6,0,13870,99748,0,0
9f63aee6-d819-4bba-906a-6390e26b68f1,739,41,16,0,376314,935066,0,0
4ed9926e-0ef4-4804-a421-0c74879ebc07,676,NA,14,0,410970,726506,0,0
bb76d7a5-116c-4bcf-ba5b-f066bb0394ac,713,NA,9,1,47424,189354,1,0
9c603c38-f9b2-4475-86e5-89eeee9e56d1,648,40,7,0,332291,465806,0,0
52272e4e-9223-404e-bb8c-74a42b4d8e76,,NA,14,0,181336,364540,0,0
cac53fcb-9441-4e4e-b4b7-2be2e6def63a,734,68,10,1,111378,497904,1,0
77e8fc76-9897-4335-9041-ae35e2cc80a9,751,29,9,0,323380,826562,0,0
1fc0eab2-6a7c-4fb8-8bb2-15659c980a77,748,NA,18,0,219393,1316260,0,0
1167c976-60d3-4e61-9da1-b54d020e86c6,704,6,18,0,108889,280170,0,0
9176ee3f-d95f-40a0-8a0a-e24d9360849a,642,29,13,0,30400,246136,0,0
b354ffbe-66a9-40b0-8d9c-f86911274fac,709,NA,10,0,165699,337810,0,0
89776fef-72df-4eea-89a7-51fb93ba8ccd,748,NA,5,0,23560,169378,0,0
1e6e43ba-bb45-4d71-9cc6-86e0a26ae461,724,NA,11,0,353970,1061830,0,0
2702d1b7-77d9-40c1-932d-922d37ada32d,7220,8,14,0,119890,197758,0,0
ac17d6c1-d039-464a-8017-4fa4cb71eb76,7510,21,18,0,156636,902352,0,0
2557a788-c373-4279-a693-eee4795b9ef9,740,23,26,0,242972,686158,0,0
befd7ed6-a278-4d05-83a0-a3803e12271d,,33,16,0,293436,564410,0,0
9e94a8b0-6405-484c-a806-3ad3ea29a130,727,NA,7,0,276792,438416,0,0
2e595aac-32d0-4b2c-8045-df935f8dd6a6,748,16,6,0,36404,97548,0,0
d6f98053-bcc9-4a13-bc03-9bb102427dd2,743,NA,4,0,157890,341088,0,0
ebf6853a-f1e1-45c1-8a0a-41d55b183da3,733,NA,5,0,61807,196614,0,0
04385487-f55a-4994-8502-932fc03ca7fd,,53,11,1,90060,254936,1,0
6b40e000-8a1b-4eb3-af1c-31dc9ce025eb,,51,16,0,770811,1832688,0,0
87ee7be6-7fbe-446a-91f8-ed0b8ea696b5,,12,13,0,743622,1411542,0,0
b37d61d9-931a-429a-a542-46db510c4876,736,NA,7,0,981236,1270874,0,0
05db1aee-6a2f-471a-880e-bf963396aba8,6840,NA,9,0,190570,228668,0,0
43829aef-2b04-4be7-9629-00ab0c453961,698,59,29,0,821864,1752542,0,0
c9f486ca-5ae1-4126-bdb5-50b0ab0f1fb0,687,NA,12,0,742539,975920,0,0
45446116-2c43-4358-8c3a-07829b499915,735,56,9,0,305634,475662,0,0
0ebb868c-2636-433c-8bb2-1098ea2ef846,748,NA,17,0,217683,1536876,0,0
de6a525b-06df-40aa-8402-488fb5eef054,700,48,4,0,162982,214676,0,0
afe556ba-aeeb-4fe5-9109-d31148bf1379,726,NA,8,0,47747,197472,0,0
efc7505e-918a-44ea-867b-9f3ebb1ab591,723,81,6,0,75753,271590,0,0
d50f8b04-159a-4093-a57e-5992857da025,,29,7,0,102961,177694,0,0
b80d702b-3f5f-46fe-a9de-62c0f3c75182,734,NA,15,1,357390,844536,1,0
8e8ce09c-7b22-4017-a0f6-4a0dd97a1268,,19,13,0,195415,557326,0,0
fd54b8fc-b5b4-4d11-9a2f-2440249097b9,714,59,9,1,198892,324346,0,0
5451f589-d07b-42ff-b2e8-3a2e76cab83a,,21,12,0,882645,2011856,0,0
c85e9d21-b608-4c19-9215-f31b3d847ec8,,NA,8,0,245423,433180,0,0
cab384d6-4988-47e2-915b-e47b8da4639c,,20,10,0,206891,363528,0,0
a2438668-237c-41bb-81fd-bde599db518c,720,16,6,1,8626,34804,0,0
1e474d13-3030-4eb9-b620-90ce8d239a5c,699,12,6,0,63270,207526,0,0
18247ebe-d5be-4797-bdf8-304f67762d7f,672,53,17,1,300143,609686,1,0
49fe1658-5f71-4979-ae4c-d8415699e0c9,,NA,13,0,3276284,145907344,0,0
a4d6c1ae-c8b2-469f-b9f6-41a15f49a6c3,679,38,13,0,19171,118030,0,0
3f7f1cc5-17dc-4895-a8ee-afe2c3c88f50,750,NA,9,0,850877,5795438,0,0
b17c6168-86cd-4e19-8909-65a8b59a0171,728,NA,14,1,50369,702636,1,0
ae79b43f-4ad7-4ec9-9954-8e7d5ed45521,7060,NA,9,0,287090,356290,0,0
72d4f0c1-f263-43ac-b7f8-eb016bbc5d03,743,44,8,0,100890,304986,0,0
30e0192d-5aee-454d-8a35-01915d020acf,735,NA,9,0,240768,567776,0,0
e7d1ff70-5db9-4798-a24f-cc983b6123de,727,74,7,0,93252,177584,0,0
3c79486b-8948-4456-bd4f-644aa6df369d,704,36,8,0,90725,137500,0,0
cbb2a55e-6ce3-48ce-9f33-3352fa16453f,690,72,6,1,365085,695266,1,0
f10ee7b5-a16c-4de9-8440-4c72ef162d68,696,6,11,0,149587,379830,0,0
c0ea5bf2-6ac1-4b45-ba08-04253627e021,,NA,6,0,27626,463540,0,0
bc952721-91a4-452f-a689-1e53cc715a04,653,13,9,0,241756,296846,0,0
1be9e75a-b2d8-4996-a249-1ff64d53a00b,747,NA,6,0,212211,347050,0,0
f581119c-e177-499c-904c-fa857fa6cabd,688,NA,15,0,147098,1290278,0,0
5c987302-74ca-4ba7-a918-703b9b15f2d5,,53,12,0,84531,881870,0,0
1cc5a77b-a512-427f-bd41-c108b75a9426,739,NA,7,1,283955,345026,1,0
8d1c33c1-5761-43d4-a957-36bd18202dc9,728,NA,9,2,118693,356972,2,0
7aae1fbe-657b-4325-bb41-80b9d6aeb3fb,733,29,8,0,131784,184734,0,0
891cad33-ceae-4e80-98e6-57149170bb33,,10,2,0,28918,33396,0,0
a49f7d73-f386-453c-8986-d6a9589ada0c,694,NA,10,0,244188,525536,0,0
5f542ff9-5abf-43ec-a9fd-58996c450941,733,47,12,3,83467,165198,0,1
b0aec5e2-4e75-480e-9978-28cc81f32fa6,742,65,10,0,708947,917180,0,0
2f10c59c-2a80-411e-9550-f1374163b942,738,42,23,0,435575,723602,0,0
1f83adf5-6883-4687-88a6-9401d4946e99,749,NA,11,0,142709,376398,0,0
9cac0f1e-8124-4b0c-94cd-a28e540ac5e0,,80,17,0,331341,759726,0,0
efdf639f-4b9a-40be-a3c6-cf8847388927,716,15,19,0,671688,1279190,0,0
ebfc9d83-0ab8-49fb-95f7-5470321a5e2a,730,NA,7,0,132335,373758,0,0
9e3de39f-bbc1-4215-ac49-7a059a4785a9,,6,24,0,457387,2364296,0,0
64ccd7a3-6e50-4f13-82c8-14bd0f3e3053,711,NA,10,0,154261,328966,0,0
c88f80c4-f7e2-4d5b-aaa7-40113085f860,739,78,9,0,261402,494560,0,0
e29a64d3-1c1c-4977-8849-6f770135c0c5,,24,18,0,539296,984918,0,0
4032bfd0-e0d7-4dc0-9553-609a74b31ab8,,40,21,0,252700,455048,0,0
507185d1-e70c-480a-9764-abcc19429408,741,12,7,0,450053,677644,0,0
84f0f7f9-cb73-41cd-af0a-fbac391bfc61,727,NA,11,0,1457965,1909710,0,0
f0d09b8c-3bc8-4754-bbd7-8264fc6a00db,727,NA,18,0,378727,873554,0,0
bb0f1102-d2fb-495b-8509-f26f69876f0e,750,NA,5,0,284202,637758,0,0
16f269a9-c6c7-4919-90d9-1a5901f486f8,,NA,8,0,16720,420948,0,0
f7f8b852-41d8-4a8b-8df8-12e57a545fbf,,NA,22,0,125799,566742,0,0
74d521f5-2be8-4d33-838f-bbedf0044e98,6820,NA,4,0,100624,154330,0,0
475a55be-bc33-4684-be25-efae846534b7,715,54,16,1,180348,619674,1,0
232667b9-c23d-4cf5-8396-bf9f718c9dc4,719,72,23,0,567093,868560,0,0
64a73135-5a54-4c9f-860d-0892dc8dafdb,7330,61,13,0,465519,1017038,0,0
de25d33a-dd38-44c2-b097-34cab53bd38f,743,49,18,0,180690,422664,0,0
6fc09735-1ebd-41cc-8d72-8a1627853138,748,NA,5,0,16207,228976,0,0
dab8907c-d851-4a43-8a0a-efe0d7e31bb9,741,NA,8,0,313709,437118,0,0
c837b1e9-4171-4488-b738-cfed44a3fab2,674,59,16,0,739214,1050214,0,0
f6aa0409-afb7-446d-9060-d5e9b9d0f1c9,707,NA,6,0,735699,869264,0,0
174b4815-dfe4-4275-9eb6-d54db9063bbd,740,NA,5,0,128079,172062,0,0
4cf877e6-4a00-4ab2-94da-d91dc966eaad,740,45,10,0,115653,548834,0,0
4e349add-ec71-4106-8ac2-4127c98a8ea0,6560,NA,4,0,779019,905652,0,0
493dc1d4-97f7-41dd-8d6b-f7f917af090c,712,22,15,0,197505,502590,0,0
58308fa6-9673-4c8d-895e-6f95a80c0ddf,,55,14,1,136135,255486,1,0
7e97aa21-ee16-4b92-9694-7402e5211538,,NA,10,1,104443,397848,0,1
57915eda-fb53-4ded-a553-73ad204ad5ee,718,NA,15,1,162051,486134,1,0
a9ba0ff3-1ec8-48cc-80c7-05e50be4d364,626,NA,7,0,169233,436414,0,0
aa21d0ed-3695-4359-b675-aea1d6ea4b78,705,NA,5,1,60116,100298,1,0
569bdc1e-1e17-4e50-9217-4ab5e30508df,7150,NA,16,0,291441,850014,0,0
948b9727-e962-4754-8ca2-f3295d959f8e,,NA,8,0,0,0,0,0
b0fae395-c69f-4f96-bf43-b25f7d816f47,723,NA,11,0,20596,1835174,0,0
9e5d316a-6d66-4f2b-97ae-99c93cf10c91,718,11,9,0,92872,212102,0,0
9856051c-7a86-48f0-b6a5-73863990f285,724,NA,7,0,64923,134706,0,0
30bb93f8-1ded-409d-8c2d-b3abd1f69016,706,NA,15,0,561963,1031228,0,0
fd2c8472-15ff-4705-b20b-45b5f18ae171,743,NA,6,1,124697,290532,1,0
26dc83c1-5743-470a-bfd5-3aa0c460c53a,704,17,3,0,8360,99880,0,0
0fb4c713-6790-4964-94ea-30f067e23c01,,NA,9,0,34390,217602,0,0
ca6080fd-f20b-4b61-b98b-c5e246522583,,18,11,0,284829,584760,0,0
71b69ad9-6e8a-489a-b1fd-da49093fcde0,709,NA,12,0,242687,567688,0,0
24d68e14-8d9f-4459-bdd3-fe5d69480071,741,NA,7,0,500897,819192,0,0
54b97959-0a96-454a-bf1f-86c46cbe4358,747,NA,14,0,59299,205568,0,0
e3ed9a57-3442-425d-8165-d258fb9fc661,7270,NA,13,0,1326713,1755666,0,0
0ac80279-45d8-4c41-9d63-c7c886580371,730,NA,5,0,148732,184184,0,0
d2b9c6ca-d0c9-4f56-8c3c-06a2ae85027c,,40,17,0,257564,895576,0,0
c86cf185-eea0-4f06-b971-0344d449f86e,716,34,17,0,523469,1023858,0,0
127272d1-316c-4ae2-9119-5e0da0c0fca8,709,NA,11,0,1187804,1881462,0,0
657d7b3c-76da-4d43-a7bd-3f568f3383d1,747,20,10,0,494,190322,0,0
a0d3fe97-8a00-426c-872b-4fb3993e748d,731,NA,9,0,118484,314644,0,0
ba60d6b9-3703-43ac-82e8-fe6c2f4a3dab,702,NA,27,0,590254,1116742,0,0
2603aea1-a833-4afe-ab2d-bfdf52a23b96,744,28,9,0,82631,191334,0,0
7fba0eda-9144-47cd-b1f2-89776a4ded7d,742,14,10,0,131689,637956,0,0
7773ba6f-30a6-4215-b016-043a4866e7fb,662,34,9,0,43833,199056,0,0
7fe2fdc9-8460-4baf-a5a8-8a7dc8827d27,,47,15,0,303525,467346,0,0
0ec99591-e2a1-41b0-b2bf-a438d8deea47,749,5,8,0,151563,1262514,0,0
25a82970-28a3-4a53-9d52-145376a6bfc0,,66,23,0,541899,1646920,0,0
33652106-eac3-4f98-92ab-c630ddb19682,,28,9,0,116983,371140,0,0
dd4d6eb2-3597-4cf9-aebe-2fba176924d0,732,46,10,0,196099,556512,0,0
f18477f9-a28d-4f91-be73-cfee3b17f394,711,65,12,0,252301,495176,0,0
88a8c598-e1f4-4beb-bf51-0bdf371082ee,720,NA,10,1,180994,291060,1,0
77b33b52-9d07-47de-98c0-a3e8ece1f65f,743,NA,5,0,35435,135872,0,0
79895ffc-5c33-4490-86ff-7c99a164c120,728,33,32,0,1380977,2448732,0,0
cd990797-805b-4412-8c62-fe952be9c910,737,23,3,0,92872,112376,0,0
62ca83e3-e788-4c42-8c9f-e7d6c0c869f0,722,NA,12,0,456209,793166,0,0
e3f23f83-8cf1-4d5e-a265-1971dc291a01,,NA,19,0,236626,462044,0,0
489f8dc5-3d82-4f5e-b330-a5452e191c02,722,28,7,0,91941,268818,0,0
bc6bfde3-e657-4291-99a4-ba42a03a87eb,744,NA,8,0,384503,622666,0,0
17f38762-a815-4d8b-b455-1027c82a2fee,7020,NA,11,0,243409,398640,0,0
c8a937b9-dd09-454c-afcf-d61047bb4b8c,750,NA,6,0,46987,777172,0,0
4cdefc9e-4f36-4de0-b1a3-a1ad89b4fcfa,,72,16,0,103265,1030854,0,0
d8029e58-ef0f-486e-a76b-ce133eb36ef8,739,NA,9,0,209095,334840,0,0
24f5e45d-0782-4a52-8586-77334e66865f,724,14,10,0,172349,393624,0,0
37301652-67e7-4c42-baf8-5a68e1b5608e,665,23,18,0,743546,981684,0,0
8b3efcca-e799-45b0-961c-d2e83e40c07a,749,47,21,0,6308,1823954,0,0
ea961bfe-0e67-4b46-bad1-1b4d81f6fb3e,735,36,10,0,293056,456720,0,0
1ce4375a-1826-424a-8e98-ceb731083b26,735,NA,15,0,406258,745470,0,0
9d42eb8b-b070-464d-82a2-2685889bca09,6870,NA,16,0,1051479,1386682,0,0
d9ef7977-cd90-440e-bcb8-c97c42e1b3ca,713,14,6,0,221768,312774,0,0
34d098c7-ed08-4cc0-8120-a0b43656e71a,720,34,11,0,349410,858990,0,0
488b287b-6464-4f82-bd52-de92e93ba26a,673,71,20,1,194503,552024,1,0
6d651640-89ef-4a71-bddb-b5c26737c2ae,739,39,12,0,279167,457864,0,0
6f327069-371b-4c52-a927-8df6a641df51,740,NA,14,0,466203,1028192,0,0
cc332aa6-151e-456e-a1b7-66d568d96f44,708,80,12,0,381197,1076570,0,0
a84bb63d-dedd-43be-b97f-f6d884ba3464,716,NA,13,1,332310,515108,1,0
0ccaf8ac-1f2e-4e93-90b8-34735bbf7462,729,NA,13,0,397214,644160,0,0
fe898d4d-d755-4c0d-aea3-6ef25694cb22,7450,NA,13,1,513209,688578,0,1
75ef4ebb-a650-4eef-bd54-4f3cf3adb4f3,736,39,16,0,103835,312268,0,0
4a597ee9-bd35-488a-99b6-18fb6bd6b670,,83,6,0,44365,131054,0,0
fcb7063c-d35a-4609-96c6-f44a0dd9a44b,708,NA,7,0,453454,751168,0,0
8f6ab89c-b16d-4aa7-87cd-3d38c92acaca,,NA,3,0,283955,358556,0,0
2d35f849-6a63-4b48-a13f-5e40b0a882b5,707,NA,9,2,248691,339966,1,1
02357838-d736-445b-b3de-5bdeacce01ca,745,NA,12,0,313994,399542,0,0
f67de722-fd0a-4192-833b-9271f99990b7,,41,20,0,456627,947518,0,0
23cc90cb-d864-411a-bab4-51e5778eb344,738,8,19,0,192109,550594,0,0
3bff67d3-496c-4988-a3ac-aa0158d74261,747,41,12,0,1189970,1571130,0,0
56b7edb7-ad56-4cf4-b92b-8f88b0d1fe7e,730,15,16,1,342513,816024,0,1
59944a2b-ee54-4b50-b6b1-a4cd7362ce66,751,NA,17,0,109877,1311530,0,0
f4b56312-013d-4eaa-8d49-88ec78210b17,,45,10,0,85310,239184,0,0
38644640-8650-4429-b24d-d88c76d5a689,710,NA,4,0,62263,99968,0,0
c0e8d9a0-a0d4-44df-9512-77bf6c5117b2,724,25,18,0,220210,1517736,0,0
0ec1f922-4c0b-46dd-a45e-00377d98ca00,688,33,17,0,100491,445808,0,0
ab3dfce7-13f7-4a68-a4c6-ec70b2aa7e48,729,46,18,0,457862,1704714,0,0
39e9138f-85cb-4c78-a88b-da27f9b2eab6,7300,NA,11,0,287660,600138,0,0
41faf9c3-70ed-4197-81ac-fc244ac00b4c,741,31,13,0,229957,455928,0,0
d3378f7f-d616-46a8-a116-89e572264bce,746,NA,5,0,126160,292732,0,0
a9c3d031-28cb-4b15-b6b5-cce526c6d81e,627,NA,6,0,173641,220440,0,0
44f0b8ef-131b-4de1-bb9a-d70647011e8b,,NA,9,0,366130,636548,0,0
81836d39-4d5a-4a4b-bd3b-2eb6bdcb7e59,745,NA,6,0,786049,8668286,0,0
0f80ea94-4d26-422f-9d28-65feb83744ad,750,NA,7,0,84132,636636,0,0
d0ba021f-966c-4549-a4dc-c3cac8a3f582,,NA,13,1,120859,848166,1,0
d315c1e4-c717-4344-bfa2-763c1f0bffb4,718,13,24,0,654037,1753026,0,0
609c5224-2ec9-46f1-9870-a0d823b0f4f1,728,72,3,0,19209,64658,0,0
46ae85e2-8dc6-436c-8b4e-323f23fbdecd,723,NA,8,0,396511,697730,0,0
12dd3156-5f3a-43a1-a5cf-552767ca8465,734,NA,20,0,176928,382184,0,0
2ff6222b-7c72-4278-91f7-24a4d5563951,698,NA,7,0,98591,223850,0,0
ddf7abce-f54c-437e-bcec-44b95cf24ae8,717,NA,21,0,883234,2162138,0,0
fe244d51-1d43-40c4-a5b1-25db54fdd726,,44,14,0,429856,828146,0,0
3cec8d2e-9c65-47a5-be69-64cc70c8d360,749,46,11,0,1818490,5645090,0,0
36e0d609-04d7-4a68-8b8e-5671d79e6708,740,NA,3,0,310555,382558,0,0
a1048a8e-d22c-4ad9-ab66-b2a787650acb,690,4,10,0,225682,1151194,0,0
244c065c-16a7-48e4-8d07-5c3c7707d95c,739,NA,6,0,168207,798204,0,0
881ec205-1a80-4129-840c-38163f80106d,721,NA,9,0,179227,391556,0,0
0929ce5b-1b30-42dc-b20a-6d540c13e9dd,730,19,11,0,383154,637450,0,0
eb18462f-d5f6-44f7-995a-ca60655768e8,653,NA,16,0,353723,440880,0,0
c831911c-140a-4c73-b0d9-d073bd6ea76f,733,NA,7,0,301416,430342,0,0
fcbd01b5-1fbd-4745-80f0-d4dae84b532b,,NA,8,0,76836,926684,0,0
69712d2b-496e-495c-b34c-200e32349c78,660,23,17,0,163438,458216,0,0
594f494e-f561-4f6d-9aba-d70547ed3ec1,722,40,11,0,105773,161150,0,0
7399ff9a-ff96-4554-a69d-aa8e26c24470,734,NA,8,0,244720,345994,0,0
889e0a15-d71b-4539-82b8-372dcfea874c,729,NA,9,0,72219,119658,0,0
015d4f50-7958-4465-8de0-e239f389d3f8,723,NA,10,0,270275,317724,0,0
b7633e83-bcbb-4ec7-b82e-8864594c4d88,724,17,10,0,175237,282194,0,0
a5d1cfd0-5df3-4025-9870-a861745e5215,736,NA,7,0,230831,299970,0,0
70345fe8-d7e1-46dd-836d-bd75e257e0ee,715,16,21,0,259711,922460,0,0
b93d1c11-ab76-448a-8e0c-d306cc5fc919,,NA,6,0,131594,162272,0,0
d7c3306c-f523-461c-a50e-506e4771824e,,NA,5,0,93632,239316,0,0
419adb78-9eb0-41ac-ba56-a840316f30b3,710,NA,3,0,145711,220264,0,0
3ae12522-39dc-4edc-b786-f7f83822f072,704,6,20,0,210729,829950,0,0
7a288365-0589-47fd-b67b-03a69f3b809d,694,NA,19,0,239343,322652,0,0
62c0d428-7c3a-4f09-8aee-ca152d8fac8b,708,34,7,1,39995,119944,0,1
b0237039-3980-4f41-b848-5e52adeef3cd,707,NA,10,0,200241,438306,0,0
cbb38c2a-efa3-4c35-8a84-58965b61e8f6,,NA,7,0,206473,280280,0,0
9a6999c9-5d31-4579-863e-a22a3c1ae566,716,15,23,0,204421,1232770,0,0
779b87e3-b4a3-4dc8-87a2-23b392db3a57,713,NA,9,0,191159,326458,0,0
53090a03-baa7-4548-a145-77a0979a09cb,,49,9,0,109345,180620,0,0
34ad23e0-47e7-489f-bc34-1b127b42281f,746,NA,14,0,323836,869990,0,0
efe82227-35dc-4e3a-b2d7-f6f90c765cf1,746,31,8,0,344033,421102,0,0
59a2b851-e696-47ef-9878-b0e044d0c37a,727,2,12,0,1332489,1970474,0,0
bc7ee23a-bac9-49ae-9911-bbcec8edc84a,703,NA,3,0,59679,73282,0,0
87306038-8df7-47ef-add6-66502bba8874,725,36,24,0,345496,1194204,0,0
2fb49819-6ca1-4cd0-9708-59fdc9121cbb,,NA,9,0,322259,410036,0,0
30f607d6-0455-45d4-ae57-dbbce47f6bc2,,14,11,0,747574,1054328,0,0
b4a5303a-6a2b-4a38-9ca8-4dad633ff77f,713,NA,10,0,389120,1353022,0,0
2690dc55-127a-42dc-91a9-cfca254aed65,711,8,8,0,73378,114202,0,0
1695d2f8-4ef6-43fe-9753-44a97bab91d3,655,NA,2,0,214415,254364,0,0
48354813-75b3-48eb-b349-f5579c42a812,725,NA,9,1,175788,264352,1,0
1bb86dcf-58b2-43b3-bc84-19832462282e,747,NA,7,0,84360,137214,0,0
9de7dfa4-4349-4bf3-baa6-6777e1bcbc03,701,NA,9,1,148732,238194,1,0
5843f6c9-754f-4bae-83c1-1aea21195d3b,729,52,4,0,0,0,0,0
6ba33ddd-147c-4ac3-9b79-59db5cd1d9d4,721,7,15,0,218177,370986,0,0
f4f2403f-87e7-462a-9870-cb0b40b41100,747,NA,9,0,243580,560714,0,0
b554315c-1f6a-4b92-8a69-6f2613af3f44,,NA,10,0,238545,955768,0,0
4a90aef4-0a56-4443-b2a7-9f9164469158,750,NA,14,0,253688,874214,0,0
9fa564a5-fcef-43d4-a8fa-310c8dcf6b1c,722,20,5,0,85614,163064,0,0
07f1d6eb-bd4c-4a33-ae55-7b4e60189f42,665,19,4,0,2812,37114,0,0
6045c6d6-21a1-4a3e-80f3-84d86075eea5,747,NA,8,0,629299,1694550,0,0
ddcad87f-5390-4471-aee9-b2ceb6f1dfc8,698,NA,5,0,1748,201850,0,0
4015397c-b6c2-4339-aeaf-fac095167f7a,708,NA,11,2,37544,231220,2,0
79222c9a-0e43-41f8-bc3e-4c4a57a47b6b,730,NA,17,0,629926,816772,0,0
27e69349-4023-4d04-ab22-3eac8ff9c21f,715,20,9,0,78641,109846,0,0
a6d8db13-8b6e-4f6c-8384-6078eb92ed87,,NA,7,0,385301,466180,0,0
b090e5d4-5bd5-449b-90d5-08c313477c15,731,46,18,0,208278,432168,0,0
70caf051-ef74-4867-9264-2a42b4ccece9,750,NA,7,0,72352,452782,0,0
a09a377b-9151-4104-bcf8-7a051f87ab07,,NA,6,0,258932,501358,0,0
a6f617d2-076a-45be-87bb-80b47486535c,,43,7,0,151829,338734,0,0
2dc17dc3-47e8-4e0c-b7ed-e96d3b3c9402,701,NA,10,0,93347,327514,0,0
8b35a736-accd-4c53-805b-7159ad0bad11,707,35,3,0,0,0,0,0
a291e943-59dd-4882-8a00-ecaf9fda07d8,733,31,7,0,25327,230868,0,0
250e23bf-a551-4428-bc0a-9ba18b3eda81,738,57,7,0,36974,83138,0,0
42564919-9295-4bbb-83cb-9e3dc5df2d7b,731,54,16,0,200906,446490,0,0
00535645-3193-4237-93c5-c3e497aa8e73,693,68,15,0,104956,636306,0,0
2325dd3f-d736-43cc-a723-d032fd705af0,,27,8,0,46341,602844,0,0
16a5b78d-d66a-4a2e-9baa-9698a8f64886,724,NA,17,0,247323,604142,0,0
6c470546-5293-4051-8277-77d5ed29501c,,52,5,1,2033,97834,1,0
2c8c1e8d-eb16-451f-a712-8270d632f38b,717,39,10,0,263530,415712,0,0
e1b7581e-9765-4f00-bec6-aa2af0fe7870,740,NA,17,0,309567,1629320,0,0
0f61ec3c-4456-43b2-8683-66f1a81a4da3,721,NA,12,0,416062,585376,0,0
fa6e9cb8-1834-4a3c-b76a-335e202274e6,692,12,25,0,280288,604384,0,0
4b35fb92-88f7-4a2c-b633-6b9b188b6e2f,,64,7,1,152950,317372,1,0
258a5e9d-ccbd-449d-a90f-60c2a661590c,705,NA,10,0,231268,546480,0,0
43e02979-c8a9-4a41-ab98-03265888cb84,,24,5,0,0,0,0,0
858a01ff-9799-4c5c-8e80-63606beaa755,7400,NA,15,0,259103,833382,0,0
ac68325f-6c04-43a1-a361-b3ff9dd3571d,7380,NA,7,0,79040,142120,0,0
52454809-1926-4282-b8f4-81eae2c1ca87,749,NA,10,0,207309,754842,0,0
502f1352-fcc6-4f91-9842-1cbcb12ce0f6,733,11,7,0,159790,263208,NA,0
af8ee45c-4921-4511-9b8c-2f105f4b2b40,704,28,5,0,867806,1005840,0,0
b1243e54-0243-4132-a503-4a2b563c4856,714,NA,10,0,310992,552310,0,0
74767f26-29a6-43a2-9ccb-73dcedcd6987,,40,9,0,209722,504856,0,0
86919b2c-1013-44ec-b203-e11d68ad213d,,30,11,0,209342,688622,0,0
7fca376d-f85c-460b-8c5c-f2708db36192,724,NA,9,0,71858,142472,0,0
08b746ed-5b34-408f-8d01-b1c9653f245c,,47,2,0,28804,107602,0,0
2f682309-d2c9-4b43-ac06-9c38c3b9b787,728,32,6,1,83600,113212,1,0
2ed572b2-57f3-4017-9d6d-3e7c44da23ed,7040,NA,10,0,538764,708114,0,0
b3a48e2f-68e1-4e18-ad5c-08d6860bf06f,,NA,11,0,148314,841786,0,0
2fb50f7c-7dc8-405a-b1fd-6bdc284cc19a,720,NA,12,0,538422,754754,0,0
33722376-5ea8-4266-b757-473fa83e8924,715,8,14,0,227449,633116,0,0
8a8ffdc5-561d-4243-994b-f49b76721b60,,NA,11,0,450034,784762,0,0
ad5b5cba-a460-4557-b133-371b40187e89,7330,NA,11,0,338827,662706,0,0
1de2b187-2433-477b-96d5-7b86d0375f79,704,NA,10,0,240597,451528,0,0
1a35ab56-aefd-4a93-ba3c-715b1ae16899,689,62,10,0,119890,439296,0,0
5b9b8291-8a12-4701-b14f-5d1d9f3d3f81,743,NA,16,0,386175,484968,0,0
be7e6965-41de-42f8-b860-168ba4213f58,704,12,7,0,173071,222420,0,0
fe3f58b6-7915-4509-a231-5af2e8ab871d,,50,15,0,157605,310860,0,0
962198de-2a5b-4b99-aff0-0e02ef99316d,725,NA,6,0,68039,101134,0,0
2789027b-8f69-421c-b876-0dca85b3c63d,712,NA,11,0,250401,326502,0,0
6c47c8c4-f0bb-4138-92d3-13f280d86d9f,748,NA,9,0,341981,1706826,0,0
9615b217-5960-4d02-bd06-7dff3fb8c02b,723,NA,11,0,213826,385022,0,0
1509bdcf-3c65-4b38-b9f7-f60af4182e83,744,NA,6,0,264537,380050,0,0
5c7af944-8912-44fc-bab9-4326a3f1b319,740,NA,9,0,527478,894234,0,0
13cde3e3-64fb-4f70-ad8e-f20887944ca5,749,NA,8,0,10051,252846,0,0
51e15200-be4e-4f32-a2a4-8cec1793996d,711,NA,8,0,182628,294118,0,0
97b8109b-8b04-4b32-9ba0-5c7cd43645f0,661,NA,13,0,454005,570152,0,0
765bd99e-d29d-4ac7-b876-3afcbde0e46d,738,52,11,0,246164,946946,0,0
26cf2b96-a0f9-4cc9-a9b6-77a443e58e8c,728,56,8,0,264233,334004,0,0
77fefa1d-d339-4d0f-a54d-d3c55a5c984f,700,51,9,0,415074,597036,0,0
039799ff-69d4-4db3-9b68-4de35c2b903f,745,44,6,0,600875,1739386,0,0
40020d5c-62f5-45b7-a511-4a3dba7feca4,,NA,7,0,104975,260854,0,0
2c83df05-179c-4242-8105-0adb21295c72,735,NA,11,0,115197,154902,0,0
530f9c14-9491-4570-84a6-49d35b49dcc6,740,15,10,0,140923,824076,0,0
e22bb30f-4a78-47f5-8fb1-788e65d9b1a9,692,52,12,0,272194,366894,0,0
ad9724b4-8b85-4a20-bfac-88790f3144fb,,41,11,0,401185,644270,0,0
94ed1531-5b2f-41c9-8496-9d083590b4be,748,NA,11,0,81092,337722,0,0
74ab49c2-27f3-4f15-a101-7fa806de3e93,713,NA,8,0,495881,864732,0,0
6112416f-92d9-409e-a4ec-1a4ee89ee3ed,715,8,9,0,160170,288002,0,0
c5277680-b784-4d13-b08f-3df98529424f,649,33,7,0,112309,206096,0,0
a5846af6-af4d-479b-b949-67e0363f9311,667,NA,9,0,484101,923472,0,0
625bb7f0-8b4d-4789-89f0-2059d826138d,,NA,8,0,510188,736604,0,0
b969a5ea-eb8b-436e-a412-7fd1909bb0bb,,9,12,0,250838,515878,0,0
c7055e50-bb9b-4ba2-a033-434e085a116e,741,NA,20,1,387866,837870,1,0
8578ab60-6c04-4190-929d-f9da81b3656e,,68,11,0,165205,1195546,0,0
883a930d-38dd-4bda-bbba-5b5e1405a14c,,51,15,0,170544,383416,0,0
c822907c-6973-4426-83ce-617e0d365ea8,614,NA,10,0,597132,874104,0,0
9229ce89-9159-472c-bfd4-a9ba9d08ee7b,731,NA,19,0,235068,793562,0,0
ce600b15-2100-4485-a89e-1feea7f1a206,,NA,13,1,134482,350702,0,1
6ac2bb0b-e95f-4e44-8e44-0c8c7561978c,721,6,15,0,144666,411554,0,0
4833ae05-bc40-4a41-b558-dfaa96add185,735,NA,9,1,120346,233420,1,0
e13ff0e3-5cb6-4944-b25b-13cdf07225af,699,38,17,0,648869,1284294,0,0
d0a7ce16-fa52-4c41-87a2-924e61a5f498,,71,10,0,372970,580448,0,0
73c221d2-84e3-42b9-b743-e3cb07816440,747,20,19,1,406638,1223002,0,1
40d15ccf-a62c-4651-9fed-da0e657d0374,,40,13,0,98591,421212,0,0
fd86700a-d0c2-4d9e-b180-0c17eca3ce0f,744,35,19,0,377112,1356058,0,0
b9d79690-d13f-4a01-9029-a9dc943bf04e,693,2,11,0,201172,786940,0,0
370a83a0-e4a6-420a-b71d-91748b2499a8,692,NA,7,0,91295,132308,0,0
e47d3458-eca5-4ad5-ad2d-06a39ba6a8a2,658,131,3,0,69179,513524,0,0
7b5c93d9-1d17-4a76-94bc-2e2d982ab13c,734,44,7,0,33972,1356344,0,0
bcc785ad-58ae-4e29-a132-2c1517183bff,714,42,12,0,94582,324962,0,0
bf139f0e-d568-4f6b-8227-e03879cad089,746,27,7,0,93955,217602,0,0
c8ed747b-1862-4dac-b1ae-5988f9a49a4e,739,NA,18,0,171247,300454,0,0
f1383d78-a4eb-4bc5-b127-a7baedf04f4d,720,NA,11,0,334286,562606,0,0
fc2d9e81-8196-4e30-83e2-4af9e3656f9b,715,NA,11,0,395675,503448,0,0
f5e4a38d-36c5-414a-bafe-bc844393d55b,712,14,5,0,242022,895356,0,0
19339a8b-a69c-40cd-8863-37b8ec43be9a,,28,19,0,298357,569140,0,0
b85b999a-7d59-4c37-97d8-29c60a32adff,700,60,6,0,132848,187814,0,0
0c2a66f9-70a5-4b7e-a1b8-916ee40058cf,751,NA,14,0,587404,1462692,0,0
37a14f08-75cb-48fe-b67c-9065b6b6bdeb,740,24,9,0,221692,292710,0,0
04b08012-49b0-45da-973d-6e819cf24c0a,743,NA,18,0,206549,1245618,0,0
a42ec6e7-5af7-45be-a178-549a57f4ff68,740,NA,5,0,281599,531036,0,0
12d3f182-be93-4de6-a583-d4e8d5d6d115,724,NA,7,0,30457,108218,0,0
da858dc5-d345-4ce3-b810-5ba1cea94ebb,747,73,13,0,309415,1000736,0,0
e84ef585-eb33-4378-b92a-4ba1d673f6f3,722,NA,19,1,69084,683584,1,0
c7efd2a7-49ae-4a50-9c3f-a16eb21d3381,704,58,3,0,14079,71808,0,0
a680112f-7b99-40bc-b3f0-0fb955c120c9,718,NA,10,0,329764,512534,0,0
26c3cd4f-0c78-4207-ac8b-8e03d1e899c6,713,31,4,0,2147,165396,0,0
b6826775-e291-48db-8876-26d77b2bf324,,51,6,0,243523,336468,0,0
0c202ee7-a344-497e-ba16-cb2cd7543fd2,,NA,16,0,272536,512270,0,0
9da1328c-2bd8-4c28-b814-2d4fbf7116f3,724,21,6,0,277875,343024,0,0
3740bddb-9f39-4c32-bfed-bb1e396f2004,701,20,8,1,75126,169554,1,0
b136489d-f1c8-4d0f-ac18-a349c2ed11e7,731,68,7,0,134900,171666,0,0
4956417a-a25a-4128-8d17-9c91878e71a1,689,22,5,0,1006259,1191366,0,0
51810235-c4a3-497a-b311-8d63a1bb005f,702,NA,4,2,112499,215292,0,0
6daeb397-5dd5-4ac2-ae73-d8a574b45089,714,NA,9,0,615847,1100440,0,0
57dc48a8-177a-4584-bdf0-c3372cf1c788,682,NA,18,0,420603,605748,0,0
b4d0534f-05a7-4caa-8d72-9031a2697365,738,NA,11,0,426284,1905794,0,0
2dadd42e-5549-41a5-9226-6ae371700b3d,,9,11,0,349239,906686,0,0
732180a1-dcd5-4766-8361-e0344cc26a20,6990,21,9,0,339739,740828,0,0
b59666bd-fe71-4652-9baf-eab1759395c0,723,NA,11,0,438729,616484,0,0
317be8de-26c7-4f28-976f-d8ffe9452803,709,NA,23,0,565098,951060,0,0
83f62088-685c-43fd-a8d8-4f231387aa1e,,NA,17,0,291631,516318,0,0
48e8677f-a936-4044-9431-808ea1881e13,673,7,14,0,306926,625680,0,0
9109754a-30fe-4112-9e03-a57953dad095,,14,6,0,161652,385132,0,0
de47670c-3460-4008-9308-28898a85ccae,740,40,39,0,418418,2124914,0,0
a708a4b6-ff96-43b4-a5bc-93ba8da04cce,739,NA,8,0,29393,409970,0,0
5be04829-051f-4d5d-8454-24bda28fb891,,NA,14,0,237633,517198,0,0
f5b806b5-7cfb-41e6-be1a-222da206c007,741,NA,7,0,115900,745536,0,0
e2b8116a-429f-48e3-8726-d31bbd280ba7,657,42,10,1,98876,324302,1,0
3dff9511-a3b4-4d6e-ae0e-a96cbb8a5dec,722,NA,12,0,377169,539154,0,0
2e92ec65-cf69-43a4-be72-53468b0ed8fd,747,NA,5,0,146946,850762,0,0
e2951d9b-de77-4c3d-a27e-64baf4eaa1f1,703,53,9,1,256595,534380,1,0
b062ef55-5b67-4950-a66d-39750b87fea4,702,NA,13,0,180386,562980,0,0
5905ced7-389c-4af2-81a3-4d8f1ecb443c,745,NA,6,1,206682,414788,1,0
aee7139c-0877-4b10-b54a-f5ce69e46b6d,710,34,9,0,152874,426514,0,0
f122a8e3-6504-4808-84f7-6dd5115dceb1,709,NA,9,0,202559,264110,0,0
2d228b8d-e80f-45b1-b8f2-1db9cf6f06e2,751,NA,13,0,528732,1471668,0,0
0f5b75c3-3278-4001-b998-a485f7d4916b,738,NA,17,0,514919,1284954,0,0
b0ac3db6-0fc3-458d-bdc7-63a17a020442,730,23,10,0,509770,808588,0,0
aba646fa-ab20-42ba-9146-0afbc70fe553,587,5,8,0,56810,67606,0,0
9ea70b7c-04b8-48ce-8ea9-7eb3b19379ee,721,NA,5,0,519821,683210,0,0
236d09ba-76b6-4351-ae46-7e55973c4043,724,NA,27,0,618051,2149026,0,0
b6e4d614-adc7-4f38-ac2c-016e54e17811,745,NA,7,0,580336,710314,0,0
5f0bc2d5-6fcf-4fb6-a14f-c12a43573ad0,699,7,8,0,96349,160270,0,0
5fbb5ade-a2a8-45fb-91a8-94a9ab388518,747,NA,3,0,11115,214610,0,0
ee027507-961d-42e6-bd40-5077c388f64f,727,50,11,0,198759,365288,0,0
48d3c76a-6626-4d58-a83e-031fc77b9709,732,NA,11,0,357124,831996,0,0
aceead99-f03b-4347-b399-60fffaf90a0c,650,10,12,0,1087142,1767986,0,0
857aafca-68b7-4620-a065-33dc306bffae,719,29,18,0,658882,1722138,0,0
8f6f4aad-4ec1-44ec-ad23-faf1329ae2ba,,39,7,0,308294,474694,0,0
73a1bb2e-3a74-48c8-9d23-c8b79977c355,,11,14,0,187454,411884,0,0
0591496d-26fd-4aae-95f4-63291876369c,7160,46,10,1,159087,259468,1,0
207bfbbc-24fd-4732-94d5-62db5c72184c,680,78,17,0,1035633,1577818,0,0
0897280b-6f56-4f01-9e42-a44e1105ed53,633,17,11,0,192660,505868,0,0
4a01aab8-320a-4e7c-bf4a-848fc1868c9e,727,10,11,0,202236,353738,0,0
d2dea68a-d3fb-4cca-a1ed-51990ec151dc,,NA,9,0,346750,940280,0,0
74a97135-d6cc-4db7-8a09-3f8a669b9116,7200,NA,10,0,196517,356642,0,0
e36f4f16-e03e-4909-8b4f-444a9fafccf8,679,25,7,0,87476,155848,0,0
2e43f77a-194e-45d0-bac5-7d370e21516d,739,NA,15,0,900733,1575464,0,0
e17f6afe-408d-4637-886b-ece511475be6,,21,12,0,37031,1045858,0,0
7f13a840-ef0b-450e-9e0e-b43dea692499,740,26,11,0,353666,685938,0,0
4a26d3d3-9945-4eb9-9e6c-2e66bfb614b4,718,NA,13,1,329783,605154,1,0
7fab579b-cf9a-4c3f-bb03-f54a29ed72cd,690,70,13,0,281979,380556,0,0
e59c5274-f4b2-4f57-9fa1-156fa27ab080,734,NA,12,0,523203,1021636,0,0
3388848d-e693-4ce7-b8e8-4c9164b7999e,727,NA,17,0,479921,1155308,0,0
e7914315-5bae-42f8-bc74-6f9ceceed506,702,NA,20,0,341354,434346,0,0
b3116af4-f3b7-4620-be41-c90ef7f96bff,692,5,5,0,95209,169070,0,0
618c46d6-8aec-437d-9d48-6b66c55d65a3,,NA,20,4,100909,695530,1,3
1b6bf239-4b85-480a-b392-f66564976b34,666,NA,7,0,21565,229130,0,0
925eac8a-de8f-4b57-b429-84cb74178231,730,7,5,0,511138,651816,0,0
121f4711-bcb9-4e7a-86c6-a4d56743031d,664,NA,8,0,325660,610148,0,0
6d130477-b3ac-453e-ae4a-02605e101629,669,47,10,0,207917,348920,0,0
79c88678-64b1-453e-ab58-7136327f09c6,747,NA,7,0,429438,793034,0,0
820f0ca0-478f-4f90-9565-6ef9098dd397,,NA,14,0,412300,731104,0,0
1455a99b-479a-4cf6-afc2-9b86c5ab1931,,86,7,0,123234,160688,0,0
62eb07d6-2042-4e7e-92e5-c64e5c5e550f,632,0,12,0,57038,71566,NA,NA
bfc3ad82-6390-47ed-80ba-62d280e0f11d,725,58,24,1,81738,279158,1,0
42829c03-aceb-40fd-a362-6165fb45cf84,,56,7,0,129979,399168,0,0
25b945b4-7a90-4714-8268-745eda853a39,,34,11,0,383648,479204,0,0
1d6f6adc-aabd-4772-84e4-480c7121ada2,,NA,16,0,219697,518100,0,0
d9792210-404d-4606-b4fb-b0497b37751f,739,3,14,0,389139,973170,0,0
05f92b6f-a039-4379-b858-0c0fddbec54e,723,NA,6,0,392502,515284,0,0
b0b4e49c-4fe9-455b-a2a4-bcda39e7040b,714,9,5,0,144533,313412,0,0
862b4f2e-18e4-40d3-b03b-9222cf402163,729,34,20,0,771077,1295800,0,0
4368368f-466d-4bc7-a66f-62542b1cdfcd,704,52,5,0,81149,425128,0,0
1910affb-6896-47db-8be4-accc262c7fc3,720,NA,6,0,34105,134750,0,0
3d953232-ce4a-4ba9-8ffa-7364c9bdd473,747,NA,9,0,376846,1314280,0,0
009d168d-d873-43a8-83a1-66bb12a36f36,721,NA,6,0,298471,382294,0,0
d336c49b-f9a6-4f8e-a23b-2938d8ec96b9,749,NA,10,0,169423,284306,0,0
853e9e4b-1616-470f-9f0c-dc333709672e,708,NA,4,0,174287,354662,0,0
b3af96c5-9d2d-4730-ad50-b3ce1465d565,609,NA,12,0,806664,1084842,0,0
16838272-fcd3-4705-99d6-0ed0819c7532,745,NA,13,0,133779,841808,0,0
a5134ff5-2a60-4370-8601-ab75e03eb2a3,745,51,7,0,85291,633072,0,0
6750846d-bf1d-427d-821f-3173a2dca9b6,703,NA,16,0,581514,1219790,0,0
05103b44-b087-4c81-b8c4-4b60ba28fd1b,729,NA,9,1,303031,556952,1,0
9e026d35-0b8d-41ff-b3ab-f42eb5279605,708,33,8,0,113316,150810,0,0
3b7c10fa-e386-44fc-a2cb-4eb5becc3cb5,706,25,11,0,174135,437382,0,0
0519d202-70f1-4167-a051-ef972bb51a4f,,37,6,0,123196,159566,0,0
d9e33d20-48f5-44c8-adb5-8e7990f75943,636,NA,10,0,169860,339108,0,0
a5434aaf-dc15-4a6d-8a4b-8ee3bb23c690,742,NA,5,0,60420,128150,0,0
593428b9-af9b-42e5-a8cd-9062b85d9b6e,728,NA,14,0,86640,445896,0,0
4440de94-8f34-4b5a-b975-d71b8388dc6b,715,NA,11,0,172843,256586,0,0
be7e2c63-879f-49cc-8462-f44994448fdc,727,25,5,0,38380,137588,0,0
306f0091-eb5a-417b-9137-8b6eef569d06,743,NA,10,0,192565,681890,0,0
59ac3548-b491-4df1-a31f-f226ed502880,,NA,14,0,172216,305382,0,0
564fcc2f-47fb-4950-8866-c2bdffbd1934,727,NA,6,1,135356,467830,1,0
c1783f0c-d64f-4b34-8e0c-3a1aaa3fe2f5,748,NA,5,0,641972,1064932,0,0
fd4ab500-e940-4033-9bd8-9f790ced79ab,7360,NA,11,0,82023,131560,0,0
48352ede-201e-4560-b3b3-b1ace88890c7,639,49,8,0,165110,291434,0,0
b38adcf2-3522-4fc2-a4fe-af7882fa8cb0,702,NA,14,0,303848,580558,0,0
18515aab-1e56-4fd9-b876-e6cf03e88554,742,57,6,0,136857,253528,0,0
c26d370f-fa82-4e45-be01-ff052a4dc7e0,,NA,10,1,135432,338690,1,0
e989d000-372e-479b-adc0-1d506f0296cb,,NA,9,0,289579,368852,0,0
655ad379-a042-49f3-8325-d1b11515aee5,7180,79,9,1,35112,110792,1,0
19389bbb-4307-4b7c-aa8a-999d92de8861,740,NA,5,0,381444,687962,0,0
63079de3-67ff-433f-a652-b0e8a1f35779,,NA,6,0,430179,682330,0,0
65225ea5-8674-42ab-9389-dd1a67a58a4b,,NA,5,0,790077,1436160,0,0
a991d230-5c2b-4bea-9e87-6733cab6a0f1,,NA,15,0,143355,712404,0,0
3e8a1f0f-f3e7-4a84-b5f9-478fad455d37,,NA,16,0,637374,1198076,0,0
7894612c-d892-4ac7-94b6-48b1ea0b27b8,,36,11,0,99066,521378,0,0
5e0d8bc7-16bd-4e77-9c0d-5b27a5f6d778,642,29,11,0,255284,411708,0,0
c358295e-add1-480a-9ad3-a3d3a8bebb7a,714,8,10,0,6745,13134,0,0
63e5430f-c741-4f03-bcd7-8c8f9d4faec7,705,NA,7,0,274113,351098,0,0
7c89f0b8-f007-4812-87c0-269f679004ed,723,69,30,0,419254,741158,0,0
73ad81f9-ca8a-46d7-80de-7dbcdaf95998,696,NA,13,0,547580,736406,0,0
99a0b3eb-9875-480d-84eb-773539e1eceb,740,41,7,0,103569,156948,0,0
e8f109aa-6362-4cd5-bd58-06ad77a6c01c,743,NA,10,1,112556,352242,1,0
964f93e3-3b1c-4f82-9347-ffc5ec7dae74,700,39,16,0,236113,412984,0,0
53bf4fc0-8951-4329-9965-a81a852df395,722,9,4,1,46474,79134,1,0
7f3a75fe-3451-411d-bc0d-be0d23814d4f,735,11,10,0,230280,398574,0,0
259bd6b3-99b9-4151-ad6b-2e3ccc8c6549,673,48,9,0,178030,264946,0,0
b4d0d5f2-5797-4c51-bb78-5e39781feb7c,727,32,7,0,112632,600996,0,0
4b34765b-b663-463c-958e-1333a2a13bff,714,60,18,1,121790,324962,1,0
8395a0f8-d9a7-49a5-ba0d-a2f61b59f563,680,NA,14,1,89870,247786,1,0
98425f91-1bf4-4737-aecf-af649f6feb6c,730,NA,7,0,226708,291016,0,0
6ac8cc0b-095d-4331-bff3-ce4e7a42582a,743,32,11,0,255379,0,0,0
32a96b0b-68d3-4e9c-8aec-443039055540,7340,51,12,0,194750,293260,0,0
d49e7ec5-f2df-460b-bda2-35ddfc8e6657,725,NA,12,1,296058,469612,1,0
ae2de86a-d24e-482f-a543-bf1e16e9fdb0,,NA,4,0,133171,179916,0,0
9265fa56-48fc-4631-8871-8192a7ded692,670,NA,15,1,355338,469678,1,0
5872e41f-5184-42d9-a2b8-1301fa5bcd9e,,NA,8,0,183654,354442,0,0
5246258c-8c5f-4b5a-aa0b-d4e8c7dfaf9c,724,59,9,0,221882,293282,0,0
488e003a-5d34-457c-bb83-b34dad597352,746,NA,7,0,11381,268730,0,0
41810ae7-05f3-41e6-82d1-dfadbd5b85a2,735,11,7,0,143412,215644,0,0
b8813050-d2e0-4d07-ae0a-b2dd1e076560,6640,NA,15,0,547618,698324,0,0
e1d3aafe-d247-4a0f-9b43-bda8ffa58702,749,NA,9,0,322050,574574,0,0
17b0a9d6-525a-49a9-bc4a-04561bab9030,709,54,9,0,257165,344630,0,0
b6b4c301-05fa-4b13-8568-252388aeca75,686,1,12,0,51490,414062,0,0
552729ab-7d01-4e24-96c4-f087a3f870a0,751,26,12,0,282435,756998,0,0
e718c118-1194-4924-bfcb-5711e9a6f140,716,26,15,0,164730,303732,0,0
e1c66229-0bac-47c5-9e88-c46036ad5749,740,NA,8,0,36708,248600,0,0
4796d002-6765-4089-9a44-37fb8609bd9a,,66,6,0,10013,141416,0,0
e639de51-14ea-4401-84c5-0b7afe925c53,,60,12,1,141854,521422,1,0
644e6403-cc02-4507-9492-362e93741031,718,80,24,0,789108,2802800,0,0
09ca1de4-11a2-4c50-a490-67268e60823f,741,36,7,0,360107,461758,0,0
83e97814-285e-4b0a-85d9-63a6d714c0d8,,37,7,0,25194,97240,0,0
f775380b-57c0-409c-9824-cafbb9aa475a,736,48,17,0,214966,324126,0,0
91e26ead-810b-44a0-892f-d623e1e444a0,611,40,47,0,1398932,3673032,0,0
0594e01c-4230-4280-8267-78cd0c46f720,686,NA,5,0,299592,346214,0,0
4d0d0e65-e9aa-43e4-8de0-8aa2869a9983,697,NA,10,0,385187,525316,0,0
6f0b1e02-d222-4227-9161-b0c4fff4dd76,737,NA,10,0,273353,409442,0,0
a2701102-3cb0-46a6-8658-e6f20d950182,739,79,11,0,419235,656876,0,0
c4ab66f9-833c-43b8-879c-4f8bcb64dd14,731,NA,9,0,87058,234410,0,0
bbd3a392-01b4-4e0e-9c28-b2a4a39beac7,718,20,8,0,74309,329692,0,0
da9870de-4280-46a3-8fc6-91cfe5bfde9d,,NA,8,1,99636,568370,1,0
0cc8e0e0-1bc6-49d7-ad0f-0598b647458f,721,24,8,1,184984,240658,0,0
14f94b64-26c4-48fd-b916-1388d7adcc1d,748,NA,14,0,179018,607882,0,0