Customer ID,Annual Income,Years in current job,Home Ownership
ded0b3c3-6bf4-4091-8726-47039f2c1b90,2074116,10+ years,Home Mortgage
1630e6e3-34e3-461a-8fda-09297d3140c8,1919190,10+ years,Home Mortgage
2c60938b-ad2b-4702-804d-eeca43949c52,871112,2 years,Rent
12116614-2f3c-4d16-ad34-d92883718806,780083,10+ years,Rent
39888105-fd5f-4023-860a-30a3e6f5ccb7,1761148,10+ years,Home Mortgage
6878d414-6a22-4712-ae43-9b3f798e463a,760380,1 year,Rent
48113a98-a4a0-4956-b57d-f0ce344826fb,1783606,10+ years,Home Mortgage
19941661-98e2-4800-93c9-a0e92057c813,,< 1 year,Own Home
6a1adeda-079b-49e5-ac7c-91828f2806a0,1068617,5 years,Rent
4080a828-a61a-4f04-a627-397f4319500c,2031518,2 years,Rent
8116b23d-aad4-436f-9666-e99b28c21b05,,< 1 year,Rent
8ec9f388-a275-40ee-9edc-82dec9f978c3,1284514,7 years,Rent
db6fb330-9742-4738-a35f-810f9573684c,504374,7 years,Rent
3baae7fe-d27a-40af-9289-2b4626c0893f,,5 years,Home Mortgage
622add56-97b2-4067-88c7-55eafff12017,,5 years,Rent
4f8389cd-2ac7-40f6-a2bc-5c545838953f,669560,3 years,Home Mortgage
8c49e3f3-bf36-434d-a518-145c825d9455,1236976,6 years,Rent
163b8125-8f24-4b8f-ba59-23ea017f5b48,1077262,3 years,Own Home
ce6fc244-b9a8-44b8-95f4-61c41ed5d03b,442339,< 1 year,Rent
bcace9c1-a4c0-4d6d-9582-fa2026c3fc0b,694526,8 years,Rent
bd73b695-0960-4c46-a723-4a4cc67135eb,2245116,2 years,Home Mortgage
6518287d-d7df-4cba-8093-4abea80fb718,1394676,5 years,Home Mortgage
63e691e6-bf28-48fc-9f54-3bc72945a9bb,682898,10+ years,Home Mortgage
61d66434-3514-4f9f-acb6-0ccdee208265,963300,10+ years,Home Mortgage
85e3fb12-9733-40d0-ba40-c4c70a4d676f,683582,6 years,Own Home
c97bf871-37f7-4e65-bb79-c6eaa1d2f0b2,990185,4 years,Home Mortgage
aae249a1-98dc-4423-bc3f-63142c9ad00d,,10+ years,Rent
9a561b03-ce0c-411e-85b4-73a108718cb7,747156,4 years,Rent
3b69f3b7-4675-4bec-be5c-332d729b284c,,5 years,Rent
3d5b68c4-e36c-4562-ac2e-1845c8a3f138,,6 years,Home Mortgage
322fdfe1-0113-4a84-8a6d-e93dcfe5d7e2,2138906,10+ years,Home Mortgage
7883d485-cd19-4e74-84e6-183b0f239996,,< 1 year,HaveMortgage
6866ead5-79d6-4102-ac08-a861281efafe,979716,10+ years,Rent
481df4a0-f256-4c49-92db-8ae7a5642bdf,1146004,1 year,Rent
54459ce0-50d7-4957-8f18-e35f4b49214d,5951484,3 years,Rent
ab86ebb2-c4f4-47dd-b430-3d6270394f8b,1833842,8 years,Rent
1b233b3a-bf6e-478a-be2e-673feb2f5843,1301671,n/a,Rent
401b284d-0f6a-443f-84be-b79e8df33620,1306592,9 years,Rent
3c6cdac9-88c7-4fa1-a5a1-18de2e1a3097,1539912,10+ years,Rent
b171374b-7aa3-42bb-b242-3bca259f8f28,648508,10+ years,Rent
16f4e4a9-6a99-417e-9c31-89579951083b,,10+ years,Own Home
55cedc7a-f5b2-4ac7-a7ef-bb2eb635ba90,,1 year,Rent
23bb03ea-cee4-420f-aae0-5a99e05c62a6,,4 years,Home Mortgage
4aec62aa-c53f-4779-9535-c5f9d3925976,,10+ years,Home Mortgage
cef6a8aa-4821-4e14-a03e-75c2f1490049,855342,7 years,Rent
67a35b69-620c-4498-8325-cd9bd20c33c3,,2 years,Rent
75a48dbf-05c4-4ef4-bbe1-1a54a52b2d39,,10+ years,Home Mortgage
6bdae209-f82f-4c2d-9be3-17af444c5b44,1164225,10+ years,Rent
5ef6d424-eada-4bab-8904-4f7f26523c92,2504504,9 years,Home Mortgage
395a76dd-8ad0-45fb-ae56-bd848e300352,1790807,2 years,Home Mortgage
8f36428b-2b8d-4fed-8e35-5d8a92c7cc8f,,10+ years,Home Mortgage
5b064f68-e99a-4597-80c7-2f2ac4ebea9a,683183,1 year,Rent
da4fd425-7d45-4c5f-96ed-7930a056e45b,1042511,5 years,Home Mortgage
d3790b57-80e5-45f7-8b4f-81baa72e1df1,1195898,10+ years,Rent
a0b2bc45-742c-441b-858e-5acbaab04147,1796165,< 1 year,Rent
5e374d0a-a7cd-4ea6-8814-00043ea61aa1,1017279,< 1 year,Rent
ef9ddefc-a550-4245-a80f-822911c31d1f,2647308,2 years,Rent
746fc09f-1ef1-4083-9a2a-251d3e6608fa,2088328,< 1 year,Home Mortgage
4d1fef0f-293c-4090-92be-a7fc30b34cee,4872778,3 years,Rent
659b0c70-c16a-4e27-89cc-4843cf8e56ac,806170,4 years,Home Mortgage
f55ee079-2735-4de0-838f-6f906e876def,,9 years,Home Mortgage
866ee209-7187-4290-a21c-57dcd80d89fc,1403492,4 years,Rent
cb67a8b2-2616-42a2-b01c-9fc091cf3a13,1137492,3 years,Rent
477c70fa-2b8f-4003-9bf1-d5591504dcd0,2205425,10+ years,Own Home
9813f700-2aa9-4d58-989f-6c6a7f7335f3,956365,2 years,Rent
8de92ad9-0cd0-49e4-b0fe-ed393b995c20,2429815,10+ years,Rent
7ec274f2-b527-4979-984a-6d8ada586d57,926345,4 years,Home Mortgage
4ef48201-a369-4338-b82e-804bbf936c8c,1164396,7 years,Own Home
1dd6d4cc-f990-4ba9-9fc7-e549b64e2165,1487776,10+ years,Rent
15980a3b-7446-4a31-a41f-2daa13b1b368,995714,10+ years,Home Mortgage
d2cab0de-87cb-4341-9d18-20b6a069614d,1273133,3 years,Rent
bd45417d-ddfb-41e2-a2b3-1d194b3e9775,1316434,10+ years,Home Mortgage
cf7843b1-70dd-4983-8d3b-389edbb4a335,948062,2 years,Rent
eb7d366d-d124-4756-8e61-7996e948a068,1159266,10+ years,Home Mortgage
7e5e0b4e-b7fe-4a1b-8a02-e45449fdccdf,1116440,4 years,Rent
44504b6f-f041-48da-826b-1fcd71ada40a,,3 years,Home Mortgage
8248911f-1a7b-442c-aada-85dfcb6cd9e1,967955,1 year,Rent
52c65ac6-66ec-41b2-97de-51195446fc46,3503106,7 years,Rent
0dfab644-1eb7-4b17-85bc-403633674687,3783660,3 years,Home Mortgage
f25cc8c7-a39e-48e2-a5b1-6925f9a43582,627722,10+ years,Rent
5dfd5741-4ff1-444c-800b-0c588483128a,2581663,3 years,Rent
13f957c2-8e44-42d0-a2bb-f743a3acdd55,1516808,10+ years,Rent
13a01f7f-e356-4b65-9b6e-4fe9e9779791,1520608,8 years,Rent
5835fba3-adde-4544-9d71-821b598da528,,< 1 year,Home Mortgage
b522e2f3-2e4c-48a0-8b68-71ac3f22df98,,< 1 year,Home Mortgage
e365ef81-c062-4c2c-b21a-c8b90e84b3fe,,4 years,Home Mortgage
2ed5467e-f5ee-4a35-8b86-2df1390672c4,1132590,8 years,Rent
9efee5e3-cac0-4e68-8e38-9b0e83e5e50c,1394790,4 years,Home Mortgage
2041dcbb-2702-42aa-97dd-ca0c211ffe1e,909606,< 1 year,Rent
64a5ce53-f0cf-41f9-b338-5ad3fe0056b4,,< 1 year,Rent
ebc1af23-93ec-40d6-8f05-d993bc96b992,1234962,10+ years,Home Mortgage
a68ab034-8859-456c-aa4a-b2ccf80eee6e,839838,10+ years,Home Mortgage
34505802-ae5a-4644-8d74-d3683cd8f50f,1888410,5 years,Home Mortgage
5605bbbb-3173-401f-8c79-6597bb89ad2b,580260,5 years,Home Mortgage
6d8b52bc-ace0-407b-be61-317de1f51e98,847400,5 years,Rent
b59c8e26-816b-4ba2-a370-ad58e10cfdf4,,10+ years,Home Mortgage
06224fbc-aade-429e-96ea-7cada56ec5ed,1346891,3 years,Rent
ba3d1f80-2633-43ec-a688-1df4ba345bb0,660079,2 years,Home Mortgage
7751a8b5-56a0-44c4-846a-2ee44c0665a6,832428,3 years,Rent
6eac263a-b31a-4959-8872-e85965f8c201,,< 1 year,Home Mortgage
80a7033a-101f-481c-9535-0a37dcb0bda5,454214,2 years,Rent
0273d827-7339-45fd-9ee8-494835ddfd88,,3 years,Rent
1878b872-77e7-4778-8de9-dda72a9b494d,,10+ years,Home Mortgage
f4e5fa2d-cc54-4b3d-bfe2-3e04616ce481,1357531,10+ years,Rent
a95bb35b-e918-45de-a282-0afcda421a95,2959136,8 years,Home Mortgage
6f7e54ce-145b-4316-857c-4ed12f28e185,1214746,8 years,Home Mortgage
bfd757dd-9b62-4daf-829c-23e803c92ddf,1177848,5 years,Home Mortgage
815fa30f-7175-46e3-b4ad-488c2066ecea,619609,2 years,Rent
329fc9d0-fd43-427d-babb-7ca78a6b0832,,4 years,Home Mortgage
f146a5b4-f207-4f86-95e8-f7e0be6cdfdc,1593036,10+ years,Home Mortgage
7d15886f-9bb0-4efe-b182-8e1c0541a36d,1458136,5 years,Rent
f8b00641-0b8c-424b-bd2e-ebedd4b65705,752248,5 years,Rent
90192efd-bec5-4f45-b360-a574b3410d33,1483881,4 years,Rent
e2e348a4-0f25-40eb-bdb1-6a1fbd82fe69,1209977,1 year,Home Mortgage
1bfb21be-06e8-4ee6-8987-85a7f5b742f7,2683579,3 years,Home Mortgage
d706cc64-1ccd-4e69-8c71-1d12085cd3c9,1896390,10+ years,Home Mortgage
e397c739-71af-4bc4-b019-5afd1ef6cb7b,794656,7 years,Home Mortgage
fea633cd-8101-43e8-ac99-0af327054a6e,1874920,7 years,Rent
f5ab66a2-997f-441e-b438-1f9494b2e437,1550362,10+ years,Home Mortgage
c9ed627f-51a7-40b5-8169-b21f338b6e40,310783,< 1 year,Rent
363f9cea-f5a0-4ba4-8ffd-fb10f7b5d116,,2 years,Rent
fcf86f9c-f2c9-438b-a0d7-2717887879c2,,5 years,Rent
4034c5b1-11c0-4d45-a542-164416236cbb,1137606,< 1 year,Rent
43c8c7b4-5392-4227-94cc-5af0d01a4dc4,782686,5 years,Rent
7b2ad308-7840-4b2e-8a6b-db9611df99fa,,1 year,Home Mortgage
cb3329df-10b5-4b88-a8eb-deee67d4c455,661808,5 years,Home Mortgage
ac8077f4-8ca5-4af2-a3be-c55e78d47995,1995399,10+ years,Rent
e29ee278-b15a-4122-bdb9-65af0b548ea8,,3 years,Home Mortgage
46ce638b-3e16-4e4f-b1c4-cc0cd5493179,775276,3 years,Rent
679f6365-5aa2-4833-90a3-93e949fd436d,2406825,4 years,Home Mortgage
eb20a422-46f5-4233-be45-77706fff8909,1773517,10+ years,Home Mortgage
5b461fe7-2275-45c6-805e-32392e0d2aba,,3 years,Home Mortgage
1df86adb-1434-43f3-aac7-8faa096b04fb,1316814,10+ years,Home Mortgage
cc405aff-e2b1-42eb-8d08-88c5b1887037,966530,9 years,Home Mortgage
f6171bc8-813f-4f1a-a88e-6022cf3620df,1955309,10+ years,Home Mortgage
eb170677-ca1b-436c-b0f0-c57059c3fa73,755060,7 years,Rent
f2deb1ca-686d-41e1-9d85-1daff51c8c88,1556974,6 years,Home Mortgage
2bc9fb41-a37b-4943-a6d1-5160e40b761f,1736505,10+ years,Home Mortgage
7740a2ea-8745-4d04-bd1a-0f6e18c3c2a1,728992,4 years,Rent
fc2edb06-f4b8-45e0-ae0f-ce9691297614,1597558,10+ years,Home Mortgage
ba11f91a-dc1e-45fb-ad76-eb1c01b9f4a5,858458,8 years,Rent
af7c3041-48e2-43dc-96f6-bbdaf8ee239c,557745,< 1 year,Rent
bc27a463-f2cb-4557-a232-61120b267dbf,,7 years,Home Mortgage
832c7bb5-fe24-459f-adb5-a2c06cfb7b81,,7 years,Rent
796c86b4-9caf-4e4c-942e-73512482d85e,739898,< 1 year,Rent
3a202b99-75ed-433e-b1d0-8ab15b4c1fcf,2396147,2 years,Rent
5d859647-6164-4d97-89a7-fa19ad45d8dc,,10+ years,Home Mortgage
ce1ceea8-9ea3-4605-8687-7a8ed452e0e3,,10+ years,Rent
37932ab9-b10e-44d6-96c3-308d392adb37,1530583,4 years,Home Mortgage
6e7f77ef-afdf-49c4-88f2-ff1ce605063d,1308929,5 years,Rent
e2cd778b-6ab1-4b94-97f0-45179e073d1e,805391,5 years,Rent
ed7dde99-0ff9-4398-8b8c-a7ce6a521490,,5 years,Home Mortgage
64c4b5c9-3bd4-41b1-8ded-3c5825ba193a,1456217,3 years,Rent
736b6504-e9dc-47f5-a034-5b1d5e9f4081,1553744,4 years,Home Mortgage
13e17170-aab6-4534-80c5-09527d0c2d27,1849023,2 years,Home Mortgage
8dc6eba5-9e97-4559-8e4d-bf94421c8627,1685547,10+ years,Home Mortgage
f461eb36-f7a6-48bf-a0b4-aa5b29742d43,584934,1 year,Own Home
78563092-2d79-4fea-9e75-b8fc89d0ed65,786695,8 years,Home Mortgage
7964061b-8b34-4f8a-a7f2-bfbd5bdcea76,2032506,8 years,Home Mortgage
fb394d3e-19ea-4da5-be0b-4846734d3931,1941610,10+ years,Home Mortgage
69013861-fffd-4f55-9e01-c73cd2b6e38d,894349,n/a,Home Mortgage
cf1fb29c-6c02-4d41-a084-c66dbe48c61f,1465394,8 years,Home Mortgage
b4d7ff7f-6a39-4d0e-b757-a67f4af7f701,2393525,2 years,Rent
27dc8870-2d2f-4db3-9789-06d3bded6886,3152157,2 years,Rent
e160c4fa-f3c8-4de2-ac55-8edff65fe04a,1977254,10+ years,Home Mortgage
22c52e25-3f23-47e6-9e52-ce9a5eac2c9a,765700,10+ years,Home Mortgage
d7a2f983-64ed-493b-bf34-d7823d1b7584,1063715,< 1 year,Own Home
d8587134-c000-47ed-816a-bdf244337ad9,3223445,10+ years,Rent
5ec42efb-3c8d-49e2-a4a8-c2ba098e0571,805068,10+ years,Rent
bbaa2cfc-b48c-4b46-a8e1-4bfa3d4cc032,,3 years,Home Mortgage
e1c4ba79-0008-4897-85c1-5460d956377f,1320690,4 years,Rent
644a28a7-53ca-4171-8c57-c440c59da809,928511,7 years,Home Mortgage
6f7989a1-c491-4857-b403-425dc4866a55,2012803,n/a,Home Mortgage
c13da452-5558-4450-bdc7-2c45868bb0e9,,5 years,Rent
c9047ab7-59ee-4fe8-9738-c054487823d9,2329875,4 years,Home Mortgage
0be4677d-6b16-43f3-b5aa-a68130372298,375858,3 years,Rent
bb88fb8d-cd97-4866-b099-09d888054a97,431034,1 year,Rent
0a58217f-f0b4-4165-9c27-e16eda680664,1217843,10+ years,Home Mortgage
92942afa-d861-4ccb-ab49-f76e1c54a94e,,5 years,Rent
e4e3f010-e951-4b4d-8958-48d1aad00878,597303,3 years,Rent
81cd52d5-bdf9-43ff-b86b-b56dda31b388,,8 years,Home Mortgage
b8ec6859-7278-43bb-9172-0c9030f90b16,580222,1 year,Rent
41cde585-9a0e-40a4-846e-2cc4bf632c39,,n/a,Own Home
881e9e73-9848-412e-a6f7-e7b557a8d261,1436552,10+ years,Home Mortgage
0f597778-73ad-48cd-86bd-8f3247908174,948214,6 years,Home Mortgage
ec2b37e1-3f28-4400-a932-010e28f37cef,1772339,8 years,Home Mortgage
f1671067-da46-4090-ad7a-78abe7f75b78,1311114,4 years,Rent
5914fa0d-3a07-496c-bcde-48de6d04124a,728061,10+ years,Rent
72e0e902-a5e0-49c6-824c-81da55aa6fbb,1259947,10+ years,Home Mortgage
19a99c3c-cabf-4dd4-b0b9-b8fb84126314,1025924,10+ years,Rent
cd28c9e7-a649-46a9-877c-8ef4e476bfc4,1555416,2 years,Rent
2efa3ef6-4eec-4e7b-9e81-bc43bac7e840,1381813,10+ years,Rent
2da75d2a-9e3d-430a-83ba-55564895829c,1700424,10+ years,Home Mortgage
6480762e-5522-4fd1-8dc0-ba65851b7772,846944,10+ years,Rent
684a3ca2-d9c2-4db0-8efa-a38adb000752,993111,9 years,Rent
4aff92fb-2e8e-4c12-8c26-01884759774d,768740,< 1 year,Own Home
e72ec8c5-8f09-45b9-88a5-123a582955ac,1172908,n/a,Home Mortgage
38ef37f8-1283-43b4-b0d3-56a6aed31fc4,465006,3 years,Rent
c47b4639-6c37-414c-8d87-e76f34c96119,,10+ years,Home Mortgage
b3b3c5c1-cc94-4472-a337-20b4de976195,676305,10+ years,Rent
4c29eb9f-4859-46da-b032-aeb352df9971,1386050,6 years,Rent
0391b28b-6043-4d2e-aa13-d5e3746b7449,,6 years,Rent
c034b68f-30da-4032-ac34-817dcd9bd04e,2097828,3 years,Home Mortgage
52af7f4e-96a4-455b-95da-ada808316223,1788983,< 1 year,Rent
042b59b2-3dca-4e21-b66a-d95b5212379a,1704452,7 years,Home Mortgage
9d275da0-b7c4-4b0d-bc2e-53b06bf484cf,1024043,10+ years,Rent
f8761816-7844-4610-ac49-f5799bea8c2a,1684407,10+ years,Home Mortgage
f02023f0-085d-4d26-abb3-d886ac6a5262,1354871,10+ years,Home Mortgage
87af8a01-347d-463b-9a28-6089153bb149,,10+ years,Home Mortgage
ff4ac779-d2f3-43b2-9943-70cbc83bf75a,,1 year,Rent
7680fc52-eb28-4595-a329-7323ab153ae7,2858835,6 years,Rent
ec2406be-7cb6-4389-bd9b-25bfd97c7788,1162686,3 years,Rent
df8f71f4-78b0-415f-83ec-d8a4fc9a4aaf,484747,5 years,Rent
c81f55de-5ab0-4552-a59b-d3044f45c536,1243531,9 years,Home Mortgage
ae18f925-6db4-4d08-9b5b-da0e151bdd38,,5 years,Rent
c3626e7a-a77a-4899-8c18-0746f9f81740,2465554,8 years,Rent
bce038de-dc1c-45ed-ac02-1bcf7b15a581,1581731,10+ years,Home Mortgage
d53af568-1ac8-4c9d-bb2b-606e48097dce,382508,2 years,Home Mortgage
8eeb4877-a61c-45f4-96f2-a3fa1554e24b,609634,n/a,Home Mortgage
d232c53b-2ca5-4eb5-be0a-d591f81aa5e1,1470429,n/a,Rent
7f754633-b71e-4a97-a392-b8adbf8c3288,1214423,< 1 year,Home Mortgage
0414003a-8efd-43e0-9a40-6d499465dd48,,n/a,Rent
6279c982-d539-48f3-aba1-5822904b1220,,8 years,Rent
a619f2aa-17c8-494a-94aa-0bb7ae67197d,637089,5 years,Home Mortgage
a1a97f24-63e3-4c4a-a45e-26c3075ea941,1551920,10+ years,Home Mortgage
2dabb141-a1b7-4b85-96d0-ab3cdce9f0d9,1713420,10+ years,Rent
36cb105b-59e2-4cdc-87d5-3ef7a36504cb,1401782,10+ years,Home Mortgage
975cb9dd-90e3-4466-afac-f45c9bb59e09,1271100,< 1 year,Rent
092bee43-a278-4451-9f17-e99bca3b53f9,,10+ years,Rent
5dbbd929-5739-4c2e-99e9-f80f73980581,1047622,9 years,Rent
400b4443-b9bb-471a-848f-be7a8cb0a071,,8 years,Home Mortgage
4e90c969-ef08-4383-8ac2-866a94a5df9e,1166942,10+ years,Rent
3ef62375-1cdd-4b04-9e00-3113085ba5f6,1663089,10+ years,Home Mortgage
08338f1b-0b3f-4da6-91a5-007898a35027,,5 years,Own Home
5c59bb1e-f33b-457a-aa13-784a6cc29285,743584,2 years,Home Mortgage
62879dc8-4fa4-4df5-848b-bf74a779e1a4,2808352,1 year,Home Mortgage
8f85275d-e13f-4981-bbbd-c2f70c160250,2982183,10+ years,Home Mortgage
d11812df-9ab0-4f4f-a0ff-c1a11e38dce4,859617,10+ years,Own Home
824978fb-cd80-4faf-8f9b-90613d416118,1320823,10+ years,Rent
82c5e0ea-e4ed-4f15-a6db-3938138ab0a7,1799680,2 years,Rent
381055d7-5454-4f5f-bfdd-21bc4400984b,1441967,10+ years,Home Mortgage
24d2269d-b801-4f21-8c6a-7f0431bd9ac0,949335,7 years,Home Mortgage
881a4280-b20c-4bb6-a8d6-1503d47a28e6,1867510,1 year,Rent
4a8c355c-2511-4cb6-9f42-530c758a60c0,523697,7 years,Rent
f7c8a61c-2749-4e2d-bed3-51206108b97d,,10+ years,Rent
3a169aac-1aa3-4562-a582-8e22e305ddfc,965827,10+ years,Rent
db37617f-ddaf-4dfd-a9d8-98b5a1181f6b,754224,10+ years,Home Mortgage
cc3fc6e1-28b6-4900-8e5e-39337b67eec0,2524416,< 1 year,Rent
53e5657f-5ea0-4781-bee6-98bdd317c60a,1719918,10+ years,Home Mortgage
2e10146d-9b0a-4a03-a6e9-acb6af489fce,,9 years,Home Mortgage
3302eaec-aab0-4c5a-b95b-9ce90ce745bf,1795443,10+ years,Own Home
a206d024-b92a-41fc-88f5-c86168264149,2020935,10+ years,Home Mortgage
606b2b8a-a1eb-4185-9ad0-682c5f4ca4f7,,10+ years,Home Mortgage
72d9e12d-e956-407f-837e-c52f2976e284,,10+ years,Home Mortgage
5b5cec8f-c6b6-4d05-a332-471ac9d54abc,616341,3 years,Rent
41c21fb8-3fac-4c81-a02f-3be202d04ba0,1417590,10+ years,Home Mortgage
92a01b4e-1c45-44c1-8855-a86246ce2a42,1336669,1 year,Home Mortgage
f0013219-6887-4b4a-a0e4-3d3d7b87c5de,,1 year,Rent
8ad0e48d-5757-430f-9ea3-d7949eaf69e6,946276,< 1 year,Home Mortgage
439705aa-d412-4b64-ac50-c9877f986709,861764,10+ years,Rent
c441e323-b242-46b7-9877-027b2e67a010,,9 years,Rent
cecc695c-650c-40a9-9db4-7d2187c16b61,584706,9 years,Rent
de38c86d-da75-46fa-9795-aa78b05ee0d5,1121988,2 years,Home Mortgage
75f648a2-fff4-4d9f-8daf-91fc3f5c64aa,1505560,2 years,Rent
6abac3d7-66fd-417b-8e87-badcb7dd99d9,1123014,< 1 year,Rent
2b369f71-067f-45e5-975a-0d7fa96aa371,947131,5 years,Rent
afa8085b-0c98-4da3-a150-f40a416488a4,1724155,1 year,Home Mortgage
a147b764-5963-48a9-bb77-3e43714e8abb,1115262,10+ years,Home Mortgage
dcf8c8be-74fd-443b-a6af-ff83ed6263b5,,3 years,Home Mortgage
ff4b2d45-a398-433c-afc1-6fc3956c26f1,853803,10+ years,Home Mortgage
7ec96afe-bc19-4363-a343-250db07f74b6,,1 year,Home Mortgage
2fe74d9e-ccb9-4c4a-b941-9e3f497e91dc,1897340,< 1 year,Home Mortgage
6186063e-59b4-466b-977a-883474116728,,10+ years,Home Mortgage
735de354-f8b3-4b6d-8cea-5138210bcbf7,1410997,1 year,Home Mortgage
618783a1-5138-4724-8175-690d54189ce2,1039338,7 years,Rent
b9fce3cf-01de-4667-9966-13661205380c,741228,7 years,Home Mortgage
bbe88c23-f59a-4955-bee8-6e5cd7524f81,,5 years,Home Mortgage
674cdd34-0154-4887-adf4-1ff8efd4b0a1,1154136,1 year,Rent
1d0aa009-c59e-4c94-b023-5d5f1c71fb00,,3 years,Home Mortgage
f9f596e1-9581-44a2-b2f1-a5550cf132e3,2777325,10+ years,Home Mortgage
11d65bd4-0a94-4445-bafe-03d68bb10c22,,9 years,Home Mortgage
3f8652b9-ff48-4e3e-a6d8-b8bd74736853,,10+ years,Rent
0c0c4826-a564-4464-a6e2-9fa47b218ef6,611154,2 years,Own Home
31d493e0-8355-4b7e-8d3e-ff9c3bdc47e0,813010,4 years,Rent
57661c78-3606-417a-b406-281cefc1d835,552843,4 years,Rent
3bdadce5-2ccd-42d9-9bb1-4b53c2d28b4c,682499,4 years,Rent
dce27c71-6513-46bb-a887-bdf2a324924f,606176,2 years,Rent
8797c809-a1a8-43d1-acc0-96a6c7f33bd6,1428477,3 years,Home Mortgage
b493c608-3ca8-4c73-b161-ada2bdf48ea1,696749,5 years,Rent
03553a59-1d0e-4747-bdbf-d88f62ea3855,1058794,10+ years,Rent
09b41a38-ad11-4c73-bfac-9afab3ea95a4,2232576,5 years,Home Mortgage
21e863ef-cc7f-4024-ada3-b48dcfaceb35,2071836,1 year,Rent
3f410c3d-d48d-4f0f-b75d-399d62b5461c,786904,10+ years,Own Home
a2910c28-a65e-4a96-a5e3-836b196379c7,1582852,7 years,Rent
3bac0231-b309-4e57-a28b-e11af138c341,4766644,< 1 year,Home Mortgage
917ce153-9466-4533-831b-f11195ec3185,1645039,2 years,Rent
15dafc66-c6af-418f-9fd2-0d1a33dc6552,375706,3 years,Rent
07b0de64-17b6-4448-ba29-e483d3f15c82,,10+ years,Home Mortgage
c5b77d44-ec68-402a-ae35-404ceb1b8dc3,804859,3 years,Own Home
22d06857-060b-45ab-8be3-f56456a699cc,,1 year,Home Mortgage
7ab62a89-f70e-453a-90e0-a77a38e4bf7e,528998,7 years,Rent
1fb44e06-4836-41b9-a701-6fba17ffa774,874418,4 years,Home Mortgage
86b7a5ee-2627-40cf-beda-11cd2b8fd258,,10+ years,Home Mortgage
9c8be527-1d3c-44ea-891c-2d6f30b7ec04,1758241,< 1 year,Home Mortgage
89955af6-51a0-4b93-ad5d-5078630ff239,1135212,1 year,Home Mortgage
699ea78c-3857-4007-b770-642b609822d7,847476,10+ years,Own Home
19181cf1-7237-4e82-94ac-75d0213e18ff,2227180,8 years,Rent
ecd35bdd-2835-410d-930f-841e0a82c3fd,1901330,7 years,Home Mortgage
d81ea1f3-2cd0-469b-b5b1-21b93cdb57d1,1178646,7 years,Home Mortgage
ae533812-a91a-44ba-b24e-b128f59a9153,563160,3 years,Rent
04775e21-5842-4d3a-9ecc-34ef907a812a,836475,3 years,Home Mortgage
81b15f4b-5f6e-4434-af5d-37702cc1f728,1508600,10+ years,Home Mortgage
ff88149e-19a3-4e01-9df2-2c774561345a,1360742,10+ years,Rent
44ccc88d-62ba-4ecf-bc32-8ea3d79c1fe5,1539152,5 years,Rent
49e4fae4-8dec-405f-b525-c46bc14d2416,1317498,1 year,Own Home
c8f29444-880b-4154-b8f9-e5798763fafc,1279593,2 years,Home Mortgage
12842672-3af1-46a6-9ded-f8a0a9a4eef6,2328925,10+ years,Home Mortgage
1ef0974d-e61a-41eb-912a-b48317ac6970,296951,n/a,Rent
3850d5ca-c794-44cc-8e34-ec363ae3f865,,10+ years,Rent
86390fce-e1a7-4d57-80de-6b12aa3f65f0,1500088,8 years,Rent
13bf2ef6-4a52-4542-88b7-d2796fe9aa0e,,10+ years,Own Home
96e062ae-18b0-444a-9dbb-301cb791e19b,,9 years,Own Home
9ff411b2-60b9-4026-b732-d37934520d96,3041520,3 years,Rent
73bcd250-b3f2-4903-87e8-f5fb95674db1,1828560,7 years,Home Mortgage
16844cbb-ba57-45b4-ae26-bd65504fbc5e,1023131,4 years,Home Mortgage
e8a719b9-ef78-456c-a750-6521a68339fc,1711463,7 years,Home Mortgage
38c4cd60-5503-4503-9624-a6ec3131be09,651377,10+ years,Home Mortgage
cfde15e7-9776-4f2e-a33d-8ff4ec20b8db,555788,n/a,Own Home
0549b9cf-f3b4-46dc-8059-36d3cd8f95a1,938695,8 years,Rent
af5e66fd-1f4e-4aa1-85d0-55d3e71d7517,847913,< 1 year,Rent
f97a1cdd-7f92-4dc5-bccf-ebe1da480b0b,1788736,7 years,Home Mortgage
b52737ba-613a-41b6-89bf-891869a4a5f8,,9 years,Rent
23b99479-870b-4e61-a0ec-6b62cca51932,392502,10+ years,Rent
b8c5a00d-b351-433a-957d-214fdf55bdf9,,9 years,Rent
d736129a-1630-4d2c-b7c9-58e6ac314a43,658160,< 1 year,Rent
7376948b-90f5-497c-bfc1-6c00cd5743aa,1289302,3 years,Home Mortgage
ce28a8e8-7069-43fa-9520-d4d9006c4594,1878948,10+ years,Home Mortgage
5ec38d2d-5393-4be1-a9e3-d2115cd855ed,273695,n/a,Home Mortgage
ea385e12-2e69-482d-8c9a-63f01541683a,1396785,10+ years,Home Mortgage
28d28c0d-0650-4a3c-8cc3-9ce223bf166f,1206975,10+ years,Rent
f0dfd746-46b7-45f0-9918-e2ad8596b783,648185,4 years,Rent
91817f72-aa90-45cf-aa2a-1fa3d678bc16,969475,2 years,Home Mortgage
e4f1aca0-107e-47a0-a5b4-50872a95b401,1154364,10+ years,Home Mortgage
660e81c9-180a-4300-9206-c8be6e403127,1714484,10+ years,Rent
71087835-6864-4588-a1c4-631256e29fc9,958740,< 1 year,Rent
84a357ca-1485-4441-bdce-70493f794b4a,2247624,2 years,Own Home
1b27c116-3d6e-4ee0-a7c2-02871b4f05b3,1215810,1 year,Rent
8442aebc-6585-40be-acfe-5f81413e1860,1208609,n/a,Own Home
cc18ba24-1c44-44b5-815e-772bae5b2983,3508483,10+ years,Home Mortgage
f83fd2a4-5392-4edc-9b39-073bff0ce344,,3 years,Home Mortgage
b735beb0-0c84-47d4-981f-9bfb69d1c319,1470448,10+ years,Rent
f618458f-f372-4ab4-9ef1-b4310ed9fadd,742824,6 years,Own Home
31d3d587-b26c-4540-8227-d46ff76c6db1,2091881,9 years,Home Mortgage
c56f5189-9e35-4378-8f1b-eb352c3771c8,729429,7 years,Rent
97759913-d829-49a5-ae5e-0a855a599c07,1826204,4 years,Rent
9d1e3e58-be8d-4145-b6b8-87147e810ca6,2022341,3 years,Rent
7913d9b9-f931-4f21-b873-c71789cec7c8,,10+ years,Home Mortgage
77fe12bc-9574-472e-9d3e-2e494948005c,1917480,3 years,Own Home
67643e60-23e5-44ef-ba42-3a2c8680ac5a,926041,1 year,Rent
7061cd37-336a-45bc-9f3d-66f089a435dc,1137492,10+ years,Rent
b3a30e24-0626-4e90-b71b-1d71aeaa369d,1060675,5 years,Rent
e2e59ea7-aed7-4fd0-b860-57bfd9dd0958,1235095,6 years,Home Mortgage
dd5ac68d-5461-4983-bd7b-5d52782c8105,798380,10+ years,Home Mortgage
af7d5c4e-3c5e-4819-b96b-e8ff3150413e,1156701,< 1 year,Home Mortgage
d7140a38-b064-4b9a-ad7f-db6cf6ead03b,865868,3 years,Rent
867078c2-04a2-44b0-8f3b-b7854c190676,957695,6 years,Rent
73cbee32-dee7-4a66-99ca-80674837d79c,1062556,10+ years,Rent
60f5b240-1189-4843-939d-a8df5ee87b94,926440,7 years,Home Mortgage
c124ca71-f42a-47cc-8ec2-236f7e9868a5,,10+ years,Home Mortgage
9321b803-064d-4d2b-8668-d67ba08e44a9,2050499,10+ years,Home Mortgage
765f8cca-bc62-4809-8141-0a17531aa1e8,,10+ years,Home Mortgage
d7447d62-f384-4afc-ba41-4bcc63a0ac1b,1830745,7 years,Rent
7c4031f2-e123-44f9-af84-f2ad9b89fb30,886065,10+ years,Home Mortgage
fcc106d5-ccc4-4908-950e-c4ad34dbb84b,1306801,9 years,Rent
8f33cc8d-aec4-4ebe-a38e-2ca1fd8e949e,1678023,10+ years,Home Mortgage
4d678080-a2fc-4d6a-94e2-47ef913fa09e,1041105,9 years,Own Home
109b8cfe-92a3-453e-85b0-830fd9e96032,1062442,3 years,Home Mortgage
d64f96e0-f26f-486c-84eb-dd2c99ff2f41,1084919,10+ years,Home Mortgage
4c34e70c-1c6b-42b9-844d-86be8f5cb13a,563673,< 1 year,Rent
d4bdde71-52ae-4a8c-9fa9-cabd13b837ca,1033201,10+ years,Rent
0ae36b9a-c9b6-4822-93c5-37114c538be5,1039319,3 years,Rent
740a3d84-40e8-49df-87fa-0eb56f7f3bf5,2434147,10+ years,Home Mortgage
bbecffe4-bc7f-4d6d-a4b3-6f90225e8e49,,4 years,Home Mortgage
37df87ba-5c2a-4db4-a0f5-9930fe422c24,1521672,2 years,Rent
6fb10781-a6fd-413e-9fa1-d05290899304,688028,n/a,Home Mortgage
3aad0d72-7266-432b-84d8-8e27afb3689a,,10+ years,Home Mortgage
f4510fdc-1287-4a65-85dc-27162e6de826,930905,n/a,Rent
12898e6c-de46-4a7d-afcf-a89ab2ee1445,,5 years,Own Home
b71bdf03-21f9-40e2-8d8b-e1e70957a5c0,,5 years,Home Mortgage
81c2f8c3-07fa-4ce4-9d9e-3daef52346ef,,< 1 year,Rent
9a5ab87d-50b1-4398-b44d-72a9a76dd9d2,476995,8 years,Rent
891d69e0-ecb1-420d-9936-9e66a60c52db,867825,8 years,Rent
bd9b0734-a324-4131-8d9d-6e8610ca00bf,1292646,10+ years,Rent
21c4905f-1518-43c4-8f7c-dfc4118cf701,867920,n/a,Rent
ee151a22-48a7-45e6-8a73-b515e5aa1b67,269914,< 1 year,Rent
d71b0bcf-e4bb-4331-be40-f28fa78c89e8,1313375,3 years,Rent
a6a1f93e-9cf8-4954-a245-9818c6d3d0b8,1257857,2 years,Rent
2c7063f6-7fbc-4515-b779-0dfafcce73e1,797525,2 years,Rent
4a3d79aa-5500-4eb2-b6dd-98136e16178f,1224132,3 years,Home Mortgage
82ff57fb-b258-4361-a1ee-c5631c829f48,,4 years,Own Home
e2ea7682-b9c3-405a-b1d9-4d823ce24718,349486,3 years,Rent
3e301ef3-8e9c-4a73-bd37-5795c69154f2,841073,< 1 year,Home Mortgage
45a44a44-dcaa-48c0-abd1-0be583e19c04,817798,2 years,Rent
dac0f039-1a46-43d8-88c1-e3bb296e840f,1832075,5 years,Rent
304cc94b-c23b-4b1a-ac15-a2cb0e488692,622345,< 1 year,Rent
52c66aba-feca-4920-a20c-36e1586aaaf1,929480,7 years,Home Mortgage
fd76c279-55e9-4895-88a1-70319eff9154,1241669,10+ years,Home Mortgage
bb92e429-1dd3-4030-924f-bffac2fa4136,2412544,10+ years,Home Mortgage
8b014c34-f3e0-4f2a-81c4-6fd76131e9a6,8279060,2 years,Rent
f724f7e4-c9b0-4121-98db-d4da529c462a,969285,n/a,Own Home
9866ef90-ffc3-4909-9409-793f78ab7e88,,9 years,Home Mortgage
94bc29a4-edcc-4123-affe-c5b34fedabc7,1638579,10+ years,Home Mortgage
25344679-8996-47fd-9518-185c9a63d29d,,< 1 year,Rent
0994becb-d5d8-47b0-99ae-75c2331d3d7e,1541584,1 year,Rent
8936cccd-b6f7-41fb-9a72-3e76ef499847,1162572,4 years,Rent
5effcc79-d040-445e-87bd-72b6280c3808,,3 years,Rent
7127f01f-ba88-41d8-9426-87c6f40618a4,747156,5 years,Home Mortgage
8b574252-3238-46c7-9c21-a95ad338542f,1438528,8 years,Own Home
7df51f1f-b9da-43b7-ae1f-151858a9212a,1078991,10+ years,Home Mortgage
be65080b-291e-4a63-bf14-6f270834a381,,3 years,Rent
b117cd63-5c02-47df-ae6b-692467c1307d,,n/a,Rent
64ee0431-62ca-4bb7-9731-3e779f2cb766,1164928,10+ years,Home Mortgage
6c38f71d-57b7-4e7e-93a6-7738a2549d13,,10+ years,Home Mortgage
055d75a7-de3e-490b-a835-fff8d476665c,2094389,10+ years,Home Mortgage
8e51bbe9-2d74-49d0-adcc-c6b928d70215,1361027,10+ years,Rent
677bfbc7-3bcb-48cd-a465-24fe040a65ff,2276580,10+ years,Home Mortgage
0869d0d0-4538-455d-9174-0a050efc9cf8,1378298,10+ years,Home Mortgage
8e57c34c-1925-4fe9-bc15-e987221b9bcb,,10+ years,Rent
145782f8-8e0c-4267-82cc-4d0fbd0e0120,715008,4 years,Rent
a6e0d57e-480a-4894-85d1-bb20e4d77d11,1691361,10+ years,Home Mortgage
3c8af67a-e77f-44f4-b6fa-ed720a330916,2322047,< 1 year,Home Mortgage
529416b1-d93d-432f-99f2-00fdfb27acb3,340043,2 years,Rent
4f81f67e-8574-4103-b25c-4bcf090aa2e4,750652,10+ years,Own Home
4bc32473-b031-47b5-9856-a4eefe6bebba,2971809,10+ years,Home Mortgage
eb57dffd-ce35-4404-8188-a9bae887c1db,1004967,1 year,Home Mortgage
da9d50f2-5b32-4922-a224-e83a5c4f0cd9,460655,6 years,Rent
1c529f00-90df-4128-ad46-7f535fbf921d,,10+ years,Home Mortgage
610214cb-207c-4580-a6a5-68bc42b28dce,367327,4 years,Rent
7aeeb857-0e7a-4dda-8e70-046d4cc1e783,760912,10+ years,Rent
505a9d4e-a3b9-4377-aa0f-2d72024e566d,769500,10+ years,Home Mortgage
7af6dd79-19ca-4faf-9e29-35781467ff09,1814158,3 years,Rent
7fd5a72c-8999-43cb-9b71-190db19a7965,224219,3 years,Rent
04f4c3ae-50f3-4c59-bea3-fb38f2e7df17,1671183,7 years,Rent
71e9dbfb-cf0c-48f5-817a-d6531b2331dd,,5 years,Rent
d59dd4a6-c405-459b-baae-03db004b0b7f,1120050,10+ years,Home Mortgage
ed918310-a445-4861-87b8-619a24cbeac7,,10+ years,Home Mortgage
39f4d19e-81ea-4f1b-8717-c4b8bc7aa119,,10+ years,Home Mortgage
30a95fbb-3124-4710-b30b-3bfa2ae36c0c,1448370,10+ years,Own Home
f334618d-29bd-43e6-9079-36d75b33d845,1625659,< 1 year,Rent
2ad9c7e2-53b1-4512-9c15-3c18fa367fd1,1490208,10+ years,Rent
f7e39c40-1dfe-45dd-9930-35009ca7df6f,1847997,< 1 year,Rent
022d1774-514a-4df5-a54d-3c4497b2ef83,713488,9 years,Home Mortgage
1d1a667f-394c-4679-932d-03001a429382,669655,n/a,Home Mortgage
40c48f97-50e3-442a-86c3-d2f251a9b71c,,4 years,Home Mortgage
7f68b0cb-9555-4409-b9a0-8f5245c7003d,391894,3 years,Rent
5a089dcf-2b31-4b60-9692-bfc528f3e71c,2491584,9 years,Home Mortgage
fd895076-3a49-4a25-b139-1e2f9661bd9e,895850,10+ years,Home Mortgage
46600fd9-6982-4ebd-b50f-27c5445a134c,1263956,10+ years,Home Mortgage
ce905bdc-73b3-40cb-9f2e-4c22d0a061f9,1138518,2 years,Own Home
448a4013-3e74-40b9-8b38-2abb0a493b6b,2027718,1 year,Home Mortgage
05938e56-9ea6-413e-ae0c-f822e9b47af1,,10+ years,Rent
af549ae8-ca1e-4d2c-8ca1-ddd0ac717c40,645088,10+ years,Rent
132a88f3-39ef-48a9-b704-bea1a0ec9dca,1855160,10+ years,Home Mortgage
1df0c8c0-0298-4449-9db3-c9101be80a9c,1237356,6 years,Own Home
74895de7-510d-4f7d-a109-c12cecd49fe0,947302,n/a,Home Mortgage
72f2f05a-b49c-4fcc-82b0-5835fdcd7acd,853556,5 years,Home Mortgage
720bf63e-64b9-4b2d-bf57-6062472c9a70,,10+ years,Home Mortgage
6a70e759-8685-4abc-ae03-6a93c0834df5,651871,n/a,Rent
cb86c444-29fe-43be-a94d-43e2e49b9f4a,1122900,10+ years,Own Home
e039748d-6689-44d3-addb-1c51b56f65a7,,1 year,Home Mortgage
63b76714-c9a2-48bb-8cee-863da6b9e8ab,2063457,< 1 year,Rent
e1f672be-45b9-451b-8561-da7444888893,619932,1 year,Rent
db997427-3ec4-4519-a720-30a6b22ae590,1326409,n/a,Rent
5281cc63-1bde-4d13-a9f0-c0d4254fa44a,,10+ years,Home Mortgage
8432aab4-ec9f-4280-a50d-011dca107189,1157442,n/a,Home Mortgage
d014b3f7-9bf3-4556-acc4-d4d3754ebcee,,10+ years,Home Mortgage
b100aef7-8ca6-469f-a813-f543410f7ef8,1228331,10+ years,Home Mortgage
8997f8aa-021e-4567-8c16-dc556ea7f931,745256,< 1 year,Rent
a1973913-066f-4362-9103-b79d8b20a1c9,1303533,10+ years,Home Mortgage
c5217fa2-2fb1-4ac1-b65c-f0e4b55abc42,1238819,1 year,Home Mortgage
165c5816-fb25-4ab7-bb41-c24d90a61b78,1704357,2 years,Rent
18f2f824-a5b4-4168-8d04-067277573147,680827,10+ years,Home Mortgage
80313484-4d91-4e84-b896-3d3ec3848760,1218584,4 years,Home Mortgage
eaae610a-fab9-452c-9f55-b4de8f6b5a5b,4312753,10+ years,Home Mortgage
13943ef2-73a8-4788-a91a-0ddb4be7aeda,944490,8 years,Rent
fc11a5b9-f806-4824-aa71-f8b468ddb3aa,1210794,4 years,Home Mortgage
78bb1d76-528a-4656-a63f-e0a39e687b80,1891450,7 years,Rent
d56c7bb2-c832-4792-8303-5a510f06ee70,,4 years,Rent
6f137c5d-2462-4f96-8858-a03893dd9a83,1136694,3 years,Home Mortgage
2ac7d89e-c962-49b7-b901-31605b946f4c,584022,< 1 year,Rent
65d9f826-899d-4016-9ef2-5c3e8ba228f6,1991010,3 years,Rent
725ec0fa-13dc-4030-b5d8-df32f89067ce,534318,5 years,Rent
81324c05-baba-4551-9749-a897bb7d773e,689206,n/a,Own Home
ad74005f-c32a-439d-ac67-1495d57ee5f9,1168576,10+ years,Home Mortgage
177cbd00-4519-441f-b6ca-e065f88aa6bf,1939330,6 years,Home Mortgage
6efd93c9-5bfa-476b-b4f9-869657743e9a,,3 years,Rent
0393e2ff-1243-441c-b69d-7a3d983d52c0,1482456,n/a,Home Mortgage
592860c4-5ef7-4136-a2a6-51a2f49d097e,775827,3 years,Rent
d5a9cc98-b57c-4457-9965-a0c87234f5bc,182438,< 1 year,Rent
08a8961c-a21c-4b8a-ba1d-2ee9b908afe0,1270682,10+ years,Home Mortgage
70cb8fe3-f166-4fc5-94be-f0f62c8890ab,1957190,< 1 year,Home Mortgage
2641260b-c057-4ace-8ae9-850f987b1a1c,761311,2 years,Rent
718c658d-121c-4c2b-932b-eefeb56e3839,634752,< 1 year,Rent
41acad2b-ffcf-4ea7-9c64-b75af4538048,1949039,10+ years,Rent
db18a90a-1084-4117-b38a-a2a8bc3c0a56,796005,9 years,Rent
1755c155-80d7-4b1b-8de6-90e9f01a8672,770640,3 years,Rent
1b3290ef-e7a4-474f-9bcd-fe3b43a7cced,3448386,2 years,Home Mortgage
0c033b84-0aa0-475a-b1a4-74141d5fd00f,905350,5 years,Rent
d0a4507f-eca7-4948-b13a-791242fed30d,922906,< 1 year,Rent
5e96aac1-3cb2-4028-9e43-157f6102f20f,1873210,10+ years,Rent
f1e61b0d-3976-4b88-b0d4-29695609f661,1120221,10+ years,Home Mortgage
fa6885a7-009d-485e-9e5e-68a1f5d51fd7,570912,3 years,Rent
bb37c8b5-260a-4eca-bd2c-c8361f1832e5,1626153,10+ years,Rent
6810d6d3-91d2-407b-939d-89ca463a00bb,2911275,9 years,Home Mortgage
60e1365e-112f-4583-acf5-d14cbbe65362,1355460,10+ years,Home Mortgage
4e1b1e69-e64a-4999-a095-2f350f0fcb88,2034900,3 years,Home Mortgage
f4100f18-e638-479b-9027-dd4c0eddc92e,1254418,10+ years,Home Mortgage
3d32bb3d-4078-468a-9ce0-b537034a2bf2,926155,5 years,Rent
075d13e2-1515-4873-a703-88eef9039b39,,2 years,Home Mortgage
913d2f77-ec6b-43d2-bc4e-2b9fb906fb05,1609357,4 years,Home Mortgage
f586903a-24f9-4ac8-a665-cce34339d02a,,6 years,Rent
f70aa456-1b33-427a-a9ab-ae9f9f3bd323,919847,< 1 year,Rent
f354c16c-b360-424e-a75f-7cbdf4f247c3,480890,10+ years,Rent
4f7fd0f4-e3f5-4057-8a8c-4296afa53206,1088282,9 years,Rent
2d658da1-af60-4906-a23e-dcbac33d95b9,1749159,10+ years,Home Mortgage
c0a05394-a4f3-4b79-8443-84cfc40e5577,,6 years,Home Mortgage
273a3578-41c9-4020-ad99-388c207130c7,,2 years,Home Mortgage
48bd1fb4-bf3b-44a8-855a-cf3ede60ed77,2588351,3 years,Rent
53f1535e-9a7f-42bf-9228-14a0d5c36545,773205,10+ years,Rent
7adee5a8-f756-4fa2-af4e-149856379b50,,5 years,Rent
90d6aacf-56a4-47aa-9b9a-e886a78b2b94,2645541,10+ years,Home Mortgage
5770e380-419f-438a-9b26-9d4a6f59475e,1081803,< 1 year,Rent
59bf5203-2663-4eac-b8e9-b2a01edf38df,1117276,n/a,Rent
7aab8372-a40a-49b2-8b19-d13df086d816,,2 years,Home Mortgage
d85431cc-78dd-468a-8f0c-1ff40cc496f2,,10+ years,Home Mortgage
26b071d2-0145-4aed-b12b-bf27c12b920c,1613575,10+ years,Home Mortgage
61094c11-c420-4677-b2c2-0a05b4f9ffb9,2743676,9 years,Own Home
f68e87ea-dcb3-42d2-85f8-b55147457b13,859199,2 years,Rent
f156c9d1-cac8-42b6-aa5a-bec766c715e4,815765,n/a,Home Mortgage
fd455a4e-7777-41a9-8888-383a38d3bf42,,n/a,Home Mortgage
4d416b00-32a2-48b7-be1a-eb082587ffb3,2656276,6 years,Home Mortgage
52f95433-b66b-4c49-855d-88efdb616d1a,,1 year,Rent
7dcf7cf4-e2fd-4b6a-ab44-30eef8b34818,581913,1 year,Rent
f0dbd10a-acce-4c11-afc1-6b0dacb4b433,2059999,10+ years,Home Mortgage
596a9b58-c9e0-45b8-9d89-9010ce6fecb8,756960,< 1 year,Rent
7c6ca34a-9eaf-450d-9bd3-7fc1d3e0b05f,1167455,3 years,Home Mortgage
dd8c440d-104e-43d8-a40a-9160d841f7e1,,n/a,Home Mortgage
e2190425-a83d-47a3-90d2-96d6354b4b92,1652316,10+ years,Rent
3fcfecf0-54bb-4af8-a928-983329888413,875444,< 1 year,Rent
0fde000c-ef19-47ae-ba9d-7040b25491de,1167702,1 year,Rent
68abaf74-bcc5-403b-81b3-29babaed3392,1135554,< 1 year,Rent
5ab88861-ca91-4371-af9f-da338dab4807,2413722,< 1 year,Rent
6d2ce7ba-f040-4cbe-84a8-720f2b24c465,2721617,3 years,Own Home
666846f7-c2fe-4531-9253-9de5ca02e798,3011823,3 years,Own Home
0fc91f0c-7564-47b7-97bf-18d67a5829cf,2466789,3 years,Home Mortgage
0b1a4d65-5d3e-4d1c-b66d-a1f41031fd8a,2013012,4 years,Home Mortgage
d5f11c7f-829a-4e46-92e5-2475dbbd8442,483531,6 years,Home Mortgage
a38c7b39-b3c7-4ab0-99e6-d80589cba32c,1005385,6 years,Own Home
8e33b6a0-c651-46f5-a570-0aedaa207379,1328271,5 years,Home Mortgage
1a83896a-392d-47c1-85a4-ff54b3c886e6,1297947,1 year,Home Mortgage
8d375b95-4ce3-4cc6-9761-cedafb8f07a0,868946,5 years,Rent
42a99666-5779-4cef-a275-efb95e60941d,936605,< 1 year,Rent
73a0777d-5520-4088-b962-d90479826f0a,1160444,6 years,Home Mortgage
76c99965-55cc-47b1-a6c4-e9682c3877a3,,7 years,Home Mortgage
0844e756-9c2c-4aa9-a571-56d9ae920e60,,9 years,Home Mortgage
1498fe36-24ea-4aa1-9f35-c918a76fe826,2127620,< 1 year,Home Mortgage
b5b1a50a-373c-4288-b82e-a7b237c12e6a,2836605,10+ years,Home Mortgage
94aecf12-0106-4851-b4ff-48faff8172d4,,4 years,Home Mortgage
a44c0c3f-1db0-4b3f-96ab-a2fb7ad4bd69,946903,10+ years,Home Mortgage
8e48dc94-deda-4736-aa54-47cf2553968f,2406597,4 years,Home Mortgage
200d11ab-bdec-4b31-9da5-5d4dc1599f8a,,10+ years,Rent
76680f8a-4ed9-4cb2-a138-438679af0c3f,1788033,n/a,Home Mortgage
eaba3cea-e8fc-4030-853b-cb921c9e0099,973769,10+ years,Home Mortgage
6fd29bae-bff9-4012-90ac-8e5ae2358c1e,989273,6 years,Home Mortgage
3ceea33e-7167-4185-bc51-a05eec4b4ccd,553432,5 years,Rent
f2ae4b66-da83-4a23-9669-e62ef8ac08fb,1403492,10+ years,Rent
445532b9-6b9a-4d54-a3fa-720d73c8b87b,1612264,3 years,Own Home
a992250b-60d0-474c-88d4-c9ce8b035494,1475179,4 years,Rent
1fa6c550-d63c-4768-bdff-15c15d20ddfd,1744884,6 years,Home Mortgage
fac20a48-d073-4181-9f2a-578d54474d52,1872830,10+ years,Rent
bc7ec99c-1510-435b-95fa-41d3cae14594,,5 years,Home Mortgage
8f88f9b5-8743-47aa-8ec5-da3882eec0fe,1460359,10+ years,Home Mortgage
47df9db8-3002-475f-a125-61524037664d,973674,9 years,Home Mortgage
942536f5-f94b-4ab4-8f6b-9b0f34a2feab,,6 years,Rent
9e7211a2-db24-4aaf-957f-e9c0f2815553,,1 year,Rent
da6badf2-9f75-4637-93d3-94655652da0f,,< 1 year,Rent
71342245-a2bc-45ef-b191-aeb103762189,799786,n/a,Home Mortgage
5bdf3ced-4c88-40e0-80f0-0e582b9b2f57,4866394,2 years,Own Home
d7c6c1f0-148b-4afa-8cb8-ed97cff4486a,849015,1 year,Rent
034497ae-8ff8-4a0e-87c0-51c06175218d,974928,10+ years,Home Mortgage
ee296960-ffd6-4855-b8c5-c38a5843973c,1459770,7 years,Home Mortgage
c2dac765-a80d-4bb6-9ec6-71d431b772ef,1408185,4 years,Home Mortgage
fbdf4c5a-3570-478e-b57f-601d06f66b4c,926687,8 years,Home Mortgage
a644ead7-c8ea-4d60-bdee-08bff5b5bd94,2691654,10+ years,Home Mortgage
e0d674aa-b9b3-4f7e-b597-b06155991bff,,6 years,Home Mortgage
22d0eb03-10fa-49a7-8ab7-3d1e65ef0678,965580,4 years,Rent
4762ed71-a5dc-4a7e-9310-76bc3abdbe63,1569058,10+ years,Home Mortgage
bd0d04c9-29a5-4a03-9fee-adfd42ad99a4,550031,9 years,Own Home
05f1c958-a7de-4d3c-9bbc-e105cfeb1118,568575,< 1 year,Rent
0c557fd3-c045-4ece-bcf4-2bb9a60adc24,1113210,4 years,Rent
7be9f4db-2785-47f7-a249-245ddf70b57e,,9 years,Rent
1dcef784-25f5-4868-a558-db4deb7f6eec,1425437,< 1 year,Home Mortgage
9dcef2f4-a7ce-4719-8c80-a52f13075173,965675,10+ years,Own Home
1c5868e8-459c-4557-a31c-e3202c93372f,2214716,10+ years,Rent
03d351cd-bd22-473c-956d-fe52a4b22daf,1446527,3 years,Home Mortgage
b9b9c3f0-8040-4b65-8c55-7c63f587dbca,,7 years,Home Mortgage
2cd8ebd8-b5a0-4731-a77e-6b43634fa62a,972268,8 years,Home Mortgage
84093f38-d62a-4068-86eb-a940f98ebfb8,2049245,2 years,Rent
ce6143ec-eb74-400e-93bc-0e1ffa792b30,,10+ years,Home Mortgage
2375a0f4-ba2e-4c65-a24d-098e8f4d9603,1027330,10+ years,Rent
4944e2ff-440e-470f-999d-51ffac36b1d9,997443,5 years,Own Home
c3a14035-2d5c-4fc6-a94a-63ad9d56247a,969532,3 years,Rent
6f6259c1-bf26-4966-bdcc-a6c0b037e775,837045,6 years,Rent
97ad6f04-accf-40d8-a872-70ea762779a2,887718,9 years,Rent
7e5c4915-58e8-430a-b883-8eefdd3620a4,558600,10+ years,Rent
c5824e3e-aaa2-42c6-aa57-858707df7cd4,1434557,6 years,Home Mortgage
834e840f-5ad1-421b-8c12-2cce4a13c62b,1080169,2 years,Rent
01486fb0-4e7f-4d8a-9d0e-9f31e11745bc,1185714,8 years,Rent
c958e887-96da-4c4d-8305-865775d8d838,,10+ years,Home Mortgage
9570c9f4-847a-4f0a-8add-19c033dd1cee,829426,2 years,Rent
9fff968b-7913-4e8c-8562-6891ab257411,,< 1 year,Rent
7790dd8c-bd17-453e-9de4-94355b368888,,2 years,Rent
dc272818-8d28-4e2b-879e-28058346ddee,2597756,3 years,Home Mortgage
f6ff1ca7-3f2a-4366-a287-29631764963a,1617983,10+ years,Home Mortgage
5137b18f-f597-44d3-8c78-bee3f78d052b,1523344,9 years,Home Mortgage
c793279f-4875-4c8b-9e5b-75f63579efa5,1330266,5 years,Home Mortgage
17e0a24e-2b16-45a9-9ab7-6ae6d0710540,1583080,10+ years,Home Mortgage
9066ec74-e004-4846-8e9a-6117d46d86bf,1382744,1 year,Home Mortgage
3517c333-ae65-4593-ab66-3c24cd2a90a2,457102,3 years,Rent
a8b85629-caf5-4705-924a-2249c96063c0,576099,5 years,Home Mortgage
cea57709-a4d2-404e-a8d1-d480ebb8efa0,,10+ years,Rent
f3da156f-65c0-4424-aee7-901b9e1f1161,,3 years,Rent
6ca9d1f0-1f88-47fe-adfe-eb6b0ac3cb07,1118226,3 years,Rent
7b6fd3f4-b5f4-4de6-a3e3-78ecea66991c,611382,10+ years,Rent
8a188003-b1e5-43e0-980e-7c42aa8ac2fe,,3 years,Rent
753150fd-da58-4b09-bd16-29b1a7b6b7fd,670795,< 1 year,Rent
0955f90a-7797-4260-9c02-6a68ed2ca11b,,2 years,Home Mortgage
9fcea379-cbec-48cb-b5e6-666b2c7a0f51,,10+ years,Home Mortgage
508ffaa9-11de-4876-a10f-5f710c77877c,1109942,9 years,Rent
a080be2f-fa20-4a41-bdcf-0c385c8a0bde,430711,< 1 year,Rent
4db3fea1-bd2a-4d6d-8db0-a63e84e60244,,5 years,Rent
afbb2b59-e8da-4f25-b0e7-da4429034947,1908360,10+ years,Home Mortgage
bd40a4a2-81ca-4a79-ac19-d8f7e5881ae1,837216,2 years,Home Mortgage
c24dc21d-88f6-4c6f-966a-02c742dbee18,569145,4 years,Rent
43f30907-c95d-41aa-956e-7ec24b4d93bf,3259507,< 1 year,Home Mortgage
cf7f4bdb-0428-40dd-a908-76c644fe2321,988988,6 years,Rent
aca8793f-0123-4c6b-8310-6da17d62768f,,< 1 year,Rent
afac53a4-f2a2-4b37-9a23-00efececd297,,6 years,Home Mortgage
afac3559-db8b-418f-8ae2-da14e07a77fb,1204752,10+ years,Home Mortgage
b5d79ee4-3537-46e0-ba3a-fdc29724da5d,663537,10+ years,Home Mortgage
0395da4a-3f00-4e69-ad6a-e52f3e5f32bc,815442,< 1 year,Home Mortgage
b1e58602-25d5-4557-8aba-955097b1c9fe,1600674,10+ years,Rent
f6dc9eed-b24b-4d98-84bf-f942e56d2081,1779369,10+ years,Rent
57e420f7-6ecf-441a-ac9c-bbd34d2a20fb,1450422,3 years,Rent
550029f6-7039-4221-9dbd-e5aea8272bb6,1345428,7 years,Home Mortgage
c231b279-df6d-4c2f-84c8-cb4bdd2d447a,996322,4 years,Own Home
82be39f2-230e-4520-9cbc-2bf78be62105,,2 years,Own Home
8a77a9f3-b730-4db7-992c-d97a8107a9bf,1733598,1 year,Home Mortgage
ecb8d0b6-0103-4b9b-a86b-9b9917227dbd,1158696,10+ years,Home Mortgage
e2bea204-cdbe-4b77-a191-109e4b87561c,1347822,3 years,Home Mortgage
c9602e59-0637-4eb1-8424-0306a9fb6f2c,1740305,< 1 year,Home Mortgage
e6030f2d-ea06-4596-b9ba-3375043243c3,,10+ years,Own Home
f6f6026f-3b61-4c79-a6d6-2dab904e7fee,,10+ years,Home Mortgage
c716f2b0-d5d1-45cd-9cfd-b0ffe904aae5,906338,7 years,Home Mortgage
a169cb99-2106-4f63-9496-b9e2f1304637,879852,n/a,Rent
3676f988-7cd8-4d9c-8776-40e93d0d3e38,4706300,10+ years,Own Home
0cd171f8-0165-412a-96ff-489ea97675c7,1321621,2 years,Home Mortgage
643221ab-e3e3-4897-aaa3-f1fd8870c74e,1045703,10+ years,Rent
a5c89fa5-6683-491f-9fb9-973287da8b23,584193,3 years,Rent
0733a849-145e-42a6-b0d4-22284d70823f,842935,7 years,Rent
35b109bc-f521-462f-b16c-4ba79da3e4fd,519612,4 years,Home Mortgage
7dbb1cdd-44d1-44fb-824e-0ae4feac0baf,347054,5 years,Rent
c7ab4300-094f-4b4d-a570-db1d65e12b1b,1722825,7 years,Rent
d3e211f8-401d-415d-853b-f7140ec50caf,1568279,8 years,Home Mortgage
52428bb9-dd1e-481b-8980-d47d0c174eb8,6783228,10+ years,Home Mortgage
10e718af-dd39-4ccf-9983-8b15769402ad,1043537,2 years,Rent
653af5f9-7501-4c3f-a212-5fbffd650c31,843125,10+ years,Rent
4fccfc51-59d8-4a0b-a176-04b4cc516060,1683495,3 years,Rent
40af9928-2209-4dfc-926c-03749f59a25e,569430,5 years,Rent
84668f9c-1eae-47c8-8936-6c609805945d,578094,5 years,Rent
10bbf176-d8da-4789-9f7e-ed4bcc023c9d,1167930,2 years,Home Mortgage
3ac7447b-6ba8-412a-b705-22705618d7c1,831345,10+ years,Rent
7b99ecca-f3bf-4b01-a21a-88f99dfeab9a,,3 years,Rent
0104a2ab-3329-4613-9cc6-8fd52586bbd5,1042074,2 years,Rent
d182814a-126c-436b-aecc-175b03a2face,1362053,< 1 year,Rent
c4604d2e-3bcb-4e91-8ad1-d2129a55dfcf,2837745,10+ years,Home Mortgage
6fbcc305-801f-4693-b36d-b8e069574ffa,1005708,3 years,Rent
dcc77335-8759-4bad-8f41-dcd9ab622f0d,1639548,10+ years,Home Mortgage
6e58c322-b347-449e-a5b4-9c6e5128e2fc,994118,1 year,Rent
9349d11f-0e82-4e72-94b9-ca9244d339f7,,10+ years,Home Mortgage
778e6790-8f58-4494-b965-c867e57e86fb,,4 years,Home Mortgage
58dacced-599f-4c7b-ae69-8323cd68a7e4,1056077,5 years,Rent
2b219e56-3f51-44c6-b035-3256001926a7,709460,< 1 year,Own Home
a97190d4-f7db-40af-a401-8a4bb0276588,,10+ years,Rent
9a0704f2-8d0c-4525-9494-e64ce1470b2f,1303267,1 year,Rent
e1cb8aa7-bf9b-42a8-a9ff-8f4f2170c39e,2020460,< 1 year,Home Mortgage
1625369f-53b1-4acf-8702-5035631cdf8d,1154364,10+ years,Home Mortgage
220a0f12-23e2-402e-9688-cb3b2a94cde4,1534440,3 years,Rent
1961dcb7-9741-451f-9ecf-878536c2d4e7,1800136,3 years,Rent
8e4465b2-3990-4373-9666-cc2e31bd69f2,1040516,10+ years,Rent
d3cddd75-1b8a-4f82-99c5-fc0b014b2713,1654482,10+ years,Home Mortgage
08cdc7c0-79e8-4ef8-93ce-a25d5de9e6b3,2680482,1 year,Rent
0c1c1c96-ef44-4ef3-952a-cd7289d57428,1849593,6 years,Own Home
16880316-61ad-4c53-b3c9-2769b3f235d4,935636,4 years,Home Mortgage
f4d32fb0-82c3-42cf-b22f-4317e56f6bd5,,6 years,Home Mortgage
526e1ff4-1002-4ccd-bb14-d592825024cc,742520,6 years,Rent
6407d4fc-e6bb-4c43-9cac-9a23985787e2,754376,10+ years,Home Mortgage
f1149d5f-1876-4b11-ba00-88c8093ddf3f,,7 years,Home Mortgage
2ab68285-5035-4602-ace1-7fb0506cade5,3394293,8 years,Home Mortgage
94e7d67c-a513-4a81-81e8-a13d093c3373,446690,3 years,Rent
6aea2eaa-3310-4c01-af17-2e69b6a113b4,557612,5 years,Rent
1569dae9-dd90-44f9-87eb-72c94f4b6c26,1253658,10+ years,Own Home
3a775f1c-7519-4018-93c7-3504f75b192f,1147752,7 years,Home Mortgage
e02a2483-a72b-4e33-81ae-f0215b3a4392,2861115,3 years,Home Mortgage
f7ef8900-8f32-4d4c-911b-226e37bf2775,988000,1 year,Rent
ab5718a2-e00c-4a5a-a273-66a42a23bae0,1614924,10+ years,Home Mortgage
63c3c57c-f0df-4f12-958c-9a27f295b9eb,1324547,4 years,Own Home
d922d109-b3ad-4011-9c6b-cad6de9fd702,1427717,< 1 year,Home Mortgage
8fb62a06-0e30-4d3d-88c6-a23aeb424cca,1074450,7 years,Own Home
e706e16f-6779-4462-93bc-9187554d99aa,1305015,3 years,Home Mortgage
1278e0fd-cc5b-4e65-8282-f9ace5e87bf4,2032924,10+ years,Own Home
3906ef84-f53b-4586-9929-6da36e550ea3,530651,3 years,Rent
497df5c8-7ff5-43de-bb20-00ab0a08e62f,1160425,5 years,Home Mortgage
9e143db6-7cb5-4955-8427-6a485a094dcd,1450650,10+ years,Home Mortgage
e8ab79f6-9aca-4844-96c3-0f1d08e631b0,1539779,10+ years,Own Home
5fa7abec-79db-462e-ac65-784131e6cd04,1596798,10+ years,Rent
df0a2989-d417-44fe-9efd-a51cb2a2bee9,1032042,9 years,Home Mortgage
2fda4e8f-600e-40f3-9843-c857d24f7bea,1009071,7 years,Rent
046a439a-56d3-484b-ac2f-64f09f61e1be,625613,< 1 year,Rent
74350b75-b421-45ea-94a1-616d599624d5,558657,6 years,Home Mortgage
cf6f662b-1a63-43dc-94fd-4a6b4c2fe3d2,788044,2 years,Rent
148e9ed8-a7a9-4ecc-8091-ac4187e21128,,10+ years,Home Mortgage
3e0cd6db-1409-473d-a3a0-c09ef48aa4a3,672448,4 years,Rent
a3a1a0b0-6631-4bac-93b2-e3e56c737aa2,1712641,5 years,Rent
d406c666-622a-461f-a7dc-4b73e73266af,2758705,5 years,Rent
d9e8b2cc-3645-4366-b476-c0f87e5e173a,,10+ years,Rent
eeee5a2a-f9e4-4f5b-aa50-9a51edac19d9,1402352,9 years,Rent
52ee79a1-da06-47ab-96ae-101b6ea3330f,666273,2 years,Rent
f50cdc4b-6fad-4772-a448-19510527c0fa,1007418,< 1 year,Rent
6b9e814b-494a-4291-9dfe-d247c77880ed,1766297,10+ years,Home Mortgage
49295190-35d5-4164-aba0-56070850c61d,5820688,< 1 year,Rent
f962a4e1-fb4a-4b36-bf31-ac1cdc115235,540436,n/a,Home Mortgage
c3751f71-6c28-4419-a239-ebf6bf3765be,954845,4 years,Rent
f0f5eb74-9e2a-4bc4-b8dc-d7c378b99e3d,536579,6 years,Home Mortgage
7b47f942-68ac-426b-b857-ef66a851d4fc,1303134,2 years,Rent
768cb148-e1ff-4fa5-b609-b2a2234e5cdc,1854970,5 years,Home Mortgage
406a1dcb-ad66-4452-8532-5b780306ad13,,6 years,Rent
d4980ed3-8fba-4bcd-b85c-1d1cdde8b7d4,,10+ years,Home Mortgage
22375256-cefc-4203-b672-52f396e1c037,932615,6 years,Rent
ec1acaf9-8115-4a84-abde-9ecffd27b3f3,,9 years,Rent
c377e719-72e1-46c1-b302-40a8ffd3e3c6,372533,1 year,Rent
3139660d-5576-4db5-aa6a-d8563965646e,468635,1 year,Rent
feb5b6cb-524d-4220-840e-4169ec2eb22f,774934,4 years,Home Mortgage
7f2c2e76-a657-4101-bfeb-259ccac174ef,1014809,10+ years,Home Mortgage
e8beb74f-e2f3-4ee1-99cc-254eb54f4cd8,,10+ years,Home Mortgage
76775281-692d-4591-9d2f-9db760696c42,761444,8 years,Rent
7c35bb8e-a3c9-4ea6-a201-835d592e0ece,1389660,5 years,Rent
4fd0be21-261f-4f47-a3e6-6b696a151990,917491,1 year,Rent
dc59e56f-437b-46ff-bba2-4cc6edaf3f85,562077,1 year,Rent
8fdb2ba9-e5f3-4f4f-94e4-204fc584b1f0,1723471,6 years,Home Mortgage
eec1ef45-a139-43a7-bd06-5a22e5c38fc9,2270424,2 years,Rent
1bac6fdb-cba5-4f3f-ae74-3a817a0267b1,,10+ years,Rent
63471b1a-23b8-4b0d-80ce-cd86600ebba4,,6 years,Own Home
da05749e-f5e7-4305-96ef-3876fc22eaf1,1080511,3 years,Rent
f525e144-8b93-47ef-adcd-b2656fcecaf5,,10+ years,Rent
6edaf436-0f09-4800-a0c0-7f4f75029bd8,1755315,10+ years,Rent
f27ca21c-ed6e-4b5a-81b4-3497238cafc2,1965721,7 years,Rent
a4d3584e-1707-41d5-bb0a-0c74d7656640,1002022,10+ years,Home Mortgage
efbf6e2f-b733-40d3-a503-bab5d2618f66,684760,10+ years,Rent
e3fcccea-5516-42c3-854d-bbc0c75cf6c4,1909500,3 years,Home Mortgage
d237b81a-73c6-4622-9bd4-ef0adb3e310d,4567296,10+ years,Home Mortgage
ae9feccb-9db6-4d8a-b721-3f51150ddab3,1146042,6 years,Home Mortgage
497eaedc-60bf-4d88-864d-a304623372e1,675564,3 years,Rent
2ba7d20e-4580-429a-ae55-e23f94771fa1,1120848,10+ years,Own Home
019169d5-59b2-40b2-aefe-f53f1d652ed0,1250314,10+ years,Rent
8b372dad-dfc6-4674-a255-754575397a1c,296438,3 years,Rent
2d039b88-5de5-43f4-94fe-4f5c79233a83,1319227,10+ years,Home Mortgage
02c3725e-119c-4632-ab0e-163d24c9ec28,849186,2 years,Own Home
45eda084-1676-41ae-a473-5757b62a8dc2,2009174,10+ years,Home Mortgage
43b28375-302b-4b76-b003-8552e40f6504,844265,10+ years,Rent
15efcf73-6108-40fe-8817-3c0389c66097,1633715,2 years,Home Mortgage
df3f1dde-f3e5-4978-ba72-91427bf44973,1149690,10+ years,Rent
5f7f6e7f-3822-4088-a6ad-195c2853bcda,947720,8 years,Home Mortgage
743c9a42-f9e1-4542-8fc5-b7dcff66a0dd,1158696,6 years,Home Mortgage
5eedf67f-066d-4473-9254-6ceb2740b9ca,2482844,10+ years,Home Mortgage
cd3e2c61-e807-43fa-b8bd-88b7065a95e0,,3 years,Rent
71a1d12a-b402-4c0b-a12d-cb3eb4867ac8,1725808,7 years,Own Home
695a0264-149d-4c7f-9561-6ba254336a59,,4 years,Home Mortgage
250445fd-8d5d-4646-a494-064a0e80423a,1622562,5 years,Rent
1ad6e33d-5bb0-4206-8a81-f5914213ce6d,655633,< 1 year,Rent
79921b57-7c86-4ea3-9138-c0a92c53e089,,8 years,Rent
6de58174-e07d-4f48-844d-039ac5cfbf07,712348,10+ years,Home Mortgage
6f2f9a64-0c73-414a-85f4-611ca0daf877,1037799,1 year,Rent
3d06bcea-fb3b-422c-ab8a-babc6b8d1c89,,10+ years,Rent
c33c8a3d-78c1-4e3a-97f1-05cee055d736,,8 years,Home Mortgage
3d9d2689-d82d-4f2b-9cb5-dcfa3d0205ea,,10+ years,Home Mortgage
9fa37afb-7c7b-4a35-b1f2-e4d48b84c6ff,991971,8 years,Rent
893ba43f-16ba-4b0c-9f79-01a3fe360ef7,853138,10+ years,Own Home
8a7d35e3-7129-4f53-b945-58ef080cd1b3,2125872,10+ years,Own Home
329b8a4c-28e1-4215-8c21-dd100b15653c,913957,9 years,Rent
ce6be958-c23b-430e-a719-f9ebe8fc15d9,1391370,< 1 year,Rent
10bf3146-a664-456c-8b89-1f31f81ad9c2,906661,6 years,Home Mortgage
12c4f448-9bc6-471d-a05e-4df631b175af,1564859,10+ years,Home Mortgage
1ec92428-b82f-49fb-94f0-c304aaf28db1,,10+ years,Home Mortgage
e0f6c91f-b3ad-4f7b-912a-73feb90a65d3,,n/a,Own Home
ef58ee2f-555b-4c59-90a1-b6cc45b87f82,1870170,6 years,Home Mortgage
effb0e52-defe-4fa9-9470-762081693d5b,,10+ years,Home Mortgage
8d8636be-b9f9-4fd5-8453-1d7ccb4b80c3,918650,7 years,Rent
77ecf005-41a7-4929-b58e-b3a7a700c44a,1557012,10+ years,Home Mortgage
1f1f314a-8789-4878-9120-8feee0d17feb,806303,10+ years,Own Home
0d7522e3-e879-470c-beb3-6b990b2db8f8,,10+ years,Home Mortgage
763d0a55-ac45-4e57-afb1-e94750618f42,,3 years,Rent
5611604b-33be-422b-bfe6-f222abfb6dca,2017135,10+ years,Home Mortgage
0d32c268-085f-486d-93bd-f3d6cfdec5d6,1163484,< 1 year,Rent
be6d7054-2077-4a48-81f6-50eaffc9fbd7,1809332,10+ years,Home Mortgage
7d6d2fd1-474f-47aa-990e-c004795f9a2f,1050111,10+ years,Home Mortgage
5a4830d6-ac66-4adc-8ef1-f65c8b257728,840978,4 years,Home Mortgage
7637105f-c2e3-4e96-bab3-878fcee68656,925490,< 1 year,Home Mortgage
8bb6ad89-2845-4d1c-875e-9c83d55a8ee8,769120,1 year,Home Mortgage
36c11730-dd22-416b-acc1-6a57bd8d241c,1902090,5 years,Rent
b1c866a1-9dd6-4b8a-bd7c-96da50eb5344,,8 years,Home Mortgage
6c05371e-73aa-4fed-98d9-c93d9d418c86,,3 years,Rent
bbee426c-aac7-450b-901c-a6caaafb311b,658027,5 years,Rent
98b05daf-8152-40d0-bbea-5c4e106ca26d,1472215,10+ years,Home Mortgage
6197e342-b339-4b32-a774-e072185f6858,,10+ years,Rent
823f2363-67d6-4fc1-8163-1cbb59af1c87,586587,4 years,Rent
532a7d53-d7d0-4aed-8e55-79c9e0b6caf6,1732230,10+ years,Home Mortgage
c0fee232-5584-4254-aa97-e2460d6460fa,1638256,7 years,Home Mortgage
b80702ef-fa02-4fe5-827e-9efd6c08733a,1891982,< 1 year,Rent
1d91f472-9646-4028-8b96-7d64377e2052,572964,4 years,Rent
3ba6f56f-c80b-4b0f-a3a4-30375f317499,,10+ years,Rent
97a33c7e-1bcd-4b1a-bf8e-4979f39d4e97,1567975,8 years,Home Mortgage
31881046-ab43-4050-8ad9-7677a7a468d4,796005,2 years,Rent
2ed51690-4e78-48e5-be4c-5d31e7767274,566523,1 year,Rent
598a94a4-d4cb-40b3-a8c4-c9b3957c5dd4,747004,7 years,Rent
f3e613bc-ca98-4219-9bed-f3cc203b33a2,1458212,10+ years,Home Mortgage
6f78d009-fe20-400d-b90b-8906671ed7a0,,10+ years,Home Mortgage
d47db0fc-0760-4eba-ba3b-fac929504382,1428895,10+ years,Home Mortgage
d9336017-197a-4b22-b81f-55be5c32b569,1260479,< 1 year,Home Mortgage
0ceb62db-43c0-4884-aea3-9e17fa6b8ff4,,10+ years,Home Mortgage
884d2492-9fbd-4565-b95f-792410ed91cc,790989,3 years,Rent
1084e171-92ed-4ab0-813d-49f17d5d9534,,9 years,Home Mortgage
ceef2510-96b4-4072-852e-1f4da2c5d229,1062765,10+ years,Rent
6b7ff66b-1d2d-4fd6-95f3-8c471c5aa369,,4 years,Home Mortgage
a919717d-f695-48c1-a42a-9ff8591a7ee8,,10+ years,Rent
c20c598e-7cfd-4ad2-8cab-5f5e558a4d3a,518453,< 1 year,Rent
f9884812-c9cc-4c2d-a86b-919a71dcc142,1793676,10+ years,Rent
cf7ff97d-7bf3-47db-8b57-858ba2c923be,1580002,10+ years,Home Mortgage
b8f21bf6-041a-461c-91ce-cd82fbfd84f9,887642,6 years,Home Mortgage
79120977-9140-473a-b9ba-b2ef681083a9,2801835,7 years,Home Mortgage
9a66264d-5f87-464e-b851-042d89e83bf5,1838307,6 years,Rent
309cf07a-c41a-4eb5-b98e-3a78cc150cd6,1012396,2 years,Home Mortgage
5d8e5d9f-284a-4682-a037-edfddc0df25c,794808,10+ years,Rent
2906df16-dfca-4ddd-b894-c4be53c31e48,619134,4 years,Rent
de85985d-3565-4aa9-8452-b4701a239d06,1587545,7 years,Rent
626be2da-b58c-4cf9-9212-9ced0dd8ed0f,,3 years,Home Mortgage
4e6aabdb-0c28-4141-9834-01973331c033,,4 years,Own Home
251596a3-ecce-4eae-8986-7d13dc95c542,,3 years,Home Mortgage
2777411f-c899-4242-a06d-0b35a7d60606,1591060,8 years,Rent
08d36858-d1b6-4ced-851c-c1aae1aeeeb0,1053702,< 1 year,Rent
f706e3b2-d4e3-40e3-8b3a-604f83473921,4744300,10+ years,Home Mortgage
0d902f39-99ef-4531-b4f3-ad7d4b4ecfc4,,1 year,Home Mortgage
0f28d319-4481-4788-9935-6147d4bdbb1e,814511,6 years,Rent
89bd0201-339c-4f21-876f-2887f3be78cf,787873,1 year,Rent
48009d40-3850-427d-8669-c66eac4b2dfc,478800,10+ years,Home Mortgage
2a707bea-c2f6-4d4e-8ff9-35c1b5abce0c,1010914,5 years,Own Home
b1834e0a-355d-4012-a803-8b14ecf0b4d0,,1 year,Rent
2a168b2d-4f84-484d-b2ed-b76640c872e6,1019293,1 year,Rent
7193db83-f8c4-4bf9-8bb6-0aa91d9047fd,1346872,5 years,Rent
0b2d71a5-d4f4-460c-b458-f02ea842ad4c,,10+ years,Home Mortgage
9e65549e-d324-4277-aac2-116f4f37fa94,1890671,2 years,Home Mortgage
c253fa6d-3975-45b0-a4d8-efe9e54e3a0e,,10+ years,Home Mortgage
b406b0f4-eb8d-4be4-8207-55246139795c,815784,< 1 year,Own Home
434ef9b4-5f89-46db-9687-4fc479e84d60,940310,3 years,Rent
e0a8f2e2-05ec-45e6-a3cc-c3586fbb47b7,1932680,10+ years,Home Mortgage
fdd5c788-82d8-478b-8f89-df6e7ef4aff5,,10+ years,Home Mortgage
36c9a125-f825-480d-a8a8-39fe356fa9aa,2150838,3 years,Own Home
d4f59a9f-98a7-476b-bc80-32cb7a7a94ee,2661311,5 years,Rent
b632d359-3297-4a45-a1b6-cff0ab5175bd,,1 year,Home Mortgage
36509da2-0a25-42f4-b53b-0adf56b06214,1157556,2 years,Home Mortgage
e6d04681-106f-4537-9488-5624eca9ac05,1561363,10+ years,Home Mortgage
1599c40a-8319-4761-80bd-a4e1edc2c0fd,,< 1 year,Rent
b4898a2f-1c49-49c5-9c19-3be8043f33cf,354863,10+ years,Rent
943ce4c1-08e2-4769-8369-4b72f6a64257,226176,5 years,Rent
48412767-9256-464c-9ea9-a26f300f238a,600590,3 years,Rent
5cd5c8c7-10e7-4a98-a9b2-edfe973df9f1,806778,3 years,Rent
bf500b87-52bc-4a9e-a29e-769ed88fe2bd,,2 years,Home Mortgage
16819d74-3c19-41f8-af8a-988c3bb5df1e,1242790,10+ years,Home Mortgage
97aa029a-9f16-444d-8e10-794c16a032c1,,10+ years,Rent
4e9b8b8e-496f-4396-b261-f59e2832f8d9,858762,n/a,Home Mortgage
5526ddc8-1ffc-4eee-a9af-42f1ac7603de,1348430,10+ years,Home Mortgage
d2eac8df-d1f2-495c-b061-1b2b3a2f167f,480377,5 years,Rent
4a968cc5-cd8b-4234-9853-158e64e73f98,1786228,6 years,Rent
03f4db80-8c31-41e5-bbbe-5790c360dc46,1910811,2 years,Home Mortgage
9d33ca04-e2cb-4165-bfca-100502692bb9,507813,10+ years,Rent
d1c05bb1-554f-4d86-984a-070a8bdac626,640414,2 years,Own Home
3062f717-c8b6-4653-a8ac-1191d323e483,484785,10+ years,Home Mortgage
cdb5ae50-6456-4052-9a34-b63051ca2bd9,1012700,3 years,Own Home
4acfb0ed-3ee6-48f8-869f-7cbc40bfe637,1000768,6 years,Rent
e9cf66bc-3dd3-47dd-a499-1f9340a21717,1421295,5 years,Rent
a70c3ac0-6a3f-43c4-ae0e-f7d21b80422f,722000,1 year,Rent
16f44396-4458-414c-9c8a-e211ff83a17d,,3 years,Home Mortgage
0cd81c18-ce44-469e-9cf8-6cb53ce5a28f,1050719,10+ years,Home Mortgage
e4723b3f-69ef-4f64-9391-2546811dfbb7,1807717,2 years,Rent
03ea7771-0537-47f8-9782-3a7b82f1b907,1389945,< 1 year,Home Mortgage
427c6679-8c92-40d2-aefe-62e9441964e7,3068538,10+ years,Own Home
b0ca09c6-e3be-4bae-983b-71d8ebc6ae13,552007,1 year,Rent
deca8bae-148f-446f-8a0e-ae6d66639b39,1592960,10+ years,Home Mortgage
563f8114-65c5-4fbc-ae89-8fce2634b897,1745948,4 years,Home Mortgage
48b197ee-6153-4545-a84d-65bf10d51160,795606,1 year,Rent
ac5d2291-872e-4ea8-b9d4-898dbe5c3bf7,564642,3 years,Rent
891eb6c2-8d09-4a8d-b1f9-c4b4673f4ab1,1199736,1 year,Rent
090668eb-33ae-4e2a-86c2-9c4054ee494c,1701146,4 years,Home Mortgage
f1a59e49-9782-474a-abba-6028081a4650,1121646,10+ years,Home Mortgage
5736d9dc-8f96-4602-9557-9c7f8362fd41,,6 years,Rent
a3afd67b-69b1-447c-9a12-dbab28ecd23b,1459884,10+ years,Home Mortgage
9d64a338-ae95-47d5-882e-322de852c52b,1630371,< 1 year,Rent
e2a81a78-2127-4a4f-84fa-f33a65f01d5a,1535656,3 years,Home Mortgage
d5623d81-2a99-4d7c-9ecf-45a538a4931f,759316,5 years,Home Mortgage
b784ed22-7dc7-4ce6-b170-c664b003b4b5,1732743,10+ years,Rent
bd625bc9-5ac9-459b-b9f5-46f2b00631ad,2984672,10+ years,Home Mortgage
e9e2547f-c86d-48c3-800d-6e98f6aec336,1312710,2 years,Home Mortgage
6b3a6ddc-4296-4667-8953-8f78fead8490,81092,3 years,Rent
cf24cff0-f098-4765-a23d-3e43abc5ea7f,1608901,3 years,Home Mortgage
1900abf5-2bd2-471a-978c-c395e73f5c4b,960925,3 years,Home Mortgage
a9d26b2c-06a2-4646-83ea-a43560bd7daf,674842,10+ years,Rent
7376a835-2be3-445e-931c-d665594f0309,1091968,10+ years,Home Mortgage
7ce7f2c8-9c2d-4db4-8e8a-106dd349f853,467970,10+ years,Own Home
98e30b67-35d9-4c37-bf7d-305cf52812de,1149614,10+ years,Home Mortgage
9f94fc1e-442e-40a1-940c-d8d54224ef56,1982384,7 years,Home Mortgage
9e325918-b3e6-4daf-b7ff-e99fe0f652c4,1865762,1 year,Home Mortgage
943d851d-a895-4bbf-b90d-ebb2f4687cfa,979013,10+ years,Home Mortgage
276382e1-b521-4544-b0e6-16cead0514b6,,3 years,Rent
97d83e02-91ba-4cc5-b048-4b317767ce94,,n/a,Rent
5b0dcb9d-1412-43a7-a9cc-2b3b4f6d2299,1175169,10+ years,Rent
5c46d155-af1b-4242-9f44-d09cac4b4362,,6 years,Rent
688ecf47-13fe-4cd2-bd24-559edbfaf04f,,8 years,Home Mortgage
e46ad544-fd34-460e-9cfc-5a06e793e521,1775588,2 years,Home Mortgage
c556488e-97c1-48c9-ab17-25fa6a4539b2,2260620,2 years,Rent
8c4cb9b0-e0e8-4ac8-a95d-11bdec847f43,732260,10+ years,Rent
acb27c61-c09c-4eb8-9fa2-427993bfb8c1,701100,10+ years,Home Mortgage
0212443c-b3e2-4d98-a91d-193f839bcc6b,698250,6 years,Rent
8fe1add9-7449-4887-9539-e2d4f83af923,635968,6 years,Home Mortgage
86dfeae7-fb3d-481f-aa89-8e449c0d7d2a,,3 years,Rent
509274f0-b7a0-4d52-a3c6-d0c227ca8c35,,10+ years,Home Mortgage
0d59a172-184d-4acc-a847-660b8c1f0f09,,10+ years,Home Mortgage
bcc7dfd6-0a96-46f4-99eb-280c655b2ede,773604,8 years,Rent
4c304f0c-7cf3-43f5-893b-4b8f34c5dd07,1916720,6 years,Home Mortgage
5f12d851-1823-44e0-963f-89a547ebfe2c,1248718,5 years,Rent
07ec72ff-b0af-4cdc-bd79-a5f3c4a64878,655367,9 years,Rent
5b48d347-1a99-4325-b110-fae1892b9c7d,728555,2 years,Rent
7c608e4c-97ed-4ba1-9239-aa73dea4ef9d,2451323,7 years,Home Mortgage
e22026d8-4048-47a6-bbd3-8dbf67875bc7,,10+ years,Home Mortgage
7f45b00e-1a20-4be8-bb7e-03a8b71e9ed4,1863710,5 years,Rent
e8fa5a5b-0b85-41b8-96fe-07e1d2a6d324,2918039,4 years,Home Mortgage
04848d63-f765-479c-bb67-10162ce60351,1412935,10+ years,Rent
d6da90e0-c229-42a4-80d1-776cedce003e,459876,n/a,Home Mortgage
7e058b99-acec-46fe-9d76-db7f81343c90,,7 years,Home Mortgage
029ceab5-251b-4756-809d-6ca917e9a252,7677501,6 years,Home Mortgage
2116d1e3-a356-4c2a-b00f-4d11652f3cf3,1945600,2 years,Rent
41021e32-b7df-4015-9758-b0243b69e2e6,770032,4 years,Rent
7cf64297-99c2-40b5-9442-673120335958,834480,3 years,Home Mortgage
e3561d4a-bad6-4b34-8a3f-fa699b32643e,2914562,7 years,Home Mortgage
e6e00548-e3c2-4e3b-aac4-af52b86bae91,788272,10+ years,Rent
4845a662-cdf6-44a9-b316-622192f1025e,,6 years,Home Mortgage
9f2e24bf-3d9d-46f0-a4ee-6f1bc6df7e49,1491310,9 years,Home Mortgage
26d9d00c-f6f2-4ad5-a548-7adb058f3ed5,937327,7 years,Own Home
a4d1dfef-d826-4e09-950e-1f24c63481b4,382166,3 years,Rent
6b516980-2205-42d0-8b75-79a95f0840f1,732260,6 years,Rent
9992ef71-ebe4-4bbc-8c70-29dd7f1234be,1229813,2 years,Home Mortgage
4d670a87-7643-439a-be31-c6c075f07ef6,1418312,10+ years,Own Home
599ee0fc-c97d-4312-984a-8f8ef3c8e5d1,946390,10+ years,Home Mortgage
37ab2512-1109-4f6c-a4a4-60b7973fe9e3,,10+ years,Own Home
b38360c6-94de-4a49-9b6f-6aab5fea03ad,1398514,3 years,Own Home
5d59eca1-c3aa-4090-a044-5913afa3dfd1,2531750,3 years,Rent
b8d4e13e-1e10-4f23-afdf-53512d0a272e,1537594,10+ years,Home Mortgage
7c4a3433-85b0-4841-822d-419d1364166f,1158354,< 1 year,Rent
2787e0d0-d81a-43a7-8cb8-f51e60ca09bb,654018,1 year,Rent
47ba5de2-ed0c-49e5-9565-d1b1f5d060a7,1258009,1 year,Rent
ca456d84-0a8b-458a-a50e-ea32765e29fe,1603866,2 years,Home Mortgage
1035e8c2-af40-4aae-94db-ce840de4f1be,538973,1 year,Rent
409ce220-c0f1-4bbb-af1a-2b98905bf5da,,2 years,Rent
56a6c158-040d-4b73-8fa5-c2668f7f0926,465994,7 years,Rent
436cb66d-3f1b-4409-b8de-ae19d982ba9f,1072303,< 1 year,Rent
f49db54f-d49d-49a2-b054-183b6e722d20,1531096,5 years,Rent
f1b24bcb-89e8-4603-83e8-bbb534479a92,659946,1 year,Rent
712c420e-4799-407d-8505-8a17d8d03050,969722,8 years,Rent
e2c6d351-7cae-46be-bf4e-74e2b830377d,1855293,6 years,Home Mortgage
01535f4e-cf5e-42e3-a850-bc53e76f4c6c,1178361,3 years,Home Mortgage
52b7edcf-7993-4a2e-b94e-77dd49c98978,2024203,10+ years,Home Mortgage
06f53b54-731a-4141-a6a4-29937fcfdb3c,,6 years,Home Mortgage
9d4a2dc1-080a-47a6-bb52-0f2244016c8c,,10+ years,Home Mortgage
251ec4c5-8117-421f-9ac2-ff450051a739,1252537,< 1 year,Own Home
be81309c-aabc-4274-9443-edcad2928736,,5 years,Home Mortgage
2d7c965a-0c20-472f-9b92-4363632f7193,1053151,3 years,Rent
e6e9a17d-9f37-4408-a857-a873156703fe,1043955,9 years,Home Mortgage
0619c38c-b657-49cb-9572-0218418d5775,2999264,5 years,Home Mortgage
adeed771-7c5f-47e2-85d6-6fcb808d30ee,1366214,4 years,Rent
5ad327f2-fe73-410c-9847-4bfae5e60716,,10+ years,Home Mortgage
38cff654-40b4-48da-9619-f5aafa5b2c94,594244,1 year,Rent
bac6d888-4713-4baa-a6d5-6287ac8cdf68,,7 years,Rent
674a2fa6-809e-4d73-894a-b90ff345c24c,880156,3 years,Rent
5c784f11-b3bc-4dd4-91cb-bf1487c8b314,,1 year,Rent
3bd2d89b-6eae-4364-93cd-7500561a6e9e,904799,3 years,Own Home
db8bff5f-9289-4d70-887e-788f20f5c1f4,2158134,10+ years,Home Mortgage
bde4620e-6a85-4d23-b154-9c30dfacdcaf,,1 year,Rent
b9254a96-7185-49bb-a1a9-ab93a4adbe24,,1 year,Own Home
613b0509-e90e-4dee-b088-eab0ebda1f67,1052638,2 years,Home Mortgage
8807cf43-5f4e-48b0-b4ff-11cda38f33a9,1341590,10+ years,Rent
f9913c9e-1e7b-41ae-9e46-0d73c6166aee,347054,2 years,Rent
97f34610-3a0a-46d9-b365-7b1cda107414,4419381,8 years,Home Mortgage
a2b22e0e-a6ec-43a7-bce3-3ff97087d8c3,,2 years,Home Mortgage
9bbdd8c7-7ecd-4033-92b2-7221b1da2c84,,< 1 year,Home Mortgage
de73096d-54f7-4912-9b50-45ec61040ead,769652,4 years,Home Mortgage
e79f3c36-08cc-4010-8897-02f3a04c8e83,,1 year,Rent
929babaf-4dac-476d-9e60-d9d1c0e5beed,898320,6 years,Rent
3281e027-8e3b-462c-bdab-f1949260c018,,1 year,Home Mortgage
a26ee8c4-8176-4c88-b87a-14af394cdd30,2881065,10+ years,Home Mortgage
cf3ab5ab-5473-4da1-a735-6713995a17b1,1511754,10+ years,Rent
38ebc68a-6b8c-447b-b154-8ebb0475b596,1122843,10+ years,Home Mortgage
a0de5fce-da4d-4c61-9b0a-66554a5b8b3d,2354575,10+ years,Home Mortgage
39526c1d-ccdf-473d-a38d-f0778d1b85de,,3 years,Home Mortgage
f54319f3-8873-4ea9-ab98-969b7db7e19d,1116972,< 1 year,Rent
22588234-8093-40b5-8799-f76a8784acf9,,10+ years,Home Mortgage
e180cbaf-0f10-46bf-9b9a-d7798b7c2688,732469,5 years,Own Home
9aff5202-bcfc-4620-a0f0-f6117612caf5,,5 years,Home Mortgage
aa5b5b07-2b37-440c-8752-889124c4b468,1670157,< 1 year,Home Mortgage
72a5207b-0fda-409b-b136-9d48485c4c19,,7 years,Home Mortgage
cea95c3f-e781-4233-bc63-33a1d3dc7354,1172813,4 years,Home Mortgage
635ac112-8767-4b3e-bbad-3ee539b8783c,1119366,7 years,Own Home
1801d012-7bf9-4701-ab5b-8db1612fbee7,,< 1 year,Rent
c671effa-bcff-4530-aada-3a21b1b99a7d,983668,2 years,Home Mortgage
09e4d6ab-4eea-481f-aaac-11bcb300d909,,9 years,Home Mortgage
97f8784d-e047-4b0d-ab76-7ec1a65b0450,,10+ years,Home Mortgage
060b382c-b16a-489d-b72e-c01a6419af90,687553,4 years,Rent
14241c76-a773-4f30-9e94-6a1055054985,1821454,2 years,Rent
5d6c3870-c23b-428f-b830-4beb76df6755,609387,7 years,Rent
f5439ed9-978d-4b64-a9ef-240e38df395a,1024936,10+ years,Rent
099579b9-1bf9-4f5e-9b76-392e5a30009d,,10+ years,Own Home
b9e5cf58-2c9a-4e26-bff0-65f973b4d6f6,2793000,4 years,Rent
007ad3c3-d89e-46c7-a885-7d3065e9fc86,792566,5 years,Rent
33a16a4c-7140-4fc2-a6c0-a8c0e6395b3c,545034,< 1 year,Home Mortgage
08197d7a-cc0a-45bf-b6e0-c5dbab510882,2326512,1 year,Home Mortgage
efb52042-01b7-46fd-8fb3-af6e2845c254,547219,< 1 year,Rent
5580ff31-462e-4297-bfbc-f3767acd8622,805239,10+ years,Rent
0baa2225-89eb-4ab0-bd8e-5914bf9ef46d,1330000,2 years,Home Mortgage
f73116d2-7699-4f1b-93c9-82bd6ba19876,1152426,5 years,Home Mortgage
ff2cc202-dbed-42f0-92a4-b01f82f05376,2251861,10+ years,Home Mortgage
6f3e743a-7f91-48ed-beaf-95c28ad82331,2583373,10+ years,Home Mortgage
d857416e-26e8-429a-ac11-acdf9bbb746f,,10+ years,Home Mortgage
e4d0785e-738b-4a30-b917-c7a7a75fa490,446747,n/a,Rent
0970fe96-8bcf-4cb1-bee0-8a484f66a20f,680637,9 years,Rent
aaeed2d0-a2a9-43a5-a94a-95959cd74f6a,1027026,6 years,Rent
d7c9fe11-e4e8-4b67-a05d-98f259332e2e,540189,< 1 year,Rent
389b01cc-8403-46d3-8001-0d08f78cb291,1296522,5 years,Rent
cf34ea90-7af0-43dd-a93e-4295f3c38746,1152312,2 years,Rent
ed1ac2c7-b87e-4f4c-8b54-2dd54a3a3ed0,738340,4 years,Rent
d016e0fb-892a-4f15-83e3-e511e1ca46db,1759742,6 years,Home Mortgage
9960ce50-62b4-4a3e-9c96-f0659b210934,768512,n/a,Home Mortgage
a04f7ccd-ee33-4f69-8485-f03ca39a53e7,1310848,3 years,Own Home
53094735-f81b-4f9e-973c-9850b92df84f,1235494,10+ years,Own Home
200b208b-723c-4076-9e29-92ebe8ee4433,641478,4 years,Rent
35c69687-d0e9-4005-93e8-734eae4e7610,1548728,10+ years,Home Mortgage
e7588351-44ce-493d-b00b-2548da44e701,1491576,3 years,Rent
ee72345d-92e0-4307-8096-ad79f28a3607,925376,7 years,Rent
2ec1ef18-7575-4114-8c05-d17cbf8732e4,1203023,n/a,Home Mortgage
8102560e-9ec4-4155-bb94-4adf5ac674cd,1631511,3 years,Home Mortgage
329d306d-4635-4de9-b6ed-346c8cf695ab,742368,< 1 year,Rent
c5d7e50b-ab93-4c61-ac41-39e01f59498e,721506,2 years,Rent
a1f85b3b-dbd0-4ea7-9b2a-2ab84929842d,1706238,3 years,Home Mortgage
6331011d-a0a7-4849-8ea5-97374ac541e5,1229072,6 years,Rent
f8ba07a0-4314-48b8-8f02-39ce6ed589d7,1445444,9 years,Home Mortgage
2f2ccfa5-8cd6-4058-b697-ce711ebd585e,1087750,10+ years,Home Mortgage
f18f0022-83cc-4f2a-b74c-62cc899663c9,727928,n/a,Home Mortgage
5b48a118-3816-47da-a1db-6dc7e7f00cf2,2834325,1 year,Rent
0ff794a2-68fe-4353-938c-85625796d657,1148094,2 years,Rent
be3e1d87-96b8-4ae4-a85c-1ce1b3dfbef7,592781,5 years,Rent
973c43fb-79cf-4300-abcd-c8b51b142712,337326,n/a,Rent
9fef98b5-6e59-4023-8839-b4ab5e9f7ac6,,6 years,Own Home
5e6146a4-f4d3-419f-9f3b-7c1543a9bc56,507623,3 years,Rent
dd90b794-8526-4ca0-b357-1ea94ba76810,,10+ years,Home Mortgage
f7973dd0-f9be-429a-912b-65115ecbd62b,1089745,< 1 year,Rent
3d7d07af-730f-4be4-86a8-7df05c582f33,1270074,8 years,Rent
a0605045-b28b-4e89-87b4-d508cf768b7a,723235,10+ years,Home Mortgage
60daffc8-98f7-4952-a58a-20273e98c90d,1156986,10+ years,Rent
a5358f92-f63e-4f20-b5ee-e494004abf70,675374,1 year,Rent
715d78d3-428d-4625-ac66-cc4b36a44a57,633023,5 years,Rent
db225aba-0938-404e-8fae-64e11aad96bc,,2 years,Rent
d87e1610-1f5e-4a59-bb09-1a8d2491afbc,1356201,2 years,Home Mortgage
66521385-a7b9-4b76-8c29-16a7341bbeb2,,3 years,Rent
ff926268-ba12-4cba-83b3-1c3a524bd8ed,1188526,10+ years,Home Mortgage
ce728137-950a-44d5-8363-5e1304739533,573610,3 years,Rent
6c560be0-5cce-492e-9e94-d861391784eb,,7 years,Home Mortgage
f76952ce-7339-4621-97a3-8d866f24374d,800261,5 years,Rent
f1cc16d8-45ae-4cd1-8449-752fa3497594,1426710,10+ years,Rent
23cf75b6-6195-4359-90a2-a4908b726f75,1924890,9 years,Home Mortgage
04801989-6d34-4f66-92bd-ac0c41090ddc,875444,10+ years,Rent
cc6fee92-5167-4ea3-b4a4-ba50c485db48,1610117,6 years,Home Mortgage
e7ba2a66-4034-4307-97b4-fefb1661ac9d,,5 years,Home Mortgage
63fa676e-8d08-411a-8163-a4db756b538a,1349551,10+ years,Home Mortgage
d9187d46-2f2c-4193-8cdc-cbef8da9aa68,921671,6 years,Rent
67d73905-8451-49e5-b202-ecdd16012ac1,537130,2 years,Home Mortgage
e43dc552-2145-4b23-bd74-ead9e1357e28,1275071,n/a,Home Mortgage
a301a986-36e5-4017-967e-d2c69ba819bf,,2 years,Rent
e475d8c3-6dbb-4729-a055-f0e63f8da2d6,,10+ years,Rent
6c04feb6-8286-44c4-a43f-5dfe49a4460e,1031320,10+ years,Rent
2c968429-7b23-4584-8993-d437dba81196,894672,3 years,Home Mortgage
c4d576df-9b65-46b3-931b-16324ab09712,1720431,4 years,Rent
6296bf5e-ae56-42b3-ba14-e41a3c905561,785517,10+ years,Rent
93777e95-efda-4998-88c9-423649902e88,1144902,10+ years,Home Mortgage
cc518ddd-47f7-4d59-ab0e-83aaa3183252,1487168,10+ years,Home Mortgage
d2fec888-4103-4101-9ce7-d6dd82cd50a9,1093621,3 years,Home Mortgage
ef2e0d49-155b-4b07-8be9-111e84e1117c,1255748,10+ years,Rent
b471ab6e-14eb-41c6-83e4-3cbacde6c6e2,1299049,4 years,Rent
2c291144-c4a2-4067-875d-213d26323fd2,863550,10+ years,Own Home
7f66e995-f33d-4996-a180-029abf0f2dad,2104592,2 years,Home Mortgage
2d5967a9-a86c-47a6-9283-1426364acdff,1519563,10+ years,Home Mortgage
296f0970-2a9b-48ad-9ec0-c6577a99c3b9,,7 years,Home Mortgage
376478bf-adec-4c0f-9d17-f6aeaf85a13f,533976,10+ years,Home Mortgage
fe1dcf58-664f-41eb-b14d-5e8454d58867,764408,8 years,Home Mortgage
e321a567-1938-4087-b0ee-ce7a93ecdcb3,1922990,8 years,Rent
a75f6bc0-81c9-4d1e-8fac-372da5172c8c,1375163,1 year,Rent
78460df5-2ba8-4357-ac43-6084a599bfce,1113552,8 years,Rent
dac1f3db-4d70-4b5b-a42f-ce4aa3f97402,963965,8 years,Own Home
2087f302-7598-4b95-9fb2-fec077401913,,9 years,Rent
72bbf9b1-f94f-4dd2-8008-a6e424356e07,1258579,2 years,Home Mortgage
78043bc5-7743-48f3-9d66-12d3d893f03f,,9 years,Home Mortgage
5c3b33ec-cf61-4d6a-88ac-6b5ecd8ab57e,1502368,10+ years,Rent
8e01e2dd-07f4-4910-9159-b8fc9289d5bc,668401,4 years,Rent
84949872-3d2f-4b10-84e4-decef129b9c6,1895440,1 year,Home Mortgage
26c3965b-a212-49e9-b44b-40485d95f4e9,1050966,9 years,Home Mortgage
16994a7c-df1e-45db-ac41-4f73eaf587cf,2611094,2 years,Home Mortgage
93512cec-c69a-40ec-a6bf-edb520b71254,1816191,10+ years,Rent
2c58005c-2cb9-45b5-9b0c-466b960794df,2328564,3 years,Home Mortgage
7b3c53cb-c432-442a-9256-88fb26a4f237,1095464,10+ years,Home Mortgage
a5b820ea-2ca4-4a9d-bf4a-cf7240436cd1,1156074,10+ years,Rent
428a50d6-355b-4ab7-b221-084bc0cb0a3b,1304787,9 years,Home Mortgage
2276269e-b385-4262-a303-f58a30f8684e,968620,2 years,Home Mortgage
ea991e11-50a0-4915-8f32-c06710aa08fa,750728,8 years,Rent
4199a89e-5913-4d5a-8ce2-fbbb8d41de77,,< 1 year,Rent
67774e28-7397-49a9-a86e-3a7d7fd26df9,1787064,10+ years,Home Mortgage
2ed36321-e571-4ed9-9ff6-a96b5afb26aa,1386734,10+ years,Rent
f1c06e52-774d-44f8-80e7-3c6a34dca06f,1091455,10+ years,Rent
3536bbf6-4e1d-4dd9-bbd5-6afc87f4438b,916009,10+ years,Rent
dcc7672a-67ea-4bb3-b6ee-58b4a81f4be4,2000795,9 years,Home Mortgage
ea4114d3-68b1-4a3d-96ee-7f40c49c417d,862011,5 years,Home Mortgage
30421483-43b0-45e7-ada8-22dd5e597520,914527,10+ years,Home Mortgage
2602e9ae-dc2c-45d3-abab-9fdcd25785af,675507,1 year,Rent
0cab33b3-e4ac-44a3-8cf9-e91aa5d4dcfa,2728837,1 year,Home Mortgage
3b2d324e-65eb-4eb0-ba41-ce82b1da057f,974548,10+ years,Rent
8e7754b2-44ec-471a-894f-bc184c6a41ef,611515,6 years,Own Home
0922d9e7-6e4a-408f-9fc2-38c91c6a0c81,1514072,5 years,Home Mortgage
9791c1c8-e7f6-46ad-9b80-e334f8c6a44b,1512248,10+ years,Home Mortgage
7177011c-ace6-4eb4-8581-4f1b43f35d6b,926421,1 year,Home Mortgage
9c23429e-d394-4d0f-a21f-3d188988a11a,,3 years,Own Home
3d222684-ac4f-4ca0-82dd-b9fcd5eff10c,1218204,10+ years,Rent
9298307c-a60b-4058-83c7-8cee620b679e,,5 years,Rent
2ee6d61b-a99b-4841-8109-aab207908c25,777841,8 years,Home Mortgage
b7a5575e-7b57-48d8-8403-a8908aeba557,,4 years,Rent
9ca82463-322d-428a-83ba-1215b3b0927a,1004492,7 years,Home Mortgage
dd89b042-2b10-48d8-86b5-fac0e7644c5f,163894,n/a,Rent
13e9acba-4e9a-4bde-80d2-a25411999945,1540691,10+ years,Rent
9052bc96-f8e2-4d3e-8538-ce0267695070,425467,10+ years,Own Home
6a5c4dbe-49f6-49f2-bc73-8866be0ed416,1527144,10+ years,Own Home
b7b07f08-00b6-40a8-a85a-5523d36b1ad3,597664,2 years,Home Mortgage
795019a9-b7ac-4ba3-bebd-481149ff03b7,1530640,8 years,Home Mortgage
4b4617c4-2191-4a81-8b2c-b618eae655b5,323988,2 years,Rent
2da793ce-c591-4572-ad3b-a2d09fe3e96d,3637797,5 years,Home Mortgage
c8f97192-1cb3-419d-9f19-5dc96653e951,475570,4 years,Rent
960c0c21-b0bf-49b5-9599-424bf5fceac7,463315,7 years,Rent
1c65ce41-363c-4f53-b0ae-327fff157f22,1146612,3 years,Home Mortgage
d240ac9d-208f-422e-8cef-2ea0bee1e2cd,,6 years,Rent
eddf442f-ae70-48b2-a2d0-49d4935e84ee,562419,5 years,Rent
5c1737ad-c152-4613-8416-4b96c4cc8778,675184,10+ years,Home Mortgage
d629529f-48fc-4c0e-99e4-19c0026fbaf4,1206937,9 years,Own Home
ab1d6f6c-997e-4ce0-a97a-d861f7287d18,937840,< 1 year,Rent
22cf354b-3e24-44d2-9f15-34bc09fe0de1,1333344,10+ years,Rent
edd0bb3b-7149-4c0b-8ad3-1a43f28071b6,778392,1 year,Rent
7778b8a5-7262-40ce-a8f7-136d0c5ca62d,863208,2 years,Rent
9fa95e4c-c4b6-4e18-8718-eda133ce5014,1145890,10+ years,Home Mortgage
0c52202c-64e3-4469-9f75-afd27027932d,926630,10+ years,Rent
b12a00e5-0ec7-45e5-a909-a4b7ba97f7e1,,8 years,Rent
0f87e972-e32a-4503-a21f-862e72a30f1f,,5 years,Own Home
55bfe2bd-8eb2-4a29-8e7d-d4c76126bb97,625138,7 years,Rent
a28bad7f-a99b-4e17-a6e0-15e10ddb6bab,1212029,2 years,Rent
5e4acb96-776a-4268-b2da-d4d689544d47,1147980,10+ years,Home Mortgage
5c1c8e67-7858-4307-8d15-0f0c9990703a,601255,10+ years,Rent
39711160-021c-4acb-8d08-13aafdda5f8b,920113,< 1 year,Rent
49462d58-330a-416e-9b19-630f811215b8,887433,n/a,Home Mortgage
c119fd58-c189-47f6-84b2-313086b724c0,861935,3 years,Rent
bf402a13-9eaa-4712-91ec-4dc534285144,2105238,10+ years,Home Mortgage
0ff3c8e1-6d5c-4448-adfc-66a51e6a7d09,889390,6 years,Rent
682f5f7e-c0d8-4969-8e71-076fd9cb698d,736877,4 years,Rent
152ff2c2-0e87-42d8-a135-81b3ec6fb826,,< 1 year,Rent
c6ffdabb-3e73-4f53-a326-006ce807b4be,1382668,10+ years,Home Mortgage
1c4a5e23-9008-43a9-84e2-b1d6ea8e7595,997994,8 years,Rent
b3b87d4e-3985-45b3-abe3-be2807113d49,,10+ years,Home Mortgage
95c0d8ab-071d-40bc-9a4f-b0d0b659bbcd,1069453,7 years,Home Mortgage
71d738f9-67dc-4455-bddb-2f5ca401daa1,2302800,4 years,Home Mortgage
a2896547-70e7-4f5a-8a05-d11c280fdb5d,1104014,3 years,Home Mortgage
af2d73f2-a8c4-4f56-97c6-2b1d459dbdae,,10+ years,Home Mortgage
deacab6c-1628-4677-b809-201e4317f5f4,929271,4 years,Rent
56cf4fcf-8747-4e4f-a231-cc3108b27462,,7 years,Home Mortgage
1eea7f68-bac7-4014-9247-bf18b16fd064,738093,1 year,Rent
4b47be59-8ecf-4e7e-be6d-dbf768311b5d,1527904,8 years,Own Home
8f1ad77d-61ac-44ac-94ba-eff781f7a8e6,749664,4 years,Rent
c366cd1d-9063-401d-b005-38299f56b242,947853,8 years,Rent
372f1926-d8ea-40e4-9e55-7944e69f2b1f,1684692,1 year,Rent
5dc7c599-ac7d-4038-ab54-f72a3c3b7129,924673,10+ years,Rent
82f91301-a951-4b6f-85a9-df14d0ce5794,,2 years,Home Mortgage
9030a1fc-1c71-4684-838f-42f1e57ac6d8,527060,2 years,Rent
16990189-e575-4cfc-90b0-833781a72061,,6 years,Home Mortgage
c7efbfff-b75f-4c37-9eca-aeb8c69926bb,541101,10+ years,Home Mortgage
0011d963-4e94-48a9-8aba-437cf94d566c,1347062,1 year,Home Mortgage
4f2b27ff-a6d4-42f8-aa1c-479b842c937e,640642,6 years,Rent
ff5a2d0a-db85-485d-a392-56b2151d39f6,560424,n/a,Rent
f0db7388-213b-44e1-9a97-47f71a484534,,10+ years,Home Mortgage
0ea8a464-3700-4242-b708-b64fb6d23ab5,2418947,4 years,Home Mortgage
de6b4297-fca3-4fd9-bfc9-36f13eb944d7,541025,< 1 year,Rent
672b33e0-d491-454c-83d9-36ab3369b5ca,754300,n/a,Home Mortgage
e46cbc8a-dbc7-48e5-ac70-0b1f52ef31ff,1375467,8 years,Rent
bf086ad0-8113-49c9-a274-b39a61a53a9b,,7 years,Own Home
356f97b3-57de-4a59-a721-030f6263adf8,1015341,10+ years,Home Mortgage
777a447f-6163-4277-af19-94b1a244c581,1359659,10+ years,Own Home
c948284f-aad2-4ddb-a046-5fd0fd9a34dc,649800,2 years,Rent
e6269a4c-9eab-45bd-98b2-e0d5ad567091,1263652,7 years,Home Mortgage
c8583f52-a025-4690-9598-bb4b83e1756f,1439117,10+ years,Home Mortgage
f08adfe2-0251-4879-97fd-62a6e72152e8,814017,2 years,Home Mortgage
25d6da18-d412-48ab-80d4-2364167e2a75,,10+ years,Home Mortgage
514355b1-bb7f-4b63-a921-065e7a788133,1155846,2 years,Home Mortgage
99dc561d-0efd-49be-b248-a2de2f24b88c,1081062,3 years,Rent
495951ab-62e5-4de9-b3e4-3e85d1a002c4,983155,10+ years,Home Mortgage
dde24651-bf24-46ab-9efb-c7d666a75f0a,1322419,10+ years,Rent
aadb893f-20d1-4b04-8512-013b359253cb,,8 years,Home Mortgage
7f08b903-2bf5-41ad-aa2d-6c87d0961dc2,1799186,10+ years,Home Mortgage
95b981a1-23d8-4f1a-9589-f9ba963d85ea,1712641,10+ years,Rent
c82fc3c0-47a7-4630-b3cf-ed91b533924e,1438908,5 years,Home Mortgage
09bcd043-c43c-4956-95f1-bc70e7053a19,1262303,3 years,Rent
664b7e8a-b1cc-444c-b6bc-31ea54a05205,652498,< 1 year,Home Mortgage
884478fd-e4e3-4583-92df-012067354f51,1237356,4 years,Home Mortgage
e8773c34-459a-4c20-999a-dd6359b03180,1628566,2 years,Rent
2a9ca40b-9c91-472c-849e-feea288592c9,2298468,10+ years,Home Mortgage
270f27a8-62b0-4554-ae31-3746947cc65a,1509968,4 years,Rent
e979ea5a-d4f0-461b-8955-16bb4d6ee55e,672581,7 years,Rent
0c525c1d-15ec-499e-858d-4b32a5fa8a97,2509767,2 years,Home Mortgage
31e83298-7512-4251-b6c4-cc31123a2134,1988312,2 years,Rent
3de85843-f8a6-49e0-819c-38021fede539,852435,10+ years,Rent
4009449a-73ab-4c82-a504-1426eb94ede2,,< 1 year,Rent
6a24d9b3-992e-421b-8f1e-6ea5c8b79517,1135440,n/a,Home Mortgage
b0082c18-9d4a-4152-a4cd-2dacc85279f0,3320896,10+ years,Home Mortgage
2e524818-0022-473b-86f8-9f18fc9c3702,613282,6 years,Rent
62de8970-c38e-4bb3-b9e6-27086bf21677,471637,4 years,Rent
7350e80c-cbb4-4245-89a5-b2fe4213cf8d,,6 years,Home Mortgage
46aab7e8-1422-4f90-8242-5dfe5c87c0e6,1732439,< 1 year,Home Mortgage
c20e4da8-13ef-483e-88ed-b51d9681fb77,761672,4 years,Home Mortgage
b35f19f9-c70f-486b-8df1-35ddf9cd1050,,1 year,Rent
b51058bc-dede-4e44-a255-744f29e19cee,1120164,2 years,Rent
8e652590-6fdc-4485-b9a6-0d02abb4335a,1119822,< 1 year,Own Home
3f1285fe-39ed-4953-a670-dab08d32d843,841586,8 years,Rent
4e864bd5-9899-4198-96f1-7ea1db9f4dc8,856520,5 years,Rent
00aa5442-b0ee-4c58-9b80-c67da6e37ce1,591660,3 years,Rent
888e3937-5540-48be-ad17-505387c8d038,1209312,10+ years,Home Mortgage
b3065ae8-7dc1-41e6-8ff3-b3857eb8ff15,,10+ years,Home Mortgage
16067995-20da-4383-85d4-872d6288a31e,,10+ years,Home Mortgage
4b7f608e-b385-402c-bdc0-4cb9013bca5a,1121171,10+ years,Home Mortgage
7929ebba-0d80-4adc-becd-726930d54d89,1607894,7 years,Home Mortgage
84b4e295-2c7f-4334-b7dc-145adebc36bd,,4 years,Rent
8e8af5be-1121-48e4-b774-f9b224498509,1011902,4 years,Home Mortgage
399c4cdb-bdc9-41ba-9713-f0b92a73eefb,1772339,3 years,Home Mortgage
5179a6f1-1d58-417f-bac9-3fcc895e707f,394250,4 years,Rent
59a9c48f-b2b7-4cb6-b5ec-f8f142b47733,664335,7 years,Rent
0b27a830-3155-4ddd-a535-b86d51e7c765,740221,1 year,Home Mortgage
3b92eb24-66ac-402c-8c54-42277f8ea9ee,1115832,10+ years,Rent
56b73cd3-d90c-4b5b-bf16-dee896906d0d,1316092,10+ years,Rent
4841707f-2188-458b-a2d9-b138d4e4456a,1563282,10+ years,Home Mortgage
95bb242e-18fd-4ebf-ada6-b3f5c8fbc7ef,893228,< 1 year,Rent
a9c55715-17a2-442b-a43d-7168252dcb30,1842259,10+ years,Home Mortgage
613de8b8-ce74-497c-bca3-0d672b787801,1621308,9 years,Home Mortgage
44314b3e-fa95-444c-811d-63d7a5d563df,,9 years,Rent
a105b38f-ed70-45ec-bcf8-f2fc5a7ac9ff,1394657,10+ years,Own Home
1a652707-b3e3-4c46-99f2-b4a870332a67,1927265,10+ years,Home Mortgage
30a3ca4e-580c-4b39-bff1-8e8b69dd97c5,,10+ years,Own Home
c44c4bf7-5efa-4435-bdfe-0a9612b2c398,,5 years,Home Mortgage
ca922950-bffd-483e-9009-070f9fd43a85,906167,7 years,Rent
8ef9ee22-d3f4-4980-8264-ec0c724e9797,866666,1 year,Rent
16b9312b-1d81-4349-81c4-956c56a9ada1,2590821,3 years,Home Mortgage
9e4e0652-8c07-4251-aa07-dcbb6fdd6ec6,,1 year,Rent
b50edc06-6139-49c8-8bde-5188e599fd18,1294964,10+ years,Home Mortgage
1650d28c-1c24-4781-9757-125a91761f39,,n/a,Home Mortgage
808d9f90-ec1d-4963-902b-e3d901b163f6,1300208,6 years,Home Mortgage
4b3c1819-c431-4c4d-8dbf-bac548fb1d7f,,10+ years,Home Mortgage
9354d0db-bde9-4160-ad00-bb3f1cd7560e,1025525,1 year,Rent
778286ba-0718-48f8-8adc-400fcda84d7f,,10+ years,Rent
46f40039-ae02-47ac-a085-d3ee35681ee7,1126776,10+ years,Home Mortgage
30d13420-35b2-488d-9437-0a42c9dd8d56,800869,2 years,Home Mortgage
2a32de79-61d9-4347-b3d1-d64463238a08,579101,5 years,Rent
3a5b059e-2f2c-4663-8474-a670510af08c,576897,1 year,Rent
bc8395f3-a89b-42fc-8a05-536a5e430826,388493,10+ years,Own Home
9b3aac01-79bd-44ba-ab69-87632bcf4efa,1689366,10+ years,Own Home
e567ca73-ad9d-423a-b97e-203a944f0fd6,958626,6 years,Rent
18c681d0-9e8a-41a0-b91e-e401d13157dd,616702,4 years,Rent
050ab1a4-5086-4878-889d-6a34ac8b2301,1044487,10+ years,Home Mortgage
5a2cc092-3310-4ed7-97c7-9c6afcf83575,1394372,2 years,Home Mortgage
9fb34bbd-ca1a-4fcc-b9ed-597d4bbd3829,378119,4 years,Rent
ae67e7ee-12b4-46e4-91f2-0ac9b9b15f6a,1756037,10+ years,Own Home
139e12b1-830c-4c3f-a553-c023c0f77818,446899,< 1 year,Home Mortgage
91e4ce3b-d824-4041-aedb-fb4f64142cd9,704387,4 years,Rent
b25fa202-b3e5-4990-a9cc-1e4f6c2fe284,,< 1 year,Home Mortgage
640502b0-df37-4671-b732-b844ee59d642,1058490,10+ years,Home Mortgage
3dae44fe-b3d6-4a3d-a41d-46e9733e228e,957315,5 years,Rent
97f59341-7d46-4480-97c2-6901b5410039,1420155,7 years,Home Mortgage
ff2688db-6f34-497a-bcc9-9ddbdbb0478f,930240,3 years,Rent
e9388f67-3b43-4cac-9733-23928b4ce794,,5 years,Rent
12d87594-e9e9-443f-be2b-8f8524cc206f,1348031,5 years,Rent
79da89e8-60bb-4274-a973-891bed760fe9,152114,n/a,Rent
2e6080b7-e9dd-4b96-aa0d-a50bc58f436c,1043233,10+ years,Rent
b3da38d0-7c89-49a2-99a2-f8878a222333,1131526,6 years,Home Mortgage
fbf2a4e1-692e-4d7e-9896-b902e1839ada,1465223,10+ years,Home Mortgage
301fa778-9aa1-4e38-b371-2881174b76ce,2495498,10+ years,Rent
f55b9b69-03a2-4b87-a204-0e846d2520d8,712044,4 years,Rent
d81eca42-3c71-4dc0-8926-5f35b5e670f4,,10+ years,Rent
5d4a8147-dc06-42d7-9e8e-8f67713605cd,1451657,8 years,Home Mortgage
6291e578-5fcb-43da-8495-7a22fb989462,2053007,10+ years,Home Mortgage
bbe510b9-d5a6-42a9-a3f6-13762297839e,,10+ years,Rent
992650d0-32f3-4a4d-bc4d-6630996bc948,1909500,5 years,Home Mortgage
a9cf6cf1-4f2d-42b3-8e88-22b0027120d7,1128296,10+ years,Home Mortgage
095b0249-be55-4d63-baf9-de68d6178eaa,1728810,< 1 year,Home Mortgage
824f5ff9-446b-4f62-81a9-4445b3842f4e,1046881,10+ years,Home Mortgage
2ad40e56-7347-40b7-9f3e-132cb68a5424,1448693,10+ years,Home Mortgage
87b180a3-1d76-407c-a0ce-254a78b1a4a0,,n/a,Home Mortgage
f9e3106e-3a34-4d5a-8b13-ed24f45a9046,,7 years,Home Mortgage
61933908-2f02-4fde-887f-55cc460b622b,1430890,10+ years,Rent
12e827e0-1b70-4c36-a86f-0ac9fb62dc2a,757416,10+ years,Rent
13b02a79-8ff5-4aa2-9b0f-33d23b81f8be,363945,n/a,Rent
125aff15-efd3-485f-9469-80e7234e060c,,10+ years,Home Mortgage
52622e6d-2f81-4bd9-a589-947b45dddd65,,1 year,Rent
aaf3c077-ed38-41f2-b9b2-d4aa367cddf2,1623550,10+ years,Home Mortgage
efeba2e2-5106-4049-99e0-232f7f8ea073,1239446,3 years,Own Home
8711de71-6c52-4c1e-a0ae-1fd7eaacf090,737960,3 years,Home Mortgage
963c6bd5-8efd-4f66-8bb5-75be1cfd2685,1008520,10+ years,Home Mortgage
8e17e215-5b8e-412f-8fb2-aac3613a7d54,632016,1 year,Rent
5299d82f-2297-446f-9867-27ea48c58b24,1364656,10+ years,Home Mortgage
1cf3edad-42d0-4ee4-a998-cd4ce8ede9a4,1908740,10+ years,Home Mortgage
a3e1a69b-d59f-4217-a465-90472ac3e20e,,3 years,Home Mortgage
b75850ba-3689-4134-b7a8-013080c402e6,785954,9 years,Home Mortgage
4179ddf4-a34b-44c2-b994-ed9645cf1f3c,2107974,10+ years,Home Mortgage
d2dc501d-dac1-4e3e-b033-489c38a55b5d,584991,5 years,Own Home
6ef214c1-2041-4e3c-87ea-add71afc58bd,1886890,5 years,Own Home
06926193-2fd6-4b71-b6dc-2323ffa661ab,962730,1 year,Home Mortgage
c6246095-eb0a-4e2a-86e6-6d09d16b085a,1326409,10+ years,Home Mortgage
ffd62a29-28e4-4cf9-8cbd-daf023304452,,1 year,Rent
6dab4159-d8e8-46eb-ab36-b7995c77b8a5,1496440,10+ years,Home Mortgage
3e5cf959-b19f-47b6-9bdf-db15d340b268,946580,4 years,Rent
5df65da4-d164-489a-810e-8ae0102a9d1a,874494,6 years,Rent
7af3c969-969d-4917-86a7-e0b70dc04df4,,10+ years,Home Mortgage
e9e3d8b8-27d7-4760-84cd-c8690da101d7,1456635,1 year,Home Mortgage
c16b5ad1-a09b-49de-bc12-d9d1af504299,,7 years,Home Mortgage
f7fd5965-c426-477a-96b5-73f159e3ffd8,627209,2 years,Rent
dd16f50e-6987-4dd7-a1e0-37a50939e034,1180831,8 years,Home Mortgage
7fca1584-efbd-4c48-973a-44caa1f93896,713051,2 years,Rent
db17ff77-d3cd-4b17-8b27-1e10081521a2,,10+ years,Home Mortgage
26cf69a6-08e2-48b0-8792-f6087a38bfdf,1149956,2 years,Home Mortgage
a65352a5-0054-48c9-8e29-1dc3b695711e,379430,5 years,Rent
ca2a8caa-53ae-4f8c-9b9f-adf99c5a0ad0,1519392,10+ years,Home Mortgage
63fb2729-b963-4ed5-82d0-52de40f8eca4,1783530,3 years,Home Mortgage
0f82f2c0-22d4-41a5-be6a-80a8cabc6a9b,1341951,5 years,Home Mortgage
a7dc2a67-b0c9-46b5-83be-5176e05f2a79,621015,10+ years,Rent
bdbdd965-45e9-4060-9d85-55977ae38f84,1251853,7 years,Home Mortgage
2d815bf6-af3b-4543-b658-76831d18a29d,2293908,3 years,Home Mortgage
e8322b21-aaea-4f98-b274-163df571c51b,,4 years,Home Mortgage
f7a67658-9ca1-4d26-8f06-40cf1842180e,1219515,3 years,Rent
220992a6-33e5-4c64-8d86-71005affd7e9,,5 years,Rent
1ff2a463-9372-4c0c-ad26-91f3bc76380d,,10+ years,Home Mortgage
c8c0ee46-0a35-4251-8671-0c35a6d67e20,1134167,2 years,Home Mortgage
8a3b3382-3d07-4ccc-a98b-c58d348288af,2115992,10+ years,Own Home
c54389e4-2367-4422-905b-badc48dd7c1d,642618,n/a,Own Home
3f7d5fbb-7185-4da1-bf02-013ff722bbbd,1009888,2 years,Rent
e382f2f6-a72b-4256-a9eb-7c238c8a4919,2061785,3 years,Home Mortgage
70953fbf-58d0-425c-9b4e-e0da41adca65,460826,n/a,Home Mortgage
33038088-4161-40db-9100-78238d47f089,522443,< 1 year,Rent
70317987-bf40-4811-b08f-ad8584c9933f,666805,8 years,Rent
b4bab8c8-edd2-436d-aeab-93b2cc730663,,3 years,Home Mortgage
7ffd4ceb-fe1a-44a7-8367-6035a12a77ab,914432,4 years,Rent
05ca9b36-9b4d-40f3-8c8b-7195ea215498,,10+ years,Home Mortgage
91441c80-6a46-4b68-bb7a-823fdba19b74,991857,2 years,Own Home
f742fa59-2891-4694-bf40-aeb55e5760df,1045114,3 years,Rent
a182ba07-d7f1-4b5b-815a-c914eb9294e7,1752750,10+ years,Home Mortgage
6d489dd4-fa6b-4a8d-a074-bc92a855e3d6,609881,8 years,Rent
8cf80d82-a461-4a5c-bcb9-9afc5d5d16b5,4106850,4 years,Rent
74aed4c4-9ad6-4d81-8b70-dfedc6af42ce,1101126,2 years,Rent
475c8ac7-eef2-44a9-a449-a7def9e0560e,776511,2 years,Home Mortgage
67bee49f-1011-4bd5-9d3e-8f0fccec7bea,780900,10+ years,Own Home
e5e974ad-94e3-4e75-b020-6a5eb513f7cf,2420372,5 years,Home Mortgage
bdda8135-d041-44d8-8f50-6e1346981307,,6 years,Home Mortgage
f9470043-2629-4f16-ac20-3894dddc4ead,,9 years,Home Mortgage
b8aeff9f-f453-42f7-8af1-7c2c41bceafe,1071030,10+ years,Home Mortgage
24ba2ce6-4091-492f-9658-31db2cc34338,367460,2 years,Rent
577cdd7a-aa94-4463-80c7-4b0f6b2ac9d4,1408185,10+ years,Home Mortgage
b12a1bae-9a5b-4c51-98e9-16a81350fa8c,738036,9 years,Home Mortgage
9f91b4e7-4b67-4f77-abbd-d469ccdc85a2,,7 years,Rent
4a079b4e-b8a7-47f7-914c-b8225de5787c,,6 years,Home Mortgage
989828b8-0690-4ef0-9fa1-c92144175357,1223771,8 years,Home Mortgage
cb7c7d9d-7809-44fc-b17f-4f37f2babb61,1440960,3 years,Rent
ab28fbe2-f062-4c38-9061-715a5de85305,991268,1 year,Home Mortgage
da3df177-e986-4ac4-a116-dd8d96eac95d,,8 years,Rent
7dddf850-fccf-429e-9b86-16a47c7a5be0,,1 year,Rent
30db95ce-17d5-404e-b1c9-3f637e70d5b5,,3 years,Rent
9221b5c7-e90c-4c67-89d1-faed0d35c6df,485925,n/a,Home Mortgage
e8582082-a0ea-4ae8-bcf5-85da0f19bb88,1888600,10+ years,Home Mortgage
dc10987d-987c-44f1-bf31-d18bc99aac09,1328404,10+ years,Rent
d5af9689-b564-432c-b7b2-1a74d3d08e45,722722,10+ years,Own Home
78d95681-39cd-490c-b0b3-1fe3bde00e15,1676142,10+ years,Home Mortgage
70e3b399-53ef-466a-88db-5d678893352f,1587868,10+ years,Home Mortgage
a8738a47-1ca2-4496-96ef-9febeb374b6d,,< 1 year,Rent
875b88cc-8979-468a-a3f3-eb024e942b92,,10+ years,Home Mortgage
8777ebf9-bcac-45b7-970c-cd6d92ef4239,1473317,8 years,Home Mortgage
a5d5119c-bc13-4b8a-98ae-23ad7e45754f,1206462,n/a,Own Home
f9b49f7d-fc05-4426-9481-fdda3019069d,1334123,6 years,Rent
4191848e-8bef-4cef-8db1-e59544ab19e5,707921,2 years,Rent
8440ef9e-bcf1-4f4e-abd2-1d1adbc6a331,,7 years,Rent
09551bce-da2c-4512-b811-6c32a07c11c8,4744775,8 years,Home Mortgage
60fdf457-c09c-4775-82c0-94f36c220321,,5 years,Rent
360d0ed4-e25a-4ec1-b40b-5604a90ad287,729961,4 years,Rent
5f4d55de-de3d-49f8-acfc-e03fd2f1aa73,1065957,7 years,Home Mortgage
ca5f3e75-e5c0-40e6-9f5b-2a380005ca59,,7 years,Home Mortgage
12efff02-75d0-424a-984d-116c19c06828,665532,2 years,Rent
2d7ae101-7210-479b-84e2-b0e24d396b3c,1687086,10+ years,Home Mortgage
c242d332-b4ca-4203-a3f0-29ef041f32ad,663138,8 years,Rent
7789512f-c596-488f-866a-be5ad33a86b8,3743000,2 years,Rent
7756354a-f499-4f6f-9959-d63c75d80976,799273,6 years,Home Mortgage
3b4e0522-a836-4bc5-8bd4-60d32a70edd3,3103650,10+ years,Home Mortgage
0de4fb13-9fe7-492b-8afe-54384c5ae689,,10+ years,Home Mortgage
0c639527-53b8-4ef4-ba7b-454f65c19bde,3409398,4 years,Home Mortgage
544a9dcc-e5d8-42e9-923d-d1317b58b69b,2157279,10+ years,Rent
de9ee3c0-0ba0-4b7e-8f21-47b0d0aa1457,1185277,< 1 year,Rent
0fed5089-a1a1-4f45-89da-339f1acd8d9a,,n/a,Rent
1d1620e6-bc2f-4f7d-bee1-915ea7197c43,1395930,6 years,Home Mortgage
28e93d86-8d7e-4270-9562-cebe6e3675fa,949430,n/a,Own Home
21fcafe0-33b5-4acc-8a43-327d2fc7de0e,947340,3 years,Home Mortgage
f8b784f7-d824-4add-aebc-1bb8eaa51999,1134452,5 years,Rent
f78f96e4-9f79-4d44-aa25-572cced0eec3,2419118,10+ years,Home Mortgage
e9ebfd25-5a07-40d3-943d-c1b3367b6202,,< 1 year,Rent
8c2705aa-19e9-4548-8459-5fa685c4c296,672182,1 year,Own Home
afd663cf-1fa9-440e-be02-4f5b7bf11f91,2006172,3 years,Home Mortgage
d4ebafca-30a4-4731-bceb-1596c9962fda,1135573,9 years,Home Mortgage
ccbed5c2-cd6c-47b3-9379-8aa75406a7d7,762812,10+ years,Rent
f6ecbcdf-69a3-40f8-9d3e-13a97d5e407c,,1 year,Rent
ddde78dc-29a4-4feb-820d-86498f68f025,,< 1 year,Home Mortgage
7adef69c-4fb2-4e6a-b6e8-54655070a2c0,926630,7 years,Rent
02682cf8-c892-4fb2-b404-614d19de689f,1305794,2 years,Rent
d7c46a76-2dcf-4d31-be98-4dadf7b9ea26,997082,3 years,Home Mortgage
e79ce292-861a-4af3-a91f-7c8e5f2f1744,1669131,10+ years,Home Mortgage
5a7b78dc-7f71-4cd1-bb8a-eb1cadf98b9f,,3 years,Own Home
b97ce0d9-d5fd-4a03-85c4-e39527403aad,1593207,10+ years,Home Mortgage
d39c970b-ed77-43a5-9bdc-672aa33cbf39,1680417,2 years,Rent
9b23d638-0910-4967-b6dd-5246d2a8edbe,568005,n/a,Rent
66320a29-4783-40fd-aed4-9353b896c15f,1060884,4 years,Home Mortgage
222f5fa2-4172-481a-959c-dc43df97a446,523431,10+ years,Own Home
f486a2bf-f364-4d98-a804-460f197da2e9,1123470,10+ years,Rent
2380aebd-6e8b-433d-a669-03dd91592b33,1196411,10+ years,Home Mortgage
80e927fa-6981-410b-bc9d-908509be2f74,676647,< 1 year,Rent
4c695237-4c8e-41d0-bf15-b95ad441b151,421762,5 years,Rent
3e0ae89d-fc18-4974-835c-1ec3625fa089,1633088,3 years,Rent
05c43efa-7f32-4dca-b667-800f25a68a1d,,4 years,Home Mortgage
0e595826-4897-4760-b1db-21f4f6955dd8,1245374,1 year,Home Mortgage
91850cb2-6c76-47e3-807f-ca63beea4fac,1260821,10+ years,Home Mortgage
a8b04fd9-98ab-4eb4-99e2-3e662253ece4,1506168,6 years,Home Mortgage
99c9621a-aa1a-4402-ae4a-067d673e6bcf,591432,3 years,Rent
89ce2ea6-f9ff-49b7-9955-ca0e5b5d4140,1601909,5 years,Home Mortgage
408e047b-7122-4662-b9c1-96e6b3b62adf,1323141,2 years,Own Home
db31122b-39db-4083-83dd-fee5f55c382a,2374525,< 1 year,Home Mortgage
e76ee11d-6163-4b7f-ae32-11655db9f67e,130150,n/a,Own Home
e465fd8b-2fc8-4584-9425-b317766e01ab,,3 years,Rent
c8836bfe-9c6d-42d2-96ad-90f1d4e8a772,2656542,3 years,Home Mortgage
c1719630-6891-499e-a810-7a0247b1c6ad,762014,5 years,Home Mortgage
084db29c-2976-42d9-b5cb-54a65dc1f801,2271336,1 year,Home Mortgage
73cf4e72-060b-4d4f-94e5-fc129055cd5a,999818,10+ years,Home Mortgage
5a445a0a-9bee-427f-9a9d-74d681580d51,2881065,10+ years,Home Mortgage
ccfd64b0-0f63-4cfd-a71b-e38455a61107,2113408,10+ years,Own Home
6415b38b-67e7-4a34-988e-f2916b982dc2,553755,2 years,Home Mortgage
c8ebd662-07cd-4647-8b78-4836103698a7,,n/a,Home Mortgage
d2b88f2f-f5ec-4f74-a98d-9caec6cc186b,,10+ years,Home Mortgage
0b7dd4f8-3d78-4018-ad57-7cf304505b28,1888980,4 years,Home Mortgage
f1bc10aa-fb25-41c5-b655-9942f0c99e7a,814435,10+ years,Rent
ad113fdb-f681-4bc3-884e-710cf6c4b785,4373971,2 years,Home Mortgage
faef4ada-b0c0-430c-9221-b0e8433ca834,1158810,3 years,Home Mortgage
16c8b599-9ffd-407f-99cc-4e962aa21d7b,327142,n/a,Home Mortgage
bc5dc294-692f-4087-9f7e-bb0b25851f1e,835487,7 years,Rent
7047cbe0-1a61-43db-814d-bbbd1acf2984,,10+ years,Home Mortgage
b3352ead-a533-4fef-8b68-4f07fca11917,501866,8 years,Rent
6398fb12-aee5-40bc-b2ae-3cdf0374dd59,1499480,n/a,Rent
9ddc95f5-891c-48ba-9776-b97afe6f4e3a,762280,1 year,Rent
3093d442-6937-4ef5-b180-b44015092dcd,533387,10+ years,Home Mortgage
d40ab593-bfea-430c-be5f-b2a7e1c34c74,989254,5 years,Rent
b26fa528-6c4e-436e-ae39-5fd6557999bf,,5 years,Rent
eb94dabf-87ab-45c9-b86f-d14c3024940a,,10+ years,Home Mortgage
8bb0469b-6abf-4e0e-acf2-798f9160aff3,1047755,n/a,Home Mortgage
058dee20-d0cd-49be-bd99-ba3f3773b572,,10+ years,Home Mortgage
f8919d78-aa9b-4f06-9ce3-754c50179bbe,999989,6 years,Home Mortgage
66c80f87-b6e4-4270-94ce-89df99b06731,1178665,2 years,Home Mortgage
569188c2-940f-4a98-a482-2662d1ad8dd7,966625,2 years,Rent
440b7149-1554-498b-acc0-d841c6a6eeb9,2264192,4 years,Home Mortgage
ddbcf518-cdc4-47aa-8803-ab8410b6fae7,1364447,4 years,Home Mortgage
9091adf3-4c62-418f-9606-7b0864e8aac0,,n/a,Home Mortgage
8ba64ffb-0ab3-4cd2-9be1-2e30ccdadc6f,469186,2 years,Rent
0a9e19f4-4284-4a49-a733-6b94eb715f5b,,5 years,Rent
c1486c1b-a1fa-4da2-b806-e0b2adc419cb,1264279,10+ years,Home Mortgage
57a05148-50d4-4b27-aafe-c92c396bde80,1331064,10+ years,Home Mortgage
17b10295-6c97-4240-bd8d-c8b76c2ae663,,< 1 year,Rent
80852b74-ed74-4aaf-924f-9dee23036230,2317525,5 years,Rent
afa3c6d8-8d3e-4955-a25d-6a83c895ac0e,4827900,2 years,Home Mortgage
42bab313-9b58-4f58-b158-a90a5fe51afa,2257656,6 years,Home Mortgage
409a66cf-57b3-41ac-83ba-6a614bc0561e,761311,< 1 year,Home Mortgage
46405f44-bc3a-4afe-a261-30fa2bc27d8a,,2 years,Rent
1baecf40-32b4-4cb0-9b62-17703b38212a,,10+ years,Home Mortgage
02d5ab3b-40c2-45d0-a7ae-074e44a3b2df,1928880,3 years,Home Mortgage
c4ef5203-c838-4df5-89b7-0a48eb349b74,,3 years,Home Mortgage
f5597dcb-c3f4-4b80-ab7c-af4da4660fe8,882569,5 years,Home Mortgage
e43bb2f8-c360-401e-a8cd-5d412951f447,,5 years,Rent
d0cb80aa-2785-4ba7-9876-b12dee63fe4c,561165,3 years,Rent
749e4a33-0e96-4f28-a733-332dc1c27e19,2228472,2 years,Rent
822b2c73-18ed-48ac-ad35-dccb56db49c4,,7 years,Home Mortgage
7ad9c7e2-b22a-4a69-947b-739c4bbcae79,1325744,10+ years,Home Mortgage
29bdf4e0-93fe-4666-bc4b-2fed29f2b927,2016337,3 years,Home Mortgage
bc7a7792-deb3-4a25-8d18-25408a91e84f,,3 years,Rent
c7a79dee-2b9e-4773-8891-867c8122165d,,3 years,Rent
1fb91e6b-f456-4879-9825-977876ead39f,565497,3 years,Rent
dba27d39-2a75-4aa0-b35f-32f1a0fe0323,1612416,7 years,Home Mortgage
ab6346b8-0fa0-4a57-8e13-b3bf659fabf1,2067219,4 years,Home Mortgage
58b55e1c-9ff4-4757-9411-d2bfb2123ea2,1976969,4 years,Home Mortgage
73b4b8d7-680d-43fb-b4c8-f88054c97dd3,460237,< 1 year,Rent
bbbe512e-d476-4b5a-8731-432d959e8be6,1625659,4 years,Rent
af284016-5bb4-40ca-ba49-c4135d46fca9,851751,1 year,Home Mortgage
da297fc9-5064-4c55-9209-0bc8cfffff21,1974651,7 years,Rent
bc70bc93-4450-4e37-a999-e86c2b447c66,1015189,6 years,Rent
9c3d8eb0-524e-4d78-b6a9-501cc090e023,1046672,< 1 year,Rent
f6939560-215b-4c3c-8cee-1c2a4175b45e,,4 years,Own Home
ed3f0e3d-b23b-4a84-ab9b-7ddcb5f8a9c0,412433,10+ years,Rent
3a54c929-f5ba-4fc0-9013-942e8fecae62,713982,10+ years,Own Home
3f135c9d-0010-405b-b36e-9a683c299549,931855,7 years,Own Home
6dd9458e-e442-4a0b-98d2-44e7a1997021,1658852,10+ years,Home Mortgage
c01b6743-5c13-40dd-afa9-51ee59ff7851,,10+ years,Home Mortgage
a349ca6b-edfa-4d84-9e27-ea20add55a4f,801591,10+ years,Home Mortgage
995d8c47-d836-459d-a556-819066d7c73e,3849780,1 year,Home Mortgage
93c9d991-e567-420c-8ccd-aec569152d61,,3 years,Rent
0aca329c-c266-4b52-93c6-9726a3dceeb5,1265514,1 year,Rent
91f5e9b4-f723-4271-95d6-e055d17cacc0,1115946,2 years,Rent
d2c3fa36-0043-4d00-b667-5edc32bf4ab9,1090543,3 years,Home Mortgage
439f6523-b3b6-4325-95a1-4bdc795f43ed,3476430,10+ years,Home Mortgage
329ff882-d559-4a45-b5bb-2dc0f65e28b8,1482760,< 1 year,Home Mortgage
152cda32-5bb2-4dcb-a4c2-fc55cf927f9e,,4 years,Own Home
93a39bd8-11ec-4e7a-9ec2-0363a02d8f68,751108,1 year,Home Mortgage
f29ee86d-b0c8-4321-8e35-0065fd280caa,1614506,9 years,Home Mortgage
a49a176b-853e-426f-8b34-e858743f5324,805980,10+ years,Rent
c0ba99cb-910b-4fa8-aefb-27f796620c92,,< 1 year,Rent
64c10b97-6de0-4b58-be6f-88ea1dc8058a,987506,6 years,Home Mortgage
114b0e6f-55fd-429e-96c4-78d8fc718bf5,1233214,4 years,Home Mortgage
d8aa0a3e-45a7-4b13-a2d3-7a0fc926948c,1227001,10+ years,Rent
4ff35a2c-3d19-43fb-9d9e-7719487bc451,2070563,10+ years,Home Mortgage
0a33ed2b-6bad-482f-84b0-0058111f137c,727472,2 years,Rent
64727726-9d90-4b08-9cf1-8b134194af67,1603505,10+ years,Home Mortgage
6e74edf5-0498-4171-9123-f7f637520240,2848575,< 1 year,Home Mortgage
0e8baa0c-f09d-47bf-aa8e-dc5ea7e66ea7,,10+ years,Rent
63500d2f-d5d7-4c9b-91e1-a9ac99577dc3,2331300,10+ years,Rent
5cd8efdf-7559-4e77-988f-0a36aa541d77,1664286,3 years,Own Home
eb899330-fbfe-4e6f-9aa3-988efe2e0ff7,2920680,10+ years,Rent
1ccf465d-ab68-4f3a-a4a2-0de9245bbc82,871815,10+ years,Home Mortgage
fdfca8aa-dd00-48d5-b2a9-90dc6a900bc4,568461,4 years,Rent
2a424911-ad4c-4a4e-b090-171ce7343ae0,1456217,3 years,Rent
0dbd9e78-c46d-4580-bbff-92e0fa05a81a,1449795,7 years,Home Mortgage
98bd7cdb-285a-4ec5-ad1a-3be0969bcd29,667470,3 years,Own Home
d06f25d8-1613-4d44-b39d-00a0ffcf7d27,298680,n/a,Own Home
afc369db-3b5f-4213-9161-02e4f84a393e,1165878,8 years,Rent
cc1f3bec-4f9d-4b71-9b0f-740f4ff06536,549385,6 years,Rent
2b60266a-59eb-4946-a8e5-51bad898af83,,2 years,Home Mortgage
9d896382-2c92-41ca-9ad1-4a250baefb45,936605,10+ years,Own Home
418d8834-80dc-4a7f-aeeb-83eab184e182,,10+ years,Home Mortgage
2d333e09-6421-4116-8ea1-3e2243b2008c,,10+ years,Home Mortgage
7e42e8ca-9400-45fe-8d1a-906cf54ab275,1507536,8 years,Home Mortgage
6dddb73f-2c48-4bb6-bdd2-5899aa2d62eb,1594955,9 years,Home Mortgage
402869a7-5fe5-4c30-800c-ad6eead68579,979279,6 years,Home Mortgage
de622b7f-b989-4823-83be-34c9a4add1c8,251123,10+ years,Rent
43eafa35-5211-4bdd-917a-03e9a35303b5,2532681,10+ years,Home Mortgage
654880e4-8ff7-4dea-ac98-9e0f6bdf5d91,,< 1 year,Own Home
43becc76-282c-411e-b9ea-571f39d51b0d,,7 years,Rent
4041a4ec-c425-46ea-b6d2-7cdd656ba452,825341,10+ years,Own Home
acb8d41e-3079-4bc6-9523-8bd258fbd243,16244088,10+ years,Rent
746fb0fd-570c-472c-8ae8-6ce4514b11bb,1332660,5 years,Home Mortgage
d11ba540-ad21-4443-8cdd-18c7f49e5b36,,9 years,Home Mortgage
91ab6dc1-a624-44dd-bf23-2b16f0c42474,2904435,10+ years,Home Mortgage
38b042fd-1620-4c63-a34e-033b07a49d93,1020034,4 years,Rent
2376b7c1-1ae2-40a6-9c5a-6887bb4227d5,1246115,< 1 year,Home Mortgage
3f04643f-63bb-432c-83ed-3030654a13ce,749664,< 1 year,Home Mortgage
fae3429b-aa77-4d29-924a-61f35cbcd57c,1672551,10+ years,Home Mortgage
4b742f6d-2866-4e4a-b895-17b89fe06ac6,1142622,1 year,Own Home
452ffca1-ace3-4f4e-b598-f134c7ce4c1a,,2 years,Home Mortgage
729779f0-7f8e-4bb6-8069-1c7f090e0400,,10+ years,Own Home
5798f779-873b-447c-922d-0ad404b23d66,1654805,3 years,Home Mortgage
c98845c3-5604-4d39-b199-357ee9a7a834,1484641,10+ years,Home Mortgage
5e9fb8fe-cd72-4e0b-92d9-8410432f68ca,1878340,< 1 year,Home Mortgage
807ce5bc-54a7-466c-b687-9ae86d2a8758,2232348,3 years,Home Mortgage
babd5e49-3dca-4191-b304-d56940cf31fc,652175,5 years,Rent
e8e5cc52-7eeb-4bb3-8dd4-4e40fb7f0cb9,2091938,10+ years,Home Mortgage
369db2ac-75cd-4f52-b272-9284150657e3,4150702,9 years,Rent
cee71a1d-6e10-4ead-b5bc-681925745acd,909302,10+ years,Home Mortgage
7a37fc83-4717-4cb0-ac23-39f26464f514,2490501,10+ years,Home Mortgage
a3d79902-a33f-4a7d-93c9-61305c0feac9,848255,1 year,Rent
fb451cf2-d04e-4297-bdee-58871234d662,,3 years,Rent
a5ba8d2d-45ec-4fa9-9094-86a5c0039315,1919380,10+ years,Home Mortgage
96b6ce45-b2de-403f-9535-887408129793,1577057,< 1 year,Rent
1116b2a1-c3c2-49ac-ba5d-7a0b5e40507a,891480,4 years,Rent
7df38e8d-54f1-41cd-bb9c-5692c4c34873,1034360,6 years,Home Mortgage
a034d1d7-e243-4d92-806b-064001f6f735,1450802,10+ years,Home Mortgage
03b50df6-07ba-4842-b150-37362f7aefa0,1428363,< 1 year,Rent
47beabdb-fbeb-4f4d-927a-39d24d86bd89,753445,7 years,Home Mortgage
20e3357b-311b-4d0a-967e-f172ff6af144,200640,< 1 year,Rent
103d6775-e58d-4703-8655-f0537c6fbd30,1535200,4 years,Home Mortgage
dfdc9137-c978-4c06-a8e1-821b86d8759c,790058,9 years,Home Mortgage
d428bc24-4b78-47de-8bd5-75b5368792df,904286,3 years,Rent
5c12b430-eb06-44d0-ae9c-347d01902d45,,4 years,Rent
3b8a1624-af66-4d7e-add1-7f48100adfd7,1853450,10+ years,Home Mortgage
c9e013fa-3862-47dc-a899-e8fd2273c0aa,1089555,9 years,Home Mortgage
ad2ab376-db6a-450a-ad36-821e7fb01cb7,1684521,10+ years,Home Mortgage
a16a416c-9938-47a0-b369-c499aa6a05e6,1865040,10+ years,Home Mortgage
ed8c2305-4c4e-4d40-9f49-61ef05967b18,697471,1 year,Rent
acf606e5-11a3-4500-b386-0c4dee866bb8,,< 1 year,Rent
391b24f6-804b-46f2-8781-4032c098d80f,,4 years,Home Mortgage
779e3074-4fb2-417e-ad27-e62c69c77b2c,422199,n/a,Own Home
ef4cd1d7-1984-42c7-ae01-69e70256c2b3,,2 years,Home Mortgage
88c069a6-d981-4922-a573-979a4ad07743,2017952,8 years,Home Mortgage
cee908c3-01a3-4d32-9e23-5687899328a9,,10+ years,Home Mortgage
c52374d0-77db-4751-9564-d36f221deb96,574731,3 years,Rent
ad44fe06-b705-42e5-b31a-4549101f1b43,1492640,10+ years,Home Mortgage
27a287d6-00b3-4f1c-aa45-a3bf33f0b607,723729,5 years,Rent
3a9c1e4d-ee20-47ff-952f-4db75ed27422,2699083,5 years,Home Mortgage
00def9ce-347c-425e-b84c-b0057b7723f1,1143876,5 years,Home Mortgage
c6ca0bab-39ad-44b3-a6fa-6c70282d3430,670985,10+ years,Home Mortgage
31a80fcd-5365-42c0-a211-90bba622a398,,10+ years,Home Mortgage
2401ac9d-9a90-4af3-b4c7-a6082c82b343,1368342,6 years,Home Mortgage
d3301fca-9230-4835-abf0-73e5c0c96a99,3834238,5 years,Home Mortgage
07b0934d-0fd6-4f31-8d62-cfb74ed17d4b,406942,3 years,Rent
ee47a21a-9d07-44c4-9529-c1b179a984df,694925,10+ years,Rent
c122047a-ecd6-4012-a01b-c3b0cf79c323,1699740,2 years,Rent
fcca8e0d-2fbe-4bf3-ba82-b47e44033287,2331642,10+ years,Home Mortgage
a5a579ed-d926-4490-be69-e1aea4f2d102,1177411,10+ years,Home Mortgage
af5923a2-1c20-400a-9381-bb0b17e03e04,2683408,8 years,Home Mortgage
182bbfaf-9d7c-4e04-89f7-aec7d2270387,,4 years,Home Mortgage
93e58e60-f98d-4241-82d4-0fbef1dc9fae,1486408,10+ years,Home Mortgage
721e9660-9eae-4e3b-82cb-4d08113f0147,1047546,10+ years,Own Home
01a4fe56-881b-4484-93a6-491a4ae09553,1037077,7 years,Rent
e4e5c80e-3771-4196-8c4c-d6a430f32883,1043233,10+ years,Home Mortgage
20aa7475-76f2-4fc6-8573-0a3380acf0dd,921386,5 years,Home Mortgage
9b18fbed-4c07-4d22-b95d-bb88d5b9d260,1114008,10+ years,Home Mortgage
ff019ec0-1dea-4df3-96b7-ddc3a486a5bc,2434717,2 years,Home Mortgage
d8549b8f-87e0-43ef-9290-761fa3cb0b93,789982,10+ years,Rent
dcf336e2-e949-487a-a2c1-3227813d4f9d,1878017,8 years,Home Mortgage
1654b775-166c-4eeb-9c74-4aba7cd1e583,2314884,10+ years,Rent
cc367161-2e1a-43f4-a491-eb4e95b5f08e,574104,4 years,Rent
d8b5b7cc-98c2-4d58-9027-7a58c6ebe77f,274930,n/a,Home Mortgage
ffe7f5c9-0aae-44a3-b729-3beea61e091f,2303028,2 years,Home Mortgage
dd350b63-e0ca-49f5-b6e6-ff4afcefef74,1130196,9 years,Rent
0245492e-e198-4a80-bdee-d439dabf89d7,,2 years,Home Mortgage
98aac5bc-6c06-4320-9c09-7227c0b6f0c8,1522166,10+ years,Home Mortgage
922e0435-5087-4cf9-9a24-068f89e3e2fb,,6 years,Rent
4c2e9184-3f5d-460f-9dfd-cc95bcecc63f,950000,6 years,Home Mortgage
c6d934e9-84d3-4584-8626-b1ff2eb31016,,4 years,Rent
dcd9481a-da02-4277-a087-15f03930a5ff,1032574,9 years,Own Home
22a596d4-ff9f-48b9-b94a-62b1071f4bcd,476235,2 years,Rent
4ce8ea35-1d00-4e83-9b5f-8838c1daedde,1163256,10+ years,Own Home
b3aae317-742a-4b57-86a1-7f85f3833b20,1945600,n/a,Rent
d4877208-8232-45a7-bc35-d743b2d7b6e1,959994,8 years,Home Mortgage
b159a41b-8b95-4def-bd2d-15e12b23a193,,1 year,Rent
e4a5af02-21a3-499a-9778-11172e3b9db7,1253525,9 years,Home Mortgage
07270293-9700-424d-ae92-96bccc6d688f,1349418,9 years,Home Mortgage
1ff54816-4e8b-4051-a93c-de8704c01972,925946,10+ years,Home Mortgage
f7c056f0-7e70-4e00-a336-4fea41a2e46f,750804,5 years,Rent
7e3bf50a-512d-4cf2-b7d3-65c7c033361b,728840,10+ years,Rent
74187e35-39c2-4010-ae0d-8bcd0544189e,2345626,< 1 year,Own Home
99183b0d-9755-4dc3-b807-d0970ceb1722,4283474,1 year,Rent
e36bcda5-a62a-44df-90fd-c9a18d7e727e,2265427,7 years,Own Home
4600a950-6dad-462c-8073-f8e66b3e24be,163305,n/a,Rent
99aaf7ca-da00-4922-8e12-cb0869aee342,1319094,3 years,Own Home
50167446-2ab4-4ff7-83ad-3f4f03050a30,1119271,8 years,Home Mortgage
c026c47a-d0b6-45e1-a977-1510cce15edd,1654254,2 years,Rent
5f0c3abf-15ea-4d8c-b58d-6bef4a52d00c,986556,< 1 year,Rent
ca943cfc-afde-4491-8d93-5128c8db3739,940500,9 years,Rent
e12a58f5-8e66-4dfb-a6f2-c18ec730904d,,7 years,Home Mortgage
818731f5-4a46-443c-b00a-3cd9b9d33629,1575290,9 years,Rent
98449b50-1098-4fdd-aeea-c2a3dcd1116d,1829757,3 years,Home Mortgage
b54ce225-3acb-4727-a716-4fb159a133c8,688313,5 years,Home Mortgage
bf8c3359-7b50-49b4-b5f0-86931b49656b,637545,3 years,Home Mortgage
fcb8e80b-6334-4fa5-837b-94f8d7b5f0b5,1933630,< 1 year,Rent
a18103e8-f435-4f45-ae4f-4865390b68e8,1265134,10+ years,Rent
755dbe6f-4442-4b9d-9695-305946fe16ad,2132560,9 years,Home Mortgage
e79d0a12-9043-4aac-8f6f-59df9d987688,1515307,10+ years,Rent
5543226f-8d4e-469d-974d-0121da33188e,1574682,8 years,Home Mortgage
6cb597d6-72d9-46e0-bf83-25c3db6eae9c,564072,8 years,Own Home
08999fcf-704b-4af3-bfa0-0fa69727e888,857147,3 years,Rent
6475d3e7-6805-4706-8ff4-0525b2fa9894,1556708,10+ years,Home Mortgage
bd17fd53-c225-49bd-9b77-5fc21ecd89df,1275831,8 years,Home Mortgage
2f107f4d-b5d2-4cef-87ca-62329985d39c,3338262,2 years,Home Mortgage
b4d9c1d6-0f98-44a2-a56a-a89401543f87,1906270,5 years,Home Mortgage
cd2da422-0b63-47e0-ad2c-e151874fa7e6,2480127,10+ years,Home Mortgage
498b372e-f2ae-4fde-8ae2-203afb49cce9,711797,4 years,Home Mortgage
b78052e9-b013-45b0-9806-de6c24be96f0,1452816,7 years,Rent
0929e227-1b7a-4cdf-b6a1-5325c2ed2673,620521,6 years,HaveMortgage
104a0427-155b-48ee-9c14-844eb85d3cbc,,6 years,Rent
7eba253f-695f-4b6d-ab9b-18415823abca,1673387,10+ years,Home Mortgage
9f5c3462-02e5-4abc-8719-5f7fe937f0f9,930316,8 years,Home Mortgage
1d3ea57a-35bb-4d0f-aa0b-ccb65e5cc65b,,n/a,Home Mortgage
70963d43-a6f5-4801-9f20-71478aff424c,,< 1 year,Home Mortgage
7eef1ab1-8848-4f06-b9c2-39494f0ed05e,937175,10+ years,Home Mortgage
ee9a6c05-f36b-4082-bcc4-fffbd6f2592e,980248,1 year,Rent
2524788b-8928-442c-bad0-270a1a5e8b8b,,2 years,Rent
a854bddf-c804-4b2b-a8e7-7497e1137613,,1 year,Home Mortgage
00bf8554-aadb-4526-af99-9be0dac9c7e0,792661,6 years,Rent
8ac121b9-09bb-4fe4-87ca-0c50956b8ab9,497553,7 years,Rent
68dd7373-8d65-4973-8069-0733eda8faa9,2308728,10+ years,Home Mortgage
4f03a56e-471a-4db2-a905-e167de357968,807101,10+ years,Own Home
d594ba5e-9892-4651-9dc6-4314e1d8ac15,,10+ years,Home Mortgage
00b55849-fb6e-4ee8-907b-2ef6b108da0d,2891762,5 years,Home Mortgage
72802d6a-95c4-4d95-9486-56bbf82bcdee,,7 years,Rent
37a8535c-a156-4683-bc4f-f79d7d60e967,746320,8 years,Home Mortgage
5e13959e-c543-4da2-be02-d2a9527fd7e1,,2 years,Home Mortgage
ccc45adb-4571-4b66-a8f0-c93e1c864e54,1409895,10+ years,Home Mortgage
0852f2f1-0404-4898-888d-0514c77d364f,1848966,10+ years,Home Mortgage
bb61b766-2369-4af7-8c73-4f744bdd030d,1151628,10+ years,Home Mortgage
081daa65-4f10-4ba1-9d11-345c561e3783,1872982,8 years,Home Mortgage
a2b84f16-7b89-463e-ad7e-5864d5efd91a,,3 years,Home Mortgage
04f5f7ab-3992-4b22-9cd2-0c9b7a4eaeb4,1565942,10+ years,Home Mortgage
abf7ab94-adc9-4585-b397-9077a4b4695a,1432296,6 years,Rent
66f1813e-1581-4314-ae77-ab6e637bf65a,3642490,10+ years,Home Mortgage
1db6cb7c-7bb7-45b5-9cd0-7797dc379cef,704596,< 1 year,Rent
a9067ae3-20e0-4c0d-980b-00c2415363f2,1430852,3 years,Rent
ab6056d3-b03b-4840-9c63-36b6459b3e22,526338,< 1 year,Rent
79aaa186-498c-4bb4-8da9-836f32c038ee,746776,2 years,Own Home
b2fe8ba8-dd2e-4f94-9a43-897a41fc2823,1322020,6 years,Rent
75fbf693-223d-40a9-8e71-69aeef86e8d0,2129615,10+ years,Rent
b1b922b9-1812-4e22-a959-87cce6f52f71,992446,5 years,Home Mortgage
8a08db37-6dc2-46a4-a571-1ed55f10108d,,10+ years,Own Home
579e9fae-f951-43c4-9800-eb966919daf7,2753746,10+ years,Home Mortgage
a3b4c6df-68d7-427b-850e-63d06537f019,521303,10+ years,Own Home
91efebe9-7b18-47f9-a799-6a3d9cb6400c,806702,1 year,Home Mortgage
c39c6ed1-73ec-463d-ae97-e7d23c0462d1,1630827,10+ years,Home Mortgage
a47354c3-9256-4024-8de5-f9008c19f1c8,533349,1 year,Rent
d6090a68-7cb9-4e8a-90da-0406ca2f57e0,766327,10+ years,Own Home
cad07391-1b88-46f9-83e2-d7d8f48ceb4d,958550,3 years,Home Mortgage
af5879fa-8c49-4097-8d99-3716759b2a3f,2320375,2 years,Home Mortgage
eef4c422-ea14-4cc0-9089-7436a2155000,837748,10+ years,Rent
87023056-5f9c-4c6a-a0ee-b264125cce56,580317,2 years,Home Mortgage
63d429f9-ed96-4c91-aae3-8f17e333fecc,941070,8 years,Rent
4cb81643-6f4f-49e4-9167-cd7d8d5bd787,1482285,2 years,Rent
f5060936-b8b0-40c2-a44a-42bb7d9af7ba,2991664,10+ years,Home Mortgage
e8bfc620-6f1d-45c5-8c86-10f866790726,1916530,2 years,Own Home
f7833ddf-2775-4abb-af55-9f7fab9e67c8,1112792,10+ years,Rent
6d58bc1a-c7ce-4343-b90c-7e7ab510ed5d,1154706,< 1 year,Rent
63806988-6c45-42f1-aa87-6eed48ce5159,,3 years,Rent
8af935b3-20a6-434b-8e96-249e0a28fd04,,6 years,Home Mortgage
b0e02606-0676-4d96-8545-7271312a3b77,1366765,2 years,Home Mortgage
e7f4c93b-9611-4bed-9471-3b8db7438df2,658768,10+ years,Rent
038d50b1-426b-4b94-bb29-c1ff79bf4176,,10+ years,Home Mortgage
2e14907c-0518-4e4a-af41-7183f72f8834,,10+ years,Rent
c80e7045-4fa5-4dc6-8a12-a309beacd50b,871340,9 years,Rent
b9231709-5064-4623-b2aa-7ea7ee7f352f,352127,10+ years,Home Mortgage
f3679ac5-126b-4780-9913-3a15fd2c0d04,562761,7 years,Home Mortgage
628580d0-64a7-4821-b000-cd81865aabcc,,2 years,Own Home
133d3840-e380-48cf-8e78-400b0edfc553,1858770,10+ years,Rent
a0bbd129-278b-4b36-a552-591848e1bb33,1691874,3 years,Rent
6c2fca71-0e95-46c3-84d5-267fd63c1222,1530184,2 years,Rent
8b78a1a5-65f3-4cc1-a95f-cb4ac4b82212,1717695,10+ years,Home Mortgage
04f6e255-ba9e-4920-995c-86dafe1d430d,661751,6 years,Rent
f8fa4632-15c6-4e23-bc0d-06608a38f062,675773,n/a,Home Mortgage
6289c9c8-e763-453d-8124-825f32c3188f,654531,n/a,Rent
286fbf58-f27c-4b2b-b72a-e15dd488c44d,633859,10+ years,Home Mortgage
a8f7a545-26b4-4ee3-9baa-5acc7bbbfdb9,,8 years,Home Mortgage
4d2ec443-eaad-4970-a7e7-f59f458e284a,1410180,2 years,Rent
739156e9-29ea-4f8a-93cb-d78e10ade76e,1022048,10+ years,Home Mortgage
ad8629f9-2f2b-4b24-b193-7f6e01c3b12f,928815,9 years,Own Home
2a8a26ce-2c3d-4dc4-b8bc-c943250c6c1b,,10+ years,Rent
0ccdca1a-f81b-4fd9-b86a-ca3352dcf95d,913007,10+ years,Own Home
411247d4-45ae-47f5-8a65-5117ebf144be,660953,4 years,Rent
2be6e802-c25e-4095-a480-5c3a506e7c6d,1716156,1 year,Own Home
f3af65e6-a242-4a98-bd9c-cd489a6017a0,2677556,< 1 year,Home Mortgage
f98fec0e-fc9a-4bd8-85ff-46fcbf62ceb7,1281455,5 years,Home Mortgage
b9098587-d06b-4fcf-9c53-51a81dcc6584,933470,3 years,Rent
6c65072b-83ea-4f8b-94cc-f406e07b7f94,834480,2 years,Home Mortgage
5c4d989e-cf80-4601-b506-f53fd32970d0,1827211,8 years,Home Mortgage
ad90ab0d-2129-4c8d-973f-45967492a250,1459200,10+ years,Home Mortgage
d237fac4-6e83-4e5b-8a83-6567d5805857,,3 years,Rent
ba2e9ab0-4788-417d-932d-4879c8d3b072,1449092,8 years,Home Mortgage
dfe02b2b-3973-4711-93e9-0d98a0198fd8,1009622,3 years,Rent
91aa20f7-f2a8-4344-96fa-9ba5401917b8,,3 years,Rent
14f2f9fb-6a3e-4889-87d9-24d43009ac64,1037172,2 years,Rent
ede46595-0862-4f01-a75c-9acd09b6f81f,,10+ years,Home Mortgage
dc755ef2-1773-4d3b-8b6b-668bbae290c5,1205550,1 year,Home Mortgage
a0b37680-36b9-40bd-96a2-90c66828ad29,470725,4 years,Rent
3537c0ee-6481-4e17-964a-06c895119c92,1126434,10+ years,Rent
81d35fe2-84c4-4a1f-b729-dfbec6be588e,582882,10+ years,Home Mortgage
95a5b36f-adee-4a14-a789-180853fa34a0,1674356,< 1 year,Home Mortgage
b882180a-f04e-4668-acde-2f7589d0b241,1310050,1 year,Home Mortgage
cbf6c5fb-b07a-4774-a2e9-a8f8cc5a8a2a,902158,5 years,Own Home
c5048530-a5d6-47a8-bff4-14d352b5fc47,563274,1 year,Rent
5b812435-0166-4fff-be05-7920a9194a1a,747916,10+ years,Rent
159555b5-5bfa-4d1e-a364-3cc680a4c12e,1299942,10+ years,Home Mortgage
65ac4ffc-49d6-4349-8a22-f7e6952f50f6,1438300,4 years,Home Mortgage
dd679c7b-bed0-4ac5-9ab9-466cb4fcb18a,1321355,3 years,Rent
54a07729-6431-4f28-b980-21a9d3f0af6b,189202,1 year,Rent
7a5801cc-a907-4c4f-9758-34b259eadc55,964060,9 years,Home Mortgage
c40d8b8b-f09e-4fd5-8433-0296e704036a,1223885,6 years,Own Home
6c9ed477-92df-46e5-bd42-39c14b8d3256,1723338,10+ years,Home Mortgage
e44dfa5c-4e14-449b-9156-9f1710b1b516,672505,n/a,Rent
b4f8d88e-6774-4b8d-995b-4948c4a9c1e6,852644,n/a,Home Mortgage
66814a06-7faf-46fc-a9a1-0f16e2196ad0,996797,1 year,Home Mortgage
019be359-f5f1-4512-803a-b2128b20d0f6,754300,5 years,Rent
14ce830e-f05a-4a6a-8304-c9df0aadede9,,2 years,Own Home
77022a54-bc5f-492d-a587-19ea45edf6d5,,6 years,Own Home
38f9aeef-0338-40a2-b7dc-270d74e7f9a1,1307789,7 years,Home Mortgage
9631e0db-945a-448f-8b6a-fced780041dd,597075,8 years,Rent
590a9b29-7e23-46ff-961a-3cd749363933,1641334,10+ years,Home Mortgage
4d56bc73-6c04-480a-925c-c849618fe2d5,,10+ years,Home Mortgage
21a5df4d-1a67-4813-ba6c-0571f3819e96,819527,10+ years,Own Home
25a88695-746a-4bae-9d3c-8462fb851f98,,10+ years,Home Mortgage
7c9915ae-eed2-4213-9852-911f7b4dd273,,10+ years,Own Home
f6f58116-0fea-40c6-8192-39d292d3668e,3034528,10+ years,Own Home
efe43d03-0019-4353-80ca-8c35e6a57055,481175,10+ years,Rent
81dcef82-daa4-4c35-a37d-2c8c2d9edea7,1320424,10+ years,Rent
64606842-6c1c-43b4-956e-45986650387b,1324813,8 years,Home Mortgage
7de8014e-23d2-4772-9105-0778ab1502c1,,10+ years,Home Mortgage
d3bf063e-b1b0-4f67-bc1f-21e1ffc369da,,7 years,Rent
4be99a5b-20e9-46fa-8640-74e99cb78596,853385,n/a,Own Home
c906cc3e-edf8-4f17-b7d9-4e8ee6e5715c,1145586,10+ years,Home Mortgage
5606aca5-3147-445d-9eeb-2879184c9267,481992,3 years,Rent
f1a9b058-21a6-45e7-aa47-8fb85bf79049,,4 years,Home Mortgage
57c97ca8-64b0-4e3b-90fe-0a4d22c7b3d5,947340,1 year,Home Mortgage
610130af-414c-4962-a803-2f5262652e5f,1872640,2 years,Own Home
c455d1c6-9dd1-4fe2-b911-4387c861d91c,766308,2 years,Rent
a9198aa2-e2e0-4cab-8b10-2538e8317661,1008558,6 years,Rent
9848c8f9-3c9c-4dd3-bcfe-48bc7f2e69e0,1115034,10+ years,Rent
12a2fb70-bc8d-4dbc-bbb3-68f992bc49c9,,10+ years,Home Mortgage
9b7ae649-d366-450f-b216-feb451b36b88,819128,3 years,Rent
47d2a334-20c1-4616-b42e-dff35e2698fc,,10+ years,Home Mortgage
7e541424-ef44-4cac-8ddf-c1362b85fca6,,2 years,Home Mortgage
ed6d3a88-2d13-47a9-a780-6a82d4046e37,1208818,2 years,Rent
6f91adf4-35ac-4acd-90be-5cdc38d57604,987601,9 years,Rent
19c873bf-c5c5-46ca-bb55-fb1e698bd105,,10+ years,Home Mortgage
1f2b50c8-c649-4d29-98ea-a5fabfbb8b90,3632230,3 years,Rent
9c84a984-44d9-4e08-9b89-c5bf81af0643,1285274,5 years,Rent
cb622581-92ea-4a8b-a77a-f9c9290135f5,2352922,5 years,Home Mortgage
cc9779ed-1d52-4203-aa87-ecec4437913c,2847150,10+ years,Home Mortgage
1c48d084-379b-47cf-862d-b057f2cde38c,,< 1 year,Rent
b99f7805-a781-48c6-a4c9-b55252a48839,931665,10+ years,Home Mortgage
ae2b402e-7f43-498e-99df-baa6690fb73f,768246,2 years,Home Mortgage
67b0c4f1-ff00-4755-9e53-8e59136fdc86,2362422,9 years,Home Mortgage
95219375-e79f-4571-a55d-6faf8aa6b1f6,3586972,3 years,Home Mortgage
5c5cdd97-5843-4713-9d43-3b4a77015179,1244139,n/a,Home Mortgage
c350b615-de5f-4f77-aeb1-34366b6f3e54,1451619,4 years,Home Mortgage
2e884f92-4b32-4cca-a2bd-d8664a3b6f78,662340,8 years,Rent
e3b44404-9ba3-4672-99da-5c2b1c57f93e,1260688,10+ years,Rent
ea0f67ce-a86b-4a3e-9744-0a887af163cb,,10+ years,Home Mortgage
401f2f68-957b-45bc-9a29-ef08bab1718c,1839485,1 year,Rent
4618d08e-547d-4371-89a1-c993f0d42652,,2 years,Home Mortgage
86082001-879f-4461-92c3-944ecd5ae7a3,,1 year,Home Mortgage
819ee167-f293-4e1f-8f8b-2d77a901467e,4153894,2 years,Home Mortgage
cfdd18f3-9632-45ae-9694-058827797b0d,2522364,10+ years,Home Mortgage
ce80f84d-4fc4-4a66-8875-66b12641e46f,6750852,2 years,Own Home
ffe6c960-298d-4a61-8cb3-b3f0d24751ba,1501152,7 years,Rent
c728b0d1-4140-4a88-a211-b4961ac4a815,1846154,10+ years,Home Mortgage
8486a25d-61af-428e-86e3-4d120279483d,1583346,5 years,Home Mortgage
da973f7a-c93f-469f-9bf1-a4b6e24f1b29,1910241,< 1 year,Home Mortgage
ccccb32d-9552-4d37-874b-a0c7af557067,3499192,2 years,Rent
82653ac7-ab98-43b1-886f-c581d1f47760,772065,10+ years,Home Mortgage
8a52b3e4-826e-426e-a191-6bdc56c790aa,,9 years,Home Mortgage
b2ae9f3c-cf81-420a-8e94-8d4792072631,1857934,10+ years,Home Mortgage
01fafed9-845d-4f24-8ec4-2fb3d8ea878a,1388520,5 years,Home Mortgage
abcc8914-c9a3-4be6-8e87-6baebd9aff31,1581731,2 years,Rent
f6ddd376-2b42-4901-9e99-dc560bbbc3a7,681131,5 years,Home Mortgage
c5d1f66a-9850-40c4-979c-d00d64ab286d,1117656,10+ years,Home Mortgage
ebf022cb-6120-4895-b90f-7cd9f3c61e18,628444,10+ years,Rent
c230bbc6-bf8a-4636-8e0b-38ba41bd78b4,,10+ years,Home Mortgage
f02e8338-1659-4df4-afc8-04c2c1c7cef7,1641809,10+ years,Home Mortgage
3227160f-b365-4621-b0be-2d4d99ed337e,269781,1 year,Rent
5accf144-0ec5-4df4-ac2f-6573dd5977d4,996151,10+ years,Home Mortgage
09f3dded-7df4-4440-8fd8-cc1ef5b60794,849623,3 years,Home Mortgage
7ec78d4c-0286-4b57-9809-e5c1519adcbf,1750356,10+ years,Rent
76bcf4f7-e914-4843-9edb-da75525a6632,1032783,10+ years,Home Mortgage
a7f75c11-3330-4963-8b43-a4bc6d56c4a2,1795443,10+ years,Home Mortgage
09c6f19e-b8f3-4af1-9b5e-d70e6539bf2f,1012168,10+ years,Rent
9cf92016-bf65-4ed4-a2bb-0ef392ff69c1,967290,3 years,Rent
4976b193-5e6c-4556-b560-b21e78c6a617,,n/a,Rent
1d2be8b4-7c7d-4421-89a7-954db2eb438e,9434450,4 years,Home Mortgage
99bf1fd3-f8f7-470d-8967-ad20d184519f,928625,6 years,Rent
6be88541-b24a-4072-a7a8-d7ea704612ab,,7 years,Rent
ceadd48d-8350-4447-bf79-8ddadfff2139,2559870,10+ years,Home Mortgage
7c7e0b70-2cbe-4209-b781-cdc6f3a2ff32,,10+ years,Rent
bbdfc9be-97a3-44a4-9239-9250afa2a698,863645,< 1 year,Rent
25b6aed0-87d4-4808-b9e4-46443187d290,1105990,3 years,Rent
66ed7648-438a-4ecf-ad05-05320b04a5d3,1684863,10+ years,Home Mortgage
7f46f9cc-826a-46df-9fce-d29bcb232a8f,1435830,10+ years,Home Mortgage
752366d7-6ed7-485e-bbe9-00bd87fcf62b,869877,2 years,Home Mortgage
138bad03-4197-4b3e-89da-1982d6857751,542089,5 years,Rent
3ad2ea1a-3467-48f5-a746-a608d90d9204,956460,< 1 year,Home Mortgage
4bb2328c-6eb4-4b40-b6e6-78d43da1d6fd,1308986,10+ years,Home Mortgage
f936621a-6fc3-4407-a147-caaab5b06855,,< 1 year,Rent
11bb6e8b-f412-44a5-86b9-236a48848417,289997,n/a,Rent
cdd91bee-0bab-487d-9d7a-1e608a298a3a,858268,3 years,Rent
b4754fae-8a50-42b3-a826-c8b9b509eac7,348460,n/a,Rent
d2a1123f-8b41-4efe-850c-83b290b0db94,,1 year,Home Mortgage
17426618-0ebd-4855-a5fc-3913e835918a,1221415,< 1 year,Rent
86cd1c8d-f987-4f0e-8210-00bfbefc33cf,690422,6 years,Own Home
a462aa3a-83d3-4e87-a362-803e1cbd35f1,650503,< 1 year,Rent
a048cd1e-b3ef-422b-a4bd-9fc8f7332677,1327207,5 years,Rent
9545d44d-7301-4547-bab1-07c1485fc89d,802541,2 years,Rent
96dbec88-8ae1-4fbb-b677-8c40fe283c9d,,5 years,Home Mortgage
c44070fe-c42a-47d3-b655-e63ea4b79aad,845443,10+ years,Home Mortgage
dd7f5d6e-745c-4df8-bbf0-b8226546e973,2048200,10+ years,Home Mortgage
41973d1a-1ee0-47f3-b224-c78e22b52e24,2603266,3 years,Home Mortgage
2dffb6c5-7850-4480-804b-e6953a6f8585,,n/a,Home Mortgage
d47248ec-88aa-481f-9cb3-3cc269a25569,388702,1 year,Rent
06c00c09-8452-4f10-87a3-226bd64328db,1582947,10+ years,Home Mortgage
28e028b9-db10-4d31-b9e1-fcd6dd6c197c,,10+ years,Home Mortgage
8f2e479d-3762-4918-992a-54a170912459,818140,1 year,Rent
ef40ef2d-e9b7-4e45-b9d9-5194b61fce03,,10+ years,Home Mortgage
0eea91de-a247-4709-8d7e-42851e60c936,1081176,n/a,Own Home
800efe74-f9ac-42ef-8a60-0fcf3d6dd2a8,1118226,< 1 year,Rent
aedc7074-6d93-4071-add9-26c6f182aa3b,987658,8 years,Rent
0d36adcb-89cb-4bd8-a197-5503f8f0598c,1322552,5 years,Home Mortgage
677268ac-ddad-439b-a485-44087a8ff134,1352743,5 years,Rent
413bed28-7c04-453a-bd6d-e62d62fd8541,2693022,7 years,Home Mortgage
f1db382a-fb09-4059-91fb-907b4ecd2763,,3 years,Rent
697565f1-1825-4862-848b-33e027683660,1078858,10+ years,Home Mortgage
26fa90ab-7822-4485-ab42-0555f4290fc8,,8 years,Home Mortgage
59c5fc31-0b33-4a4c-adcc-020b33f9913e,1319911,5 years,Rent
4b17b2da-1089-466c-baee-b6c502cb8174,1004701,10+ years,Rent
393566ab-67eb-49e8-acc4-c73dc862bdfd,794200,n/a,Rent
02fae82d-32d6-4b3a-bcba-c9ea9a78acec,861992,10+ years,Rent
61967006-a422-4377-a7a7-1bd1f8b2bdb7,955225,5 years,Rent
aafc4f89-5139-41b1-9c57-5b83bf0c4a99,,n/a,Rent
80f9616f-6718-4f43-9b84-6570e3696f97,2614761,< 1 year,Rent
77aae75c-05c3-49fb-9524-04d5e8050a07,,6 years,Rent
ec362a71-e1a5-4024-813f-c37d4b84568c,445379,7 years,Rent
1157a70f-7e68-41dd-b9f1-488d2e4c73d7,1416165,10+ years,Home Mortgage
2baa1fa6-c1f9-403d-9c4f-a99d641380c0,1775759,< 1 year,Rent
4d965e85-ce2c-4fa6-a1e5-0c83628ec1c4,1006677,10+ years,Home Mortgage
f780d201-50be-4868-a9cc-d4bf366b5032,,7 years,Rent
5c7cfed2-2d37-420f-8910-ed874ca83c39,1413752,8 years,Rent
5fbcdebf-59ee-4c12-be04-f2f851d11593,,2 years,Home Mortgage
2f1d9554-d24f-46ad-9196-0eceff9622c9,,10+ years,Rent
6e3a3172-658a-46cd-ae69-6c62acc4e347,844569,4 years,Rent
81a28a4e-d5dc-4047-bd58-b156cad248d6,520619,1 year,Rent
c25d1588-f12a-48c1-a72b-b02d3f7137be,1426596,10+ years,Home Mortgage
b6191d6a-54ae-4c54-b4f8-1cc1f93eb77c,774516,< 1 year,Rent
a7cab8da-8df9-4b47-9711-0c69e763cad2,1077414,8 years,Rent
8c0ab0b9-ba55-4966-a08b-17e0b5a1276e,1344896,2 years,Home Mortgage
68f04ac5-71ce-4527-8b9f-b514b5aa48b0,1925650,2 years,Home Mortgage
9884dbcb-353f-4df6-b20c-8cadf2a2d1b3,,7 years,Rent
d66c6a64-9d14-4886-b16d-fd7aead63fc4,1990231,10+ years,Home Mortgage
2e868d64-054e-463c-b7b0-a0b057c3a1a4,,3 years,Rent
d6effcde-0b56-4348-88dc-a44dd38bb7d3,1076388,10+ years,Rent
120c58ce-4ea3-42f4-b3b7-4448e3acdb98,909796,5 years,Rent
01637df8-c545-4f79-86e0-2e746733e02a,,2 years,Rent
cbd2cf9c-1d85-4a11-81c9-9f3c1d141118,,< 1 year,Home Mortgage
7edfccd6-2739-499f-9ab3-f09cfd8e737b,1120392,9 years,Home Mortgage
2534262f-0fcd-4424-8c27-8212443534b6,1842544,< 1 year,Rent
356481be-53ff-4a77-9156-c7bd9543665f,2781885,3 years,Home Mortgage
47c07716-e066-496b-b960-678681787de4,828685,9 years,Home Mortgage
42738e3d-244a-4d3c-ac2f-51386acb96ab,753692,3 years,Rent
53c3b330-9981-42fe-afe2-ec7f949bd650,1094248,6 years,Own Home
48e7fd5a-ca65-4cc0-acec-2fb6d11c3d34,1147068,4 years,Home Mortgage
a88b46ff-9b8c-40df-bf6d-59fdbd78f926,1935340,10+ years,Home Mortgage
4cc2dfdd-b628-4005-b42c-3d2ae86aec38,1189818,6 years,Home Mortgage
704e3b0f-725a-42ff-aeec-f9de869b7dd3,2905005,10+ years,Home Mortgage
1f224896-d15e-472b-8531-1df8ac28fb26,793155,< 1 year,Rent
ccd1e4af-3d3f-40e9-9278-b3c653e43318,,n/a,Rent
0befea12-ccee-49c4-a54f-eae405733b1f,1879290,6 years,Home Mortgage
5f5279d8-6e09-4a64-8a6a-d2e8f0617176,2520882,10+ years,Home Mortgage
824d17e4-538e-4377-aa43-e001f68f9e15,1586899,5 years,Home Mortgage
6be2568a-bb0c-4c4d-8f59-a66957d21c28,999362,3 years,Rent
0a9fb055-b8d6-4148-a9f6-f61d122ab19d,,8 years,Rent
8e89c657-b262-407c-b55c-b65940ee2ce6,,5 years,Home Mortgage
e9a22bac-b4a7-4017-a2b6-2f9c66bd213e,465785,2 years,Rent
17e36b88-236c-43f5-a9e5-e77effb1d5ef,813960,10+ years,Rent
06b6103a-39ac-4af3-b191-b4c4656b92a3,1938380,10+ years,Home Mortgage
28633836-0611-4f6e-8ddc-06959c81f426,2364132,2 years,Home Mortgage
2890c770-8e4f-47e2-b7c3-9f279adf8028,583452,7 years,Rent
2c5e19b8-5b23-483b-8997-f9cb148cb189,1522432,8 years,Home Mortgage
f4bcfbc9-1200-440f-9403-126d2a4df3a9,1476661,10+ years,Home Mortgage
8fc5901d-8806-4342-b242-4e65590eb72b,1239503,6 years,Rent
a5168cc8-3fc7-4c8a-8b87-16ebc4342f5b,996892,< 1 year,Home Mortgage
e5562840-d97a-436f-857a-78e590ddcf1a,1024632,10+ years,Home Mortgage
45f7d456-6b27-4c93-8bbe-a4f90d64c9d6,1236235,< 1 year,Home Mortgage
87f89e16-a5e5-4de8-94fb-22df1ec29604,1122672,2 years,Rent
4587b4e7-356f-473e-84d3-7012188faca8,709878,4 years,Rent
2be431c2-e788-458c-8a90-25b9ec19de67,1300018,2 years,Rent
7474344a-bd26-48b8-a725-a84dffc94029,988570,10+ years,Home Mortgage
8eb3b27f-a694-4a5e-8579-89ca9d438b72,1553288,10+ years,Home Mortgage
3621f279-9469-47f7-8eff-9f8e91916e95,1404917,6 years,Home Mortgage
42716957-91c7-4168-8c54-69097f7818e8,1032251,9 years,Home Mortgage
19807725-08f7-4430-bf29-0e37c884f987,897959,2 years,Home Mortgage
01faaea6-7002-435f-908b-c8f47dbb667c,1119404,10+ years,Home Mortgage
e7a402f3-6c4c-4009-87a8-8b75afcc1c84,,10+ years,Home Mortgage
b7e21245-3d58-465b-9bbd-55ed49907e7c,2423298,2 years,Home Mortgage
41770fb3-26dc-4115-8164-f1df1d199de9,405384,< 1 year,Rent
66cce1d8-9e3d-484f-8849-971ee395e4d4,1015968,4 years,Rent
de265885-6d69-4654-ae95-d21dd0bfed3c,,10+ years,Home Mortgage
180d9bb3-5526-4831-8095-dfae0de47ef4,1256394,9 years,Home Mortgage
b5e29c58-7470-46cd-9e9b-455604b112c2,,10+ years,Rent
b1cbf512-9a95-4412-8bb3-9dd336083bcd,1549944,3 years,Home Mortgage
19b63db0-a2e6-46ca-95f3-ce9f9d859a50,2917830,10+ years,Home Mortgage
2798fc1b-a8df-4619-826c-1e68186ba140,3992964,n/a,Home Mortgage
ad46b561-3b35-4275-b1ee-f81f7b744a4f,,n/a,Home Mortgage
04707f07-1ca6-4f43-a815-03b6a4411ef9,1055564,10+ years,Home Mortgage
07489401-1aea-43fa-8007-34dcab2ae96e,2797560,10+ years,Home Mortgage
1409ee2f-da30-4b11-95b3-b42b5ae9c4be,1131906,8 years,Home Mortgage
37b40f17-e2e9-4425-a345-c3d16e64752d,1668637,10+ years,Home Mortgage
859491e7-ea4c-4e39-9f60-8275d4237ad0,778905,n/a,Rent
920d20b6-9215-4547-b7cd-31a0a094e014,599963,1 year,Rent
8f271b4f-5d48-4b63-92d6-3fbbe006281b,1451220,1 year,Home Mortgage
457e5ecb-876e-4070-9e12-64fc16ceab9d,667128,6 years,Rent
a96af15f-e8aa-4989-8e4b-91e51ebf2742,2006780,< 1 year,Rent
c7003487-5219-482e-8c65-c5c1bb834492,,3 years,Rent
f4b355c8-8fae-47fa-8f6d-2eab32f63f3b,655557,10+ years,Home Mortgage
00ea5e89-7366-4c8d-b7ea-27e125d82fd5,514634,< 1 year,Rent
201280d1-a77a-4ee4-88d8-13e694a6464f,1932528,10+ years,Home Mortgage
1ecc1e81-f851-4541-a04f-7cfafe60f63e,1512989,10+ years,Own Home
cd32860d-0c5d-4a3f-8000-67cd2c5c69e4,,10+ years,Home Mortgage
92ccf78a-6a76-4751-b935-63e4d62b4f9f,,< 1 year,Rent
1ab56315-964d-47ec-8898-9a441774714f,,10+ years,Rent
ec269fa0-7b2e-4652-b67b-32f09b7d6910,1691019,5 years,Rent
67248f66-fdc8-4ff8-bb9c-fdb47f2378d1,2416800,10+ years,Home Mortgage
d8f2e512-2a9d-493b-b1bc-940d01c0332a,2222373,4 years,Home Mortgage
ba0f7b92-378c-4c3d-aad3-5f8a8eef964a,856463,10+ years,Rent
97ed52f5-112e-48a4-8c25-11a9d604db36,731006,1 year,Rent
50a19a1b-4cd0-4252-9d6a-310abc97189c,2505321,8 years,Home Mortgage
5946106a-11c8-48ab-9708-0ec0a4a25cb1,1746936,10+ years,Home Mortgage
c80d46b5-a470-426e-98a1-451c75f919f4,2198509,10+ years,Home Mortgage
67bc19f3-ea05-4213-9241-7c37c36b055a,,< 1 year,Own Home
cec1a777-43f4-4084-b2ac-e72f8cee12af,841244,3 years,Own Home
fa51f921-b15c-4b63-bac6-01c2f44da069,2071000,10+ years,Home Mortgage
519cf8c0-780a-409c-8505-70eefac81809,1555473,10+ years,Home Mortgage
91c82756-9568-4055-89ee-48fa45645d60,1177734,1 year,Home Mortgage
5f09d635-8144-4b6d-940d-d310ca4ef3d1,1551996,8 years,Rent
15c2fb6a-f5b9-4a9c-a209-3bf45d7ecfa4,1523800,< 1 year,Rent
040ffd94-c617-4fc5-9584-b9b8b9c75252,2193588,10+ years,Home Mortgage
2fe31a92-880e-4a45-9250-f22f727a26e0,1159494,10+ years,Rent
a12b83d8-a4a0-4232-9822-6c4b6d551988,681169,2 years,Rent
006c27ed-2391-41b4-a290-65832a61c886,,8 years,Home Mortgage
57cbf72f-2c5b-496e-ad63-a0d124984407,1220446,n/a,Home Mortgage
f7d68968-091a-402d-97c2-926d6169d306,,10+ years,Rent
0a841b9a-4529-4957-95ca-a2d8ede0b479,227107,3 years,Own Home
5c5c26be-a728-41a1-9b9f-54c483c629c5,,1 year,Rent
c29ae58b-1354-415f-8b13-6234af69cae1,1690164,n/a,Home Mortgage
60773b04-b888-4a6f-9344-57a3796d93e8,768569,1 year,Rent
45c9d368-9114-4abe-81ee-03881c9ee79d,1238344,1 year,Rent
88f2b2f0-49c7-4ace-a8fb-555d22de1391,,2 years,Home Mortgage
c8b0b829-99aa-42ea-a6a7-fa791a4c7575,966758,10+ years,Rent
b7d62e5d-b127-47ef-8260-a09aed3a05a2,1814215,2 years,Rent
cd9da6cf-cecd-4ae9-9cc7-46cebc647eda,,4 years,Rent
2d21493f-5d1c-4d6b-92c9-4885c01ea895,,10+ years,Rent
712415ac-9567-4372-92a1-f0827d288930,,1 year,Rent
045ca0be-e0bc-48c4-8232-459fd8224402,1535200,10+ years,Home Mortgage
208c4919-4f44-4a17-84b7-5d6276967840,,10+ years,Rent
d744a106-b262-4915-910d-f245b6b1ccb8,,9 years,Rent
e97d07c2-e5bf-43ed-a431-7af799c7fec4,876831,n/a,Home Mortgage
544923e4-062b-44ff-897d-0bddc0b4299d,,7 years,Home Mortgage
8804b184-a754-466b-84de-949f58e15660,1524560,10+ years,Home Mortgage
10e0236b-ea5c-4dc2-8684-f5a9f8a9b1d3,1066679,10+ years,Rent
bb2a0d89-eed9-4e91-88b1-e925d434ee60,1738728,7 years,Rent
df0ed40a-185e-474c-8536-49c000581a2c,1403492,< 1 year,Rent
332d82f9-5128-4a9b-8374-28404cf1393b,949335,n/a,Rent
5b2dd6f2-4b55-4774-9128-9e16fd8cb607,,3 years,Own Home
21ed9b40-c0e5-409c-8819-ebb5a7f36b98,,1 year,Home Mortgage
fd3b1b53-1f95-41c1-823e-b5ae8e07364b,1205797,< 1 year,Rent
d054c114-8c7a-41ce-abaf-83b9c3cc561f,,5 years,Home Mortgage
3066b12a-774b-4f72-88a8-ed309373adf2,495729,6 years,Rent
ea8d1802-baf2-4f08-9df8-eb71ff3b9b2d,1769983,10+ years,Home Mortgage
2b16afea-5e26-4954-85f4-c6f5cbb73dd0,2803830,10+ years,Own Home
da31c0cc-dfae-4783-a9c9-5ad5285a9853,5155137,10+ years,Home Mortgage
705b964a-cb03-4d4b-a1b0-61f33c245897,,10+ years,Rent
234571fe-bb5b-4820-9f72-ae103ff830a8,1103140,10+ years,Home Mortgage
2ea68233-adbf-4706-ae09-77d93a328d74,853803,6 years,Home Mortgage
06d32625-ead1-4699-a354-5a3f1ad754fd,,< 1 year,Own Home
19bcd0fe-748e-4016-a9f2-310a577ab762,953990,8 years,Rent
a0b15a87-1530-4b90-97a4-d9ac85b43d79,1134528,5 years,Home Mortgage
ef57d92b-52d9-4879-bb46-5373b245c279,1505123,10+ years,Home Mortgage
674fb620-662f-41ff-b251-571d815810c3,2103414,4 years,Rent
4b88bac0-d0a2-4252-952c-c0be676ebaa1,1274919,5 years,Rent
7f15ac52-f48c-4426-a9ec-f664ff941e91,,< 1 year,Rent
d38047ac-cbd6-481e-a1a6-6c947ad7c6d1,,5 years,Rent
3df1dc5a-0230-4fca-b0c7-f73b8f68dea5,,7 years,Home Mortgage
adab4098-6bfd-4b69-86cd-649d579cd933,1246742,1 year,Own Home
a0789673-b52e-4c7f-8277-fa388518bec2,1364656,2 years,Rent
05f5dd23-41e1-449e-9665-7ce84e6e6f06,942115,< 1 year,Home Mortgage
cb6a1413-c3ca-4598-b692-4c3f2175e145,648907,4 years,Home Mortgage
a05344e5-e97d-4d2f-af2c-9d6c9545770a,1854172,1 year,Home Mortgage
45b95b2f-79a6-418b-a649-1e28f64f5f05,1126320,9 years,Home Mortgage
c67f67b0-065f-4bf4-93de-675a89621a54,1671582,10+ years,Own Home
ed88b6be-9305-4dcd-af58-6b1dad906696,,10+ years,Home Mortgage
17747cd8-d0bb-4601-9a5a-e2188b15a16f,1418160,10+ years,Home Mortgage
677b73b3-7873-4895-a44c-d04ceda84823,,10+ years,Home Mortgage
364a0851-92cf-41a6-b15a-3eb9e34705cd,,< 1 year,Rent
4691517d-0505-420e-a8c3-95c3e7331c8b,2328450,2 years,Home Mortgage
0f73f6bb-400a-4390-8d67-8ade0301fa3f,1043233,< 1 year,Rent
8da33b19-f637-4ddd-b723-71ed48524461,,4 years,Rent
5376e89e-df25-44a9-8421-2970aa3e330d,279528,n/a,Own Home
353057c4-7839-4ec2-afa4-58127d680db4,6713460,9 years,Home Mortgage
304143c6-d619-48f3-9807-61371b47a230,1374935,2 years,Rent
69bed78e-978d-4104-a161-0de5cc3eefee,,1 year,Rent
4e3470dd-428b-4cf6-9747-e6651d5c434e,481612,5 years,Rent
f497776f-aa19-4f04-9bbc-cd44230ccf18,1835001,6 years,Home Mortgage
bd9ee751-873e-49e4-b859-3d6ca831a031,1779464,3 years,Home Mortgage
0db2ba01-3030-4177-b1ee-0fdfecc5b8c8,2920680,10+ years,Home Mortgage
d1e40039-10be-4c2d-8296-c2ec343f4428,1318695,10+ years,Home Mortgage
c8717c5a-663d-45c1-afbe-67b29e7405b7,1338778,5 years,Home Mortgage
ab2e62f5-cdde-4939-a971-7e334e0ab26c,1172813,8 years,Home Mortgage
d4555d38-d712-40ab-a803-50f001101755,1263044,10+ years,Rent
2cb8a758-6e9a-497b-9057-cd1dc1c83ff2,,10+ years,Rent
da633dd1-b5bd-4954-b63d-12f58f55a689,2173201,5 years,Home Mortgage
04db36ae-fc23-45d5-8f11-c23c8c3d6fcf,788975,4 years,Home Mortgage
cca3c25f-0c05-409a-964c-92c73ffe72cb,760912,6 years,Rent
8526cb4a-ced0-4c5d-be3d-b28f717e9b25,658027,< 1 year,Rent
8732357f-716c-4c3f-8a38-31a9b8c15178,2367647,2 years,Home Mortgage
e94e9aec-452c-429d-8d05-18f7e4de0266,872537,5 years,Rent
892175af-65ec-4820-b432-95259857223c,1667934,< 1 year,Home Mortgage
447471ca-50ca-4b4a-946a-6bd454f395b5,,1 year,Home Mortgage
6272b2b4-5655-4dbe-acb5-93e40dfaa138,669655,2 years,Rent
d7df07c4-3483-4ea0-919a-f76bbdb89262,1153110,10+ years,Home Mortgage
126e416d-9db7-48b9-8a50-41c9a1cdf7bf,1999465,10+ years,Home Mortgage
f2a7f252-e135-4b69-8e85-454a39c9a482,,1 year,Rent
91fd7e8c-6492-4651-9105-be9beb62dbbb,1234943,10+ years,Home Mortgage
f90ad8b4-79f9-4407-a73c-fc3170851975,1586576,8 years,Rent
7e14182e-8abc-414a-bb28-54586808bbef,1125636,5 years,Rent
aaaeb195-2002-430c-b745-722bd16fafed,2109855,10+ years,Own Home
46e51f19-2ce9-48af-aee4-51cc44c255ed,1619199,7 years,Home Mortgage
3a8cd1ac-2c88-4507-af42-7a5e99a34c35,,2 years,Rent
6e6bedae-86bb-4734-aead-2c949014ba91,1403055,1 year,Home Mortgage
46b17a06-2440-44d1-bdfb-0d247db5fd95,1044278,10+ years,Home Mortgage
e8c2ccd7-f3ff-407c-94c4-1d95a6d6aec4,845348,1 year,Rent
a7e9fd35-1180-4271-8478-351db1c06dfe,,7 years,Rent
fabb775d-2f06-4d7a-b12b-df5271effe9b,1356999,10+ years,Home Mortgage
efd8ab25-2a10-40b9-9b39-96c6f03867ee,1154250,10+ years,Rent
ec5771ce-5454-4343-bbbf-2e24c9a95b01,932045,4 years,Own Home
7dc86822-30fc-41d7-8b7a-883950011410,1329601,5 years,Rent
b387b818-be56-47c0-9dda-3029452579f6,,3 years,Rent
5b5b2390-c09a-4952-a86b-52c0f2f26671,840940,8 years,Rent
1ef49cd0-3bb4-40f0-be6f-9a769ffd57de,788975,n/a,Rent
6eba4e08-2f08-4b97-9482-1545131cb0db,,10+ years,Home Mortgage
b1d0b3f8-f84a-4c4f-96b1-40a620e3dbca,,10+ years,Home Mortgage
a710ea77-6817-411f-ab33-586150cec04c,1215392,10+ years,Rent
87e695f3-381e-4a24-9262-b289e8e3b5bf,985720,3 years,Rent
b470aeaa-fee0-40e4-b17a-3fa251b9e751,1030199,2 years,Rent
c9acbf28-0af5-4a64-b662-d3e43b62afb8,2248308,7 years,Home Mortgage
b4b57048-2006-4702-94ed-be3d7ca25411,3416637,10+ years,Rent
034cff0c-1489-498d-ae56-6de4bfb947f6,,9 years,Home Mortgage
bbfb75e5-aded-4397-9219-08d12edfd703,2212322,2 years,Home Mortgage
40ad0975-a3a8-4e5c-9b77-4c3aa6ba3f2c,3720542,10+ years,Home Mortgage
8ac8912a-f451-4198-a4f1-9e1b8910c0ed,934800,9 years,Rent
d678f259-30f0-4da8-aa44-988b6fa48e0a,1873210,2 years,Rent
40e5b26f-ec40-4d34-a518-2f6e92e03eec,1088415,10+ years,Home Mortgage
8137a591-27bd-434f-bff5-6a0e232a2fd4,,< 1 year,Rent
2879c311-6d45-4453-9482-f31ebc531cee,801515,3 years,Rent
33e31f73-7c87-44c6-a869-f40e678022b2,1092747,10+ years,Rent
0c9e9bfd-dfc3-420c-9220-54c2f036343a,1681614,6 years,Home Mortgage
34c070db-ec7a-49e2-829e-18e414ba452b,1112526,9 years,Home Mortgage
21518f34-d106-40b4-ad75-8306b099e1b2,1134414,10+ years,Rent
110b5ec0-db8c-449c-956c-a6fcc6c2b6a2,1128600,3 years,Home Mortgage
a14b3615-b627-4dfb-829a-e306a1cd088f,1310449,10+ years,Rent
0cf96fc5-9fa8-4124-b9c9-836613c67b59,2693516,10+ years,Home Mortgage
0d41bdc8-7b92-4945-8a7c-a4da76456f2a,1197760,4 years,Rent
8bb7197c-9144-42ca-b5c1-71a59b3fd0ba,1547930,4 years,Home Mortgage
567d6526-2ceb-4a4d-ad4f-1f3464106563,1557088,< 1 year,Rent
a2d6d81f-7881-4e36-b322-c28ed235bf1c,945345,10+ years,Rent
6421a602-e199-4394-999a-9e4303695ecb,,1 year,Rent
8311f13e-5e1d-4f66-862a-e86bc247e43d,,10+ years,Home Mortgage
09806193-cc97-4103-a863-3066a82bb583,926915,4 years,Home Mortgage
19c65372-7a1f-4a2f-a68d-532134f421e2,1362585,10+ years,Home Mortgage
28a0c4f1-30fb-4aa2-940a-335b28bacbf2,1333686,2 years,Home Mortgage
231d1c0d-33e6-46db-906d-3fe69c7fb459,1119100,10+ years,Home Mortgage
287c7050-fe5a-4148-a639-9207d8367471,,10+ years,Home Mortgage
6c3097d3-d05c-491e-9324-4bd7f3746ba3,793250,10+ years,Home Mortgage
1e57a56b-447e-4564-9976-d43adb83f500,,2 years,Home Mortgage
1e633e2b-e782-40ed-b53a-75f09aa47859,2164252,5 years,Home Mortgage
3a91fac6-fd28-464a-990f-f0a533d2efe0,4100941,10+ years,Home Mortgage
42384b87-ecf3-418f-b2b2-188c67647398,5879455,7 years,Own Home
a119080d-4a5a-47b6-a10d-7644b6270959,,10+ years,Home Mortgage
b164a7c1-9728-49ff-8104-f689c97d493c,469072,7 years,Home Mortgage
daab54ff-ea1a-4738-a5e9-f0c9a8232d73,,10+ years,Rent
380dfd9e-a666-4793-81a5-1fb15af36354,1976988,10+ years,Home Mortgage
b30d4df3-1fb1-4bb2-bf79-d09cec2e5397,3180581,2 years,Rent
df95610e-1b7b-4120-9409-ed3c3307a54e,1483577,2 years,Rent
528c9948-4a43-4e14-a8fa-9adbb649fb7a,732621,9 years,Home Mortgage
c7f5cdf2-8022-44ef-a09b-e2250f4ea00b,,3 years,Rent
517b1b25-587b-4ee5-833e-e4dfef70e888,1591098,4 years,Home Mortgage
add891a2-da5e-4f56-b216-eaa7844575ad,1937240,2 years,Rent
f1f1489a-3504-413b-b882-abd604903fb0,,6 years,Home Mortgage
907ec7a5-4680-4696-9040-4469c43b9651,939550,10+ years,Rent
738aa3be-45a6-434b-a90c-833530465d48,1523876,10+ years,Home Mortgage
00e4aed9-7b8e-46ec-9d70-25c64402c3e5,1163940,10+ years,Own Home
1ec1c311-683a-4cc8-9177-7467e92e93d6,1590775,1 year,Home Mortgage
0d06b562-49a5-4b35-affd-e0b13499f83d,,8 years,Rent
5c001a3d-c53f-4421-9dd2-b02a7b3c4c1a,769500,3 years,Rent
0ac5a59e-4601-4a07-ae4a-6404af1f6616,2530211,10+ years,Home Mortgage
e4e6ce55-bfae-4d16-b49b-743edc18b498,1452094,4 years,Home Mortgage
d7579700-cdc6-44ab-b86b-0de622642780,,6 years,Home Mortgage
b8cae6f0-6c9b-4982-bef2-e3cdf48add59,,6 years,Home Mortgage
aa5f2466-d317-4420-b078-6221208a16c5,1126776,10+ years,Home Mortgage
e576e90a-0007-4016-9499-99cca8aef036,537852,5 years,Own Home
8c3d62eb-bd06-4f9e-8334-439ec7c17ad8,2251728,< 1 year,Rent
a715a471-4966-4bb5-a519-d49aed84a1dc,1012567,1 year,Home Mortgage
76c9a869-fb9f-4154-8bc4-7548307cd25e,1112906,4 years,Home Mortgage
47923526-2d30-42b8-870f-573d664695c0,579215,7 years,Rent
444136e4-601f-4c3d-941a-bcf6881da72e,2035033,5 years,Home Mortgage
1c616d45-24f0-49b8-9061-6e79e242bd17,2265864,2 years,Rent
f1244132-4daf-48f4-b752-eec081a5d72b,2219960,10+ years,Home Mortgage
cc093d01-ccea-4a80-be9a-52748355ff04,2131477,6 years,Rent
871fd7da-5579-4dfa-ab1e-900497ba885b,,10+ years,Home Mortgage
e0a5f72d-2e27-4213-b22c-596c395eebac,788690,10+ years,Rent
76e8cbb4-3fcf-4166-b18b-2df7df9844be,1466534,5 years,Home Mortgage
bdecedd3-0a39-41a2-982a-e995f36aa50e,,7 years,Home Mortgage
a0808969-0499-44e7-8b45-b1ce7e31af3d,672657,1 year,Own Home
82259d92-e7fb-4994-bb13-29848f670b31,875463,10+ years,Home Mortgage
8208fdae-a09b-4673-be10-2bcd431b4656,1289948,n/a,Home Mortgage
b6eb05b6-bdf2-4cdd-b311-0c58f54640ba,,10+ years,Own Home
0f7f0c8d-f0fd-4788-8491-2ea6b09e5419,91485,< 1 year,Rent
de782b51-24aa-48b1-8e6a-1967c092cdd3,936795,10+ years,Home Mortgage
c8b7febd-1b55-4642-8da4-583af014b3aa,1354871,3 years,Home Mortgage
c1fb964b-4634-4b70-9300-e13db65f39a8,,5 years,Home Mortgage
a9a9f0db-0700-4341-bc17-9e82d532700a,,n/a,Rent
f8c32014-cd28-472d-935f-a4c7aea7cd4f,3740758,2 years,Own Home
98f9141f-b1a5-4249-93b0-9430569c5443,690156,10+ years,Home Mortgage
48d105d3-ee37-4d72-9b42-17a42d79274f,899574,< 1 year,Rent
941b05ee-640d-4cf3-9881-f6d2b80a529b,834822,3 years,Rent
cc35b2b5-97b3-4257-b15f-7c66fe7d45f9,,10+ years,Home Mortgage
c533fc3c-c68b-484c-b27d-b914921584ae,,2 years,Rent
b667c643-a3f3-481f-964b-22926bcb94f7,1032783,10+ years,Rent
20282d57-7835-4409-88ae-537579f6ef0d,,10+ years,Home Mortgage
6e2716da-fd35-4f2e-87a4-540118933ba3,933090,2 years,Home Mortgage
f4c172cb-c027-4db6-8e6c-fec3ca7c3edb,,1 year,Rent
1c3c99a9-ade8-4e97-a72a-eac9f0f8c621,,4 years,Home Mortgage
e9eb1164-27cc-4659-b508-e9a6e8b7532f,1219610,5 years,Home Mortgage
6bec4940-9a96-4305-8880-b5e5079762d8,756960,10+ years,Home Mortgage
a364a928-c11b-44f0-a979-4d7dbf1c366b,1150032,< 1 year,Rent
d0eead39-a241-427b-9d00-03ed571c5788,1281683,5 years,Home Mortgage
91a7e47e-0c3f-4352-85c4-97e383b66165,307458,6 years,Home Mortgage
47c8dada-4559-4914-9336-229f9f5291c7,7651680,10+ years,Home Mortgage
558857b1-e295-4090-9d45-1afdf8c1c102,964820,9 years,Home Mortgage
f958694b-48ad-44cf-b983-0268cb911ee6,1586348,4 years,Home Mortgage
82b8928c-0692-4a5d-a621-0a97106a9255,1341172,10+ years,Home Mortgage
514bfe0f-d7b0-423d-9d02-118fcae53af6,737960,2 years,Rent
b0d8b51a-d07d-4630-9083-c0082ce17714,961590,1 year,Own Home
df1e1d83-7b0c-4c27-b0fb-91bfe953d422,2201188,5 years,Home Mortgage
f313ebd5-9fb0-44d3-b629-fe99367d28fb,816278,10+ years,Rent
8c05cac8-a5c5-4de7-affb-9f41522cabf8,1167474,10+ years,Rent
beea37e0-f37e-4ae5-ac99-3882aa2acc79,770108,1 year,Rent
b820b433-0fd8-4d4b-86b5-8f6143c73d6c,1020870,10+ years,Home Mortgage
04f52a92-6cac-45d0-99d2-b0d1bd833bc4,1532521,10+ years,Own Home
c1cb837b-a4b8-4bc9-897d-4e5261755976,,10+ years,Home Mortgage
adc95547-d78b-470d-991a-13c6e95902ee,1989756,10+ years,Rent
590d1fcc-984c-4a45-b9f4-e6dd053f3bb5,1256128,< 1 year,Rent
7fcdbc00-6ec9-404a-8d4a-b4ea4177cfba,1032251,2 years,Home Mortgage
d77e908f-8ba9-4205-9e60-a7a1f70e47d9,793687,6 years,Rent
9ad839c9-12fa-4860-96f7-0b83645f6886,1361388,4 years,Home Mortgage
d0cb2990-036c-48eb-ac56-6b83a94e7d89,602224,5 years,Rent
0f1e21a0-0460-4a98-b79a-badea150c174,2228662,10+ years,Home Mortgage
afb9a1bc-fdff-4155-85a1-85bed2d6b2c6,1192725,< 1 year,Rent
6236152f-3e96-4187-bc0d-a368280b49b3,921576,n/a,Rent
01c58f62-7dc2-43d6-b675-ba2f17137c26,,10+ years,Home Mortgage
fa00a69b-1190-4932-b01b-83b958c19cb9,467115,1 year,Rent
59141bb6-8b7f-40c0-8b8e-392e6571a7e1,,3 years,Home Mortgage
c8f3dc4e-3970-437b-8968-990407ec44a6,1889455,10+ years,Rent
42d97e63-98a7-4c64-9af2-f290bead08ee,,< 1 year,Home Mortgage
a46a52cd-9354-4a8a-b261-eb770aa5f942,774212,< 1 year,Own Home
d3d5a596-d7bc-4a32-9524-f742f22ebd3e,1338170,10+ years,Home Mortgage
2eff10b8-4929-4f9c-b812-0fc3c1a84aed,,1 year,Home Mortgage
a048cf8f-5ed2-475a-a765-7c8b297f31a0,1280695,10+ years,Rent
88194a00-676e-4aeb-9762-276b10086faa,,n/a,Own Home
49caf0ad-02fe-4f4c-8a07-71e06b4612d6,787075,5 years,Rent
d3274772-a24c-4049-9f27-b37fa264ecc6,1213511,6 years,Rent
68b692cb-184c-4772-b2fc-d1feb89ea575,1392890,10+ years,Own Home
c56dda9c-d22c-44ea-87cd-ce9792b368ba,963585,3 years,Home Mortgage
1a1bd031-82f5-4440-b186-1eb2b3453670,1780870,10+ years,Home Mortgage
94371d45-5379-4910-b204-ae944b7fea41,,6 years,Home Mortgage
46950eac-1497-4a97-a052-349f244778f9,1717524,< 1 year,Rent
a8b0fced-99d3-4e77-bc75-1a9aaaef2ef1,1923940,1 year,Rent
9626b020-a8be-4634-9529-53822ba3c74c,,1 year,Rent
37b72d07-a0d3-4218-97ed-b78e83d1c10b,1933155,n/a,Home Mortgage
018c3c7a-bc66-404c-b445-41e4ab6d1762,1123698,9 years,Rent
958d93f9-ff59-468e-b571-df70485f42c3,699523,10+ years,Rent
8a90e937-3e9b-4f99-80b1-da7cf5084e8b,913900,3 years,Rent
9ab0730d-6328-42af-a775-527277a1e9d8,1902071,10+ years,Rent
219d29a1-1edc-4580-8e8c-53731336bbc3,,< 1 year,Rent
475510cc-e38c-44b2-ba8b-a4ee217c9330,,10+ years,Home Mortgage
ea67356a-d24c-46fd-9ab1-b217d95a9521,1317042,10+ years,Home Mortgage
9961b543-19a6-4275-b02f-0e4269ee4534,1043898,10+ years,Home Mortgage
eb7094dd-92ff-4bbf-9cc0-573e170f9898,1206481,10+ years,Rent
2da9b006-5690-4abd-8177-c05c525268ec,,4 years,Rent
04cee7c2-1cc4-4e5f-8346-279fe6729cc2,1073975,10+ years,Own Home
0708a107-168c-49d3-877a-45dcba37aaff,1251872,6 years,Home Mortgage
c02280c9-6883-4119-967c-0d10dd445695,1472918,5 years,Home Mortgage
9caede73-78d1-49f9-ad6f-ef98d60cde6e,2288208,5 years,Own Home
b5a3cfe6-87b6-40cc-bb29-a8c650f0370f,763572,10+ years,Home Mortgage
db480a6c-e18c-4c9f-b117-e85389c7929d,,10+ years,Home Mortgage
8133891f-a4e2-4df2-a507-818ea0ac9871,1714959,5 years,Home Mortgage
00e66cfe-17b8-467e-8810-d3dd0d992af2,1840568,9 years,Home Mortgage
c5785acb-ac1b-4035-8497-ba7afd59bc98,1261030,10+ years,Home Mortgage
d7bc8dd3-3af1-451a-88db-5a02ced54430,654094,< 1 year,Rent
1af80ef9-2d91-4a20-9d73-35cd78f08fb6,1688701,9 years,Home Mortgage
654a5fa7-996e-49ad-8952-3b9245a29672,2069518,< 1 year,Rent
158c6b50-c41a-4703-a1f1-f601789ba664,1676484,1 year,Home Mortgage
33521125-7ad0-42a4-a125-c4246252fc3e,,1 year,Home Mortgage
c8dc9eef-1bd7-4bef-a338-1a39f9933fbd,1599344,10+ years,Home Mortgage
780894f2-5ca9-456e-8bbf-d953d3511e32,969190,5 years,Rent
a609c48d-ec3f-44b6-ae9a-a879ed694b59,876793,4 years,Rent
8ff0ff11-b76d-443a-bfcb-069cc6e6334e,2042880,6 years,Rent
fb9299c4-8ae9-4a1e-abf6-e474366ba609,1267832,8 years,Rent
80a6b4d8-d9f2-49c5-bcfe-0d99a7e764ac,1531666,n/a,HaveMortgage
127eee2a-9149-4402-8733-4a9461b6e2c1,1680778,10+ years,Own Home
03d10c85-091c-4c17-bcdf-52e73105ec1a,,10+ years,Home Mortgage
833d9c08-5ba2-4071-89de-c4427b613b31,853803,9 years,Rent
63e9d917-5a02-4487-8f78-5fb5a589fcdb,919847,< 1 year,Home Mortgage
ddd0daf4-f9a2-4e98-b8dd-324aa01ac066,472815,8 years,Rent
0054e05a-0302-4e54-bbfb-035201f12d5a,,10+ years,Rent
436bb139-f0e2-4711-b2ea-73c149d8dd31,991724,10+ years,Home Mortgage
891c3883-20de-4f3b-98fb-c3a0ec42d21d,731633,5 years,Own Home
052037ff-a37f-40fe-a7c3-7640361d98d0,885704,2 years,Rent
9824dde9-92dd-4508-9f99-3385261ac14f,4755548,8 years,Rent
953dee65-cb65-4b41-bbd6-7feefe107804,1592143,3 years,Rent
6e62561e-38de-44fe-acb6-bc47c283ff72,,5 years,Home Mortgage
aafebd4b-89b6-4996-a39c-b903dbded736,2949294,4 years,Rent
6b91a820-0e8b-4835-b8a3-480474145998,3840280,10+ years,Home Mortgage
8f9fd467-4bf4-40a4-a746-65a803eacd8e,1328670,9 years,Home Mortgage
254909de-8b3c-48f5-b100-9ca14252ee1e,1285996,1 year,Home Mortgage
839139a2-10ae-4114-b425-7397898fe043,566808,10+ years,Home Mortgage
ea2dd9d4-d4ca-4eec-a6ea-c2f734583154,1378963,n/a,Rent
551c4e18-a0c0-42c5-bccf-5f22d684f694,3023204,4 years,Rent
9d5f2609-fbcb-4db8-9c63-5bd4217cca0c,1404746,10+ years,Home Mortgage
29529393-807f-4087-9379-16acbca84067,1733959,7 years,Home Mortgage
6755c8c9-026c-4e85-a6a8-799a06f6a1cf,1909842,10+ years,Home Mortgage
ea765f6f-2441-4a3b-9a8b-205cdbaaf66d,765396,1 year,Home Mortgage
c35da465-c076-469c-ba5e-696ebaba57c9,930715,< 1 year,Home Mortgage
ed0b449c-565a-48c8-8dd4-ff86a8f0abe8,1377633,< 1 year,Rent
8414e0df-84c5-4494-ac43-4726b190117f,603193,< 1 year,Rent
133355e3-6259-4c93-91d9-e965d4a43a38,854145,3 years,Rent
03ee60bc-27c2-4013-8a27-2ef481490e61,674595,3 years,Rent
4cd27dd4-a44e-439a-ae1b-00a2688094ac,1723338,< 1 year,Home Mortgage
6cbf6225-ee73-46a3-a9b1-1965fd28441d,675507,10+ years,Home Mortgage
387de52c-a63c-4def-a5b9-e4a0a5a2012b,1329468,< 1 year,Rent
e0249657-3bbc-4688-98b4-97025549c85a,,8 years,Rent
043d989b-d0f6-4281-b617-a71633f762df,1158810,< 1 year,Rent
d753c6fc-d6f0-422f-a341-909da58f2b1a,1822176,7 years,Rent
ee97b0f7-6f48-45f1-97d6-7ef9f6cf8c39,594871,3 years,Own Home
c09c912a-7ef0-43b1-948c-33e72cbae2a9,858591,7 years,Home Mortgage
a639edf6-7b3a-47ad-9c3b-ccaa2321bb01,1654900,10+ years,Home Mortgage
aef99ee5-2c7b-4cd1-b136-d0cfd261d479,1119271,10+ years,Home Mortgage
6b9b3ba4-2b29-4dce-aa68-5bd168db1663,3702568,10+ years,Home Mortgage
0814033a-09f0-4027-908a-32b0baf15b9a,1788736,9 years,Home Mortgage
01ae3486-4126-40ad-bdf7-3c997e9a6a1b,,3 years,Rent
a8eb3b11-b749-4d1f-a88a-6ec242437f60,686185,7 years,Rent
9503d1b4-8d9b-4714-aa66-db073280edb7,394725,3 years,Rent
23c21d76-e365-4dcc-9bb9-c3b6ca9a6d1a,739499,3 years,Rent
771fb3c4-6f31-448e-950c-605eb50a27f1,,10+ years,Home Mortgage
d7c29a92-97ef-4f76-b57d-70fab71e5eb7,1083361,8 years,Home Mortgage
efeef3ce-905e-464c-9b2d-b558bd72d428,1579641,3 years,Home Mortgage
9abe5f02-7130-4b7b-98d3-6a93f2bdaf24,1456920,10+ years,Home Mortgage
7a33f05d-5f69-4d48-8dc3-5effb357f0fc,797202,1 year,Rent
6bca756f-4b6d-4d85-8a15-e0e63db6a4ba,1242030,8 years,Rent
24a48a13-05f6-4984-a17f-4880a953b290,965295,1 year,Home Mortgage
6511704d-e96d-42a7-8309-e2f2f180e084,895850,7 years,Home Mortgage
cfc1098c-abbc-437a-ad2e-f73baa310483,447982,2 years,Rent
049ee1c4-bf90-4d5f-88ce-7a4da7358ecc,1064855,7 years,Own Home
80d2ab9c-bc9b-4054-8c2e-e931a0fdc741,,< 1 year,Home Mortgage
fc8574bb-e2f5-4125-ba33-6594dbdb0bff,1164795,2 years,Rent
d9cd40ea-0ba6-43ad-bb99-6ed62e6f6c68,610052,6 years,Rent
b906092c-1e7e-42d2-8a25-97ea0c3cf111,,4 years,Home Mortgage
69491651-08c4-4b4a-92ec-d892b52a10d2,635531,10+ years,Rent
fe83725b-881d-4d13-b375-969e62815655,2141623,10+ years,Own Home
67a534d6-7038-4e0b-8d42-8aab6d220701,3825080,2 years,Home Mortgage
d5405e2a-b409-4707-8569-898771e12b0a,1239579,10+ years,Home Mortgage
6d1628de-95d2-4c41-8443-cb396988233d,608608,5 years,Rent
9c213318-baab-42a0-ad1d-235e85566620,962502,2 years,Rent
9ace33a8-5858-4d12-af32-65a9b3f1bee8,,10+ years,Home Mortgage
9b6ea934-b0af-4351-bbe7-41e317b3a792,1070061,7 years,Home Mortgage
b03ae1f6-4402-4b01-9413-d539b81a7207,2224596,8 years,Home Mortgage
cd2f5283-36a3-4f7d-ab9c-debae6199f4a,2136816,4 years,Home Mortgage
124afa5f-2292-433e-832d-afc712fc3cb4,1460340,10+ years,Home Mortgage
42a8dbcc-37a4-4eae-b309-a467751c78a3,,2 years,Home Mortgage
466bf046-10d0-4613-9ecd-ea915ca77091,1552984,10+ years,Home Mortgage
cb6a26a4-d0e4-4786-83f0-7d742b1fccdf,,5 years,Home Mortgage
a1700046-8210-444b-ac2a-c9576afe1d63,227696,n/a,Home Mortgage
a7bdb239-d63c-48ce-bb75-19b2583999b1,,10+ years,Rent
1d16907f-8b45-4b99-8505-1ee86d939545,980400,10+ years,Home Mortgage
136b685f-b281-45a9-a854-fd2f0381637d,1331463,10+ years,Home Mortgage
bed6688c-11a1-4f4b-812e-5ee35098e53b,808184,< 1 year,Rent
c332fca0-ccf3-4f50-bf27-636273add4dc,1149690,5 years,Home Mortgage
b5b32cfd-806c-495f-9cc8-91fdd4f2d359,802370,5 years,Home Mortgage
0edd416d-cd29-4e1f-8997-01d81bde7ed6,,< 1 year,Home Mortgage
9e93ce52-d8b7-4c6a-9220-ee7a5e167dbc,778316,1 year,Rent
2b0393c7-e18c-4e96-8b50-35e1a1c578af,1694211,7 years,Rent
6957fef9-23e3-40cf-8b23-5e00e4dfd824,906471,10+ years,Home Mortgage
b19b9ea9-797a-43a4-aeb4-ec3119d86562,1588191,3 years,Rent
c1bab1cb-c074-4b94-9395-13134c696da1,2535759,2 years,Home Mortgage
7a3f1972-d926-493c-9576-be31c59cba4e,1804810,6 years,Own Home
106b3eee-4a4b-4d34-aa70-728051e6f621,563559,5 years,Rent
889c3d36-fb7c-417b-948d-9806033c5fd7,5251372,9 years,Home Mortgage
2c916635-155b-4c1b-8024-5782781f7a6f,,4 years,Rent
295ecc74-dfd0-4d6c-bea9-5fa9f80660cb,1146745,10+ years,Own Home
6205e957-3475-4591-9f57-e490fd401a9c,1229452,6 years,Home Mortgage
9bd58c2f-973d-4ff9-a6e9-26cdb3d8ca65,1231181,6 years,Home Mortgage
1a39ac81-c39c-4cda-a23a-b5c299f13308,1700823,7 years,Rent
ab5ed3bc-75a5-4a86-bb2e-0b820d18f7c4,851333,< 1 year,Rent
5d948072-9bff-407c-8263-161993c30460,1041599,9 years,Rent
d613935e-3462-43a3-b5b3-13ef68ce585d,,6 years,Home Mortgage
21110a73-7dd5-4d4f-8b9a-3ee343f4a75e,,10+ years,Rent
0d67fa71-f11a-423b-a7a5-d141f5b7a4f7,1945600,5 years,Own Home
072e1e5a-07e2-4531-98e7-a75434e330f2,,1 year,Rent
3e39145b-1551-45fb-8253-50815cf3c48c,883006,1 year,Rent
aa1870b1-5466-417a-be4b-bec4da9c6727,1247597,2 years,Rent
ab08989f-20f0-4728-aae4-e9e39b9ed72f,1315826,10+ years,Rent
e5637c5e-8a3f-4204-99a8-fe9df3f45536,1907543,10+ years,Home Mortgage
fb6f3eae-c3c5-4409-bcaa-ba6cf0b4f958,17815350,2 years,Home Mortgage
3a91408f-753e-48ed-b07e-b31b46c36f05,838584,6 years,Home Mortgage
cd36b020-e893-45ea-99fe-7c31ef44ca12,2003189,10+ years,Home Mortgage
ff624940-858a-45b4-a80c-4b1c17953aca,947967,10+ years,Rent
f8ca7e46-e614-4c72-99b4-b74f416ebf48,1588134,10+ years,Rent
95449166-7f5b-4031-9efc-de864ada1897,836114,10+ years,Home Mortgage
ca5e43bd-61b2-4c78-88d1-eaaf07fdba67,766384,5 years,Own Home
98e0c324-22aa-4425-b8df-27d2c67c0d84,650522,2 years,Own Home
09e63074-2900-4a84-90ba-fea52acd9af0,,2 years,Rent
bdc7306c-259c-479d-a0a4-3b50dde4febf,460921,10+ years,Rent
52880f58-7574-4573-a1d4-177ad117de59,686185,2 years,Rent
903df58e-f02b-494e-a77e-819531c73620,,9 years,Home Mortgage
786747c3-2863-4a15-820e-ada875a8d706,1592238,3 years,Home Mortgage
6e0c9e63-fe26-4161-8980-bfeabe7d6830,957125,8 years,Home Mortgage
ab54755a-dfe2-4903-95fd-4d1fcf6a5ce7,1834602,3 years,Home Mortgage
ba845f3e-99ef-489c-a013-6e56ba966705,1367772,10+ years,Home Mortgage
54631216-97fb-4986-a0a0-af34e7e63b72,1502444,10+ years,Home Mortgage
9acd0169-03a4-4a14-a972-7f74ae722bf8,,8 years,Home Mortgage
6e74f175-c162-4cdd-8df3-ad86261f5720,663898,3 years,Rent
d95c76d4-8224-45c6-957f-f59db66a3991,,< 1 year,Home Mortgage
7e040463-933f-458f-81de-7ae62ae08cc2,556282,6 years,Rent
d9cf7670-c5b4-47de-a6ea-07b6dba194b2,3523360,< 1 year,Home Mortgage
957f1ea8-337f-4239-af06-bd22c49d820c,1112032,2 years,Home Mortgage
b8dd30e1-b712-4f82-b005-c660f09999c1,802313,1 year,Rent
27687e81-d479-48ae-993b-3e537bfffbeb,,3 years,Rent
50bd4781-98c8-4fdc-949d-d48951524c43,1386335,1 year,Rent
3bb05e4c-0176-4876-a1b4-4c26bda2d4a0,622231,1 year,Own Home
1eefc01a-2551-44c9-8305-0fd083e770ac,,10+ years,Rent
7c40e6b0-01b0-4942-b38f-1d320acff00e,2942036,5 years,Rent
bcc96d79-c41d-44b3-bdbd-62cba50eec35,1254057,2 years,Home Mortgage
4a6640fb-501c-4681-b6dd-5f7ceaf6dfaf,,6 years,Home Mortgage
a70fece8-9c8c-46c1-b24d-18dfc8f97245,3179289,< 1 year,Home Mortgage
e349c9b2-2bdc-4c82-9d0c-e54d1943014a,899517,< 1 year,Rent
2bcf73f9-3ae3-4616-9f8b-5fd271e8428f,1124363,< 1 year,Rent
3c069972-bcd6-4134-be6b-f2553caec6ea,1783701,< 1 year,Home Mortgage
ad6d27a9-6e3a-45df-9f0f-aca021e0157c,1058167,7 years,Home Mortgage
80235eaf-df0e-4927-82ca-0ee557159445,1377842,7 years,Home Mortgage
731597d1-fe85-4a9b-9a4a-ce5173b0bb28,916712,1 year,Own Home
fcabd511-1e01-4b16-8fce-e74c1f49665e,1643405,10+ years,Home Mortgage
1bc7609e-9245-4bb7-b7f0-c1d40d11b38f,786828,1 year,Rent
fad276f6-3e2a-4751-b113-fefac77039a7,877819,9 years,Rent
936cef1f-9434-40c2-9314-1076a5532f6e,701252,3 years,Rent
ce772005-4507-46e2-8c3e-4b546b381a8d,868433,4 years,Rent
76bcb3e1-4698-4c64-9ad7-d26103519134,1191319,4 years,Home Mortgage
0ad26b45-d53e-42eb-bbeb-28bfb9754cd4,698706,7 years,Own Home
35577eca-0bed-4320-ab6c-599a7a2352cb,1675629,10+ years,Home Mortgage
909f01c6-5250-42ce-bbb6-ca54831177cb,722798,< 1 year,Rent
edb45f7c-938a-43a1-9ac1-78c1be3af1b8,1303666,10+ years,Rent
814d00b5-45f7-4018-ac89-1b1c75ca0ba2,1795291,2 years,Home Mortgage
791eb035-c6fa-4de4-9911-eb1759724f72,1430662,10+ years,Rent
c5613e99-1f77-4873-beaa-62d0673c357b,1293634,10+ years,Home Mortgage
73990b91-cbbc-42d2-bada-62a00a6635fb,1710665,10+ years,Home Mortgage
0a0984d1-212a-4cbe-9462-7fc498a142f2,907250,10+ years,Home Mortgage
b8bc0f66-786d-4e5c-8cab-a1e043264296,,10+ years,Own Home
064b1c70-f743-48e0-9dc5-ff2d20a2ce40,838850,10+ years,Rent
69be0773-ce5d-419f-8fac-a7f0aca0120d,,10+ years,Own Home
264408aa-faf5-4a2e-9f4a-08c69cea3963,,5 years,Home Mortgage
00dbf412-bb84-434e-ab3e-26aca0ace4a4,393566,6 years,Rent
0808d9de-d9c7-45f3-8f68-f6ef5f6e6fe6,830490,3 years,Rent
ebb280c5-13cb-4083-8657-90556c5c56c4,1119195,10+ years,Rent
a8def9d1-ca4b-4048-a398-091c760760c5,579291,4 years,Rent
0911edc5-3546-4718-940e-57a60fc200a0,1577627,7 years,Home Mortgage
8416aa6f-b4d4-4472-8d32-8341202e7af7,969950,9 years,Home Mortgage
c4fd4446-c3d2-4513-b857-79e22e7ebfd1,672581,5 years,Rent
90c84076-fa01-4c06-80e0-6f29c7fc8c78,537225,6 years,Rent
58ecdc92-aaa3-4a0b-8b4c-eb703e8487f7,,6 years,Rent
74fb1ac1-c42b-4a3d-a44a-fd32cdfb0deb,2033323,2 years,Home Mortgage
d68802e3-7d6f-4f0f-9d9e-aeb908ee76be,,10+ years,Rent
b349d972-d381-44f3-9283-af28695c7642,910537,10+ years,Rent
b74b4407-5ba2-4c40-bdc3-8d08f7c9a07f,675469,2 years,Rent
87fe45f6-8bc1-4c4f-ac3f-5d6c609b6563,,10+ years,Home Mortgage
17b36152-ac1c-4a00-b596-929ab53ac4c1,1132020,2 years,Home Mortgage
d3feba6b-9d30-4cb9-9c05-0015ca961794,1745093,10+ years,Home Mortgage
16f87712-c732-4a4e-9c9a-5b4ba57d6e76,958265,< 1 year,Rent
0f65b2cb-1ccf-4884-ad33-e42a9424f6fb,1150944,8 years,Home Mortgage
751f6a30-56fd-40a8-aeb0-3e467b84ed3f,2463084,10+ years,Home Mortgage
39b12c17-cbb4-4d25-aadb-90b5242fae23,1114350,7 years,Rent
c93faf03-f21d-46e2-a196-e57dff8914af,1198672,6 years,Rent
a88c5465-6095-4923-92c9-415fa4b780d0,1117637,10+ years,Home Mortgage
cce23502-5142-4314-b3db-62dc7334ebc1,1345485,7 years,Rent
1006a7fb-fa80-45d2-81e3-6d725e265177,1246780,< 1 year,Rent
b5cf3d0d-a2fe-400c-b27c-425f4ca21b69,1307390,10+ years,Home Mortgage
baf9e2f1-3b36-4254-b402-1fa55992f73f,1349950,10+ years,Home Mortgage
ff759520-a606-4cf5-a8b0-7ea8c45aa504,1761167,10+ years,Home Mortgage
124bf34f-4460-4b90-b82e-840ad2a8c38b,2340952,9 years,Home Mortgage
e427c4dc-ed2f-45e7-a343-26407c2ca1f2,,n/a,Rent
50edf4e0-1cf5-4b52-992a-4e5e2d8a002c,1499480,10+ years,Home Mortgage
16fc63e2-09e8-4d10-b68f-56646ffe32d6,1317707,< 1 year,Own Home
dce660ac-7782-4bbd-ae36-a412555a13f0,743660,5 years,Home Mortgage
909904ec-1cee-47d0-99ab-8de67bc54948,1693584,10+ years,Home Mortgage
5a132385-7d59-4749-824a-8742d3a5a7d6,1114806,10+ years,Home Mortgage
e8f0648c-6172-453b-8178-ad2ee4d60a5f,,6 years,Home Mortgage
462af96f-4a5c-436d-afac-bb612924f535,1081917,10+ years,Home Mortgage
469b5b77-4e9b-44a2-b32f-3b14485b6970,,2 years,Rent
1a1a6842-18fc-4c0f-b553-f24d1f33a00c,1489999,10+ years,Home Mortgage
b5810b7d-bcc4-42b9-a368-48a7b31a908f,,6 years,Rent
5a661d25-d7ce-477a-a33d-e8a622489bc4,,6 years,Home Mortgage
de96b2a4-a82c-451f-87c0-30037fd4fd44,850459,2 years,Own Home
3344fe9b-33d8-489c-9087-1ee6f88f02aa,779000,1 year,Rent
7d2119bd-7aab-46e6-bcf3-b23a2c7dccd4,628311,10+ years,Rent
e52396af-79fe-42c9-8e6a-3195a857cabf,,5 years,Rent
3161e60a-6103-4703-b724-f1162a811e94,1668105,4 years,Home Mortgage
77bb3eb4-e51d-40d0-aa9f-a1f6023efa40,2401847,7 years,Home Mortgage
7c6dee1f-03f2-4881-8faf-dd9329bbf4bb,1917480,10+ years,Home Mortgage
b44395a3-4f94-41ff-ad65-8f1d8b06919d,854221,5 years,Home Mortgage
5f451519-9496-401d-be5d-b4b6e942be5f,1226602,10+ years,Home Mortgage
cfd9fd74-7cca-470a-83f7-a5981cfeadd9,484937,< 1 year,Rent
8a397747-10c1-411b-86a3-0465d4aad47d,,10+ years,Own Home
c1e599a9-373b-43a7-ac1d-d2a515862c76,392939,n/a,Rent
f3fb3982-0454-4061-b3ef-2791eb92717e,874323,4 years,Rent
3bd7e0f8-75ee-4408-a8eb-3dc8c23d556a,1429997,6 years,Home Mortgage
5aa7a3b7-71bc-4e43-8842-c7ee8fcf2c62,1035652,10+ years,Rent
fb584211-7ee9-4cf3-80e1-8ac1faaab4c4,,9 years,Rent
c2cb2523-110c-475c-99b1-55bdfc44cb13,,2 years,Rent
b63447a0-7064-4c4d-9e17-5f65d84e6989,877040,1 year,Home Mortgage
ba4fa202-8684-470b-be34-defda5c341c7,1343566,10+ years,Rent
28fa3779-71d4-45df-a33b-b23e60f0735c,1133730,5 years,Home Mortgage
c38fd737-72ae-4e25-aa42-29c522b5a5c6,995600,2 years,Rent
307d1bde-0f52-46a3-9c10-1a5ae675465d,1045494,4 years,Home Mortgage
8e1420fd-976a-4623-a1af-baf9986f0473,1779312,10+ years,Home Mortgage
61e3f3b6-3c3e-431d-95c9-1aefe6cb2a29,,n/a,Home Mortgage
71a41076-a883-487c-9daa-de78a478c76c,1148550,10+ years,Home Mortgage
6d316715-efbd-4ed2-abe6-796efbf2f507,1504800,7 years,Home Mortgage
97fbfb86-04ef-4da8-a2cb-cd93357a4aed,,5 years,Rent
60295867-b2d0-4528-919f-1a1fccfadfe2,,3 years,Home Mortgage
0faffcee-22f8-40f5-8c02-36296bbf3786,1692767,< 1 year,Home Mortgage
4c04da88-2e60-49f3-8585-a656d596815b,814511,9 years,Rent
e6ed735e-95d5-40ac-95fe-51a2b2f034e9,3780240,10+ years,Home Mortgage
8765e022-5d70-4189-9930-d383c82edc17,952375,1 year,Rent
f6b98985-ff50-4880-b3cd-687693b376a7,1242790,10+ years,Home Mortgage
b8a1fdb1-aa59-444f-88c7-29284b9b25cc,910176,10+ years,Rent
1caa11a8-2801-4939-a5c8-1d0dbfb4e7d5,4361355,7 years,Rent
eef1bf44-4cc5-497a-bcf0-11b85da00fce,2068435,10+ years,Home Mortgage
8d7feb92-b90f-4a6d-a6e1-2d6c33fbcd7f,1016253,10+ years,Rent
9d38bff3-3304-4df7-8f40-0d8661e94a77,,7 years,Rent
d7fe2b2e-2175-41b7-affd-7a397b940b80,1849954,1 year,Home Mortgage
dbc7bc48-0294-45dd-ae43-592f6eb28f0e,,5 years,Home Mortgage
389ef092-f63f-4ecd-a198-0e302b365f60,769196,8 years,Rent
222d9b53-2a5f-4f1f-9074-0e673c775dbe,289313,3 years,Rent
1684a4fd-7bc5-4c75-8775-78af73961f51,1182275,< 1 year,Home Mortgage
5803d298-e44a-4149-9f3b-ac594f86c507,1480081,2 years,Home Mortgage
8608820f-1362-4e30-b9d1-8ae250ba1cf9,1358861,2 years,Home Mortgage
bb9a929f-02d6-45b4-976d-3a089fb6c452,1871500,8 years,Home Mortgage
68e6a1a2-1cbb-4fad-aa21-b373d1f84256,1154326,8 years,Home Mortgage
4901c666-0a19-4b5f-97b7-500bb49bd9fb,1300607,9 years,Home Mortgage
7b559897-175c-4581-be89-bb7b07257f12,,7 years,Rent
5f7acaea-382b-4e37-bd47-1c73ba9169df,1864850,10+ years,Home Mortgage
fec3c919-ec06-497c-aa39-47c1a57e69a9,764256,10+ years,Rent
49d875bf-2cb2-472e-9bf4-d3cfe2975131,942761,2 years,Rent
2284d44b-99e8-477f-96fc-d287a4b4ed28,2851995,10+ years,Home Mortgage
8cb1dcc8-4cfb-40f5-87e4-e02328859cdb,1803936,3 years,Rent
32f031cf-9b22-46a7-9daa-1403b4b94a29,626373,4 years,Home Mortgage
23c261f4-86a1-43f5-815f-9534451bf1d5,,10+ years,Home Mortgage
c4fe3264-41c0-4041-8aac-86d1768c4955,641934,2 years,Home Mortgage
fc50211e-db84-426e-ae07-4934823bfb44,,1 year,Home Mortgage
ff7bf991-31cb-4ca1-b090-f64d9c668af5,,5 years,Rent
e96f4406-1e77-4c10-a824-14c2f96737bf,,10+ years,Home Mortgage
5d6a14d5-6d5b-40e9-9fc0-9b4331e14453,1063107,10+ years,Home Mortgage
d3031367-7d8f-4645-a51d-54fbe12fd10b,3870680,1 year,Home Mortgage
f4ef5646-23fc-4037-8033-6c19a704018b,,6 years,Rent
51690533-3be5-4f51-9105-ad36c99af570,,10+ years,Home Mortgage
2c18f313-4162-406e-8a36-43956afe8b0b,654759,< 1 year,Home Mortgage
39b6afee-ba55-47a6-a9f4-b454dc17ed5b,1025278,10+ years,Own Home
6021f636-a0d7-45b8-87a6-5929d6068bef,843182,4 years,Rent
7a165437-e250-4947-b6a5-373eb5b26ccd,564129,7 years,Own Home
1d442445-b1ee-4362-9422-91a3006b5c71,2073546,1 year,Home Mortgage
dd996f7b-79f2-4d44-a607-d3852517e61e,,n/a,Own Home
8fac5808-0626-42ed-bf18-8b5a8a40651f,3452832,10+ years,Home Mortgage
dce045ba-e84d-4165-bab0-c872bca85349,2127582,10+ years,Rent
53bc98ab-1d1e-4c4f-880c-0912dc001657,1562978,5 years,Rent
f1281c28-b51e-4393-985c-010834c48a59,,4 years,Home Mortgage
0ca2d342-ff50-4abc-8a2c-261f32f9e4ac,1401212,10+ years,Home Mortgage
5100b378-8017-4e20-afcf-e8052f8fa3b9,1542192,5 years,Home Mortgage
4352b0df-1b72-4bba-9964-4f3ab8b8fcaf,1519696,< 1 year,Rent
dc28e968-0167-43b4-b9a4-e7a71003248b,719207,3 years,Own Home
6cffcf78-b2fd-4711-8bf0-8a9058da3f6b,1393517,10+ years,Home Mortgage
d233e8ce-f6c8-4002-8dca-4f50e0413721,,< 1 year,Own Home
b55bed22-a2b7-4a36-8a5e-4a35b574b536,1100480,8 years,Home Mortgage
83675055-cd4e-45da-ae39-f9d666c2ea30,655823,< 1 year,Home Mortgage
41a4ac9e-41a7-4b31-b9a7-2659b5a70a11,1939900,6 years,Home Mortgage
22b23da6-a733-40cd-a242-5ddcdf451a39,744496,< 1 year,Rent
c9af43fe-6a72-4b99-b736-9fda436c004f,854430,5 years,Rent
18dede26-60eb-4c24-bdcc-e2710e0b778c,826880,4 years,Rent
145159fa-cfd1-4b9c-9848-f80631497bb6,,6 years,Home Mortgage
bf033a80-c2ad-4832-be30-6757efadedb2,258077,n/a,Rent
e44cbb9a-013f-4c21-86bc-afdb5d160e66,2903181,10+ years,Home Mortgage
cb45b4ca-71b0-4ed1-a770-17a49d25dc04,1372617,3 years,Home Mortgage
5fcca541-f4c3-482b-928f-985a20f7ef86,2043811,1 year,Home Mortgage
8ad88c36-d5d5-46fc-853d-c10b082d73a7,3793407,6 years,Home Mortgage
7b07c70d-d6ff-4284-a312-98fb80fede99,1853260,10+ years,Rent
d67f4963-971f-4084-9146-20ef248d3d9a,1585664,9 years,Home Mortgage
002e2210-ed31-4767-b268-bb81de86e450,5587710,7 years,Home Mortgage
3cb441a8-5f9f-4aa2-b171-d1a5c030e6c1,2655478,1 year,Home Mortgage
91a36d16-8f9e-4f15-9106-3fcd9c2046f3,989748,3 years,Rent
86d06a74-5612-4eb6-b4c2-75a968c86b50,2735506,8 years,Home Mortgage
e46c79c1-d9f0-4bcf-9c3f-0e46e364e6a7,1318353,10+ years,Rent
744c3259-2ea8-4349-aec9-fd5f3ba78b87,522842,10+ years,Own Home
abb7069e-1d23-4ae9-b4d2-e5fe80293bb8,676039,< 1 year,Home Mortgage
fe4b9ba3-db9f-440e-8eb1-495c5d9f7845,742710,10+ years,Home Mortgage
7483b4e7-5631-4f15-a051-6b5c37c3b3f0,844398,3 years,Rent
fa4a26e8-b7be-4c7f-aa49-320eb0e5bc6a,,4 years,Rent
37dc54db-e66e-4dd7-b495-0d4aabf2edc1,1310582,5 years,Home Mortgage
6bc68cf5-a572-464b-a8d2-db2cce0ebc69,947397,6 years,Home Mortgage
fc0e7fbe-d947-4477-907e-930b37839ed1,1842544,10+ years,Rent
2c77424b-6012-470d-8d61-0c2ccc5121c4,1357037,10+ years,Rent
67213fec-ff54-4f2c-9646-2b5d24fe7e57,,4 years,Rent
6e555ebe-8b3b-48d5-ad79-9576036bf820,1504344,5 years,Rent
e7bbf06e-cbf8-4a4f-9a7a-7608212d6935,,4 years,Rent
74ed8d4d-3a0a-4053-b7ee-165533b9d535,806873,10+ years,Rent
f5ede7a5-1e23-4a1f-87ff-0a5cd02eae4b,673056,4 years,Home Mortgage
2fd91d48-128c-4db0-8b18-106fe3068021,353894,2 years,Rent
bbd93ac1-f4bb-44a7-8379-70c6c662867f,1081727,9 years,Rent
4a4fbca8-3022-49e1-8f10-860015fd6563,1414892,5 years,Rent
d0c90805-65f4-4580-88df-5c93fde80fa0,,10+ years,Home Mortgage
2074f7ea-e1fe-459b-b1f5-9d439f93d5d6,456551,4 years,Own Home
d0eddf9e-9eb8-4bec-b5d1-993e3139fc48,1258959,5 years,Own Home
abd26044-8843-4995-8a2d-8cfb90393599,4174642,2 years,Own Home
abb56731-acd6-45e6-9f51-dad4fbfddcec,2322864,6 years,Home Mortgage
842a163b-5dc2-4b85-8c3e-bbcbde9e2eea,1508448,< 1 year,Rent
973b7447-3f90-47fb-9f40-031b26daac49,455183,n/a,Rent
8fe40320-4c1e-4a52-af63-7bfce6abf252,1204372,2 years,Home Mortgage
1dc66607-7247-4feb-ac5b-6070a5e256a4,950570,5 years,Rent
a24080af-3e5e-44f5-8aca-37115e02f492,1771237,5 years,Rent
30b7e2a1-2530-4cb0-9a89-567db3d610b9,952052,< 1 year,Home Mortgage
cc04d486-0877-48a1-85ac-72f0cf82847d,2618504,3 years,Own Home
6e6c64c9-dd06-40a3-b630-06797ce459b1,649040,2 years,Home Mortgage
37fab579-2e51-486d-a9b0-1131f3fce7c6,962350,9 years,Rent
8a0ef889-37a9-4fd1-8648-05da23dbaaa9,895945,8 years,Home Mortgage
df7bea99-4e87-4c5e-8f76-9c2c4d147e01,996892,< 1 year,Rent
2096aab6-aa9f-4287-b19d-336e2ab34fb4,1457395,10+ years,Home Mortgage
2426c54f-c8a0-445c-a778-161af618e8ad,425942,8 years,Own Home
99571e00-09e7-47d4-84c4-2e8676df8c3d,1669473,3 years,Home Mortgage
47be03bd-4110-4101-a16e-0f1d6af0ea74,1124116,10+ years,Home Mortgage
831d0817-c7e5-486c-ac17-9ab6c1357b10,,10+ years,Rent
2c851855-9700-4ff8-aadb-69db3f74edfd,768968,10+ years,Home Mortgage
c2089204-0126-4684-a558-c4e7d578e0d9,,2 years,Home Mortgage
8d6c4f29-346e-4691-8e06-72f3d9c12171,546991,8 years,HaveMortgage
731ea698-ed95-4032-8c47-17eb1f105c86,3737680,4 years,Rent
701bd4a1-89e5-467f-9717-5c998f446dc0,933793,10+ years,Rent
1b3099f5-33a1-4afb-8b54-f88b4714f518,1636223,10+ years,Home Mortgage
2683804f-aeae-49dc-a197-9909bea20562,987506,10+ years,Home Mortgage
7fe1c9a2-b7e8-4596-ae36-e60fd3937f18,,10+ years,Home Mortgage
9b02e8f8-b0c1-4e95-9b33-1c7b79a2c90e,2245572,10+ years,Home Mortgage
3682fcb7-e329-46bc-af56-688531c9f350,406429,n/a,Own Home
50df8b7a-17b3-445c-b56d-7de693c164fe,1341438,7 years,Home Mortgage
479426dd-b7af-4749-ae95-3b598c624b46,1484128,6 years,Home Mortgage
8ca9baac-e2bb-4983-be37-30f28173d9a7,570627,< 1 year,Rent
d0b567a3-5483-4ba4-b6d0-2bf148458ce3,3250026,10+ years,Home Mortgage
156ca634-edd5-408d-be3c-b2bbcf6484e2,,4 years,Rent
00f163e0-07ed-49ff-9a0b-fb59895e94f7,813238,n/a,Home Mortgage
ecf5f1b5-2585-4c68-b741-e712e23b1b6f,763496,2 years,Home Mortgage
5c7111c1-945a-46eb-8497-0dcfdf6dc97a,847058,10+ years,Rent
9414e3bc-fd4c-4327-926c-e05fc05d1779,949943,6 years,Own Home
51771d83-d838-43a5-8e3e-d400818d2e03,859370,4 years,Home Mortgage
da0a6469-b5ee-4d20-927f-ffee55d7e1b6,,1 year,Home Mortgage
f22a0a7c-5aca-4a4f-9296-fbc6b8e59ad6,891841,< 1 year,Rent
8c7a15ec-4fe3-47d1-bc56-45a9056a14e5,,10+ years,Rent
d49735ef-ad9a-47d3-9f64-d2f6009778e1,1521520,2 years,Home Mortgage
eb398427-3e72-4c76-b8e9-45fa9046e99a,1276078,< 1 year,Rent
5d9d60a7-320e-4886-be0a-2a694ebaf136,,< 1 year,Rent
3dbec0ca-650d-40a0-8f9a-6e741dd7c6a7,851751,1 year,Rent
b33b8b7d-2e90-48c7-bd64-a604190bdad3,657685,< 1 year,Own Home
9619365f-6525-4f8e-be48-879d56ab9b6d,2150762,3 years,Home Mortgage
0aa80df9-1af2-40fb-9c0f-d81ec5e5825a,1679904,10+ years,Home Mortgage
7f652fdd-6b61-4547-8896-f0c72e613b88,,7 years,Own Home
e48d4c3c-11a5-45ac-94ef-1504ddbf9c26,657286,4 years,Rent
ec4998cd-b2b8-4978-976e-eff6daabb293,1191699,10+ years,Rent
196ee5a3-c049-469b-a741-34a802a273cf,1092101,3 years,Home Mortgage
cf5a5a33-e0cb-4e79-8eb3-1aac7a7787b2,1765404,< 1 year,Home Mortgage
f9c3de1f-16ad-453d-aa11-2287ed1de7d7,,10+ years,Home Mortgage
2888d52b-5a31-4479-9b56-48895f4793b8,2334948,10+ years,Home Mortgage
b96732e8-1902-4e39-9950-ea4735a674e1,1158696,10+ years,Rent
fe1fd5c0-148f-4e66-921c-6ce82109f14a,896857,6 years,Home Mortgage
2b21fcdc-dfb3-4bba-bb43-715d44fa7932,1412175,2 years,Rent
d051f73e-c776-4941-8eb0-a6603427fb5e,421762,3 years,Own Home
a4194a4f-6bc2-474d-97ff-066b33351716,649306,5 years,Rent
1d6fe294-d69d-4ea6-b612-63d25786f4b3,1127346,2 years,Home Mortgage
c393fe77-c091-4fc2-af73-74b94bfa320a,,8 years,Rent
7d4e1ef3-5e25-4032-a8ab-34826855110d,3254852,7 years,Own Home
e384c280-4bdf-4282-a8b8-8c015cb05f0e,,6 years,Rent
1496fddf-67c2-4061-ae9a-74aa5e07d53a,1580401,7 years,Home Mortgage
70137d3c-7fbd-4435-b818-9ac19af7e8f0,1574093,3 years,Rent
afd951ca-483a-4006-a441-983c8091f7a1,2661064,10+ years,Home Mortgage
31127ba6-290a-4cf9-8c56-6b6d7e84a9a0,,5 years,Home Mortgage
7c27f580-495d-4130-85f4-8eee3bb36e99,,10+ years,Home Mortgage
466300a8-5a88-4c41-9c6c-b9a4ce9cc1bc,1631473,10+ years,Home Mortgage
c358090e-1df3-4761-ac36-5c67fe5530f4,483322,< 1 year,Rent
e5ec9dfb-8f6f-4aa2-bc29-6010fd95bd3e,955605,2 years,Home Mortgage
7d1cc6d8-9859-4281-9b98-238d53ea16c7,2230980,10+ years,Home Mortgage
f6489cec-af96-4da0-8831-72d5ceefaa54,448210,5 years,Home Mortgage
a08ae9dc-cda4-4fd8-b4be-75bc41c47193,1149006,6 years,Rent
cb280dd2-f3a2-485c-9432-18da7e48c8bc,907839,1 year,Home Mortgage
50bf3835-84d6-49ae-b51c-cb988f909147,1134072,3 years,Rent
da8bf298-85fd-44a3-94c2-50ffa11ba294,2557457,9 years,Home Mortgage
3c318d55-9cf8-4c93-b07f-77e3c066ba93,904058,10+ years,Home Mortgage
ef02423d-8c13-47bd-96b8-c989a16590a0,922678,7 years,Home Mortgage
c5ee0941-13a2-49a0-abe8-da5f00ee6a19,1050757,10+ years,Home Mortgage
bccfa73a-31a2-4972-b8aa-073c0a52b576,685976,10+ years,Home Mortgage
5669a451-040e-4767-b219-2d01a7024f52,1437255,4 years,Rent
31b71d94-f1a9-4a1c-9b02-d40578402931,988874,10+ years,Rent
5668ab9b-b110-4d1d-88f2-bca10baac8ef,1847655,7 years,Rent
5f50f4de-8c5b-4fb2-9876-f1d06ca5d516,1833538,10+ years,Rent
e50201b5-dea2-4d8f-970a-09069c2919a2,2917317,10+ years,Home Mortgage
6702bd30-7c65-4ec7-b16f-35e28f37db1e,2170370,3 years,Rent
c526eed8-899d-4320-9fc3-016dd8ce3b89,969285,2 years,Rent
7c41e8e5-57fb-414e-b51f-92565c41b335,679706,< 1 year,Rent
1bf1d643-59ab-41f2-bb71-8bf005ca5640,1913680,9 years,Home Mortgage
67dbca5e-b12c-49a4-af9a-d9a6b3bf5fc0,466222,< 1 year,Rent
25e9cb85-d145-47f7-a8e9-02db491ad0af,1629041,10+ years,Home Mortgage
907d452b-6a15-4b62-8aad-889525aeb4c8,1419870,5 years,Rent
8a1835b6-380f-48b2-969d-5a907f4ac931,,< 1 year,Home Mortgage
3c68709f-ac94-4f29-8700-b56d59e6e519,972515,10+ years,Own Home
7d102e92-d1e0-4c50-8554-515b6c70e831,2347051,3 years,Home Mortgage
7ce57f41-5320-4005-843a-c19ee89a7fac,1373681,< 1 year,Home Mortgage
fc1250b4-b072-49f7-97e3-67b621a7646d,1943890,2 years,Rent
ffbed3ae-7fea-4105-bce0-71e957184aae,2090627,< 1 year,Home Mortgage
05a95932-24d2-496f-adc3-7d43a6943080,568461,3 years,Rent
75d5119a-9520-4c99-9809-a14b66f88b57,2088537,4 years,Home Mortgage
c9196dbe-fa9a-4161-8dd0-5418e6c26509,,4 years,Rent
3ac38cfe-e60a-4387-8d9e-da78f2a598ff,1014714,7 years,Rent
1189899b-7fbc-451e-8cbf-38cd809a84d2,764560,8 years,Rent
8766ce41-b5cf-4727-9534-8659d5a0aaea,1099815,10+ years,Home Mortgage
369c99a9-30cf-4111-b613-3fe899fc851b,729505,10+ years,Home Mortgage
f8579c88-cbda-48ce-a542-42fbefccd01d,810692,2 years,Own Home
551dbb8c-7e67-4b5d-a295-fa88d72745c8,1350349,10+ years,Home Mortgage
a1692b8a-c482-4c3d-8a85-e19ec4c5ef00,1254646,10+ years,Home Mortgage
3706eff2-139e-4df3-ab45-4b86e39f6f3d,652631,1 year,Rent
0db4f913-6ed6-4bd6-8272-658d7571d827,665133,10+ years,Home Mortgage
c465998b-50a0-4a66-a4ac-b5270bf1c10b,1208951,8 years,Own Home
850d3c26-7943-474c-82fb-051555c538b5,2946919,1 year,Own Home
9f1b34ad-69ad-419d-9b66-5a8b5a1438ba,2078296,10+ years,Rent
63210f0d-f944-4e55-9cd3-d6df0ea30f12,1433759,10+ years,Own Home
1ae0ff4e-5932-4316-ad66-fa86e9fcc6ff,1374574,6 years,Home Mortgage
b558b3c3-8634-4099-bb9e-c74cd8851942,439470,n/a,Home Mortgage
2614d577-5931-4175-88f6-541b48770dbb,,6 years,Rent
fe2d3e79-8a22-4067-b9b2-447afeed963a,753939,5 years,Rent
6d016442-f11a-4e21-8e53-1d9bc8ba3c2f,2132085,10+ years,Home Mortgage
2e6d9a52-1fda-4241-8663-27dcff749b02,699732,8 years,Rent
50431d44-ea46-4e1e-a82e-19d9e61612e8,2198110,2 years,Rent
6564adc3-e1a5-455e-a697-a6e5c6022c87,1928310,1 year,Own Home
af635350-8fb6-4312-a953-36369be06492,1488365,10+ years,Rent
7db57de6-7d17-480a-9af2-49e7af08d18b,2251728,10+ years,Home Mortgage
e731adc9-8673-4e3f-82a4-30b77f9f2e9c,1120050,2 years,Own Home
19e2fe4e-3564-4c36-a252-d7d48d06de0c,1543408,1 year,Home Mortgage
ccefb98e-4c90-4f6b-83cc-c057f6e7eee6,817152,10+ years,Home Mortgage
455f91bf-083e-4147-afee-a281ea3d5fcf,2005583,1 year,Own Home
2015a2e9-1f54-4766-b5db-fdc34cf08510,1345561,10+ years,Rent
ca373f79-d279-403d-89ed-9672eeb9719b,,6 years,Rent
0229ac03-00d3-4cae-9cc0-b27b0e7eb650,,3 years,Rent
6dc00b2e-618d-4cde-bf1a-823b6541face,1866180,4 years,Rent
ffd7ab40-b21d-4627-8318-b0a7f8123737,1128144,< 1 year,Home Mortgage
1d81d893-0b7c-41e3-967f-45630dea28bb,2210612,6 years,Home Mortgage
aeb7fb61-b175-4985-800f-1d594ebcb94a,1139544,1 year,Rent
37a130aa-2402-49d9-af44-fd3a3f4cfe04,924502,10+ years,Home Mortgage
650324f0-d22b-4e33-ab39-54d8e3251318,1263785,n/a,Rent
a4b322b3-4aee-420d-bfbb-613cf300ff18,,4 years,Rent
645c211b-250e-47aa-a182-8b86219cdaee,,10+ years,Home Mortgage
637da125-7949-4d2b-925c-99f2e43feddc,,10+ years,Home Mortgage
809f0b67-28c6-4eb2-8315-425098aceda3,1191794,10+ years,Home Mortgage
d471326e-e674-4866-ae48-47139d9327c0,1112697,10+ years,Rent
fdccb24f-a9b5-4f3e-b4b7-5c71ed093ab9,763192,4 years,Home Mortgage
019125c8-5e23-4dd0-8b76-403502d670be,1391123,10+ years,Home Mortgage
5b9f09b1-a838-4424-90b6-b224516febdc,,10+ years,Rent
34e00e48-d5cb-4e59-90eb-1b6448db3df8,,10+ years,Own Home
c09f7c64-77d3-4f53-825f-87a433cb7843,1180356,10+ years,Home Mortgage
3d99b7c1-143f-4c1c-984e-8440b82f22d4,,10+ years,Home Mortgage
1b85bdf7-8831-4440-863c-5c8495fc050b,1611770,2 years,Rent
664f28e4-6476-475f-9581-66749bc96619,1437635,10+ years,Home Mortgage
29c38ed9-885b-4bec-8b3d-d16a5f5a4c46,396853,10+ years,Own Home
7f524b2c-1470-4e82-b3c4-918e419c7890,409906,10+ years,Rent
7ac24a26-60fc-472f-9ff0-d5ade63dd209,2265636,10+ years,Home Mortgage
8f85793b-a7cb-4346-9951-63e5897c61e3,1066223,8 years,Own Home
267d0aa5-80b0-4db0-b48d-c1dd2c59c109,1730520,4 years,Rent
09d19824-9f18-4c86-8518-1b96dd676d37,,< 1 year,Home Mortgage
3520a72f-ff8f-4b8e-8150-a313a5336e36,607544,4 years,Rent
a10c8b75-5a04-4a4a-828e-8ed46b3433c7,942400,4 years,Home Mortgage
fd35934d-c7b3-42b0-b2c7-9b5908402e4f,1155276,10+ years,Own Home
db257a5f-1fbd-4ba2-ae0b-0f04a8f07bbb,1086135,2 years,Rent
c55848b7-714f-4e8c-a595-32a8defbd288,1707264,4 years,Home Mortgage
9d3baffa-a0aa-4c9e-88de-95a77ad7bbf9,1442347,2 years,Rent
17df8bf5-f99e-4bd6-8cf8-7f3328263b73,1555169,5 years,Home Mortgage
5c16a268-33dc-4892-a4c4-5d20c52d4483,1382231,10+ years,Home Mortgage
fd9e3fc4-bb1e-4e64-acd6-c84c579ecc99,3030272,10+ years,Home Mortgage
e9c647f6-2602-4a0f-8ca5-18927656a201,,< 1 year,Own Home
50e0c234-c24e-4d7d-8556-c7e21a71f93a,427994,3 years,Home Mortgage
c6b6726f-11a5-45b3-b106-5c7fe8c2e7d0,,7 years,Own Home
a734de45-d60b-4efe-9dd3-d60ab04e400b,848084,1 year,Rent
566180c7-298e-425e-ba81-998756b5e56b,683240,5 years,Rent
1724d0c8-2459-4e3f-a73b-ac85e03fd881,1580439,10+ years,Home Mortgage
1da1a458-1027-4da4-894e-6f01a7b0c4d1,945915,1 year,Rent
753c5b12-8448-4736-aba3-0812b6dab3b3,1354738,10+ years,Home Mortgage
54f0a697-8768-4d2e-b10d-8886f5c5ea34,2890812,10+ years,Rent
b6c0a7f5-eef5-494e-ad0d-c4e6c003e713,313329,< 1 year,Rent
3744613d-a869-43ac-b843-aad6315b4a1f,958094,8 years,Rent
d0b02369-274f-48d6-b691-bd96293c4dab,1651024,10+ years,Rent
69c95a9d-180f-46f1-bb99-8f25acfb0b48,919562,< 1 year,Home Mortgage
4f8e758a-3b7b-453e-a2d6-37dbb6028d34,700302,4 years,Home Mortgage
1600fa39-b6c2-45f8-9297-9670e75ff60f,1541128,2 years,Home Mortgage
f1cc7ac9-1380-4a36-acd2-d4f1d55d1f2c,956840,6 years,Home Mortgage
08930234-3118-406d-9111-efed99e2088f,2247605,10+ years,Home Mortgage
e7e989c5-c274-4b20-b876-424acfb4b392,2017629,4 years,Home Mortgage
2415eebb-73fe-42e2-ad6c-ad89c4669932,3081059,10+ years,Home Mortgage
64c9b1cc-9530-4ae5-96c6-a6b9223a96db,2063457,10+ years,Home Mortgage
79ac2f05-243f-45ef-bf6e-73d5416539e2,704235,10+ years,Home Mortgage
bf3410df-b09f-455e-b065-04225ef8ecdc,1468073,< 1 year,Rent
dec22886-032f-49d5-ba59-4d24a070253c,380228,< 1 year,Rent
5d8f6ce2-bf20-451c-96a8-3be7307998ad,,< 1 year,Rent
0c4ad1d8-1549-4c37-a6cb-0e125d6d8efb,,8 years,Rent
995aa515-d19d-4f35-9377-5f386e1c36b4,1216361,10+ years,Own Home
e788a58d-913f-4a04-9fe0-a7b4280868e0,756067,n/a,Own Home
b6c883e5-7a38-4648-88f6-2138a221c01d,,10+ years,Home Mortgage
57261d37-7d23-45b2-860e-826e052ba22c,1206595,4 years,Home Mortgage
af442dda-bc9a-4821-957b-e7975f3fefc1,663803,1 year,Rent
fa5e75b4-1ae7-4520-924b-d192f1877f09,1972466,10+ years,Home Mortgage
73f9be41-8aea-4bca-9d3e-db43824c4e60,2365158,8 years,Rent
8ce0c88a-da59-464b-b9a9-cb062ec52854,1695807,8 years,Home Mortgage
6f68b452-ecd8-40b3-be4a-0e66f53fd4cf,971014,5 years,Rent
fed9ad28-3e65-4351-ba09-3a5dbe3fc094,,10+ years,Home Mortgage
1ee79532-e714-4285-bb53-5bf779a5965c,3157325,10+ years,Home Mortgage
acdb5404-8343-4d9e-91ed-23a615c40758,,2 years,Rent
5de3491c-8981-477c-810b-18559d180b19,3175755,1 year,Home Mortgage
664db7c7-dfc5-475e-a15e-37ef193844a2,2233488,4 years,Rent
045768cc-6053-40c1-948d-a4c2ac474dcf,1435811,1 year,Own Home
49d4c541-e38a-4d8b-b41a-35a8533cd6ab,,6 years,Rent
08eb6f2e-ef16-4774-83dd-cd5c5770a5ec,661979,6 years,Own Home
5ab8fede-ea88-412a-93b7-1c4c1bf6f451,1744713,5 years,Rent
4de716f1-0e1e-4701-a3d8-de60456e623c,1594005,5 years,Rent
4346fea2-12ab-438c-833e-b665df92ec21,,9 years,Home Mortgage
3873eb77-e6df-414f-90dc-2f22ed5a5a1c,842346,5 years,Rent
d078990b-a489-471b-a13a-24b6ce6e52cf,2660551,5 years,Home Mortgage
b2ba4799-548f-414b-a8ab-350b6bd56ee5,1358462,10+ years,Home Mortgage
268036ac-ae8a-4e22-8ee1-f3430fdb7bcc,,10+ years,Home Mortgage
88453f40-7863-4a0f-af9e-8b5012c21e93,1724307,10+ years,Own Home
8886a517-22c8-4ae6-9f9e-a03bef7457e0,802636,< 1 year,Rent
417719c5-ab66-4fa6-b1eb-4222cb72a11c,,3 years,Home Mortgage
bb281b57-0695-411a-8b11-1ccdfbbbe5fc,1451315,10+ years,Home Mortgage
56c28e02-a84a-494b-b98c-507dd32aba37,1480461,< 1 year,Rent
92b53765-65c1-44d5-89a5-bc42e2859a8f,,6 years,Home Mortgage
4659c180-0989-4f14-babb-e5b897671cf4,1158924,10+ years,Home Mortgage
d61d5c4f-a47d-412d-a3bf-9b59b779b6ba,2378876,1 year,Home Mortgage
772a030f-cb31-4514-9f35-fb8d10fbb67a,1677168,9 years,Home Mortgage
e6c9c6e4-87c6-42d6-922e-a547a28d7eee,1580078,10+ years,Home Mortgage
baddcdd4-5892-4632-a0f9-f8b522ac5c2d,1328005,3 years,Home Mortgage
d3ad0d84-03a0-4898-a585-d7675c1120ec,2932688,7 years,Home Mortgage
cd39f7be-df30-4abf-b29a-f6e3fe2a343e,700758,10+ years,Rent
d8b2f5dd-988e-48cd-9de1-d6506ed26628,896040,10+ years,Rent
b6e2f116-2f30-4a99-9e97-dafb19081a78,676647,4 years,Home Mortgage
fdfbb131-eb96-4d5c-9dbe-59fe76725375,12574770,10+ years,Rent
a44b34aa-77cd-4b3f-8d08-67c5fc80da19,926592,7 years,Home Mortgage
97537df4-4947-4be9-ae0d-602861fab28d,1685091,< 1 year,Home Mortgage
6a623fe0-d6ff-4715-844b-fabe6ddd4cfb,,4 years,Home Mortgage
b5d6ab16-58de-463b-ad8c-5163b2bdeb92,891480,10+ years,Own Home
a90b0d41-ce4d-4749-adfc-9357bb78c04c,374604,n/a,Rent
beeaf1ea-4621-49db-837b-2903b1ccb770,,10+ years,Rent
4cd5ca9b-11d0-460c-a9c6-97c9bb2731a5,833625,10+ years,Rent
bf2e769c-a15f-4962-b606-7fd5d88816ef,996835,10+ years,Home Mortgage
2aa518a1-6f54-449a-aea9-94d6344d0bc0,2054052,3 years,Rent
1687ac6f-6001-4abd-bebc-20560ba6292b,,4 years,Rent
f0ebe548-b11b-43b7-962f-ef4fff76ef6e,1906688,10+ years,Rent
dec6eda3-2110-42ef-921d-4954d380219f,1253772,3 years,Rent
fdbed7a9-a34f-487f-9252-5cba19cde103,,10+ years,Home Mortgage
3e187211-3a94-4bab-be89-dd5fdfb92621,717687,8 years,Rent
63504466-ec9e-45c1-80bd-73d1a8340ed1,544217,3 years,Rent
42154f2d-a859-499b-a30f-6893b45bc1ea,2620917,1 year,Home Mortgage
65288692-b877-4de2-9ec8-0b9bafeb5195,1938646,10+ years,Home Mortgage
4ba34f40-ea54-4f3b-a82a-77307b0dccc1,1258218,3 years,Home Mortgage
fee0c0cd-f1a6-478a-b8e4-3ef5d68675e4,684684,8 years,Rent
883283c2-563a-4207-84e6-892911896676,1616463,10+ years,Home Mortgage
72a25fde-6f64-49ca-8123-5057a500b63a,624359,5 years,Rent
0b6416e6-bbd5-45bb-86f2-905eb6115de3,,5 years,Rent
f5fc5f06-aafe-4251-86fd-e35878276b2f,1279118,3 years,Home Mortgage
2e1d5dee-e73d-42ba-b31d-4e369a9d0050,665874,5 years,Rent
87c050e2-a674-4ff0-8fe9-dfc4015145da,,5 years,Home Mortgage
fe920139-4022-4d7b-b3f6-059f314032b9,1517568,10+ years,Home Mortgage
22fc75a4-c279-471a-8104-ea620121a535,809818,4 years,Rent
bc5bdffc-cb42-4b82-b3ec-27ca7dfe2165,2789580,2 years,Own Home
c450447d-5056-4f23-91b6-5a6e89dec43d,1180128,1 year,Rent
4ea014e6-7ec1-4b87-8a3e-8c48a2803f6b,1428420,6 years,Home Mortgage
6ba06ffc-f5cd-467d-b5ec-9ec32070aae9,850820,< 1 year,Home Mortgage
e7d541c8-624f-4142-ada8-33eb567cb3eb,,2 years,Home Mortgage
4a4f1f6a-de2e-41de-990c-89fa46aa5fae,1352876,10+ years,Home Mortgage
6e6c77e6-df5c-4e23-988a-7bd2b925b135,939455,10+ years,Home Mortgage
af723f4d-32f5-4703-8887-ad55a7bafc8f,998982,10+ years,Home Mortgage
0ccb0ced-e23b-4eab-911d-2e351412e8d8,654835,6 years,Rent
6ffe4800-8085-4bc1-85ae-e3ccce7e2634,1099302,7 years,Home Mortgage
6780ed36-87bd-4df3-9a26-e905f37eb506,1101202,< 1 year,Home Mortgage
f78b38c2-bf30-4c24-a6aa-711c05a77836,,n/a,Home Mortgage
cdf476c0-0432-4728-862d-32103719a3be,389139,3 years,Rent
fd2c0fc8-c59c-4997-abb8-6a680f82cd02,,3 years,Rent
4df035ac-85b9-465a-93f5-1d5d559adee6,850991,2 years,Home Mortgage
e6fc1a24-a99b-44cd-b711-34e4b0d4956d,,9 years,Rent
907f6ddc-85c7-4921-82fd-8d2a045c9aed,3182728,4 years,Home Mortgage
331e5edb-8358-4228-97c3-fb53228c7b98,572679,7 years,Home Mortgage
70981913-af3b-409a-b26e-89be47ce8218,1123698,9 years,Home Mortgage
acceffa3-790f-4dd0-b829-a48c18857a61,,2 years,Own Home
cc708647-5bad-4695-af9b-9165ae319390,,5 years,Rent
f4c31597-81ce-4ed9-b048-401e6e2d8325,1892134,3 years,Home Mortgage
84e893f1-6658-49af-92e4-4210911b8680,2641760,10+ years,Home Mortgage
7c24c189-e573-42b1-99c1-4d767bcdaebc,1223524,3 years,Home Mortgage
f111a742-cd56-4db7-b66d-b5ce245d7ece,1678023,3 years,Rent
cbb8d913-8856-43e7-9fcd-a33e8dbbabec,,8 years,Home Mortgage
905c57b6-610d-4a67-8fe0-a99facf3cee0,789355,2 years,Rent
2d5dff9e-e01a-4fbb-8415-c7d656e821c2,1662994,2 years,Rent
d43c3fa7-f1ca-40e8-9a4f-63f9f471d53c,669275,10+ years,Home Mortgage
96767bb9-843e-472c-8b9a-80da03ecda3c,890777,7 years,Rent
95954d1f-50fe-4c93-8e7f-cf1a25a98ce0,,5 years,Rent
d457db62-b682-474c-8d3d-6a98705bcdac,1067306,1 year,Rent
0e208192-7b43-4ea7-8b91-ea77e5ae0fe6,3428189,3 years,Rent
10c11197-2343-4050-a12b-9c3dc463adf9,2313972,9 years,Home Mortgage
34676eac-9c3a-468a-8068-7fe34a1b8edf,2272704,3 years,Home Mortgage
35b1ef95-697d-444b-9862-8c11fce009fb,1782428,2 years,Rent
bbffaebb-155a-42a2-a208-4a60a4bae2a9,691049,3 years,Rent
a76825f2-5a23-4b6a-9255-fbcc9b8916c2,1925080,6 years,Rent
7a26e215-2df7-4676-8d3d-4f2fa290f444,1125978,3 years,Home Mortgage
92bb9c2a-805e-4cee-a48b-f8f49d965699,1821910,10+ years,Own Home
a5632d91-1674-4a00-bfe4-339621c41ecb,,4 years,Home Mortgage
677e238f-8070-4144-bf0f-41c6fcb90569,1005784,3 years,Rent
3664f353-4ad2-448d-b405-daafe4b0a1e5,1729836,10+ years,Home Mortgage
50cfc280-165f-4517-a507-1942f461d3a0,1138841,2 years,Home Mortgage
3cdbe852-ed83-4533-abf6-b1e7e45b918d,1014714,10+ years,Home Mortgage
6593ee8f-e1ac-4e3f-9487-1debaaace5c3,519669,n/a,Home Mortgage
deaa3f67-1593-4d76-beac-27322be4ac86,972876,10+ years,Own Home
dfbdb0dc-0ca6-476d-9dab-4a5f55ff7852,618146,4 years,Home Mortgage
f5f66bc8-3d75-4e4f-b971-da78ad756ff9,,8 years,Rent
dcce7f12-67b8-4c75-bcd9-2f75d32b6de5,1037267,10+ years,Rent
09ab8a20-6f5f-4df4-baf7-723e12b12d3f,1513464,10+ years,Home Mortgage
986d66e2-4532-47b6-a900-a717380b94f1,2720572,8 years,Home Mortgage
8faf3190-ffab-4b54-b391-2f1ab1be35a5,876565,10+ years,Rent
fd80c148-581e-42d4-b245-2cedabeb3b39,1419794,4 years,Home Mortgage
35c4442c-3903-43bd-a80e-83ab3f66e6c7,970805,7 years,Rent
bc5bf257-34a5-4c04-8845-2ed46b0ae68a,961077,8 years,Rent
586deae4-eaae-4293-aafe-263d16f65381,2115536,10+ years,Home Mortgage
1132bbc0-3d7b-4996-972c-4ecf58a14c19,1455172,< 1 year,Home Mortgage
6a99435c-0dff-4800-a223-1aa288a28de2,,n/a,Rent
67fc2d65-1a68-4fb3-9833-ce7a117fedff,842346,5 years,Rent
27cf0603-9f07-4ab5-8d9b-45bebce92589,,10+ years,Rent
a582aeb0-c695-4358-9141-f061e184e778,,6 years,Home Mortgage
7a9e7923-ee2a-4bd6-a084-10df65cd0260,1787501,4 years,Rent
56bee0f5-e91f-41c0-850d-91425c7f9fd5,925680,< 1 year,Rent
7375d2ee-68a1-4bc6-86c5-4d6b2f049c8e,,< 1 year,Rent
c585ac24-60d3-4b96-a525-56099433c126,1586101,1 year,Rent
5db36fb9-138f-4830-b5c3-d6937b61d6f4,1000445,3 years,Rent
cdc95075-3578-454e-8e73-e8928a2f5fc0,1492697,10+ years,Home Mortgage
39da43e5-d250-42c3-ae34-1671b9ad4528,2879621,10+ years,Home Mortgage
db585cc9-8fee-4be1-8863-8829c78b206c,,2 years,Rent
4937db2f-d52d-4fe1-b0dd-72d144d2fc24,1358329,10+ years,Home Mortgage
263c7e02-075f-49e1-957f-2b7feeb1f65b,1252005,5 years,Rent
3c08e5f8-0868-4b68-8623-63534622c201,998298,2 years,Home Mortgage
262251e8-e553-4471-bb18-9ad053476371,1968742,10+ years,Home Mortgage
6a99a0a6-3037-4f1f-87c9-9ff32f4f441f,1153338,10+ years,Home Mortgage
97668fe4-aa17-45f6-a32c-86b1089e853b,558220,< 1 year,Home Mortgage
1ea19745-8cb3-42b6-b764-73262ad1ce96,1218945,n/a,Own Home
2fc55979-ecf7-4e07-b9c3-ee1102117704,556035,5 years,Rent
c7330699-d40f-4991-be0e-b2da6bc8e4f6,717136,10+ years,Own Home
026a9b92-d204-466a-99c3-3bf054f8ed99,1263158,10+ years,Home Mortgage
4545a1f7-4e82-4f6b-b1c6-be9c2e1f68cd,1929830,10+ years,Own Home
012f7488-4a9d-4a7c-b8f4-432306bf2400,,10+ years,Home Mortgage
102e1abe-dab5-4878-915b-fdce5fbc55fe,,10+ years,Home Mortgage
7bf6d5e2-fb11-4d5c-80f7-324673d05fda,1184004,10+ years,Home Mortgage
ec70933b-605f-4d56-9203-0601822b63d1,1217102,4 years,Home Mortgage
0b73622b-4984-4cb3-a43c-ccc5d57cb060,1652278,3 years,Rent
ab3440c1-8357-4d8b-992a-c23efff8a10d,1892210,3 years,Home Mortgage
08fa62b2-aaae-46dd-a438-536c6b155f32,275044,3 years,Rent
4b904cca-bea4-4bcb-8857-c030f9ce4280,1025164,2 years,Own Home
3b5a77a2-0da1-4bca-b3cd-16863b144d18,,10+ years,Home Mortgage
2a46782d-3215-4dfd-9f3a-1e333d84fad1,,7 years,Rent
56b2238b-a97b-4fc3-8108-000730713eed,750500,6 years,Rent
b6381847-78f9-4b38-a8e8-f7cab8eb8eaf,639787,4 years,Rent
9dc4e785-bb0b-46f0-9b3e-2ad08eb8a520,700074,n/a,Own Home
07e56c61-8eb9-484c-b4e3-c029323a8535,348536,7 years,Rent
474f6fc0-4540-48f0-975b-20923bdff71c,1981985,3 years,Rent
5f6f7286-155f-462a-8706-07702ea67982,784358,5 years,Rent
4888ba20-f1db-48e2-8da5-6278f5f566f5,970425,2 years,Own Home
b986d763-6fd4-4929-a43d-9551d0f4e76f,1022903,3 years,Rent
5c57c0a7-6eb2-491b-bd80-4827ea9689c2,,4 years,Rent
bc45abe4-13e5-4e81-8ef8-8dcfba6ae058,2670963,2 years,Rent
b258f9e3-b528-40d2-b955-12b4ea5c08ed,,10+ years,Home Mortgage
9cb1e590-21ba-44dc-a08e-feb3341a05c2,679478,6 years,Home Mortgage
2c089eac-77bf-441d-983b-293c1de154db,,5 years,Home Mortgage
67bc8dc0-36fc-4a0a-a332-fb72ea04045f,1860670,7 years,Home Mortgage
6ffae70d-68ae-426a-adf0-c35b0b8931be,712614,3 years,Rent
e942443c-0fab-4e30-8174-85018fb0a7ef,1240187,10+ years,Home Mortgage
a2d027d7-bfb6-49b6-8384-79c04e460758,1932680,10+ years,Home Mortgage
30d40111-36c6-4a33-84d3-9f39b93fca99,1200838,10+ years,Own Home
e47e005f-0e43-4f86-97fc-ccc5ac222898,1402200,9 years,Rent
360d791c-a018-4ad5-bf09-410ac55a2692,1054728,6 years,Home Mortgage
b79771af-7914-4796-a785-042ebe80de6b,,10+ years,Home Mortgage
e80516f5-abf9-44dc-abf8-3b3d96831aae,1203726,7 years,Home Mortgage
2f83e0a0-7db3-4533-98f6-4032584a82c2,1708803,1 year,Home Mortgage
f61c3127-6ae5-4684-aabe-9e1ca7545b40,1139430,6 years,Home Mortgage
22bbef4d-8f7c-4d6a-a76a-7b806a12a904,556149,2 years,Rent
b8ec58ee-8685-4fa4-baae-534a0507506e,1193143,8 years,Home Mortgage
33567bec-ed33-445e-b8d3-6f0a86566ffe,1043024,< 1 year,Home Mortgage
0250446f-516b-4c13-94bb-cf41f623fe1a,1458440,3 years,Home Mortgage
54348b90-9bbc-4320-a2d2-80487adbc766,1345998,10+ years,Home Mortgage
3e87f6c9-2050-43ad-a3d8-116a7cc58dc4,,2 years,Home Mortgage
3852f6f7-b3b4-4c2f-924f-c051ebc8cdc4,1085983,6 years,Rent
b3c4b7d8-b4ed-4da0-82be-739312f08000,769880,9 years,Own Home
5d3186aa-5c4a-4154-a2c8-a33fecca5813,1621460,n/a,Home Mortgage
b86ef9a3-aa4a-49bf-b094-6d51c722e909,1472367,1 year,Rent
f73859bb-bbd0-48fc-b2e6-434c9b0b0424,635208,9 years,Rent
25d90124-9030-4110-9688-687d6921698f,673854,n/a,Own Home
a1d40469-e2bd-4ab7-b11b-97db595520bf,479332,2 years,Own Home
ebf34dee-d391-4b65-bd0b-a91aff1535b3,758936,n/a,Rent
4e91fdff-cd3b-45c8-ba14-34b9225eb410,1675458,5 years,Home Mortgage
d5faf37f-2053-43f3-952c-b96945cdb2a0,575814,10+ years,Rent
29b8be3b-a9dd-41e4-a244-260083ea3713,906433,5 years,Home Mortgage
19bae4fb-5006-4233-96ff-6253aafab5c8,,2 years,Home Mortgage
1f5b3ae3-88d2-4cd0-a15b-a151d5546aee,,5 years,Rent
3042e026-64d7-44b7-8196-6ef3d1436e64,,5 years,Home Mortgage
b9eef96b-8a84-4040-bd99-0b6e360e6660,767448,3 years,Rent
b4d47826-0509-4866-ae61-8c5cf768500d,1602897,4 years,Rent
81102182-0f0b-4385-a6c5-d424bbf9400e,2106720,10+ years,Home Mortgage
55d26c44-f355-45ed-958d-a037f9d812b8,419824,7 years,Own Home
47681d7a-939b-48fc-b14f-9a71f0b08c1a,1420896,10+ years,Home Mortgage
441e6af2-b457-434b-a6fb-40d479aa3f4a,775428,10+ years,Rent
bb675f63-3dc6-488e-b77b-4b6490bd291d,1588685,10+ years,Home Mortgage
3dfc2cdc-3dde-4c44-8604-519147cd502e,3022729,3 years,Home Mortgage
29e42f4f-92ed-4c02-ab90-a5f3f7403eeb,716110,9 years,Home Mortgage
9b7ba0a4-17bd-4e75-ab9a-1ad456b9f04f,903089,10+ years,Home Mortgage
7de2720f-cde4-4012-8977-c8d808a6cf81,759088,< 1 year,Own Home
eb8434a8-7e86-4ed2-be07-b626c3d359c9,1532464,10+ years,Own Home
7617b221-c9db-42b9-9d4a-7fbb84dc333f,496489,7 years,Rent
229b5a9f-963b-401d-b376-0ec5ad5d2cd7,1115376,10+ years,Home Mortgage
a4cee926-3e65-4cc9-bb64-d418f7f0c24a,2073907,10+ years,Home Mortgage
8de3dbc7-abee-4543-b04b-74c7df8bc433,678357,1 year,Own Home
4f97b286-4da3-41c4-bf58-86df29bd4b9a,1632936,< 1 year,Rent
e0fe7e6d-3d22-4f09-baa9-a4bdaff7e0e2,,10+ years,Home Mortgage
b01ca7bb-267a-494a-b01b-ac875855136a,1636299,< 1 year,Home Mortgage
f44e5266-be92-49a5-8da7-89e49d0039df,1436628,10+ years,Home Mortgage
19c1af1b-f4d6-4111-81ff-cd0341466dfb,4025777,2 years,Home Mortgage
afa03123-f9ff-4d93-bced-1dcc45096593,1348164,8 years,Home Mortgage
7c7ac4c0-8748-4dff-8153-afbd91b3a274,,2 years,Rent
11b84f80-393a-4fbc-85ae-044ede9c3ff1,,7 years,Home Mortgage
85e03e51-37e1-492d-959b-d9a8cb943445,2165563,7 years,Home Mortgage
1553b0d5-49fe-46f6-b4a7-a484af17df67,3749840,2 years,Home Mortgage
284f68d3-b30a-48d0-a622-2a6a243eb329,,10+ years,Own Home
6c1cbce2-dd94-4de5-b8dc-94775c58ca85,3824320,1 year,Rent
89192045-79e6-42ef-ba71-1729d23338a2,965105,10+ years,Rent
bbe1139e-f3bd-4da7-b20f-84c82c24fb33,850668,10+ years,Rent
ea114573-720a-4faf-a3c0-b3c2a91cd979,1516960,10+ years,Home Mortgage
0759d557-076c-4d29-9220-473c815c65bf,1098770,5 years,Home Mortgage
e2614d5f-42f6-43da-a7ea-2f162adaa9be,223706,4 years,Rent
5793ecd7-a106-429e-a2f3-b120dc18d5eb,1033790,3 years,Rent
fb6272e8-b79e-4ed9-bfad-566c94609689,2521870,10+ years,Home Mortgage
eda46d79-3a79-4706-8d4b-99f1b96afd9b,386650,5 years,Rent
303bf7a4-5ca4-41b3-aa68-ceef973b4479,879149,< 1 year,Rent
10ef73c8-7f29-489d-9b13-b440e4084cec,557612,10+ years,Home Mortgage
8e1b7506-a8af-40e4-8652-62813fef6e46,1735479,2 years,Home Mortgage
11f57acb-2c29-4bb1-a91f-f3bdb4dc8082,2656352,10+ years,Home Mortgage
f30e5015-d4c3-492b-bbb2-5c85f4c64da5,,10+ years,Home Mortgage
ff0bf79a-541d-4763-b529-753c54c52deb,2319634,10+ years,Home Mortgage
1ce554b3-5463-442a-9ba5-7ca08771fa3b,689206,n/a,Rent
25c8e65a-5c43-4277-82a9-aabc0067f464,471960,10+ years,Own Home
f4d28eb9-ff99-4ade-975b-68732c23d7a9,915230,7 years,Rent
9580f8c6-6cd9-4d87-a53e-78b082e6f4eb,526414,n/a,Home Mortgage
45809eb7-4537-40bd-84aa-820f7ab277c7,873031,2 years,Home Mortgage
6d964b3a-8477-41b3-aad8-354c47f83cab,1278301,3 years,Rent
3627f8a9-54f5-4cf5-a85d-6119802a4317,1638788,10+ years,Home Mortgage
955404da-f6a5-4b2a-a00b-3d93530335f1,1685376,10+ years,Own Home
00c14a38-1ba7-4026-bae2-e3c9a47c8089,,5 years,Home Mortgage
40a7778e-7459-4d23-b9e1-ae8c3e4df9ae,,10+ years,Home Mortgage
875f126d-cb7d-47e5-aaa7-185549299695,1002630,9 years,Rent
2306d4a4-3700-4f9d-9865-d9dd50a6d333,1298745,10+ years,Rent
5460ee05-46da-43d4-bde4-bc48e63b1072,503956,2 years,Own Home
66df47b3-8302-4dfd-8b59-8d9e0ad6eac6,865013,4 years,Rent
94652d30-ac7c-408e-87e5-573fc0729a8a,1390515,3 years,Rent
89697693-3255-4561-b0df-6aa46b8566a1,738682,3 years,Rent
37327f8f-7f1b-4aa3-a396-8ec470e95080,1708461,10+ years,Rent
be377b5e-69d9-46b9-a6f0-93a79f50840b,629679,n/a,Own Home
4a955fd8-3bba-4105-87b1-903543f7790b,1255387,5 years,Own Home
73ae0c37-2eae-4686-8c7b-9c861938f6e4,470630,1 year,Rent
6d38815d-be62-4bcc-bad4-73f3c9816ba2,562989,3 years,Own Home
eb40d14f-f9f2-4179-aec4-e95e311c030d,1150317,10+ years,Home Mortgage
ded688e6-abbd-4464-a4dc-55eaf973d722,3018112,10+ years,Home Mortgage
3411fe9f-de49-430d-bb3b-33d4673ccebb,,2 years,Home Mortgage
79b9e33b-71ed-4709-bebc-d4aa48049c66,,< 1 year,Own Home
e85ff16d-4783-436e-b8db-ebf841b741d7,1011123,10+ years,Rent
6386a953-5d60-4bd9-8df5-eb5455cac48f,1509113,8 years,Rent
333db36c-cdba-4921-9d2c-74c2a8ee76d3,1616140,n/a,Rent
08cc3be4-d258-4247-a45a-52c47790e976,,10+ years,Home Mortgage
1f732075-7acc-42ea-b4eb-a6b20808a9c3,1054405,3 years,Rent
4544818e-d157-49b1-8513-9be6ff3fb408,1418008,10+ years,Home Mortgage
0105cdab-1527-4fb2-8c5e-2aca27348fef,981768,10+ years,Own Home
f97f74be-dc65-4d08-826a-a46a5b667951,,1 year,Home Mortgage
1408dbb7-d6bf-48ba-8f75-94b43a8ee347,1022770,4 years,Home Mortgage
ab6a02b3-4a4a-4f6e-8244-84e8e0395255,4943876,3 years,Home Mortgage
fa834b81-05a8-47e1-a99a-4fc287e96843,2568344,10+ years,Rent
f345fc47-fd32-4fdb-8e5e-2f6a6b75d4fc,1037514,8 years,Rent
435055ce-ef47-4a99-a4a9-96d29089c93f,779798,< 1 year,Home Mortgage
231e1999-c52f-4b21-b322-8290fa931726,605568,< 1 year,Rent
05dc61ff-cb3b-4a87-a108-5bd55c6e8ddc,1842905,< 1 year,Rent
5f1a244b-b02e-4f01-8ee9-6c82f33f79dc,1061625,10+ years,Own Home
fe8a9846-0a1f-401b-8311-20d5a8466c90,1100233,8 years,Home Mortgage
2dad98a6-56e7-4697-a76c-f641ca1c2027,865526,8 years,Own Home
7b403915-ec26-4a28-a9d3-e1e471c1fca7,493316,10+ years,Rent
f793de25-0f3e-4673-bafa-ab5d363dcc30,567036,4 years,Rent
4c3c5d9c-2f40-49ec-a030-3f42d13ceec8,,5 years,Home Mortgage
61508d25-2d65-4de3-b803-610221cff94f,,n/a,Rent
ff7fc7eb-0904-4d5d-826b-8cb6a9e2c206,1140114,10+ years,Home Mortgage
17156d61-0769-4c1a-b31f-91cc65de3598,988969,8 years,Rent
b7c9cf87-28d8-4733-9676-4f168c938b9e,3266176,< 1 year,Home Mortgage
6fc146fd-649f-44ce-84fc-b074d8b2eb24,1873020,10+ years,Home Mortgage
9b22f726-c444-4307-88e1-48b6923b07d0,1897701,10+ years,Rent
40f7457d-8262-4a7b-82b9-f4fb728611ac,1956050,7 years,Home Mortgage
3e4b1ee6-a26b-4cf1-b90d-0d323e64fe0a,562134,3 years,Rent
e4d0f566-3cce-434f-af4b-005ad78037f3,835506,8 years,Rent
ea7de623-078b-430f-a0b7-3a98043b5d84,1168272,6 years,Rent
40261706-db32-4a21-92a6-6f4a6a919e54,1731717,7 years,Home Mortgage
91fcab37-5db8-4a28-b59e-7a03cbcfb23b,1600465,10+ years,Rent
eafd5e1f-aa14-4233-8248-6fa5db305da6,,3 years,Home Mortgage
64a9082c-a109-4a66-846f-86d9d561c3dc,873468,3 years,Home Mortgage
8ce5e393-398a-4ae5-b628-85afa94455bd,1256451,9 years,Home Mortgage
511e7330-beae-4617-8eaf-9af3fc9c7c68,1883356,4 years,Home Mortgage
9900ef02-09af-4853-8c24-6e95d4c8bdb4,2820018,10+ years,Home Mortgage
351391e9-df4a-4118-bdac-5af1bac4ef9f,812915,10+ years,Home Mortgage
cfd59fd2-454f-45c7-9a29-17f87fc0f768,1520456,10+ years,Home Mortgage
a3934f67-f342-4243-b6d5-4305106abc37,,7 years,Rent
947bee63-4ab2-41bd-92b2-72b54118e163,,5 years,Rent
29eb7812-69d7-4806-898c-46ccdd25b1c7,1122064,10+ years,Home Mortgage
e05d8c58-faf0-4f3a-9973-38b086b75daf,1119822,10+ years,Home Mortgage
1e818456-37fd-4eb9-83b0-ce3c431309d2,1634551,10+ years,Home Mortgage
1efa188a-559b-4508-89b9-9a8cb2ed8dde,,3 years,Rent
646c481a-0666-4cb9-85ff-70fae991c8df,2623482,2 years,Own Home
e7aeb710-cdc8-4921-b2cc-b5f4d8499c7d,,4 years,Own Home
42eb6dc7-c29b-4521-94ce-959f12abac88,1585132,10+ years,Rent
a842dc49-4bed-4d9f-9b33-660ab6865502,1217596,10+ years,Home Mortgage
6c0b9efa-c723-430b-a82b-c42044f002d3,1127118,7 years,Rent
76c91e9b-b9cd-48d7-b781-bd3028d7c0eb,717421,2 years,Own Home
d101a0b9-7e96-4465-aaef-bcb54ab3ca21,1809446,10+ years,Home Mortgage
3ba7155e-1ae2-4365-be74-71ed75a3c439,1381680,6 years,Own Home
fc6ae279-ec84-4ae1-8eb9-a542c0ec1776,1349114,5 years,Home Mortgage
4038118c-1ccb-4181-8481-dd7f8a0f25c0,,2 years,Home Mortgage
f37e35c4-29b2-43d1-aea6-d4703518f81b,1193428,3 years,Rent
ee3a35c9-53da-41a2-8d8d-7a4fa3a9a240,1137606,n/a,Home Mortgage
ba7b48d1-10f9-447d-accf-4cc6748d4061,1112982,2 years,Home Mortgage
d0b5684f-561d-47ca-851f-f4396077bff9,1312026,7 years,Rent
03c8e66f-7753-421a-9c45-2762f1eaf9f4,,n/a,Rent
510a37e8-caf2-44b7-a28d-fd5fd1507799,1120962,10+ years,Home Mortgage
e0b51878-e75e-4283-8d43-8d5be06b69ec,2254008,7 years,Home Mortgage
d2c29938-28ec-426f-a56a-163cdd0c8a86,2011169,10+ years,Own Home
fabb9d5f-6855-43c4-b140-333e258bce83,969038,< 1 year,Home Mortgage
15a7e7cb-fac8-47b8-99e6-364eaaa68547,1347955,4 years,Rent
f33ca5df-8ad8-43f8-b12c-3135150494c9,,1 year,Rent
a765b0f6-960e-4160-b163-ef7f12cc8b25,,10+ years,Rent
24c408bf-3896-4c9a-8bb3-ba25ba88df52,774098,10+ years,Own Home
39d30763-718a-4010-b603-9bcf5581dec5,,9 years,Rent
45eab3a6-1165-4274-82b1-763c1f3f4393,,< 1 year,Rent
fd0e3b43-b95a-4240-a84e-1434148dc3fd,1315123,6 years,Rent
4fe0e636-220d-4eae-b332-389882510b69,1501456,10+ years,Rent
25a329ef-6ac3-4e74-bfc5-7f540238f137,2455465,3 years,Home Mortgage
eebb7cfd-1d1e-468a-b059-637529011e92,1556328,10+ years,Home Mortgage
765587e5-0e4c-422c-964d-1d55d4d74438,853290,8 years,Home Mortgage
7fe81318-178f-44fb-9ee7-4db93b588bd1,1179786,9 years,Rent
f807a04e-2a2c-4298-bd2e-32fbea599e19,1038939,10+ years,Home Mortgage
b8ae172b-7b52-433b-b2ef-b0ae5a1ea779,965295,2 years,Rent
f9c13df1-2275-4468-802c-8bb9c425b9b1,1159494,< 1 year,Rent
3fc39b1f-369e-45f5-abb4-6b3ca4b4296a,516857,< 1 year,Rent
982a1295-7442-4982-a066-ab7aad021d8d,879776,1 year,Rent
52ecfbbc-b048-4a54-9d2a-6f91534fcdbf,2223684,10+ years,Home Mortgage
c3fa4f76-730c-43b2-81f1-1e5542515f15,,7 years,Home Mortgage
0caf8b09-f903-4a42-9a0b-99d4ec0d984f,4851175,2 years,Own Home
638e076e-b8ef-4ae3-86e7-4e6d12bf1d68,,2 years,Own Home
50b9be84-4a19-4005-b50a-016352734f4d,,1 year,Home Mortgage
a0482679-fbf7-4f54-a9d1-cbfe0b6aeb29,1559805,3 years,Home Mortgage
44f130ae-c5b1-41ab-90d6-be94a2fafc17,1115604,5 years,Rent
c73941aa-12f7-4690-befa-7e1431464ee5,732754,7 years,Rent
1d0863e0-9f0d-432c-adc0-addb19c5b464,2643033,1 year,Home Mortgage
2024e02f-3ccb-43ec-9e89-1ad12524a486,1878910,10+ years,Rent
9fd0f4d5-4192-42b4-b860-bbbeaca74f53,950741,10+ years,Rent
63efdefe-4653-4e1e-b49a-f0afcab011a9,1473412,10+ years,Home Mortgage
92a417de-c493-49a6-a550-8df1e3da7b26,1033999,3 years,Home Mortgage
0689218a-22d5-4a7b-9057-dce3817b8157,1792536,10+ years,Home Mortgage
e2d22975-95fe-4012-8dbb-56ae7401a115,2326512,2 years,Home Mortgage
8e7fa62d-89c1-4b7d-b400-3e464edd6bcd,1241669,8 years,Rent
bd43eb69-9498-4f89-95fa-9fde3bb4d13a,859712,5 years,Rent
1d44b401-8b40-4a09-8e60-87fe6b4cf341,1156872,10+ years,Home Mortgage
e348edc6-b1e5-43a8-84af-fd07f6ed1992,2481324,10+ years,Home Mortgage
2325bc63-22ca-45e2-b779-6bf5df777dee,2060113,10+ years,Rent
e1b651c3-ce00-43d3-8ec0-dbb3a49addcd,1779122,2 years,Rent
9196b309-5361-4d5d-b925-7e37b25d7d57,1546087,< 1 year,Home Mortgage
a173ac62-228a-44cb-9242-4c6eac77cd6d,586226,5 years,Rent
b01a257c-21ff-4828-b2d9-68c0d0cee75f,1581731,6 years,Rent
7c72dbb9-a34d-4fd3-ad7b-3d84522b1638,2232424,1 year,Home Mortgage
47d9e851-6987-476a-9e0f-a8dbaf0dd456,679155,10+ years,Home Mortgage
7d93b715-00db-4f0b-959a-25993d07550b,1359792,3 years,Rent
1ae6b0f3-927f-4981-8832-792ac63a08cb,2016356,< 1 year,Rent
b34e3a94-a686-466b-98e2-5d62b07ad068,654170,7 years,Own Home
e4ef6314-37aa-458a-ba4b-d37c263a7c01,1577855,1 year,Home Mortgage
4f86d73b-5c9a-43a5-8461-a78a51eb1dba,1272183,1 year,Rent
2ff2e45e-7ded-4ddf-99bc-e611ab215a30,798646,3 years,Rent
32b8a8c3-ff2a-479b-9591-ebdfa515c23e,,10+ years,Rent
3316e87f-4bf9-4286-b331-5f99f7021f6b,802066,2 years,Own Home
cd50b2ba-cac9-485b-b815-64a6c791b7d0,1308986,1 year,Own Home
5976b39a-bdff-4409-addf-58c94d55303a,1528474,7 years,Rent
93c2df2e-a833-43a4-8180-047996a0b392,,10+ years,Rent
73a00122-20bf-43f0-821e-a43b3d4d9be9,757948,2 years,Home Mortgage
784d38ef-544d-4a62-b349-656521ac3409,1318562,4 years,Home Mortgage
6e15be4c-eeac-426a-8c41-e27d37d36427,,9 years,Home Mortgage
5fb9658a-4c6f-40a9-9e0a-d3f76dd4cd24,,2 years,Rent
be00c280-52d2-4e05-b984-41e684839b0c,1808610,2 years,Home Mortgage
f3b431bd-812a-44fb-82a4-b4fbed2fca76,1496497,4 years,Home Mortgage
e472e46e-bcb2-411d-9e14-1969ba9b9466,1040934,10+ years,Home Mortgage
cfb93130-44a4-441d-bdb4-795b6970f32a,1159000,10+ years,Rent
bb601aec-d8c6-4947-b431-35b014d02cc1,913691,3 years,Home Mortgage
6c9cfeca-54bd-4fed-b5e2-caa10a3d4eac,,2 years,Rent
3e88b197-2bd7-4cbc-b148-0592dc320be4,,6 years,Rent
1ac2177f-cf2a-4fa1-a232-943fae37fcc4,,< 1 year,Rent
a426bdfa-eaa0-4beb-add7-a2ba48b5703c,1568602,4 years,Rent
57ca1f87-d42d-4cd9-87e7-d917e62fc39f,1846078,4 years,Rent
3e057e8a-8f78-4d4d-9dfe-e5cb107c8995,853803,2 years,Rent
52de4e83-07aa-4409-8ba7-a3e231ec0fa1,1635349,10+ years,Home Mortgage
8ef3f02f-1872-42fa-9350-17e4b903af50,1151514,1 year,Own Home
c5627fe8-f9e1-444f-8bba-58c9255a943a,,10+ years,Home Mortgage
d2dc80e3-2946-49b3-ad2b-fc0f4e14731b,802788,< 1 year,Rent
a1e851a6-05c1-488b-a527-69eaad9096c5,1264773,10+ years,Rent
c26f1e44-751d-4635-a624-d8c5aba28fc0,2888969,10+ years,Home Mortgage
b3033d93-c736-4745-82d3-09af92d96c8f,1602403,8 years,Home Mortgage
38cfa2e7-7206-483f-abae-6935556ee769,954085,10+ years,Home Mortgage
85b62580-f49d-4a80-8403-9e34c50cc123,975878,4 years,Rent
b3678f5d-13a0-4ea9-aa28-142179645ec5,1333990,5 years,Home Mortgage
4f1d6f0c-e4ca-4c74-ac81-a9ddfbdc2340,489364,1 year,Rent
8d35485d-180d-4846-92e5-66ea1e9e5720,1003409,2 years,Home Mortgage
c590deb2-7287-47f5-acaf-c1d15247b153,574503,5 years,Home Mortgage
a01ce8a0-09c5-4b0d-811c-7e5b78451913,,3 years,Home Mortgage
91014e5b-3f97-46c8-a122-86dfd56636f2,1116972,3 years,Rent
657be0ee-ff96-48f6-995e-30ae8c33a710,1075704,2 years,Home Mortgage
faa1e426-dc0a-4aae-acb5-83982de1f149,768284,5 years,Own Home
04492f59-c83c-4ed1-b6ea-d4ba1d6581e2,853898,10+ years,Rent
8062cc7d-130d-4574-88f4-415175c80332,1689138,7 years,Rent
1735c63c-7c87-4755-9e74-cf106e89a0f3,928131,8 years,Home Mortgage
8d72981a-d80e-4f0b-98ff-094f19b75e43,1652297,10+ years,Rent
87225557-eab7-45cd-a8c6-21ca8107cc7f,1152540,< 1 year,Rent
17a37ff5-c3d7-4411-8956-7be8bee459bb,977645,4 years,Rent
5f3546f6-2447-4f92-b23b-28d13954e6db,460427,5 years,Rent
08b06b6b-a8a4-4e9c-beaa-2bb6091eaee8,1349950,7 years,Rent
10bf1b3d-9a28-47e9-b79d-d8268f1e973e,1054633,1 year,Home Mortgage
c5558241-2bcc-4283-ba9b-e452d0b1052c,943350,7 years,Home Mortgage
54d810e0-f33b-4c79-8c11-db72092a4ae0,,8 years,Home Mortgage
e29cd4ec-3990-4e12-b1eb-1607a4bed537,1191015,10+ years,Rent
7c9e7c6e-9bd7-42a5-8e8f-265a16ddf7a2,1902090,< 1 year,Rent
1667abf7-7fd7-49fd-ac15-b48787cba72a,,9 years,Rent
0acab701-c16a-4bcb-9004-78e6eded6a20,1161147,10+ years,Home Mortgage
39c3380b-5643-4c3e-8248-b560b1dd1998,1600370,7 years,Rent
b9716347-dc46-4f74-adf6-57eb52d15d13,1738899,< 1 year,Home Mortgage
0e9ab05e-1652-4558-a003-6d2a3f560507,1162230,3 years,Home Mortgage
810a6267-7154-455a-b2ea-2344ebdc5809,,2 years,Rent
97e0d152-b4cd-456a-b502-1076773b8365,1336118,10+ years,Rent
a29025bd-3e09-4997-b9da-e846b61d3653,954180,3 years,Own Home
ec0934f5-add8-461e-a162-008f07e5a0ab,2454439,10+ years,Own Home
5bcd8310-9226-4de9-8130-3930673a0e03,1137606,10+ years,Own Home
dbde7359-a8a9-47ab-b8d7-4cd444d34ebc,,4 years,Own Home
ecef5839-4fa0-4fb6-adc8-cc50b7031fde,2619891,10+ years,Home Mortgage
d6966d47-02a2-448a-8278-30dd6de936a1,,10+ years,Home Mortgage
2b59636f-eb8a-43d2-bf2a-03cef46c9833,,5 years,Home Mortgage
b41acef2-5caf-4225-b443-8fbfa675695b,,2 years,Own Home
4854bba7-7b3c-44d5-9e5e-6e73e4aae566,872024,5 years,Rent
cf988b62-046a-408d-83f7-a8e7a192c58e,855779,4 years,Rent
5df1d5e0-a93a-4997-aa52-45b293c32ba8,3233876,6 years,Own Home
e057084e-2f3f-4172-a2b3-a546d5918407,768892,10+ years,Home Mortgage
2a612a81-b553-47f0-9461-1223283f917b,744724,10+ years,Home Mortgage
45672821-4c98-454b-9e4d-231a7eb181a1,1166923,n/a,Own Home
e9a38575-a063-4201-b05a-4f43290febfd,1353503,2 years,Rent
a8b00049-7f75-4ddb-a6c8-58f0af3ac7d5,1153224,10+ years,Home Mortgage
45c392c2-d7e6-473e-b14e-b8ac446df5fa,932330,n/a,Home Mortgage
5b424bad-595c-47e9-ab22-411c5012c8e4,837729,2 years,Home Mortgage
0f551503-382a-45d9-b474-5d85c77e4ec6,,3 years,Home Mortgage
dd8d6fbb-1e4e-4f65-b7d4-00fb8e401b6a,2699900,10+ years,Home Mortgage
cb87afde-72c7-458c-9d9c-a89f0470c641,1502672,8 years,Home Mortgage
c9d0cd4a-3e53-42ab-be3d-4c64d0550214,2418947,10+ years,Rent
3cf3b0e4-1698-4ebe-9951-725b517c2e57,1667060,1 year,Rent
8e90ebfc-7839-4fdf-8522-76f6f11d1d22,741969,10+ years,Home Mortgage
c70da42c-66aa-4fa4-b7af-677ae1ee256c,1031206,3 years,Home Mortgage
53aa6ebb-53df-4e42-8a21-ad750838d756,1605234,4 years,Home Mortgage
7107e991-6d71-415a-bbf1-05322becf851,1630637,< 1 year,Home Mortgage
b16ad0fc-8dc1-4429-91c2-7677748a070a,,6 years,Home Mortgage
e1e60df7-37ab-408b-8ad7-f09f323d8beb,1689480,5 years,Rent
2a2a6ae0-0c08-485b-9fd9-12c21e4e08a1,1830992,10+ years,Home Mortgage
0111269b-fee9-4610-8911-b39e19b0a676,1162458,3 years,Rent
bfc67e7c-c13e-4457-b19c-7c172efd0056,626487,n/a,Rent
3ffb0266-65fa-410d-a65a-569ac504ec01,1063183,9 years,HaveMortgage
9a55351f-365f-4393-9c48-2c5180efec9b,1691684,10+ years,Own Home
16dc67d2-9806-480f-b6d9-4407bfbe849a,1021174,3 years,Rent
5db9408d-1986-4a09-89bb-94a800ab378f,1245792,3 years,Rent
2e7d8a7d-fb38-4be6-b74b-486a01c57f43,1145510,10+ years,Home Mortgage
75a8bf93-3bdd-4c10-bfde-8c4db5bba276,630230,7 years,Own Home
5e11848a-36ca-4e2e-bd97-0a43574d3ac4,394212,n/a,Rent
0e9bceab-3d5e-4b0c-bf6d-ed4dd2ce08d5,504070,2 years,Own Home
7cca6f2e-9683-409f-9bd3-213240fbbd55,1438965,3 years,Own Home
de8989f1-7451-4a6b-bc84-524ec0a6406a,1312254,10+ years,Rent
70783a16-4dfb-4468-915a-fca29154fdbc,1429902,7 years,Home Mortgage
7443d578-ec80-49dd-91c1-d62584d7c822,,10+ years,Rent
cade5df1-e685-4f4b-9912-30d672e84384,1917290,< 1 year,Home Mortgage
18c3ef9b-19d2-41ba-8c3a-4812b2cdf5a0,1714446,8 years,Home Mortgage
5a67ec1b-8792-4408-9de5-3c51709c9297,2618238,10+ years,Rent
7d5bd0c9-9ccf-40e0-8ea3-54d38a85217f,453169,1 year,Rent
2af4ef03-ae69-4c14-befc-376dd720f48a,701385,5 years,Rent
e17d08d4-9e30-4f14-a340-02230ab991b6,4846900,10+ years,Home Mortgage
f26b3f24-c187-424e-8383-4f18d2f1a1f4,,1 year,Rent
5d083b50-65fd-4728-b0fa-1bd8258492ce,1484375,10+ years,Rent
a790c248-ee95-4af2-abc4-aadaff1f7bf0,561051,4 years,Rent
abaaa0ab-60bd-4442-a016-8d7cd8c11f20,,10+ years,Home Mortgage
43261dd9-15b4-4393-814c-1bb6a289a69b,777404,< 1 year,Home Mortgage
a4e9fc88-fbdf-4073-bc40-4145de2f9470,,3 years,Home Mortgage
1eaa92ee-9430-4545-9354-e1e713e0db1c,909777,10+ years,Home Mortgage
3f8808a7-9351-4665-a7ca-dea36b54d228,,3 years,Home Mortgage
9be1622f-9607-4288-ab7b-a803cbc4533c,,2 years,Home Mortgage
708c3344-139f-4ed1-9711-816f7f7e68ab,1357740,10+ years,Rent
f458adc6-4e6a-4fdd-8a5c-5a47d164dbb3,633536,8 years,Rent
185a71e3-d180-4adc-8da8-94c307f8bc66,2823495,1 year,Home Mortgage
01d60c7a-8c61-4201-8d67-f362cbad3d82,1527410,8 years,Home Mortgage
37f74c2b-b7ba-45ed-8402-9d0fd04e1239,800470,8 years,Home Mortgage
78def141-b5f4-4c48-aaf6-91a3a648cccc,1115889,6 years,Home Mortgage
c5458a03-6c35-4b92-8b17-b24d74f0d34a,,10+ years,Home Mortgage
0e4cf10e-50d9-4e4d-b996-e0baca6082d1,1878340,3 years,Rent
5184d68c-1041-49e3-8393-e5a022096128,1519639,3 years,Home Mortgage
805ffb4b-e74a-42e6-a187-fd700e7bcf59,1299334,9 years,Home Mortgage
333c100c-780f-4899-af36-b03f34536f39,718751,1 year,Rent
57c2d17e-c621-46b7-96fe-779a949313b5,808298,2 years,Home Mortgage
236042cb-6d2b-4bb2-b379-f0fbfe4392c5,1408926,7 years,Rent
fac756db-40c4-4ff5-8ca6-8138c151330f,1145719,10+ years,Home Mortgage
3a29d19d-8ad5-48ee-baab-8aa22090224b,429438,9 years,Rent
2b81af91-9f75-4343-b7e4-09a919d9935a,,2 years,Home Mortgage
36036789-dcb6-4b91-ae70-367ce5f2f40e,761007,4 years,Rent
d6fcd3ea-44cc-42ae-97c3-aa69554b468f,,10+ years,Home Mortgage
78654514-563b-4256-bb3f-a41612a44199,3665727,10+ years,Home Mortgage
0e045609-b7f0-4bb8-9857-d02a3d11783c,962996,10+ years,Home Mortgage
ef99d930-5dfd-4ae0-bae2-b85e7b9cd46d,1007532,10+ years,Rent
5e2fd151-fd1e-4bdb-bd11-a8fcc984dfc9,935180,< 1 year,Home Mortgage
07d60b85-a41a-4ee3-a83a-01d455edf9dc,1657465,3 years,Home Mortgage
a9fa4a8f-918b-4d47-95fb-03ec644da8ef,749227,10+ years,Home Mortgage
a86c171f-6950-4a1f-8a11-24693b695cb8,2339147,5 years,Rent
673d6a47-bd09-4b98-ac23-e74df0f437fd,1344098,2 years,Home Mortgage
99924b81-92a5-43af-9452-c3e913c5164b,2501369,9 years,Home Mortgage
efafa0c7-5d7e-456c-ba22-d5e7203ffaf3,650712,8 years,Rent
2bd4e055-e728-4aad-9482-6360ec411894,908903,3 years,Home Mortgage
a26579c4-d374-46ff-ab3e-ecc83b8f1cba,1685376,1 year,Rent
c7ee3b83-b593-479f-9861-e82683bfe098,1340374,7 years,Home Mortgage
f6368f57-a10b-4f63-9d9c-5eac6e68a7e7,850896,3 years,Home Mortgage
ec6bd155-0010-4348-bb8b-894355e9235f,955320,2 years,Rent
f48d30bd-c800-409a-a021-afb4e6def23d,,9 years,Home Mortgage
3d6377bf-6aaf-46c7-aa75-fa6e35283c17,1817065,3 years,Rent
de4fe907-b119-4f9a-80cf-f5752bedf1a1,1668447,5 years,Home Mortgage
3f3ef5f4-709f-4efa-b0b8-282581de09e9,853328,10+ years,Own Home
0f3ef1ab-cafb-41e4-942e-7f92fbd587dd,2184981,10+ years,Home Mortgage
1ef1e59b-65e5-460c-b786-f200f80d78c6,1816552,3 years,Rent
3baae5b0-abf9-4638-bbbf-06ecb0585cd3,615049,3 years,Rent
e2d32e37-f882-4775-9d24-b8ad576a3e5a,1248471,10+ years,Own Home
82ee3472-b0ad-421e-b96d-94abe079262c,2358736,4 years,Rent
01c29382-05a0-4a56-92f7-f589feb11cab,2136930,7 years,Home Mortgage
3950ad09-49b8-4cb5-bb06-fde6c059d510,734635,1 year,Rent
8569a1c3-52df-4212-9e65-bc856dd7c3a5,1205322,3 years,Rent
d11d1919-6f9a-4c26-86a8-a6b2ba09a0fa,787151,9 years,Rent
8d0e47f5-5c36-4c3e-a5fc-c938ca50ecfa,,< 1 year,Home Mortgage
c2d78296-7c85-45bb-b609-102e668011d9,1348221,10+ years,Home Mortgage
88d734d8-aee4-476a-ac66-b5f088487a67,1331729,3 years,Home Mortgage
6f6c9498-4ca7-4fa5-88ad-e73e2d39e65c,,4 years,Rent
dc7973aa-ff66-4859-8972-35cbcfcec816,660288,5 years,Rent
0d823d11-523c-4c89-9ad4-b1bb4832fe6b,2834325,6 years,Home Mortgage
aad5cc5a-befc-4beb-a06b-d058b8b2bcfb,1256375,< 1 year,Rent
18db5da8-1be0-4ef6-af43-90ac3d1625f5,1164339,1 year,Rent
abc12671-a26c-44ec-a65e-50ae2353a83a,,7 years,Rent
6570f57b-924f-4efe-b1ac-540667aefdf6,,10+ years,Rent
57dd50b5-7616-48ff-87d9-72e40c3d9ef4,2900274,2 years,Home Mortgage
44063817-7c8d-4ec2-9ce0-62c06c89c03f,2176545,2 years,Home Mortgage
b8fb3228-6cef-4be2-9fd2-22015f6641f2,652631,6 years,Rent
c391dc27-bd89-4a74-96ae-45da702d8c15,,2 years,Rent
e475a9cb-82ea-4d70-8526-aa008c8d6741,2090000,10+ years,Home Mortgage
92fae570-09b4-40a0-8baa-cb2bd44c47d1,1036773,2 years,Home Mortgage
6186f01e-8c05-4112-a436-700f3c3790e3,,10+ years,Rent
cc4b2c40-baac-4c2d-9666-ee7fc30ec958,,8 years,Rent
32ef66d2-4e36-4c1b-a0e1-6508a43ea268,1760578,< 1 year,Home Mortgage
a1d9ea2d-4279-4839-98ad-b1f4b57e1698,,6 years,Rent
0430b816-f977-49ac-a6f8-e72649f59b15,950475,10+ years,Rent
dfd13b65-5371-444d-8f08-a241334c329b,2702028,4 years,Home Mortgage
0465ead8-e256-4ccc-b68e-2600958d5d98,725971,2 years,Own Home
3a7dd1ad-fd17-4557-b8ed-44673c5315e2,,2 years,Home Mortgage
284c03f4-3598-4ed9-b237-85443c962a1e,1019008,10+ years,Home Mortgage
d3320d40-7763-4a78-bc36-9d1a1011d786,1523097,3 years,Own Home
bc8e3d45-c4db-4a41-8330-0cfc80b75a8d,1772700,10+ years,Home Mortgage
bb0c7ede-5ad6-4506-abe2-55f824cdceaa,696122,8 years,Home Mortgage
2564461a-a5d4-4d7f-ad87-57d70bc17eb5,1854286,10+ years,Home Mortgage
30a575e0-739a-4e7b-b461-43b81156afb0,698212,8 years,Home Mortgage
259ae741-0994-46a2-8a9d-bc26a83b361f,795359,10+ years,Home Mortgage
65791523-5d86-47ae-aaaa-921e6680efa2,583623,< 1 year,Rent
ceeff363-7104-412d-82e0-5dbd13a875f9,1488384,10+ years,Home Mortgage
7507441f-93d4-40c6-bf54-0a3d30751d0c,528276,1 year,Home Mortgage
48ea5099-59ed-4b5f-b11f-78a459f2aa02,693025,1 year,Rent
34a444e4-22f1-48fc-8068-0664d8b3e9f7,894425,3 years,Own Home
dc96e0f1-9c15-4d91-a4dd-0b6fe8338413,1489562,10+ years,Home Mortgage
feb328d7-eeb1-4afc-8c8a-a85598f9a073,,10+ years,Home Mortgage
c43806dc-a551-4e5f-bbe9-a9010ad329c7,785479,10+ years,Home Mortgage
57cbd5a0-0faa-4f72-82f7-0f5d2cf68f21,2719318,5 years,Home Mortgage
a2f3d83d-bfac-4389-8de9-059c848aa60e,,2 years,Rent
5e546161-a1c3-432c-a52f-ade5720a5c83,946865,10+ years,Home Mortgage
a19bf437-5557-437c-808a-42ffdeda76a3,950095,7 years,Rent
505a2001-21dc-4eb5-bf0a-951cf04f5a54,1213264,1 year,Home Mortgage
4a1867a4-7317-4069-a42b-d20c058885f4,1026095,4 years,Rent
e9149202-4b27-40ef-8b75-b1475db3fbf2,963186,8 years,Rent
6a217938-4eb0-41cf-a94a-7d9ca0b57ab2,1425000,3 years,Home Mortgage
e5d91683-1c30-44cb-bc34-8cacf57a0f1b,1503888,7 years,Home Mortgage
76f71e4e-1795-4bbb-ad65-2047687b8078,1231542,9 years,Home Mortgage
105a700e-afb1-4bd6-8806-8bfb257f8520,,2 years,Rent
7449d9ce-d662-40d4-ba9b-75df09982462,1904940,7 years,Home Mortgage
978efd95-a8ce-48f3-8ddc-ca43670cfb72,1153737,< 1 year,Rent
4deac7ee-30a9-4e88-967f-098ca7c4a821,,n/a,Rent
9ff1ca93-520b-4b6c-a998-632abd3a8399,1127859,5 years,Home Mortgage
6f9efea6-7815-4b41-b65f-2b1db72780fc,,5 years,Home Mortgage
636d1f0d-907d-4bb1-9ade-501701118f44,651111,3 years,Home Mortgage
10eda278-3a3b-4cf6-acd4-9dd32a1428a8,1200268,5 years,Rent
11d4824b-4f70-4ef9-805a-c2642c7abef7,1501760,9 years,Home Mortgage
b18976fe-c77e-4397-bc1d-0306abdb60fc,2468024,10+ years,Own Home
13142ca7-b359-4f98-b232-798d729a6f4d,1488384,8 years,Home Mortgage
632dd3c0-04e4-4eba-8b3b-4ee236998e8c,655253,7 years,Home Mortgage
f728b656-2cd4-46d2-87b2-38b1b3d6b08a,1246818,1 year,Rent
44a8eb25-68ea-49f2-bd39-be4a61c6a290,773300,1 year,Rent
0f99ea50-4c85-4f97-800a-4b1eb3fdd495,2735639,2 years,Home Mortgage
9fb523c0-4ab4-40c3-8639-e3b6d24ec39f,766840,< 1 year,Rent
aa2cf39d-10d2-47f2-94fd-137274e54d23,1620339,10+ years,Home Mortgage
d7332703-02b1-4a05-bb2e-ca7401b338f8,1265381,10+ years,Home Mortgage
00bd5712-4a9b-4737-b73b-7fc65ce2394a,1427090,2 years,Rent
f93d9227-5b74-4537-9b72-790b6b9a14eb,422256,3 years,Rent
bc8de271-8b08-4a35-b7b1-b62b46c3180b,708795,4 years,Rent
73a44fa8-21b2-4248-a70f-ef00e9765e2e,1549279,7 years,Home Mortgage
c3695a11-4c52-4a26-88c7-5688b7fd37bb,839876,10+ years,Home Mortgage
26f46eed-f0c1-4348-a82e-d5c4f12c6fb8,810179,10+ years,Own Home
6a495e56-7bf7-41a9-85e8-077bcc267ce8,,10+ years,Home Mortgage
53801d9d-d359-472c-a443-2b8d592b2ea1,3828120,10+ years,Home Mortgage
3cc7d21b-b5b1-4e22-88f4-658d442842b1,,1 year,Rent
644746ca-b525-44c3-b26d-c64301ff9303,1525149,1 year,Home Mortgage
52649ed4-36c2-4b7e-a8de-be4038b73889,1951319,10+ years,Home Mortgage
c94f0d9a-88df-40b1-9633-5b77a37e6ba7,867141,3 years,Rent
ef1e5945-3727-44b8-b036-aee284496cdf,1112184,6 years,Rent
557a9b79-36bc-4a2e-b90a-df6add424709,,1 year,Home Mortgage
3bd318a0-8863-4176-9643-5ec66eed5d7d,2395178,10+ years,Home Mortgage
c31185ec-a243-49e4-b2c6-e1c3facbb8c8,2063248,7 years,Home Mortgage
9ab03e0f-714c-4b2f-9381-f9720050e3ef,1540824,10+ years,Home Mortgage
23ff334c-0f3b-42ac-a90d-fcb0f9f94243,1187424,< 1 year,Home Mortgage
eb7492db-98ea-4c57-90d5-2fbc82612e76,1240187,6 years,Home Mortgage
f9a71cd1-7ab8-42aa-953e-ba1746144905,1112032,10+ years,Home Mortgage
45427ed5-7ead-4003-94e9-b50ca857de6b,1484736,10+ years,Home Mortgage
d75364f3-9285-4641-94ec-4fdad60b1a58,935199,10+ years,Home Mortgage
b0864d4f-4806-4df9-a50c-13c41699b61b,,8 years,Rent
e0948a5d-e1e6-45c9-9bf4-f3bc093e14b2,1216608,5 years,Rent
e9029db3-ae9a-4a9f-b9f0-8f2bfe6a7d8d,1699930,10+ years,Home Mortgage
cceaca0d-5f95-45fb-8bc9-16a61207b779,1916340,4 years,Rent
96e619b9-09a2-4f36-8c99-59ea2bcafd28,992389,7 years,Home Mortgage
55434136-65f8-4f27-9693-3a0c3b58d554,1345694,7 years,Rent
8161a5b8-e081-426b-8104-b1bbbf6b29d6,2007711,6 years,Home Mortgage
9973fa3f-2236-46ce-a742-5ac597535c54,2069936,7 years,Rent
a01a644f-58bc-4247-a06f-2c91e61bde47,1368551,6 years,Home Mortgage
9c1401f9-c666-42ef-9d8f-9650216bf149,,< 1 year,Home Mortgage
7501e8cd-ae30-4d2b-bf06-a47f681cd4d9,993130,1 year,Rent
feffe5a9-d332-46e8-b612-79060a54e88d,1371192,2 years,Rent
c6fa9da6-45a0-4d85-b29b-25a26e4e0c36,653771,2 years,Home Mortgage
b39e4d34-823f-43a2-a266-4537b15791ed,,5 years,Home Mortgage
30f6ab95-847d-4ab3-9082-ac78bbd27242,1647471,10+ years,Rent
ab5e05ab-3fcf-4c55-9248-7378356c1b19,,10+ years,Home Mortgage
ab620db7-19c4-43c4-a652-94b1d5c83ee6,759753,n/a,Home Mortgage
3d2018ed-0b75-48ed-8e93-fdbf1bae6872,2041512,2 years,Home Mortgage
16667dad-62bb-4ac5-b9b1-3854d78bcd28,616835,6 years,Home Mortgage
de978244-586b-44ba-98b0-523ca02e8738,699998,8 years,Rent
33d174d4-df72-498a-ab8b-61e6e16486de,1736087,3 years,Home Mortgage
dc8e98b1-014e-4431-9975-c12aacb5aa29,939550,4 years,Rent
b6280b9d-15a4-4ead-ab1d-b3921e948320,1693204,4 years,Home Mortgage
e8be7fa5-6fc6-41b0-98f0-49ded77f634a,1677643,5 years,Rent
1209de14-506d-49ae-a7ab-97e298f6d5dd,1341438,6 years,Rent
e4a2e810-90c7-4d3b-bb68-bdf0643f98cb,,2 years,Home Mortgage
c95cc3f7-2e37-4c21-9561-94e16fafb579,755288,10+ years,Rent
ebfc5365-8605-401f-9b0d-b2879fca2042,962065,4 years,Own Home
63d327bb-c887-44d7-9be9-c90dd0b8c548,1936480,10+ years,Home Mortgage
78fc9666-a6b5-49ea-bf08-c9b2a9007368,1033087,2 years,Rent
ddf790db-c9ef-4a4b-a6f1-a4490ed53a50,,10+ years,Home Mortgage
1e6662e4-e983-4598-b56d-375cafdd5abc,628501,n/a,Own Home
2b0f4bbc-0681-4d0b-9ea1-50a0b75f0651,1140798,8 years,Own Home
4c017112-ffe6-4405-9150-69defdc677dd,2422500,1 year,Rent
1383cf92-e791-4e9e-9c98-228d8ec01f76,,3 years,Home Mortgage
935651ca-f8d0-4808-8d5f-ef0565c3682b,558942,< 1 year,Rent
71433209-0960-414e-b834-20d497d95a5f,1510747,7 years,Home Mortgage
4ef54739-0dda-4913-b5ac-6c57e3aa3485,,n/a,Rent
a1a89f6a-6c2a-4c47-abe9-c4db056c8bd7,1347480,8 years,Home Mortgage
45c5b03f-e3ca-4ad8-ac91-ac7dac960801,2853515,10+ years,Rent
98d9d481-de71-4c23-9516-6d73030a833c,3491269,10+ years,Home Mortgage
2b824d2e-ed20-436f-aa58-67f127e8896c,1070916,3 years,Rent
971396f5-a75d-4a87-ba60-b35b6647a81a,1011522,1 year,Rent
19c3e030-cae2-4d47-8b94-07c72ec9ec19,1109638,8 years,Rent
61b249d3-54d1-41dc-95c1-2e7195bfc3a8,1676845,4 years,Rent
46b500ba-ee25-49c2-8298-91ff60c92735,1745568,1 year,Home Mortgage
df56e091-1c1f-4524-b211-23adc3b03b70,1368684,< 1 year,Own Home
4c0c5f90-ffc4-42f5-92a4-2b869b942b6b,1627046,6 years,Home Mortgage
d860631c-1510-4b18-be1a-8a7b8588c658,978025,7 years,Home Mortgage
58582324-4221-4ecf-8646-32866336c701,1455495,8 years,Rent
4150f55f-9f37-459d-8196-d9c5507f5b4c,1811175,10+ years,Home Mortgage
b9c5ab8f-2cbe-4ad6-84af-f08bf2e5d199,1565676,10+ years,Rent
08fb15d5-3a79-4d31-9a13-b9bf62abd420,2239872,10+ years,Home Mortgage
ad703e82-df42-4146-a8dc-4631353f1413,1167930,3 years,Rent
e76207a5-8774-4116-8006-948fbfc3b99d,903279,10+ years,Home Mortgage
82127a58-caa1-4c5b-8dbc-981670fc7161,1179178,3 years,Rent
1cce5ce4-da41-4c54-aff1-565e1cbaaac7,1089498,10+ years,Home Mortgage
e50bab5e-e6b9-4732-8991-7558a6db331d,1175207,1 year,Home Mortgage
5be78587-c4d3-4171-9052-fa70c684bc3e,1263044,7 years,Home Mortgage
d78d6f5d-cd0b-4be8-8ca7-7af50f3eff7f,1320158,< 1 year,Home Mortgage
0cd63830-b17c-4b37-8b2a-31d45c8fd042,,n/a,Rent
b53278c9-e8af-4030-87b8-f9014ccc6ca5,,3 years,Home Mortgage
a34d4c2b-9a5d-46f7-9435-8e5a0675d963,,9 years,Home Mortgage
90396ce7-0219-4c07-ad2b-8e83e8905686,493259,5 years,Rent
cd038296-46e3-4c71-a480-9d622286933f,,10+ years,Rent
56a43e3b-2fc5-4f8a-bd1f-875b37475118,930525,4 years,Home Mortgage
d2f3205b-f9d8-4931-b497-f954df96659a,1893863,10+ years,Home Mortgage
8ed9f843-62df-4914-9e30-e7bc222f0f1d,622649,n/a,Own Home
f2cd6ea8-0795-4a28-bdf9-4d50bb00e0f4,1558152,10+ years,Home Mortgage
81d48734-77cb-4379-9802-fcf77ad82088,1604664,10+ years,Home Mortgage
1da0f786-bb0b-4450-b40d-67763d38b544,,3 years,Home Mortgage
5337f6d4-423f-4cc8-aaf9-322886c912d7,1300436,8 years,Rent
3a495912-5fd9-4698-9e12-b7bb76459b13,794808,10+ years,Rent
87f7adbb-ff19-4598-83a9-19623c09c645,551988,< 1 year,Rent
f7064e66-064b-4f8c-b4f7-d6097dbaf956,860795,5 years,Home Mortgage
67cb693b-164e-4236-b86f-b9435da963cf,,1 year,Own Home
7993f7f5-6194-4825-8b8c-37439db5f619,1903990,7 years,Home Mortgage
d2223106-ed6b-48de-be83-99a5a5553681,1338113,10+ years,Rent
75ce8a9c-fc73-4388-9ae2-dba105ea0811,1133559,8 years,Home Mortgage
dbf6f9d4-692a-4cd2-8152-e99be4bf119f,,4 years,Rent
cd4776a0-b61c-4e58-8fa5-2191da4a3573,,10+ years,Home Mortgage
cd9cca59-7423-418a-949b-6062605f4660,,4 years,Rent
02767785-040e-4404-bdff-744b2aad0c7b,956365,n/a,Home Mortgage
18d2e1cf-bef6-4399-aa6b-b342d957f9c2,1855293,3 years,Rent
c5b6354a-e623-4c7d-be21-abc9b9f8a8d9,1492336,10+ years,Home Mortgage
77d24f9e-3414-4975-9870-0bfd2771bf13,,10+ years,Home Mortgage
2adfc597-743b-4167-a336-50c4b8af6e09,735528,4 years,Rent
f9f3f20f-9322-49ca-b0a6-aa5c598cba92,679630,4 years,Rent
9efc54fe-865d-4f25-b5fe-7cdfb3c52bcf,1335909,2 years,Rent
c89e7bcd-267d-4b3b-9959-65998453a8b9,1003713,10+ years,Home Mortgage
f8ab1a00-abcd-441b-bbdc-2f72179bf60c,,10+ years,Rent
3259eff0-7fb4-43fe-858f-773a76cbc3c5,,7 years,Home Mortgage
c47b81d6-0172-4698-b021-9502e9d0fb2a,1282690,7 years,Rent
e42a158e-bb33-4e7c-8be4-16475dc9b4f5,2527798,< 1 year,Rent
7b5502e8-8803-4466-88c3-cea4317a98ad,1899050,7 years,Rent
0dd5e6b1-62eb-400a-bed9-94787d2dbe7c,2073280,8 years,Home Mortgage
cdba89ce-01f8-416f-b717-25c6b5202b5e,1146156,1 year,Home Mortgage
b49b6f82-70ac-43bc-a620-9472b590a245,2481609,10+ years,Home Mortgage
e4dab861-f9ed-4e42-b865-d80462f256cb,654227,8 years,Home Mortgage
3ac1a048-a6d3-4f12-ab5a-3e6c97b898fd,1859587,10+ years,Rent
bd066d91-b19c-420b-83a5-f41382bc0ab7,1036431,1 year,Home Mortgage
49f4ddc8-0779-4530-acff-812d76d5fdef,907896,< 1 year,Home Mortgage
c41027b4-2917-4866-ae63-dd533ac37bf5,1575290,2 years,Home Mortgage
b3df7262-bdaf-43df-a001-2a085dcb18dd,1661360,10+ years,Rent
3720bd3d-ca7d-45c1-8a13-f5b5857f2ae9,2676511,10+ years,Home Mortgage
51e5c1d5-f65e-4239-964b-d15387a3dfbf,1731546,5 years,Home Mortgage
a7ccaefb-883a-4de7-8ca2-a26321b6a0f5,,6 years,Home Mortgage
4ba6d6bc-f158-4048-ad92-67e804da0b90,1063582,9 years,Rent
12352639-0db5-4f47-a96b-d4dc3a420176,1077053,< 1 year,Home Mortgage
3cc704ab-7825-4b5d-b889-6689df686371,934040,7 years,Rent
f7f830c0-6ee4-44f6-9aa7-57137dd95e92,1533528,3 years,Home Mortgage
1314cc71-b8fb-44aa-a085-d9d734e06e2a,617177,1 year,Home Mortgage
cd138b25-e9b4-44fe-b1fd-194d4a33f6d2,1360191,3 years,Home Mortgage
ce11f894-03d3-4487-8011-bc31373c4452,1041333,9 years,Rent
ddda8a0c-cb45-4010-b187-6e6eebbd9bdf,1227799,5 years,Home Mortgage
89033848-f47e-411d-a3f5-74b879fd15b5,,2 years,Rent
d29aab96-eb06-4ac8-bd0b-9cccf62b3ad1,797829,< 1 year,Rent
cf792f76-7d1a-4159-a84d-0a55427b21fb,1565942,10+ years,Home Mortgage
bf5a5b47-e52d-481a-92e4-81d94e67e30c,634904,5 years,Rent
cc3e7689-746d-4c21-9ed7-0ea3e372d9e0,1367487,3 years,Own Home
22198d12-3bb8-4a11-8d8e-0439a3c2e921,1850334,10+ years,Home Mortgage
122bf4ca-952a-43fa-b847-30d409410471,1610649,6 years,Home Mortgage
86dfc0d0-ab3c-44db-89ba-06a490d060f5,869972,2 years,Home Mortgage
401c9643-1874-41f6-bd26-d2abcd5be288,1034664,3 years,Rent
7e2885e0-17fc-4f95-8cb5-6b6a972c743a,,10+ years,Own Home
89226cfa-a345-48d3-8575-94a5e81fb193,2295732,< 1 year,Rent
7239cc10-89a2-4515-82c1-dc1abb90b5ef,674709,5 years,Rent
0e78ae88-e910-45bd-9a82-f7a07d1b2609,3867089,10+ years,Home Mortgage
bf1ee483-9e6e-4b27-9f73-96f061d529df,853632,10+ years,Own Home
c8b67e66-536f-4580-bf26-046a7e886cd3,892031,3 years,Rent
5744ead7-dfa3-40d9-8a42-739ba6acdccd,1243531,2 years,Home Mortgage
ff8c62f3-e618-4fc0-8024-4a0ed3830876,2232804,10+ years,Rent
e4ebf285-4544-469b-988f-9c11d211b6ab,1690791,1 year,Home Mortgage
4a791e32-9f32-4193-b325-41b003da9e08,1036127,3 years,Rent
d3aa39d6-cc1f-4ca4-83e3-0903f59decea,3278564,5 years,Home Mortgage
59ab8ca2-1926-4ac8-9f31-9e1b5fc238ae,1074640,10+ years,Home Mortgage
ac4000a0-cd7e-41fc-81a7-0ee42d780e79,,10+ years,Rent
18ac373f-e0c1-4d31-b854-134f210f9f62,,n/a,Home Mortgage
484c30f4-6101-420d-aca2-f0227dfa0ff6,756846,< 1 year,Home Mortgage
c3019330-0712-426a-a432-284e34318a36,1596266,10+ years,Home Mortgage
583c2ad2-42d4-453f-b734-553f7a97c75f,,10+ years,Own Home
02b92abe-68f0-4f6b-be3f-40f0089b46ba,1607286,3 years,Home Mortgage
9f5d5a9a-7c7a-4336-9a1f-3d14ac5a4aaa,1060789,7 years,Rent
80dfd0c4-6b76-4964-b633-76b5dab11f87,,6 years,Home Mortgage
fd88f27c-0bbe-4649-913f-b6ae95118636,764674,10+ years,Home Mortgage
3171aef9-0ad1-4807-a97b-aef4316cee73,,2 years,Home Mortgage
15b17845-dfd2-4060-b4f0-041aa91ba181,1315636,4 years,Home Mortgage
29bfde21-56ec-4250-aa09-c1f886a08f8c,1759894,8 years,Rent
0956717a-94b4-4068-8223-7da81eba16a8,884868,8 years,Home Mortgage
7886d74c-3681-4851-ac3a-d10345b8ce65,1591744,7 years,Home Mortgage
03ea4ef5-451b-4669-aaa1-bf1318ec12ba,,6 years,Home Mortgage
969603fb-ac5f-43b6-8520-430641074a18,744800,4 years,Home Mortgage
983f6d31-e0b4-483e-817a-cc2e32ed2981,1219192,10+ years,Rent
ec9a2175-a15a-4a05-87a0-5291508c6eb6,1394258,10+ years,Home Mortgage
e89a2303-8ac8-4080-9124-d7567faf611d,,1 year,Rent
18c6df3c-1cb7-4a9b-9177-d6bd7b398f64,702468,< 1 year,Rent
07781d39-53b0-407c-8b08-48af4bdfe7e6,,5 years,Home Mortgage
0bc65595-137b-46fd-921a-f498febf15b1,2346272,9 years,Home Mortgage
0e833969-c1b2-4607-ab26-e974567c6b61,909815,1 year,Home Mortgage
ead0fc30-e670-4f02-aa8a-d69d39f4b2cf,1243474,< 1 year,Rent
1584ecb0-4252-4c5b-97a9-a7d20d477ace,1091759,1 year,Rent
ff66f2de-d321-4ddb-932b-e6b088b34f28,1058889,10+ years,Rent
8eb9f91e-e524-41c0-8cae-f4500a699289,539657,10+ years,Rent
fa210d42-4f7c-472b-856c-34f9ca82775e,,10+ years,Home Mortgage
9b4ed1df-e055-4ddb-9648-44ec6df981a0,1091303,3 years,Home Mortgage
da4a1152-48e4-4392-81ea-4b2be08b4a9e,847951,1 year,Home Mortgage
87d833fe-4ee1-41e2-bb94-5f995c30f6e4,,2 years,Rent
7dea8241-3414-443c-ae82-66d1f5c0c486,2003721,< 1 year,Home Mortgage
bc28a009-a79c-456c-9fae-ef659d189f65,3208682,5 years,Home Mortgage
294690a3-378c-41be-8618-117cfe495983,1540254,5 years,Home Mortgage
e80e938e-7871-4a47-bcbe-fed077d30c13,1320709,3 years,Rent
f4735e4f-1651-4aa7-b23e-21e95db9a57e,720043,6 years,Home Mortgage
d0b83421-a0ee-47c3-af08-2be5557b26f9,871416,n/a,Rent
3fab4d6e-a453-4e6f-9353-0f205c7ac276,2781030,10+ years,Rent
0e3d969f-fb5c-48b7-80f1-e3faba1d3d47,,10+ years,Home Mortgage
c6ee47f2-c7ab-4db6-b9e0-ea107bcc5282,2694390,4 years,Home Mortgage
44d22d0f-8f5d-405a-87e9-0dea05d14829,,2 years,Home Mortgage
787148d2-5776-4dc7-a001-5eba0d1164ba,1732230,10+ years,Home Mortgage
449d19d6-d5b9-4b18-bfc0-a4920aa1e9fc,925129,6 years,Rent
0d282e49-0800-4663-bcbf-d3713a1eceb0,,6 years,Rent
bb7c0f44-22e8-43fd-a17d-520b3a46a03f,705869,2 years,Rent
8e8a6106-6ff3-4837-bf39-8a735bdd47c9,,9 years,Rent
3a8eab73-d6f8-44a3-b824-3ffd5762f52d,1727442,10+ years,Home Mortgage
12daceec-fba1-4311-9451-cc738ee5ef14,775428,10+ years,Rent
da3adf9a-a499-4742-8ffe-d1dfbfd7d17e,2738204,7 years,Own Home
57500733-24c6-4ac4-8c77-5a8a29afc187,847742,n/a,Home Mortgage
358d1114-99cb-420e-ad2a-e6d2b02e777b,387296,7 years,Rent
7a075995-aace-463c-be67-f8d83a2ea2d7,929784,10+ years,Rent
25593c90-7389-4290-9576-0ede426a15e6,1426862,10+ years,Home Mortgage
f41309fa-e221-4952-b96b-79bea8bdc52d,857489,10+ years,Rent
bb030f41-aa8b-4a86-8b76-9e50873cdc54,2284370,10+ years,Home Mortgage
b7ac626f-e45d-4d3f-a527-b36af63965ff,1101734,7 years,Home Mortgage
82bdd043-4764-4e66-8b07-9f7e41127fc8,,< 1 year,Rent
27a5a7ed-155d-4a61-92e7-d2b173b4f5bc,1624576,2 years,Home Mortgage
4c8bb60e-20f4-4569-a287-87d070412ef1,934420,10+ years,Home Mortgage
0f5df877-bd1f-4391-878b-da1a22556f5b,,8 years,Home Mortgage
80a28f48-e02f-4207-a4bf-457445fa0d28,967746,2 years,Rent
c85f8275-5707-4ff1-b281-e9465ebf478b,,3 years,Home Mortgage
f19fbc8c-8396-4ec8-b665-d5f412c452a4,1603334,5 years,Rent
0861bd49-c173-48cf-a615-284b28a63ecd,528390,3 years,Rent
d80dfe5b-2882-4858-a88b-1f3059af8483,3473694,7 years,Home Mortgage
94cb62cb-c97d-4aba-b924-27059aa25780,,1 year,Rent
f56dcef4-1042-4a99-a787-005c9ead0e5e,1064133,7 years,Rent
f5b56719-efde-499c-a5e4-a34a2d624f62,1457775,2 years,Rent
05a4d576-db8e-40ed-bcb2-566a56960718,,10+ years,Home Mortgage
e6945c78-ac51-4612-93a2-68a5c24e91a0,876375,7 years,Home Mortgage
f06095de-c0dd-4f71-9d03-631c1a4fed4a,,1 year,Home Mortgage
67f7acc0-3f28-4b61-8289-1224d9d373ad,861156,9 years,Rent
7f75a2bb-6b23-421e-bf41-c7594bdd702c,760228,10+ years,Own Home
41de7425-4d0e-47be-8951-7063969bf007,,1 year,Home Mortgage
f69c4209-5dda-455d-9842-3d1766468958,1091094,10+ years,Home Mortgage
95f74f29-a6ab-4aec-8776-ecdff10c8f93,,10+ years,Home Mortgage
3002a65d-e42d-441b-815e-bcdfbf253365,1352534,10+ years,Home Mortgage
2b74dbff-aa39-4440-a5e1-108b08963a97,1101848,10+ years,Home Mortgage
cd726136-7f42-42e9-8a25-054b15e4483c,1306421,6 years,Home Mortgage
d7683185-099f-4730-acd7-8705a3959e10,,3 years,Own Home
c8ab7478-d895-4fc0-b726-387bc91aaee6,,< 1 year,Own Home
6cd2781b-5f70-4eab-976c-925aed73b9d6,1516941,10+ years,Rent
e9882053-c3a2-465b-9436-56efbbf4723a,1154440,n/a,Home Mortgage
17c7bd95-ded5-4ac0-bafe-0db11318ebf3,1990820,4 years,Rent
a224188e-cf8c-4a6a-b0ab-8c58da048d96,2631576,10+ years,Home Mortgage
b2643a3d-a8fa-45ba-a3e0-c6c6db785efb,,1 year,Rent
4dada3c5-a551-481a-9d10-09dcc2129a3a,,7 years,Home Mortgage
24734e70-5f31-4d40-838e-ab4af7a4f36f,,4 years,Rent
7a94339c-a70d-4189-89d7-99f49ab7f10c,529815,< 1 year,Rent
cbbee206-c30e-4457-9b67-2ed582d11676,2455180,10+ years,Home Mortgage
1dbaf905-a33c-4ba2-800e-f04cf814943b,941165,8 years,Home Mortgage
fc68362f-1b03-4e9e-97aa-7c051c70197b,1740780,7 years,Home Mortgage
efbef329-92cd-4579-b563-50f6d8ec4260,1701963,3 years,Rent
3d6a4f59-ebd4-46c9-bde9-37e475e02446,1615171,2 years,Home Mortgage
ed276f8a-b93c-4fa9-b05a-8ed44929f92b,,5 years,Home Mortgage
33a25d99-55cb-49a6-a5ba-cbbb2b7f40fb,,10+ years,Home Mortgage
0a427a03-0947-4631-b973-26257a7e992b,1131564,4 years,Rent
d93f6115-ca28-4c23-a55f-6013d3a56b3f,1386449,10+ years,Rent
0356e947-a5ed-4a1e-ae58-56ed9628cb25,,10+ years,Own Home
bbddf4bf-8854-4677-9953-322435c1a5de,389234,7 years,Rent
3b3087e1-4240-409d-a7eb-12eaf47b25aa,537909,8 years,Rent
d65533b4-2903-440e-8934-dbdf0e26fc88,1326086,10+ years,Home Mortgage
c3801c7c-6801-4d0d-8b6c-fc22c41e171a,1273133,10+ years,Home Mortgage
02c77652-a2ed-4516-b08c-3f66504677b8,752096,4 years,Home Mortgage
1c3bedea-c6f8-48a1-954c-b38805dc04fd,738188,1 year,Own Home
15c2be1a-7aa0-4cd7-9a9d-bc3e49ffa81a,,2 years,Rent
def758c3-8bfa-49f0-a440-9f37b3b1ca6c,1240567,n/a,Home Mortgage
c12cdd33-27cf-4073-84dd-7fb59c57393b,,10+ years,Own Home
6058f4f4-c06d-41e5-baa5-ae9fe419f060,761824,n/a,Home Mortgage
d40eb9ca-9290-496e-8bb1-befc3b2cda07,1653000,7 years,Home Mortgage
f39c056b-51fb-4693-b45b-deadede7b4e5,,10+ years,Rent
cf1e6c9f-0a7d-4d2a-a47d-3b38aecda480,911449,3 years,Home Mortgage
08784d7b-ded3-45f0-a23c-1b42ee262f65,1125408,5 years,Rent
85de2520-bcaf-464c-80b8-2e0a483ac6e1,,4 years,Home Mortgage
459eb765-5412-49b4-a33a-1eba20af2a89,,2 years,Rent
7c052535-f6f5-41b6-874d-81698bc391a0,1711292,10+ years,Rent
2da816a2-f072-4d43-bfcd-bdd94a3327c7,963433,1 year,Rent
4d2a11fd-7b82-4e23-9bac-d9368f2c2749,1023207,10+ years,Home Mortgage
108cec46-f57a-4a8b-baf3-215e5bfb266e,852093,< 1 year,Rent
a5d804ad-b5c1-426a-8a4d-3e1d9a2d5814,490618,< 1 year,Rent
3ad86cc7-a9db-40a6-b136-55ed645f6b73,,10+ years,Home Mortgage
6cd6dd43-6223-460e-ac35-7f78153cf7a8,1517492,4 years,Home Mortgage
c03bf0c9-b496-426a-8142-bce409bd37f3,,n/a,Own Home
0854eeb5-69b0-4244-9c29-2c41457d0a83,1502368,10+ years,Home Mortgage
28264029-f793-4a1c-8258-d1e0e0d0b3a8,243466,< 1 year,Rent
f69adadf-c2bf-46eb-b9cb-088a92430d28,858610,10+ years,Home Mortgage
3a40db99-6c31-4e0b-999d-bdfdb11898f2,,10+ years,Home Mortgage
45dd2298-b5e3-40dc-8e01-4a7dbc28b30d,664867,10+ years,Rent
63d133d8-32c2-4c51-9484-35111f448ea9,1134870,5 years,Home Mortgage
e4eac165-9579-44d8-8009-1f275c4b7506,,10+ years,Rent
47f96522-ce4a-42e2-a129-c01833f7cd8a,1549792,8 years,Home Mortgage
6d373a29-2d5d-4a1d-b216-64e0dc4e2dca,1691361,1 year,Rent
96f38b1a-2976-4232-b276-c0d4696eb262,1202738,10+ years,Rent
f436bbf1-0812-43a0-ba01-6efc674037c2,1232036,8 years,Rent
019334a3-e2ec-4667-abcc-c90307fc438e,,10+ years,Home Mortgage
89da1e70-6e29-48da-bc18-15ad858747d5,985929,8 years,Rent
486a2ca8-505e-4af9-886e-13ca4bab098c,874152,9 years,Home Mortgage
76adbe03-a5c7-49b2-b83c-4a9248e18a86,1743687,2 years,Home Mortgage
de163cea-3526-4324-a3a0-9946b2e82dcd,,10+ years,Own Home
64f770d8-dec2-42e7-8955-6149ce7efd5f,940880,10+ years,Rent
22f6792b-476f-4e97-9e45-73e278cce318,600077,7 years,Own Home
0b572e55-1dd4-43d3-a17c-4638dda7361e,2015064,10+ years,Home Mortgage
099f5dfa-8edd-497b-b6af-a86f5a61c459,846203,8 years,Rent
4c9b3ead-7746-4eb7-98ad-0eb38ef00520,453910,< 1 year,Rent
4dcd4dfd-040f-45cd-ad13-305fbc5a4123,1560812,7 years,Home Mortgage
4658531a-04a3-4f1c-895d-ebf8282f2f29,1124154,5 years,Rent
fac397a2-6601-4817-8241-6d92b98500e2,1690050,6 years,Rent
21b647f4-7f53-496c-ae97-2e11412b845c,,10+ years,Home Mortgage
adda1879-5462-4c08-a82b-80acc352171b,1414170,6 years,Rent
34ddb451-4a9a-4945-9071-dbce03ca906b,1425855,10+ years,Home Mortgage
9bde872c-b377-4b01-a928-ab7aa31fd098,1283336,< 1 year,Rent
2b7bbffc-4e4b-469a-946a-378b6dcd5ce6,746567,10+ years,Home Mortgage
0afe7929-750a-4fb5-8820-a35eafddeeea,1171635,6 years,Home Mortgage
00210657-a198-4c75-84b5-eb4ac564e3b9,1764758,10+ years,Home Mortgage
edc30b8c-3cb5-4b80-91b9-53f7ca2d915a,1598850,2 years,Rent
19465fe7-2d62-4c42-9dd4-c3ed4c490ea2,,10+ years,Rent
08e96b6c-c399-48b0-8016-d1d37d71acb4,1329734,1 year,Rent
d1c984a2-1838-420d-93e3-9f26a302e195,,1 year,Home Mortgage
ec831541-d030-4985-a764-b3bf84d1a8cb,,7 years,Rent
099d667a-223f-4e5d-8ab3-93cbc8187aaa,955605,3 years,Home Mortgage
29f86c3e-4d81-4b8d-937f-18f9dd7a9d08,1403492,10+ years,Rent
ec9b7ff6-0130-4663-bdc2-a8677411da1b,,10+ years,Home Mortgage
f066de85-c34c-4c53-8e5f-42bed4e5d2cc,2000111,9 years,Home Mortgage
09dee526-e7c6-49ac-a162-b8a83844f178,1798521,2 years,Home Mortgage
c19a59b8-34ea-4d24-a8c6-1b08be81e455,713051,3 years,Rent
b67bc4c3-fa96-429e-a62e-ffdcdaad1596,948005,2 years,Rent
105ba88d-4143-422d-b354-0beb69fdb3c8,1059725,10+ years,Rent
3c00e3c1-aeeb-4af3-95f4-d7654d0f11d8,912646,10+ years,Home Mortgage
703eb9c8-c8b1-4f69-96df-0ce2e6637d0b,1139886,10+ years,Rent
e8404cc5-5a74-43b2-ac2a-b0b4c8fdfbb2,,10+ years,Home Mortgage
c7e0249e-42ed-41d6-a055-efc5fd24778f,778620,8 years,Home Mortgage
4d17456f-ae53-42a7-a609-5fc9205d9173,,10+ years,Home Mortgage
fe6f649d-b681-4d12-8deb-42b28ae0cb9c,657096,6 years,Rent
067e0a8c-ed4a-46c1-b92a-288e2f93d47b,2314998,4 years,Home Mortgage
15816467-fae9-407d-913c-07f08b090ff6,2244660,2 years,Rent
1eb62460-310a-404f-abfc-d40ed73b974f,,10+ years,Home Mortgage
a55c2fb1-2def-4b3b-99e6-6cdbab115235,,1 year,Home Mortgage
4a028cde-524a-40a8-81c9-30ff4344c04a,,4 years,Rent
305fabe2-bd68-4def-8661-4fc4748bf066,1276192,5 years,Rent
306eb65c-c08e-4679-9c78-004766d0611b,2094408,10+ years,Rent
dbd64127-1fd2-43d8-9d66-ed54d3dbf786,,10+ years,Home Mortgage
fe954b89-a40c-460c-8f6d-9d7af838a66c,,4 years,Home Mortgage
834101c4-2438-41a8-bf5f-41bfe861391b,1760730,10+ years,Home Mortgage
705cf675-2783-40c6-8a24-590afe4b1da3,1027444,10+ years,Rent
9da1da45-484e-42cd-b450-b81764db5e56,1561382,10+ years,Own Home
41146ed2-9088-4163-939c-1ff3e55e870b,,10+ years,Home Mortgage
39cb9a05-cb00-4923-9b26-33e98224e503,986347,10+ years,Rent
a8b855b0-a83d-46c5-b301-7d42b7b5fe27,,10+ years,Home Mortgage
885f9beb-8447-4c53-a2b7-89b7dbce0adc,2464319,10+ years,Home Mortgage
602892a4-ec7a-4205-9535-f05326c5a935,1010325,9 years,Rent
164d0841-35dd-4ed0-9cd4-66f5a1a3bd86,1438680,< 1 year,Rent
3fb4983f-0a7e-499c-9386-2dba1f80f9b0,971470,5 years,Rent
5c3bfd31-4412-487b-8210-0b851b700ddf,871929,8 years,Rent
bdf05223-37b5-41ee-9ba4-797edb7733b2,,7 years,Home Mortgage
b8b8198f-1325-4fb2-8d5a-a64f5824b84d,838755,n/a,Home Mortgage
60fb8959-7747-4683-91d3-27c3789fe6a3,,10+ years,Home Mortgage
8edabeb7-1822-4cb1-a3b7-a49824140a2f,1607571,10+ years,Home Mortgage
43b5b3cc-dc10-49e2-bef2-73746d59a045,,7 years,Home Mortgage
b5663e8d-325e-4513-bcc8-91d9d7c3d9f1,922583,5 years,Home Mortgage
ffbc8947-175f-412f-be3c-b5dc51b2a3ca,1419870,10+ years,Own Home
1b8af057-df69-4eeb-9127-d7b8dcf0b2de,726978,5 years,Rent
7c550614-c38e-4fad-99f1-d2bbb331ee7e,1505712,7 years,Home Mortgage
331ab9c9-8b35-4991-adf9-263b45b45264,776188,8 years,Home Mortgage
5d75c583-ff09-49a5-8f52-53b12e3de359,470212,6 years,Rent
338c57f9-f644-4494-8ab2-1d8083513a61,1967469,10+ years,Rent
15c1dddd-4622-4114-8685-4419554ad616,,2 years,Rent
dcb55e3a-6304-460b-b1fd-65e3b360d377,1612910,10+ years,Rent
69960c0f-2f86-4a36-8eef-34af232e3f8f,,2 years,Rent
9aa052ef-ca55-4d93-9ea6-2c22e2f44d92,1159152,3 years,Home Mortgage
1542ff7b-8504-4718-a9b9-6f8857e0bd02,2043374,2 years,Own Home
d2be8d04-39d9-4056-99b3-ceaacbd48b2f,,10+ years,Home Mortgage
6517870c-b6a4-4094-83c4-a618441072d9,1439288,10+ years,Home Mortgage
6c049675-9c15-43ad-8d5d-3b875e95d07d,1421295,10+ years,Rent
65feb923-cc13-48c0-8cae-e13398d26e22,994422,3 years,Own Home
c55c28bd-4aab-46ee-b88d-9684ec982f0a,1165080,6 years,Home Mortgage
bab81874-76fb-44b1-b1cf-d4f5b3423d56,483930,< 1 year,Home Mortgage
d1c01e7e-3a59-483e-a7d3-870bc80eeee5,,10+ years,Rent
abe554b0-3aa2-498e-bb59-b4d340d3e635,799444,< 1 year,Rent
d08bb008-78e5-4366-bc1a-505d88865620,,1 year,Home Mortgage
db3893be-8e09-4de8-9c50-6bb5d2cf3acf,954731,10+ years,Home Mortgage
0fd3ee44-dfe7-41a1-beba-88a9aa034ff8,695552,2 years,Own Home
c31625b6-3f25-41ae-8ed6-60216198dddb,1856604,10+ years,Home Mortgage
e788e204-c54c-4708-9ca6-4eae59656689,1087294,3 years,Rent
f9a294d6-ab55-4622-be96-fb166d5f6f6b,1700424,4 years,Home Mortgage
81151805-6014-47e0-80a5-064fb3aaf59e,,2 years,Home Mortgage
2905e351-ab39-46b7-a845-ace97989ed54,798133,1 year,Rent
2e8c0d03-6a5e-4db4-ab6f-0161b9aa25bb,,1 year,Rent
01fbf656-609c-4784-b6ef-c2c09af3936d,1625336,3 years,Own Home
f1cdc9cc-739f-49e7-aa1e-76a66cc15e21,1301006,2 years,Rent
43ff55ca-23a2-464f-bb93-7a2f43378acb,1901520,8 years,Home Mortgage
74add51f-5317-4db1-8a24-209babfb49e1,,10+ years,Rent
6b055e91-1f7c-4ecb-a967-54d3b993fc91,949240,5 years,Rent
a95df2b5-9939-42f7-963d-47159dbd55b1,415207,< 1 year,Home Mortgage
5b40b289-fe61-448c-af34-5cace82e5856,713678,n/a,Rent
06696d42-d103-4836-8bbf-bd005c30d43e,1249934,10+ years,Rent
28ee7ac3-5881-42bd-98c4-4c36a7884d63,3207713,6 years,Home Mortgage
3f3aa030-8681-43bf-9ad5-c9ca23578e42,,10+ years,Rent
bf37347f-2e02-4398-8987-cdfd3c1c3d2b,2194614,9 years,Home Mortgage
d584e4c6-74f1-4f64-bfc3-596ecac6d8c7,812953,6 years,Home Mortgage
b923c93c-a19e-4e17-8520-b24acb6745c4,,n/a,Home Mortgage
2cdc5a7c-8add-4a58-8771-6325df930d77,,2 years,Home Mortgage
f79e7ccf-4551-41d7-82ab-a6d202c81616,743356,2 years,Own Home
f39c0b83-8bfa-4cf1-8456-1677d8c7e36f,,10+ years,Home Mortgage
e1f430b1-f5b2-42aa-9dce-cad1cc1c142f,,10+ years,Own Home
4619c9fa-0d0e-48c3-a45f-f31345d185af,1324813,7 years,Home Mortgage
c7064954-677c-4b34-b0ab-ec9062a966f4,778449,5 years,Home Mortgage
606a188e-a0fe-45e5-a195-618b3d70b4aa,760152,n/a,Rent
0191f8bd-59c6-490a-b0e9-f12071754e31,1362319,10+ years,Rent
f34ea209-dff5-4198-a93b-ce4545d7d5fd,,10+ years,Home Mortgage
47479cf8-ed1d-4bbc-9b7e-fe743666c23e,652897,< 1 year,Rent
bdcf8881-44c4-4397-9a89-e842bcba024a,910936,n/a,Home Mortgage
8624bb9b-1bfc-4a94-9e24-341e61f139f0,2175386,10+ years,Home Mortgage
7ec105a1-d0b3-43d4-89bc-181049c652ec,948385,4 years,Rent
16814697-26e3-4bbb-b8c3-7c742246c357,931874,1 year,Rent
d3a48087-0f26-4fc0-beac-24dc20e8c11a,722361,5 years,Home Mortgage
01bea9f6-faeb-4ab7-9982-0417ba898986,862011,4 years,Own Home
631a4dab-bcab-4b3e-90ef-89ddb4ee3ca6,1431726,10+ years,Home Mortgage
e6791171-5685-4d29-b8d9-fcac657e580e,2817282,10+ years,Home Mortgage
9d1fd3a8-4b62-45e3-8b35-944edc99f598,1581997,9 years,Home Mortgage
746bca68-b564-4ace-a285-442229b52222,,10+ years,Rent
c7ab3782-11cc-4443-9ca7-9a168bc69a56,1360590,10+ years,Home Mortgage
c52662cc-f3ab-4047-90f4-0738e30be890,1273380,6 years,Rent
5a6dd82a-5dab-4d48-9719-732d08a9bad0,753920,2 years,Rent
c0663df4-25a3-4216-8fc9-6ec612ce7790,936605,< 1 year,Home Mortgage
eb5aa36f-375d-462b-814e-129794d134fe,853119,5 years,Home Mortgage
0fc888af-8c9d-4b64-b319-fc3fe894d8d6,2385222,10+ years,Home Mortgage
e0301711-5eb9-40d7-87f1-bc853e9c30bf,1027349,10+ years,Rent
a1d5d9b1-ffb1-479d-985b-85ab7142b36b,2983342,10+ years,Home Mortgage
2e7dfdea-bf67-44e3-9e37-eaa4c222c891,1161888,3 years,Rent
cdaa2639-54d9-442b-bbfe-86a554492f59,2226344,7 years,Rent
baba6fc9-ad42-47d7-8d62-e9052e90365d,1310354,6 years,Home Mortgage
9443eb93-c523-4062-8bcd-0cf9daa0f46c,658293,7 years,Rent
a9c07154-4d5c-46f8-9dde-e2d882316f89,2686866,3 years,Rent
a6c60288-9c9f-4b06-a23c-338900a612ce,1409762,< 1 year,Rent
a66504b2-231e-497b-bbfe-4197e93e1713,1793980,n/a,Home Mortgage
0ad31931-5ed8-4e50-80f7-1cb1f2baf03f,584250,1 year,Rent
7eb6cad2-9113-45a7-934a-00670c3bbb6a,1263652,< 1 year,Rent
cb7c508c-7dfc-414f-85b7-3eafe5b69175,706914,5 years,Rent
91d7ba82-1c5a-49b7-82e3-82233b7b28b8,,10+ years,Home Mortgage
a069248a-a0f5-4267-8be4-557444a37229,1651499,9 years,Rent
f8d2e819-e15a-4480-86a4-0cf1efba6ddb,1646654,7 years,Home Mortgage
6e3d803e-aaa3-4d98-850f-97e9a8d23e27,275234,4 years,Own Home
424c299d-d2d2-4103-b0a0-d098368f1018,2121768,10+ years,Home Mortgage
a4e5bd61-0f99-4c24-9836-a3ad41c1438b,634410,n/a,Home Mortgage
e3a31b17-d465-409c-a16c-2cc5da9f41cc,1255938,5 years,Rent
c3db7bf2-b83f-4115-b065-ab11921623bc,1231181,10+ years,Home Mortgage
efe71917-212d-4f9d-98d0-a04feae11c55,879586,10+ years,Own Home
01d04fed-1130-480e-9c36-221664a7a44a,1781706,3 years,Home Mortgage
8e887ad6-119d-4fba-86ef-b6d54fb87449,720841,2 years,Rent
dd3f234a-c4c6-4f71-842b-dbd752b156d8,853119,4 years,Rent
f6545ed2-bf84-437f-8053-30a4b6701a35,2233450,n/a,Home Mortgage
812d5bbb-d717-49b3-8254-b1ca34203fd4,822643,8 years,Home Mortgage
d1b26380-3a2f-4fae-8bbb-ba5d27cb0946,5402555,5 years,Rent
3b904bb4-7b76-456a-8fe7-4d061dee85a3,1524560,5 years,Home Mortgage
a45e4ede-9562-431f-b1df-8c890ad13062,4452840,2 years,Own Home
470376d8-cd8e-4ee5-9c51-47df7f27765a,1699056,2 years,Home Mortgage
6f8aff6b-7b38-49fa-ad72-938039b313fb,,7 years,Home Mortgage
69641f2c-ada1-4002-bd76-b55529da1210,1694781,10+ years,Rent
14b33116-97ec-4196-8e14-d92c6d823763,,10+ years,Rent
9b72bd71-e91e-43fa-96f4-ce88e3e0455a,1159741,10+ years,Home Mortgage
ec00f484-d8da-4626-91e8-9159e10ec5a4,471580,1 year,Rent
cd6e4f73-4013-4c0c-94f2-0b3fa24a705c,811490,10+ years,Home Mortgage
39ecad58-eca9-489c-9454-f266044df548,1683666,9 years,Home Mortgage
7864792e-9028-4c20-bdb5-e6d238522b94,2360598,10+ years,Rent
78492263-2160-4dc3-84c6-15b1712288df,2052171,3 years,Rent
0e1c6912-809e-4d42-81b4-75c6fa3f4db4,1924510,7 years,Home Mortgage
486ae559-72d2-4ad9-b765-f26cecd924e8,3069488,10+ years,Home Mortgage
261ea37d-48ff-4ebc-b8c2-79a200c45b0f,791711,n/a,Rent
71e85077-779b-423f-a1a4-361a8f1e58c8,1713933,< 1 year,Rent
dc864c77-0ab2-482c-8ea5-3e028b73e488,,1 year,Rent
e1dac4ea-1f6b-4b82-b34c-3c5dc0271afc,1042074,7 years,Rent
f525aea4-1571-4e48-98ee-1c92433d2505,1148094,3 years,Rent
fcf56522-009d-406e-91de-7b347a4f2ec0,,10+ years,Own Home
e43b1083-8c9d-4323-b57d-47a11411e447,938714,< 1 year,Home Mortgage
9db576f6-38f5-439e-8651-fe376b9ec5f9,1714788,6 years,Rent
a67e7d04-f05e-4189-b70b-ed52afd48891,1115433,8 years,Rent
be3369f4-38ac-44a6-90f0-fc755412aac4,863360,10+ years,Home Mortgage
0c7cb302-239b-49e4-8586-9e923c118de1,1380863,10+ years,Home Mortgage
0d362c9b-5ec9-4361-91af-1aa0c230ff6e,1529424,8 years,Home Mortgage
61b63827-bb60-42c0-baf9-25a162dc2a6f,762717,1 year,Rent
48f5881d-83b5-474f-861c-425a7293be3c,1600142,4 years,Rent
5f4f5513-2fa0-4994-8aeb-b09123eda8f1,858078,2 years,Rent
70e4d2e7-2ce4-4113-b353-ec9915f5b942,1213264,10+ years,Rent
fd251d45-d7b6-4bce-beae-09c49fbdacec,,3 years,Home Mortgage
379ca3e2-d99f-4011-869d-247d4bec3ea7,,< 1 year,Home Mortgage
a6247569-512b-4855-9c71-df5fdead4b5d,1111614,3 years,Home Mortgage
cf8e8299-ebdc-49a1-8967-3c3131412f28,1405867,5 years,Home Mortgage
6ff07fab-e13e-4f83-bbc6-bef12ecdfae8,1220807,10+ years,Home Mortgage
42a972c5-537b-4bae-9280-60ca7ac5a811,1939900,3 years,Rent
049dfa2d-82c7-46a7-99dd-d35715e208a7,2634730,10+ years,Home Mortgage
eae18a73-03ce-40ea-9643-54c72a8d0148,968544,< 1 year,Rent
e38f383e-f0c4-41b5-b17a-89054af82cab,1685870,3 years,Rent
05f06793-692c-41f1-b60f-182ad4a72c21,1068408,2 years,Home Mortgage
8907b735-515c-4075-b684-dad7ae31eed6,,2 years,Home Mortgage
eeb53b35-a7ff-43c2-889c-77cb91f7b78a,1390667,2 years,Rent
486aa4d6-f43e-4ee8-8e09-c3ebecb30ae2,1152160,5 years,Home Mortgage
13ff4ede-f81b-4ff7-a0e4-211e7da5b38c,601255,4 years,Rent
962e4915-5ddc-4b66-8bef-15a78360a942,1578881,7 years,Home Mortgage
b2f7c89d-d763-4750-bcc3-83657c6eae4f,1955898,10+ years,Home Mortgage
5161c638-71ca-4c56-862e-ac8e10ed4e02,983858,9 years,Rent
d12e2221-a287-489d-b645-2e6c01691ea9,,3 years,Rent
2575bbbe-71ae-413a-bc39-1903951fd1ab,1339614,10+ years,Rent
9b36a6de-5d47-4046-a9f0-1d21c84c147e,,2 years,Home Mortgage
848d9c05-aee2-4872-bb96-a8794536c3e0,758119,10+ years,Rent
f7f01307-8ca6-4f07-8c04-14e00df82525,,1 year,Rent
3ea71614-0582-4f7d-8075-2272d048f00c,1098276,1 year,Rent
080e46d9-c946-482a-953b-f3607491ad8c,1537119,6 years,Rent
713adeb1-6296-4d79-a751-cb9b2497bb25,1107244,10+ years,Home Mortgage
6b4316f5-f0b0-4a4f-9d8d-c7e155c55649,,7 years,Own Home
695482d2-f048-452f-9f03-7e464792cf3e,1042625,10+ years,Home Mortgage
e29a079f-d8fc-4d5c-851e-2b6e4d70a96f,992256,10+ years,Home Mortgage
fc82ecce-aecb-421d-b072-920f4a4baab3,,n/a,Home Mortgage
be3abb47-3d60-4969-823e-a5706549694d,757511,5 years,Home Mortgage
dee7e448-cde8-4f3b-aacf-9d1df8982ce4,2132123,10+ years,Home Mortgage
43927cb7-6624-4197-966c-cd730ebfbe71,467685,1 year,Own Home
cd1e4912-8eb0-49dc-ad5e-641d60d53ef4,1514813,10+ years,Rent
a3f0a492-e28a-4ead-a96b-74a9a97cdeaf,786448,3 years,Rent
c4a3d7a3-49c9-4b2a-907c-e87a8d8627ce,1353674,1 year,Home Mortgage
5d62a89e-76a0-4aa3-ac58-0b9c1e31e342,1495034,10+ years,Own Home
33d1e05d-fec5-49b0-beaf-00ad3fff3ce2,864842,2 years,Rent
84c4b6ce-b578-421e-843e-865693fbfe7d,1399065,10+ years,Rent
8c03a2b9-6994-4bcb-82d9-2875298c99bb,1315807,10+ years,Home Mortgage
9a4e3f48-3a6a-4838-89b9-3198c0111267,657951,n/a,Rent
218ce4c9-0668-47d2-9644-4bc924b914aa,1452645,10+ years,Rent
8e0e482d-77ad-4ac2-b4e1-6843c77171b7,3093618,< 1 year,Rent
4aa1baf7-8258-4458-88b2-dec6607cdbd5,3603502,10+ years,Home Mortgage
666c4e3e-d9bc-4750-86bd-1178168de786,3213850,3 years,Home Mortgage
3e3cff3f-883b-4935-bc82-1d2db69794e3,561564,< 1 year,Rent
6a425333-6797-42dc-8929-6a86785843df,1828826,1 year,Home Mortgage
ccec8c33-2f6f-44cc-ad77-27eb73ab2069,2976521,10+ years,Home Mortgage
a5e1e086-79bf-49ae-9594-b4809341b122,565269,4 years,Rent
5bd76f01-4c21-45f9-affe-3cce8f43415a,1207450,10+ years,Own Home
c86fff32-d293-4b30-85ae-361cf0bc9395,657096,10+ years,Rent
9ede956b-a321-493d-a7a1-e8e9d3869716,1670271,6 years,Rent
c9a6a1a2-6eb0-42ba-bc27-ef680685d187,1094514,10+ years,Home Mortgage
8c6300f2-ad3c-4a72-bf9d-265ccf7ef95a,767600,1 year,Rent
dfc84206-5a4a-4a2b-8253-0b8e56ece396,464417,3 years,Home Mortgage
2e456e0c-c1a4-4fdb-8a10-12567b92e5bf,969855,10+ years,Rent
2c2786ff-4f34-44ce-a126-163fec3687ad,726256,10+ years,Home Mortgage
29ad0683-f9da-4abd-9756-293789692dfb,2613222,10+ years,Rent
9c79b08c-85c2-49a7-97ce-348121706d22,1120050,1 year,Rent
3c915e0a-14bd-48dd-999a-bb60f64cc087,,7 years,Own Home
d386e116-14ba-479e-9e9c-dff853dc9006,554591,n/a,Rent
d3b2db6e-b5ba-4119-820a-f7ea820260f6,750272,5 years,Rent
df6567bf-1339-4abd-a8e8-c3d52863c1a4,872366,4 years,Rent
88df9e41-a670-4804-9f85-11bbd5cdd9dc,1014448,5 years,Rent
e62198a6-6d37-4b8e-bd02-8d9293e50bb2,1338037,10+ years,Own Home
063d281e-ccab-4234-8385-f91a93be7b2f,1498872,10+ years,Home Mortgage
07090405-edf7-48b9-abf7-958403399d69,1956031,10+ years,Rent
dba6fafb-fbd3-4df0-bcf9-1e0e2c66568f,623922,10+ years,Rent
8c11791e-9ca1-43f5-886e-e63a932003d6,1895060,2 years,Rent
c6673fe7-c829-4a02-bc70-01fc65be6b1b,591945,5 years,Home Mortgage
20505cd0-242b-454d-ab64-22c278a50ef4,2022664,2 years,Home Mortgage
2dea0b49-ab51-4be0-bda1-2c2f99d3b891,1673748,3 years,Rent
ebc6eebe-cb7a-4d73-b3bf-41a3d119a32c,845766,5 years,Home Mortgage
4b74e3aa-b64b-43ed-8be4-66eed9040e52,971109,2 years,Rent
5bff7f62-ca34-44a8-8fef-874565be3c94,3440482,7 years,Home Mortgage
666d56c9-3b73-4eed-9aa9-1fb80c3e0f09,911639,5 years,Rent
89bff021-9ef0-4004-99dc-c2f9f98da026,1520133,10+ years,Rent
496e126c-22a0-45ba-baea-5cf0498f1122,956175,7 years,Rent
73e8a6c1-4879-4ff5-b10d-894501206cf3,1472880,< 1 year,Home Mortgage
a6056b1c-1ebf-4a3b-9f47-db63dbb8042b,,9 years,Home Mortgage
d6d3807c-5c8f-4915-9527-8ecbd0d0110f,2944411,1 year,Rent
f805e18b-8278-4c1e-8073-46d8df974d82,1140570,10+ years,Home Mortgage
da2c0ae6-db93-4931-a9a3-ee2ec8700a3a,931095,7 years,Rent
84595f9f-04a1-4b62-bd2f-2858e64ebca6,4284082,7 years,Home Mortgage
67b92a1c-4bd5-4b95-ac44-23ade34d3071,323171,n/a,Own Home
a3d5abb8-55c4-4e82-8159-b541616f8923,537586,9 years,Home Mortgage
fe7390d3-3393-43a5-b2ec-b16785d35f35,1507916,6 years,Home Mortgage
e7dec68f-a7df-48c1-b3af-99283f56a8f9,1502672,10+ years,Own Home
030bb718-1ae6-45d0-99f2-b6a07ec37282,960355,9 years,Rent
ab88de82-6bb7-42b3-9d3f-26c385661daf,1202320,3 years,Rent
80a40963-d495-4095-9afd-6e93877f48bb,1275812,10+ years,Rent
19b9db59-3f7b-4bd1-9265-d68867e6ca8a,2139951,9 years,Rent
6831796e-8a3a-47e6-aa9d-09aca0d5f626,1422150,9 years,Rent
cbcde4d5-25f1-420d-ab3b-c00f776cb1f7,,10+ years,Home Mortgage
103b2cde-64ed-424d-90a9-2152c89a3f21,751944,5 years,Home Mortgage
0eb0f54f-d06a-4693-917f-5d82a23af32f,2249904,10+ years,Home Mortgage
c9f85e3a-9f9a-4bde-9058-3199d287aabd,,7 years,Rent
6dd091d0-8d82-41d5-929d-fd8b5481bbdc,2877075,10+ years,Home Mortgage
f463642a-34c5-47bf-b88d-4a553ede5d08,683468,3 years,Rent
8c347377-1abd-4d99-8b5f-2c6506726f13,1640517,4 years,Home Mortgage
fd27ee5b-258b-46fc-a060-5d95941a357b,757036,1 year,Home Mortgage
64227c0b-8869-4794-befc-bc9c8251cb43,1532407,10+ years,Home Mortgage
8312cc1c-6b98-401e-8996-a05c0172234a,1112032,10+ years,Home Mortgage
4291e18d-05f5-4697-bef9-8bcc16f09118,1945980,10+ years,Home Mortgage
3d72fdcc-6130-44f3-b59c-a5712e39095f,1109163,10+ years,Home Mortgage
c513cd75-e007-4cf2-b929-07df95b3f825,1630257,4 years,Home Mortgage
2bbef26b-9523-4df1-afa8-0ec2f1b8ac86,1281531,6 years,Home Mortgage
35a0ce15-8925-4b98-9902-70f17d2f4433,1010401,6 years,Rent
5aa499b0-71c1-4b84-b7c2-2c986d7c1435,848844,2 years,Home Mortgage
563ff663-72f3-4744-a546-4e76d4a91de6,1772510,10+ years,Home Mortgage
4150b3bd-f869-47a0-8ca5-c343c9687977,,10+ years,Rent
e50bed11-d581-4067-8a02-c03573bb0d5b,1223391,7 years,Rent
da54e1df-bcc7-44dd-82ba-f9c81104f533,2259024,10+ years,Rent
e6e564a1-9f39-4043-a6ee-c0cf3fc4b273,,10+ years,Home Mortgage
39d74e59-f8ca-497e-b38c-513a4251a120,1887650,2 years,Rent
23e3af15-9f3b-4b83-88da-b4372a47c751,801933,2 years,Rent
209e4e46-5825-4508-81a7-0b9eecedb8a7,,10+ years,Own Home
204a511e-79da-4386-8f85-001c9a788fe8,770051,8 years,Rent
f575187e-7f85-4137-897a-1d0bb00bbfa1,1390097,2 years,Home Mortgage
09352f14-5e67-46c6-80c0-edf015bbfdf1,,4 years,Rent
c6e049b7-145a-4fa7-bb60-6497b91eb144,1161546,10+ years,Home Mortgage
a3d405ff-c96d-4981-a3ab-0d5c8970f869,2272761,5 years,Own Home
5a1ab497-febe-4f11-a5ad-79f0f2e05fb0,2286612,1 year,Rent
77fc62ea-ba48-448e-ba7e-39f8d926b50d,955605,10+ years,Home Mortgage
2ccb6877-ea6a-468a-be39-861d16187e0d,1403226,7 years,Rent
607addf2-1a02-47ae-ac2a-d246ffcc2963,572280,3 years,Home Mortgage
6717e90f-39d8-42d2-b40f-672be9ec8cbe,,< 1 year,Home Mortgage
fb81df78-ab06-4a65-9857-39dd357f085f,931760,3 years,Rent
ca29478a-35c2-45f0-941a-0a1fd0109eed,1261676,1 year,Own Home
8f065203-9ea4-45f3-8e7e-7681569b07d4,1182009,5 years,Home Mortgage
a24231e0-2a40-455c-a696-449988be4507,2241924,6 years,Home Mortgage
8e64ab54-dcf0-4ae3-9c64-35fbb5d9a930,5426400,3 years,Home Mortgage
42a3b167-99a1-4b23-955a-68f6f15fdb50,650104,n/a,Home Mortgage
88c4c4a4-71f4-4ef3-a26e-481baf39c3cd,1138062,5 years,Rent
a504a807-7c74-4f97-bfee-2b49c5fdce21,1751667,10+ years,Home Mortgage
a4282df4-e4c0-424c-91ee-34e6d63f7280,1519449,< 1 year,Home Mortgage
acb97b49-27a1-4948-8a30-352e3cea1249,,n/a,Home Mortgage
7c323b3b-b777-44fa-a624-0bff8c978b17,752552,6 years,Home Mortgage
73713527-0f1b-49cc-9cd9-cccd72b973ab,,5 years,Rent
85d3b85f-3fe8-4058-b5d2-f2196dd152e9,1150374,n/a,Home Mortgage
e408d641-09a1-4e54-80d1-d9fda22824b6,,10+ years,Home Mortgage
c5e3b95f-6a00-4415-baa9-e09a679e2681,,< 1 year,Home Mortgage
2d97859e-ff2b-48c5-8caa-180aeedba71c,748144,< 1 year,Rent
900ebdf3-7019-4895-ab38-9fa253fd23f2,1837832,10+ years,Home Mortgage
f420427a-c39f-4b30-90c8-b5baa4915e7a,871112,3 years,Home Mortgage
05ab774b-7201-4449-9082-5882b2d7b415,,7 years,Home Mortgage
1d86ec48-9e8e-43f8-8646-976373ba1050,1004606,10+ years,Own Home
365de6b1-8dee-4b56-a74f-22e728ab74a2,1311095,< 1 year,Home Mortgage
fec9e2ea-c9f0-4893-9452-9b88c33189b0,2020194,10+ years,Home Mortgage
1b20e707-b420-4055-a132-b87909251183,,7 years,Rent
5b6ef160-0efb-4fd8-9626-0bb0a5c75597,660288,3 years,Own Home
55bec9e2-dc72-4fc3-a842-e48ae7ba5950,1412327,8 years,Rent
129ad32c-b5f8-43e8-a8df-830f5f3b7bde,688522,7 years,Home Mortgage
d16136ae-df6a-4f7b-8957-f9cf54930a55,904343,4 years,Rent
a68e00f7-e83a-4440-a194-5a3945498259,1317707,10+ years,Rent
1f378e28-c42c-488e-8adf-247065521a48,,10+ years,Rent
5c9aa8b9-70c1-4da1-8d59-09867bf7a074,1850201,3 years,Home Mortgage
fdbb2203-07af-471b-bba5-e61377bf0330,600894,1 year,Rent
d9e17fcb-aee5-4e88-84a5-956a0a718ac9,1175093,6 years,Rent
e2c0bab9-0b5a-41be-bbd5-9c6ea367eea6,287812,n/a,Home Mortgage
3c3cd32f-2e62-44ed-a823-2053c122baf9,,4 years,Rent
2276928b-e148-4235-bc42-2b7c67f46b98,,5 years,Home Mortgage
13c97ee7-f8b6-433c-bed1-138e3929dd96,1523040,7 years,Rent
75d36e1a-562b-478b-b4e1-28515f84f67e,1354491,5 years,Rent
9fa4453c-76a1-4b0d-ad89-d7c556027d06,1155865,9 years,Rent
acbe30d8-d6c5-4232-8394-37cb1dd90495,946523,8 years,Home Mortgage
42604d04-ffc1-4317-a0e4-3bcb6a57271a,,10+ years,Home Mortgage
9b507ffd-8447-404b-98ee-f8e532c61de5,1205987,8 years,Home Mortgage
4ffb5201-fd91-4436-96a8-776a4c04748c,1618496,10+ years,Home Mortgage
6cbb45c2-c9b7-4608-86ba-b9872ce257b7,1678460,4 years,Rent
44da3b8a-4614-4935-9926-a2bab96ce6c0,1551616,< 1 year,Home Mortgage
352c8a47-3b6a-4402-9230-2d7661765b6a,,10+ years,Home Mortgage
ccbda3fa-140a-40d9-867d-70b7563f8d90,714799,3 years,Home Mortgage
741fdd0b-4ad2-4aa3-948f-9b613d229eac,,< 1 year,Rent
3bc04d16-77ee-4bee-91fc-b24947368ab2,968050,10+ years,Home Mortgage
1783496f-fc53-462d-b9c9-12d1c4a2bf0f,2854560,< 1 year,Home Mortgage
9fab3c42-bff6-4a38-bf18-3e6d53e996a7,867312,8 years,Rent
49d38964-6a7e-4edc-8a5d-2d627f421f2c,989520,1 year,Own Home
c0da56b0-2f9c-4947-b3aa-4f41d41e9665,,10+ years,Home Mortgage
e0715818-b9a0-4348-be18-9370281d889c,1351584,4 years,Own Home
690ad83c-c5a8-414d-bc7c-a3060ecc16a9,538327,n/a,Rent
417d7115-7c5e-40a0-9c20-7a7d500afe2f,1330931,5 years,Home Mortgage
55537384-9b89-46c0-ab21-91539dd32a44,1710855,6 years,Home Mortgage
1f08a054-fd92-4ad0-b31a-2d1a1861aaf0,1089441,9 years,Home Mortgage
f3671533-0d92-4a24-8caa-112bb7b5bc69,1332660,9 years,Rent
6a01db0b-8434-4299-9609-7ecc6c460799,1512400,9 years,Home Mortgage
3383d596-de5e-4028-9cc9-cd3cc1f94370,3783660,< 1 year,Home Mortgage
5589aeac-0b49-45a8-9459-f0c70632acd2,766707,< 1 year,Own Home
62340b57-d535-47a7-9fcb-bacd5802442c,2505758,< 1 year,Rent
e32ff770-7862-4710-8dd2-42a747637ec8,1868213,< 1 year,Home Mortgage
5f840b0f-0216-4b86-a632-7cf093eef88d,947530,< 1 year,Rent
ca3b7452-9c3c-44df-9cd6-31991c6583ad,,n/a,Home Mortgage
7eaa3548-9bfe-470a-a557-27335c1bd62f,,10+ years,Home Mortgage
20d1e914-fcd2-4ab8-a20a-f76751e24d40,1031206,n/a,Home Mortgage
1d1e3550-896d-4cd6-a941-fcb8c291c4bb,658141,1 year,Rent
1ad087c8-38e6-4e2b-923b-6ddee6f306b2,1744200,5 years,Rent
b8b3ff79-f9b5-43cc-b041-fe7d046f91c6,1486997,10+ years,Home Mortgage
5723789f-e5c5-458f-bb06-2582c01188fe,1115718,10+ years,Rent
7b9027bf-daf9-43ad-85dc-7671f5acf99b,1964239,10+ years,Home Mortgage
30f00cb6-cfa7-406f-862e-6ec4c377200f,1643842,10+ years,Home Mortgage
bee4da8d-dc76-40f9-aa07-48cacf674150,,< 1 year,Own Home
e68c05dc-19f8-4d2a-818e-8ecef2378f67,1514015,10+ years,Home Mortgage
63d19b83-9921-43ed-bdb3-21e8d6276f0b,,2 years,Rent
ce92dcb8-b7d7-4522-aa7a-3f130eb7552c,978272,10+ years,Home Mortgage
30f39f5a-b860-4a92-a75c-1f22a3fb9373,,2 years,Rent
a524ae3f-6a05-4a06-b10e-0cc346d2a019,2426243,10+ years,Home Mortgage
78819d4e-f371-4eb0-9659-e4ce5bde2a35,2352922,2 years,Rent
2277a459-fb5d-4ef3-9a86-3daef77418e2,799520,2 years,Rent
d46e94b7-5e7e-4874-9eb5-a112a737bbef,1156568,n/a,Rent
005dbe9b-e192-448b-a799-a29a621fe024,1512970,9 years,Home Mortgage
2dda70e7-b03e-4ff5-a2b1-6caeb0d8513d,1607096,10+ years,Rent
0be9bf59-e9cf-417d-b2e3-b57a30e77aa0,1435127,10+ years,Home Mortgage
74d0e4a0-6d23-478b-aa6b-7feb7a5b0d0d,,< 1 year,Home Mortgage
22e77acb-ccaa-4bd5-af87-ba18daa781fd,1396082,10+ years,Rent
926ea2f5-703e-43bc-bc27-bf81255ce744,577980,5 years,Rent
a3ecaec3-6c44-43fe-b030-be3e94229fec,1874920,10+ years,Rent
84cb67cd-7bd4-42ee-931a-95bb8c2f8303,1493856,2 years,Rent
3ab7bdbd-bf71-407f-8a07-20049c27b507,2284560,9 years,Home Mortgage
1905a169-8a1c-48ff-84af-852115928d9d,1434329,10+ years,Home Mortgage
83102fd2-5e3f-4415-9413-49c6efc519b2,1358557,10+ years,Rent
5ff2834e-29ec-4820-b7ac-b3a0eb4e539c,1500677,10+ years,Home Mortgage
83bb8bf3-7441-4e4c-a44d-eec73f543f9d,371184,3 years,Own Home
18975ac6-676f-4050-a79c-a44b373b32ea,,4 years,Home Mortgage
1b4314db-da19-4034-a139-86cb7b03aa39,1067401,10+ years,Home Mortgage
18604ee4-ad68-4a95-a88e-505d4b9fefba,1279080,7 years,Home Mortgage
2ca9027e-6dc2-467c-adee-1eebba12bf68,2271013,10+ years,Own Home
d4ab72d3-871b-4f5a-b08e-cdc594b385ec,,2 years,Rent
943b7bc9-9089-42b2-aae5-c705e8e9737b,1248433,10+ years,Home Mortgage
4b6fa1f6-6fad-4dcf-b561-93a8efe23638,1216475,10+ years,Home Mortgage
e19cb9c7-93dd-4838-96e4-99e02d125196,,10+ years,Home Mortgage
b8e70101-dd49-4a39-84a6-5f92b390684c,775580,2 years,Home Mortgage
87f99975-b5b5-4c4e-a714-6168f8c18c56,1731888,6 years,Home Mortgage
f11d12ef-3419-4c71-93c1-2268336b6d19,755003,3 years,Home Mortgage
fca50e41-b29c-406a-8d18-9134cfc4e1f6,,1 year,Home Mortgage
79ae0167-b72e-4800-93f5-98b782defa0d,1000540,9 years,Home Mortgage
6fbf5022-d72b-461b-8fb9-157bdd816de2,1653950,8 years,Home Mortgage
b9ca924d-6a62-4264-a758-b8a00e651063,1647794,2 years,Home Mortgage
c4df366c-4d6c-4c10-9a8e-bde5a291c958,1339823,7 years,Home Mortgage
561f4e5e-1c14-48f6-a973-f88429fdc265,606290,7 years,Rent
ef4807e4-d2dc-44c7-8abc-68ddef136b23,1361654,10+ years,Home Mortgage
69bcefad-aeb5-447f-8eaa-7f9b8248b034,579063,< 1 year,Rent
45ccfb1e-251f-4500-ae4f-d4f11cc890e9,805828,10+ years,Home Mortgage
8106b23b-bfa2-474b-8d36-8f21198e5d34,1826850,7 years,Home Mortgage
ab845137-2214-4074-9df5-36675df2901d,1166809,4 years,Rent
cf55f897-f558-4819-b3b6-ed53ae218bbe,1524712,7 years,Home Mortgage
04b37ab8-a45a-458a-9ca6-b1d28fa73d8c,1234867,10+ years,Home Mortgage
a16ba8ed-7012-48b5-b8a6-288a497081c3,872100,10+ years,Rent
01c39cf3-df02-4f73-b2e4-dbe4b8884094,1305832,7 years,Home Mortgage
a2d04fec-b218-4f17-a9c5-39bea6a3761e,,10+ years,Own Home
f0bdd9d3-0159-4dc3-92f4-1770071f06eb,,4 years,Rent
cbad14ec-b061-4bc5-8703-4b5d5dbc9b88,937004,2 years,Rent
5d74b77e-6488-4931-a28d-dd267d2fa8f4,1573485,7 years,Home Mortgage
e6d659bf-da64-4adf-8996-5a783a9bc73b,719682,10+ years,Rent
7db41eb0-7501-415e-be8c-c524e758042c,622554,3 years,Rent
a7caa1f2-e94b-4d17-9a44-905d1dc958c5,1791719,1 year,Home Mortgage
cab4e223-6dc2-4f55-84e6-e698e534d095,1480138,10+ years,Home Mortgage
a68039a3-393a-408c-9960-fe0caca0c3b8,1640517,< 1 year,Rent
8d0b14a4-d2b6-45c2-9efa-4347620e2bb8,1212713,6 years,Rent
5640dce8-5fac-45fc-9b2b-a582bbe8888a,906167,2 years,Rent
f69b9e4c-823f-45dd-b701-946293f6ec95,291536,n/a,Rent
b78e3c3a-afeb-4df7-8b67-c2da386a3301,1844710,3 years,Home Mortgage
f16701c9-018b-4851-8799-5c001feb1dca,,10+ years,Home Mortgage
edb3a950-6ba9-49ea-9f2b-8b3262d33019,1151172,2 years,Home Mortgage
f81e19d9-ed43-4ef7-a8b6-09f5c62ffe54,1116972,9 years,Home Mortgage
d8f32ce9-487e-4ca0-adef-e8971b15e204,1914440,4 years,Home Mortgage
b197b1f0-1143-4e37-b89e-d0813efbf433,2055724,10+ years,Home Mortgage
7fe0262d-ba68-44d4-b6b3-9cc09fc931a3,1399217,10+ years,Home Mortgage
e8b965f0-9dfc-43e7-95dc-9db0427a4d2d,692075,2 years,Rent
6287bbbd-d2cd-4811-9300-685ae9a7758b,945649,10+ years,Home Mortgage
e6580888-c534-440d-9aa2-accdfcb3fc85,261573,3 years,Home Mortgage
7e83d1cc-ea59-4db8-9b3a-01ed5a1ec4dc,379050,n/a,Rent
befd6765-a00b-433a-b7a7-6b4630f7ec68,1409895,< 1 year,Home Mortgage
4f1eb263-76e7-42e0-abb7-99358e951730,5806362,9 years,Rent
35999ca3-f801-4537-a3fc-179a997910d3,1823449,10+ years,Home Mortgage
4afcd96e-5baf-45e4-b4ae-db8c72757250,1061340,10+ years,Rent
040184f0-2c6a-493d-87ab-717cd3274072,1168804,10+ years,Home Mortgage
291b8a62-153d-423a-9927-f77e49143c8c,,10+ years,Home Mortgage
0eb0f443-36ac-466b-91b5-1ea884111a91,,7 years,Rent
0ee0356d-b5d9-4e1a-9d35-56f0b916256a,1451467,7 years,Rent
006304ef-87e7-423a-8dba-f91bf18b7c92,,10+ years,Home Mortgage
b50626a8-1b4a-439c-8540-e8f8451f6d21,1418597,10+ years,Home Mortgage
35e3bf4f-303e-4698-a363-fe395cb37ed4,1581636,10+ years,Rent
e67402de-b00f-4dcc-8c3e-5ec1c79bfb5a,1284514,6 years,Home Mortgage
c28e26d7-af9a-438e-bec0-08188fc2cb0e,,1 year,Rent
6786c049-7fce-4200-960b-d9e01a6829e3,592059,n/a,Home Mortgage
f60bb8a3-3800-4094-985f-156321bb41b7,946124,3 years,Rent
be1c86ca-5b5b-4329-ab51-de37043b8190,,< 1 year,Rent
b4305801-dd09-4f45-b68b-505dcdfeb509,618488,< 1 year,Own Home
7e18add6-4dbb-4626-871e-3db4d8e9946b,1564859,< 1 year,Home Mortgage
6f986373-87a4-43e8-a581-fff498dc6a18,1475597,10+ years,Home Mortgage
d90ceb99-a601-4ec1-bfe6-12bb1f5820dd,1902736,n/a,Home Mortgage
5d0cceba-c1c8-495f-9734-573bccea8fd9,2838030,10+ years,Own Home
4621aeef-e3ac-46d0-b688-6380258d321b,955605,n/a,Own Home
8ef62269-5918-4176-923d-77b78575f148,1431422,10+ years,Rent
252024a3-518d-4018-a0ca-165e04533582,1537784,10+ years,Home Mortgage
2cb41161-5a61-438f-ba84-cdbe529f2717,838774,6 years,Rent
19deb0d8-3589-4a4f-b3bc-91bb25e66679,,1 year,Rent
92f70b7c-f699-4279-8b96-3e99f0dff986,556149,10+ years,Rent
0760bd6e-e020-4eac-8b24-a5762ef013c2,7475360,8 years,Rent
724de0b1-9c6f-4a6e-9893-3bf2af851303,1912920,< 1 year,Rent
d6788f58-9847-43a3-8d8f-dfb5ad6f16f9,,2 years,Home Mortgage
28257a80-2032-4330-9d28-105a7711bb11,857869,n/a,Home Mortgage
7ea1662e-9b21-4d8f-a70d-6b4d7e3971a3,,10+ years,Home Mortgage
baed0dcf-7eec-4628-bbd5-2464c6b827df,4192065,10+ years,Rent
31b9cc39-5856-4fc9-b6d9-b1692bedcf57,2278176,10+ years,Rent
1d3aeb6c-fbf2-4b99-9ca3-96e2ce21650e,927105,5 years,Home Mortgage
17819d88-3339-4ec8-9e81-7c272043ac4c,3106348,10+ years,Home Mortgage
405479d1-4d92-4912-a611-2e9dd4eaf030,1084254,7 years,Home Mortgage
7e0d178f-b213-4ff6-b572-c0cd76c28d61,,10+ years,Rent
ea981826-326b-441d-b1cd-fb68636f941f,535078,< 1 year,Own Home
9ccc5e46-11bd-4dcb-b0aa-5638933fda34,773680,4 years,Rent
752e5747-fe2f-4678-9a31-14101dda2fa0,1380445,< 1 year,Rent
3bdadd6d-1c00-4c33-bfb5-f4e08ad76343,1701241,3 years,Rent
9648a39a-a3e9-4dea-8104-f8b738fec6e9,821788,8 years,Own Home
ab109740-eb0b-46af-8524-bfbe035a72be,,3 years,Home Mortgage
db0fc423-3367-4658-822c-34cf4c72f028,2251728,4 years,Own Home
ec6c1794-7b01-42b5-b262-288a7caa2bcf,2241468,10+ years,Home Mortgage
99a75649-7eec-4e0c-9878-94f326108b98,1144560,4 years,Home Mortgage
2d7f3916-e777-4052-a211-548713357ab7,1407900,3 years,Rent
7ec5a463-7698-4059-a7be-9c484e280865,1278073,6 years,Rent
3423adb6-f82f-4a28-bc21-1aca93519590,557916,n/a,Rent
27ac920d-3dad-496d-ab53-e09c0585a469,736915,< 1 year,Own Home
936ee26e-77dd-4e55-a52f-e751ff9a6d6b,524552,3 years,Home Mortgage
a24a54ca-3c40-4af2-86a3-8053aadb3aca,849794,4 years,Rent
e15fddbc-d13f-4309-b99e-0d448f874df5,,5 years,Rent
f45b9845-f3da-4f70-b548-24850d49b4de,,4 years,Rent
4f73ec68-d300-4902-bc29-0081cc4fae21,2122927,< 1 year,Rent
8c97842c-9bb9-42c3-91a3-b07d1eed5518,2340325,10+ years,Home Mortgage
c073f5c6-353b-4c51-b399-7022df046db5,3830780,3 years,Home Mortgage
cfdf34d5-a87a-40f4-8938-872219f1977c,1113324,8 years,Rent
6cacdaeb-3602-4526-bd8b-1212812ead5c,1154668,2 years,Rent
73e1dcc5-b77a-48f2-b1eb-1aea2a121cc5,560196,< 1 year,Rent
c2da5dd9-ee98-4b1f-8e69-accfebd5f566,2792430,8 years,Home Mortgage
b6d598ef-128b-4d46-8538-633121e883fc,,4 years,Rent
053ea461-b483-47f3-b361-aefe408fb57d,1355821,2 years,Rent
c94cc51d-d0fd-4608-852c-4550f6c4d7a1,,10+ years,Rent
d1eee38d-854d-47b0-9a11-654dd6d9fd41,1879689,3 years,Own Home
a5a02ea7-4eb4-4c28-9b92-65de08bc9e2c,951330,5 years,Rent
96fc76d0-2ccb-4376-8f0a-7628628f5702,715236,1 year,Rent
8ef8955f-d0ff-4907-96d4-8d131fe02245,,1 year,Rent
3371b632-b1cf-472f-a344-e5b497f6e260,,1 year,Rent
0598c9de-24e0-40a2-8b13-f42b8f841594,606727,6 years,Home Mortgage
592e75fe-257d-44b7-93e9-8d5d57758951,,4 years,Home Mortgage
24982231-db1e-4a1b-96a7-1a0d6b240516,1349950,10+ years,Home Mortgage
59d1f1a8-f0cd-43db-80ee-75dd467c3eef,369740,2 years,Rent
b51561e6-eda6-4bb8-84e0-3cd571dac022,1386050,2 years,Rent
859c1a8d-0c81-447e-90f8-bdcd237bae4c,930069,7 years,Home Mortgage
8fc29e81-0724-4487-acc2-c1ca3378ffd9,3651648,5 years,Home Mortgage
82519988-bb0f-4d90-a68a-0967ec758b44,,7 years,Rent
2dcd1663-5adb-4a31-93b7-14569b0edf37,2255604,7 years,Home Mortgage
04298369-3df0-4456-8b84-b03f6f9f450a,765092,1 year,Rent
6d5771d9-adf3-48da-b1a8-13a96873b236,,2 years,Home Mortgage
a514443c-d4e9-4d8a-92dc-2730e9281c8c,,1 year,Rent
fa2ddf92-9c70-427d-9edc-1df8e82f36c4,955700,10+ years,Home Mortgage
29f2e5ad-f8c5-4c1d-abef-50bf11e0a0e2,1389717,7 years,Home Mortgage
12a4cffe-508c-4f4d-abd7-155b9f3d6e96,1491044,3 years,Home Mortgage
6e7af01e-d958-44ad-8e00-64345ac27f31,,9 years,Rent
251fed3f-1979-4470-af1d-3d546dc9560e,1926144,4 years,Home Mortgage
1ba36db3-2221-41df-a131-98d058b328fd,784377,5 years,Home Mortgage
c85e0878-1acc-4c06-8c6f-a085161a497a,,3 years,Rent
06da55e6-4bad-43c8-90d6-9823560ec815,816829,4 years,Home Mortgage
724db8ed-deb3-4f7d-aa0e-99b2380c4b40,2353872,1 year,Own Home
0b8a4f9e-0cdb-44e3-954b-39e8a5ab2606,1093393,4 years,Home Mortgage
88d02628-19ae-428b-8e2a-2172a823def8,484462,10+ years,Own Home
3a7a1c6a-f916-479b-ada3-08f78a598c27,1294736,10+ years,Home Mortgage
e0ca5033-944f-420e-bad5-b0e145c2f29f,461472,1 year,Rent
9cfad251-0434-4f8d-92a7-8c3da0c59991,1098580,2 years,Home Mortgage
42c7b2cc-7d85-46a7-aa1b-039d8c1721de,3416238,7 years,Home Mortgage
1204b516-8865-48b0-85d9-6abc82cb119f,1450365,10+ years,Home Mortgage
e0dc00e7-f4c4-4400-bf11-1ff73dc3e4cd,1347423,9 years,Rent
f5885d23-90d6-4fb7-9adf-6a43bbc9280d,865963,5 years,Rent
0bddb543-3d3c-4482-95ec-658a74b2cbc4,1936860,10+ years,Rent
97726df3-de52-4ef0-8d8f-f6ae08e9ed6e,573420,< 1 year,Rent
075c6b58-4833-4cba-a410-7cde727a8eac,1124952,10+ years,Home Mortgage
07368654-945d-4f02-8e74-20a4400a7dcf,735205,< 1 year,Rent
70f2e658-04f7-43dd-9657-28893a683db5,611762,10+ years,Home Mortgage
adaa690e-ca13-490b-95d3-13d109d25be6,1788565,7 years,Home Mortgage
533f82e0-2491-4e29-803e-11d9b8c4a3eb,,n/a,Rent
249cc16a-3f0f-45b4-a85a-9d0f1242417e,4268597,1 year,Home Mortgage
4b3848d1-bc89-4370-a9c7-76c1638fadd2,1036849,9 years,Rent
a0324749-112d-4067-8ad8-a50fae97d625,529511,3 years,Rent
30a1e04c-2de3-424a-aef9-55bd13f6df42,1251188,1 year,Rent
a0afc33e-1849-48a8-b291-2a2d20b4c7ad,1338322,10+ years,Home Mortgage
e39691f3-d462-45e1-baf7-229678f9649a,888592,3 years,Rent
63b230ea-8ee8-4ffe-84ff-ab8ed8fb1583,890929,n/a,Home Mortgage
a24ff4ce-4251-4751-8d88-e2a05e495570,542431,3 years,Rent
6728c44b-a823-489d-8bb0-4a63ad0e85ff,2108183,10+ years,Home Mortgage
7ab23b4e-3e4c-4ad3-b076-bdcb40579cbf,,4 years,Rent
adfcc5c6-9657-4f98-b422-59d728f7e0e3,880023,2 years,Rent
4d07f36a-3f03-4d72-9153-25cf73b05a40,,1 year,Rent
47081705-e4b2-4db8-a587-9a57136df302,,4 years,Own Home
162e286d-4ab3-47e3-8ecc-a4efd1837a65,648812,1 year,Home Mortgage
5e299d9b-f838-49ce-bb50-3f9f1b0a37a6,833264,10+ years,Home Mortgage
a158c335-9641-44ff-b065-a4dab9e24f6d,9338880,10+ years,Rent
ed5f4fcf-f4d2-4df6-b790-e183ffec858d,,2 years,Home Mortgage
f67e4b2c-4903-4d92-89c9-163e7f3b3230,1223144,< 1 year,Rent
99064f4a-00fa-4cf2-b812-5febe4495247,1479511,6 years,Rent
f7baa9ae-4198-4d85-921f-b2f026b028a3,1706884,10+ years,Home Mortgage
80af3c57-0723-4993-8f6e-252070e1d564,1303400,2 years,Rent
403fa855-36f1-4c47-9968-45de7b67b3a8,1039984,2 years,Rent
ac2061ff-7bcd-4a2d-a370-ddb28c3106d8,1967070,10+ years,Home Mortgage
87755189-618b-407c-b624-1ad24e0b7be9,1903439,4 years,Home Mortgage
d04de11d-5748-4da2-8bf4-6d47e292bdf6,1170571,10+ years,Own Home
d04c3bdd-25a0-4acd-beb0-17e2e82474a3,1637610,5 years,Home Mortgage
d9f5362f-b646-4d12-af59-ce49e1bd5e6f,711436,10+ years,Rent
7d86fdfb-0851-4f4d-bd18-1f24b7e378da,,5 years,Home Mortgage
a47d8315-4dbf-4695-94ff-6c6d5a83d9eb,,6 years,Home Mortgage
5f6d6adf-5944-48be-b507-37f3182c1d5e,,10+ years,Home Mortgage
d0da30cb-b546-4098-8251-1aaa7f831ecd,2043602,8 years,Home Mortgage
2a323f9f-f169-4c1d-8289-c3998db676e1,1336384,8 years,Rent
33fa3273-f96e-43b7-893e-95b7b5fe3ad2,621414,2 years,Rent
dc1c144e-c629-4962-bfd2-1908e2146d77,1001376,7 years,Rent
f89aab2b-a765-4871-9efc-c042b71d38d3,1884515,8 years,Own Home
026e08a8-0ef2-46d8-a262-5fd0349ec00a,1119252,2 years,Home Mortgage
ee4ebf08-e55c-4493-a9a1-59a519934918,2388452,10+ years,Own Home
cc0f0fd9-710e-4342-b9dc-b9fb11d905ad,507623,6 years,Rent
881a1c79-b049-4a71-b532-f774173756ab,1728088,5 years,Home Mortgage
a3885696-1759-4204-a8ac-f35aaa04ab74,1486864,10+ years,Rent
1c76f1e7-f0b3-4e7d-b295-cae061d9c17b,,10+ years,Home Mortgage
77658d11-63bf-46ef-ab86-e4d17291aa1b,1989224,4 years,Home Mortgage
a9681695-4cc7-4252-aa54-9c8396b1362a,2691730,10+ years,Home Mortgage
3c499aa7-31be-4723-830a-ab604b7345f0,,2 years,Rent
e40a14b7-698a-4595-b796-0f1af42a6c37,1185334,n/a,Home Mortgage
c8fbdb0d-df26-42f4-8d86-857b6567137f,1784784,1 year,Home Mortgage
8823b7a8-9c0b-4f2d-a1dc-ffcb37ee4efb,1063810,6 years,Home Mortgage
5cdcb5a1-c780-4c76-9a43-61aa526c8102,982661,3 years,Rent
543b1ebc-7c4e-43d6-bf52-146300437827,1782257,8 years,Home Mortgage
eccdf187-398f-4f24-8ebb-48d7ecd5724f,,1 year,Rent
ff29d2ef-04cf-4ab1-ad71-7601da435c6e,478192,10+ years,Rent
893f5d37-aa9f-4758-8f47-2b268ed0a3b4,1475787,n/a,Home Mortgage
150fc248-0a3e-4e08-b7bd-9479374b6cd5,954180,5 years,Rent
3a260c9c-5512-4328-84ed-c6c3fd92fb2b,,5 years,Rent
75f5591e-7e11-41ce-9d3a-a424dfbba04d,1735992,1 year,Rent
9e06a92d-6520-40b4-882f-c0e606423982,1140228,1 year,Rent
0609ee97-6286-4e44-81f3-4e6b7f659aca,2273464,10+ years,Home Mortgage
e217cca9-bda2-4de1-a8a2-e75f52d07fe4,1945980,< 1 year,Rent
0b551347-875b-4fbd-86f2-ad5665323eaf,1590775,9 years,Home Mortgage
113d7d1f-9a20-4ba4-bca3-698827ecc9ec,1037058,< 1 year,Rent
6724b659-edb2-4506-954e-afc4cd9bfff1,636652,6 years,Rent
2ec2cfb7-95e0-4948-8582-bb955a41b615,1950008,2 years,Home Mortgage
836730ed-56b5-4e88-97ce-901d06c47762,1417457,10+ years,Home Mortgage
c6eae07f-895e-4b43-a13e-676837d59ec4,2952980,10+ years,Home Mortgage
1dc021f4-86c7-4743-80f8-3be2c390a798,1046938,5 years,Home Mortgage
9c5b1555-ee40-4e19-92ac-39ec4ca4aec5,816905,6 years,Rent
3bec4641-fc33-4ad2-b776-efe14665a9b2,669731,< 1 year,Own Home
483a20df-a22b-4b55-be7b-1e0a2d865249,937080,3 years,Rent
0b611b3f-48e5-49ae-9a52-7b95cfd03b77,,10+ years,Home Mortgage
33601618-e13a-4250-b3f8-ddcb2ea7ffde,1825292,5 years,Home Mortgage
84ec2c06-43a1-45d7-a4f3-eddc9a7e866c,447032,< 1 year,Rent
77aa81f0-4128-4612-ad99-5fe87236b45a,,6 years,Home Mortgage
0ebf24b8-12f8-4587-95b0-537a4704708a,1858770,10+ years,Own Home
dd1f2d56-e067-4d55-b837-2cb25bf3db7e,1060257,10+ years,Home Mortgage
d5ea216b-2f00-4117-a624-551f57696769,1983258,6 years,Home Mortgage
c1006a08-1169-4fc3-b11c-a3f88cea2a11,2248574,7 years,Home Mortgage
c3ba9d3f-fb10-4739-b286-813d2b931187,2001289,10+ years,Home Mortgage
6f017840-478d-4ced-96a5-24c5b8f5f757,1463779,2 years,Rent
8a83be00-1226-456f-a74e-ed44e836161d,899954,10+ years,Own Home
ea83ca01-6566-47d0-8942-dc2eb21ba004,1321089,10+ years,Home Mortgage
efdabaf9-9a05-458a-9b0f-a5bccd771bd3,629755,2 years,Rent
48917e63-a4ff-4084-bcc9-fc0cd93a0999,666938,3 years,Home Mortgage
cda86575-7676-4d14-bacf-d1b88590dc72,545851,10+ years,Rent
c9606bd1-85be-4d56-8ce7-21fb4fec7827,1398381,10+ years,Home Mortgage
2c8b3755-ebbb-4dc8-9d33-ee4c380ddc4e,2040980,10+ years,Own Home
55396a63-0f56-4b41-9a25-b9fda13b4bc6,1112811,10+ years,Rent
1658132c-9040-48a5-95bf-56d38ab8737e,564186,4 years,Rent
f0138d98-7f01-4caf-a47d-1fa116f6ce02,2274528,< 1 year,Rent
67c0ea50-d094-448b-bc36-a04bcb7e727f,3351942,6 years,Home Mortgage
0a4d2d9f-d09f-4360-9116-a6fb7e64a62a,,< 1 year,Rent
d3598b03-4c44-40f5-bae5-ce7dfc31499a,875653,8 years,Own Home
46cfddef-ac77-4a21-9c59-15395011e8f6,,3 years,Rent
c2006601-c51b-429e-abf3-1c4133cefc6b,834480,10+ years,Home Mortgage
dec5d444-415e-48bc-b45e-d2b922060249,696103,10+ years,Own Home
2630ee03-5c97-4953-a983-f80c5527b1c4,1418730,5 years,Rent
62a620f6-5ad0-4c94-a2e4-d262494863f9,1643918,7 years,Home Mortgage
e696c680-06cd-4294-966f-87551f2beada,519251,< 1 year,Rent
0a68fdc6-df2a-4c8e-a23e-b090a5659f9e,575472,4 years,Rent
94d5e09d-f582-4e0a-ab6d-1b07116f7a9e,566922,1 year,Rent
4e272231-4cb4-4f2c-838e-58f4ef713607,,10+ years,Home Mortgage
d53f664c-4dbb-48db-a1dc-c4df855c0b08,,5 years,Rent
4d914d49-6813-4561-8f49-b8298ded51d6,2112572,2 years,Rent
7887071d-5182-4b2e-9615-fc7a6cb861cf,2332896,2 years,Own Home
fa083d41-9d58-4ca4-9f01-1017ed735f66,504317,4 years,Rent
4994bdcb-6fcb-420c-93b6-9bffec881b0a,1233651,10+ years,Rent
12c0f730-9eaa-4cfa-9aba-b6ee8f6555db,886939,10+ years,Rent
2a4e4fe4-fcc1-4fd1-888a-9538f76ba778,,10+ years,Home Mortgage
554d8cae-412f-4941-81f6-2d721da1eec0,,< 1 year,Rent
d4f2dcf3-71a2-4207-a5db-d00805dcd906,,2 years,Rent
d4bb77a3-b3d1-460f-bb24-97163954a520,479522,2 years,Own Home
34886bb8-d554-4bc2-82d6-ae1f6500aeed,960830,3 years,Rent
23d645c3-bcb8-442c-a5d6-2091c3e8fa24,731443,9 years,Home Mortgage
86671346-9bc1-4a47-be9b-2bc649ad6cc2,2437396,5 years,Home Mortgage
2839cb3c-a3c9-4086-b145-20b316adfe79,1028185,< 1 year,Rent
799c9364-e0dc-4568-804f-00d350b0af55,1555036,10+ years,Home Mortgage
36e10b93-2ba6-4f3a-a2f1-77aef8a80cd2,722437,5 years,Home Mortgage
5a0237b2-7bd5-4b48-a8ce-bdbaf3ace4ce,1335586,7 years,Rent
669d01b7-3163-47a0-997f-29b8e6315b61,914888,10+ years,Rent
532c1d4d-9065-471e-b203-71c44752488a,3224965,2 years,Own Home
85111d07-7419-4315-8959-9a5941d9a5d6,393699,n/a,Rent
ae9a781e-eadd-4b1e-9fee-609c1686fedc,794086,2 years,Home Mortgage
05ccfaf2-6b63-4756-a7f5-02ad0b424db7,931513,2 years,Own Home
cea7109a-ae6e-4c31-925f-a7fdf7e6945e,1133958,10+ years,Home Mortgage
9771e33b-6458-4cc0-bfb1-d23986bb4f4a,855950,< 1 year,Rent
e370d7b9-ffa3-4cbe-a265-34e5d560898f,2535588,5 years,Rent
6fc40225-7281-4740-990d-cb23c63bfa1a,2879355,2 years,Home Mortgage
8f95e8eb-2197-4217-b7c6-087c1483f77d,,3 years,Rent
c0e18066-c715-445a-af82-029b2b23f0e9,967936,6 years,Home Mortgage
0902c497-7cf2-4321-a298-d5dc4cc45505,4180418,< 1 year,Home Mortgage
14829012-3b69-428a-b6f5-85007f22704b,1816381,1 year,Home Mortgage
688ec0d3-edca-4214-8b91-3e1543b4cce1,1421257,6 years,Home Mortgage
414ca4d1-4225-4cfb-b5a6-1ee6a994b4a9,,10+ years,Home Mortgage
159ac272-8742-4c35-9058-4be8bd93843a,1647794,2 years,Home Mortgage
6a7ede59-957a-464f-b97b-1a4c2f80f7f8,2739553,8 years,Home Mortgage
25f34b9f-c014-4e43-b2ee-6b45cdbec632,1058091,10+ years,Rent
2cf9d150-019c-480c-9378-912b0d9ee51f,1249459,10+ years,Home Mortgage
feef1f48-dd16-490f-a629-ef188574aa04,971109,3 years,Rent
71cd6a6b-1fa4-4764-a3e1-7b14f6528912,500327,1 year,Rent
c220e620-c160-4708-b918-db3910a32d42,,6 years,Rent
8d1d35ba-787b-4419-a355-7679d5a658bf,453910,2 years,Rent
4e286f3b-5059-438a-99f4-a39fc7f9011c,1095369,5 years,Home Mortgage
1da388ec-54b7-4137-94a6-a57859e09371,1532616,10+ years,Home Mortgage
fc056891-4101-4d5c-bfc3-00ad6643be9d,1235000,7 years,HaveMortgage
b1e0bea0-6398-411e-bf28-e2c268fd6263,1047508,8 years,Home Mortgage
f91f17d7-c5ba-45c9-82f1-bbecea2feb36,1985595,10+ years,Home Mortgage
8ad3c125-7e11-4c42-b559-8371e7883664,1428287,6 years,Home Mortgage
003c0c2e-4b7c-4813-840a-f371fc23eec2,1291620,10+ years,Home Mortgage
b8c577ae-aafe-47f0-abc7-b9f0785b20cc,2323472,6 years,Home Mortgage
65916bbc-c897-456c-8b3c-9625be281faf,,3 years,Home Mortgage
b6797654-4888-4bf7-8251-140285406b7e,3290420,10+ years,Own Home
3f671f36-49fa-4b48-9324-bbf8e01e1611,2331072,6 years,Rent
95f7551d-1d85-4dbf-8752-35d1b40534e7,873126,10+ years,Rent
81ac0272-bad9-4d2e-911c-465f1914924f,2564582,7 years,Home Mortgage
6269c10c-bb5d-40d5-bd1a-b715b571baec,1313774,4 years,Home Mortgage
01a7e304-571a-404b-a29c-41ec939d3d0f,2867100,1 year,Home Mortgage
225512ac-4485-4d55-8488-229e3e20b16f,2244774,10+ years,Own Home
83517782-0dde-445f-b0dd-9fd40c15b7a1,1238838,5 years,Rent
eedc1e8b-594e-4552-8394-638bd5d29818,711949,4 years,Rent
0a8be47d-5064-42fe-a54a-c9ee56592426,1341951,10+ years,Home Mortgage
150a422e-9f24-462e-a176-6b0a877193c2,1710684,6 years,Home Mortgage
4b567930-91e5-4830-b246-11f1c5a747fa,734122,3 years,Rent
72ae66fe-3238-4c39-9ec5-4cff73a732b6,1113894,8 years,Rent
e5dfda49-f0e3-4e0a-bc3f-f1f3aae32453,998146,10+ years,Rent
72a87a11-5551-4f91-8967-243f884ecf77,,10+ years,Rent
dd5d0776-16a3-454e-bc8f-f824404987f6,3100192,< 1 year,Rent
3452183a-9abd-42d5-bf3b-5c6d7930aa64,1264621,10+ years,Rent
0971c01f-f3e7-4c41-92b2-e20562e0b446,1646388,3 years,Rent
1d9faa2b-cfc0-420f-94fb-95a49d1720b5,898814,n/a,Rent
c1a906fd-3a11-47f7-96ed-dbf6ae895a90,,7 years,Home Mortgage
36d7b157-cd8e-43af-b223-44af3d52ba97,472017,3 years,Rent
13a49a35-aa2a-4377-a0cd-eaf8ae25627c,2336772,8 years,Home Mortgage
96e78bdd-2c7d-4e23-a97b-61a6b776ad50,,8 years,Home Mortgage
09e53d03-fa06-4684-9826-5946ea480217,,7 years,Rent
86c392f1-5f8d-4717-ae9d-360db8335378,1300208,9 years,Rent
2c32392c-d6ee-4e17-9d96-0249e7fd02d0,,1 year,Rent
3235fc64-bf54-4a8f-8c8e-f8cfffc59e98,1200743,9 years,Rent
c5f7b954-2242-4444-b409-4facef95f618,1541888,9 years,Home Mortgage
f321fea5-085f-4ad2-b561-e5585ba2c016,1186189,< 1 year,Rent
231bbc83-5ca1-4480-a1d3-a8e94b8400c5,1215867,10+ years,Own Home
a1d1aa27-2260-4378-875b-ad2a998ab5ac,1648440,10+ years,Home Mortgage
4bd72184-7ae4-4baa-b13d-1c8d77c8e591,749284,5 years,Rent
cd50985f-4ada-4fe4-b1fb-53d3c4dfbed6,660288,4 years,Rent
07518dbf-ea82-4b99-81ba-737128b861f2,,n/a,Home Mortgage
b961be46-6dd5-404d-9b14-fefc3ae46fa5,474088,n/a,Own Home
be16fa42-c5cb-4f57-b8e6-64a04de9d022,2712136,10+ years,Home Mortgage
540cb404-eb70-4d42-af20-33dfd98b3f03,661010,< 1 year,Rent
8d12a4ca-bd4d-4dfd-85ad-eab9fa12e9c6,3403926,1 year,Home Mortgage
0d0636ca-9441-43fa-a8e9-d31ced46f5ac,1931369,8 years,Home Mortgage
a161243a-049a-4781-b69b-4251f7a12b26,418209,4 years,Rent
d4a76c66-50e3-469a-b2b1-5eabe33ad2fc,965371,< 1 year,Rent
0a540661-9ee0-4114-84cc-203aef22450c,1391389,10+ years,Home Mortgage
649c591d-416f-45f3-a0e4-415bca7f19bb,938030,5 years,Rent
3be8354b-8b91-498d-b2a3-ac1105ce2742,,< 1 year,Home Mortgage
e46ffb73-5815-42d9-b09b-32d6c0715603,837311,1 year,Home Mortgage
316c718b-8e06-485e-8134-eafb0bc8449a,1256242,3 years,Rent
350d58df-24a8-412c-9a78-a6c68690fd67,1283602,10+ years,Rent
21c5aa37-9700-4704-ace2-1645802fce25,551836,4 years,Rent
d13c4521-06d8-418f-bb53-aaaf8bb600ac,705033,10+ years,Rent
e03446ec-12f5-4f46-b80f-27af7f100818,810996,10+ years,Rent
b1e4e9ce-6f91-4540-95fe-3e190458503b,2595780,1 year,Home Mortgage
9c316495-131d-4e6a-a9c6-76e8d7e5fe82,876831,< 1 year,Rent
21e7931d-4732-49ab-b7d6-6bfbe65e239f,443593,5 years,Home Mortgage
a2206453-cf0a-4a58-9a76-4043747584c0,1177411,10+ years,Rent
de45353c-925a-4dfc-939f-3ad618d42112,210178,3 years,Home Mortgage
bdce347e-b5d8-4f4b-909c-6fafc4e2e819,1602080,10+ years,Home Mortgage
195b1ca1-1e69-4787-9739-74833211cb4e,1956430,7 years,Rent
36708a50-7144-467b-8809-2df3cc3023e8,1518632,2 years,Own Home
144106f3-f2e4-497e-b34b-437f854cb67d,1743345,5 years,Home Mortgage
5db9531b-e6a8-4b35-a29d-a3bac2fa07d1,781242,10+ years,Home Mortgage
66a4fb75-65a7-4fdd-9986-97262aa8a92b,1993613,< 1 year,Home Mortgage
eb9c4173-ef05-4123-abcf-55c74dd48f74,794086,4 years,Own Home
907c28b8-a261-474e-8cb6-264e715b531d,,10+ years,Home Mortgage
3caf2a38-7f68-48f5-b627-36609006e5d2,1747278,10+ years,Rent
a298a64c-ddea-41a0-95b9-b0d18f275b3b,1311760,8 years,Rent
46c867d3-89bd-4e90-bc67-6d71e371e42a,708358,9 years,Rent
12423bfb-d06a-42d2-8eb5-0d580772c64d,,< 1 year,Own Home
082d75ca-5c18-4988-bcb6-4687285163f7,670244,2 years,Home Mortgage
14bef0f2-efff-473b-b24b-3e66ccdbc538,1299011,10+ years,Home Mortgage
07a93bab-8509-4dcd-8cd2-9ce130d88e8e,3693904,2 years,Home Mortgage
89ea57e3-79ce-45ae-978a-2bebf93ca5ee,678395,3 years,Own Home
ec139326-eca3-4479-8327-86a1dbfbed5d,885286,3 years,Rent
25db494d-c3af-416f-ba1e-4439ee40a489,2328792,6 years,Home Mortgage
006c2777-0fc1-4f05-a63a-461209c82c14,537206,3 years,Rent
ee6edec7-0bc6-4bde-8714-ded1a0268c42,850041,2 years,Home Mortgage
8e831fde-b559-4a21-b4ef-a7a3ae3bbfdd,1671259,2 years,Home Mortgage
2c3c2f2d-ca19-40a1-90cd-bf145c1218b1,,4 years,Home Mortgage
046283ee-9ee0-4641-a70c-31e28c744be2,1311912,5 years,Rent
0f18c75b-fb0b-4c29-8b35-dae574315273,,< 1 year,Home Mortgage
dec93433-c94b-44cd-ac07-e156ba710d84,,8 years,Home Mortgage
1a3acece-f292-46c7-9734-f50e164cd51f,2199858,6 years,Home Mortgage
d7970732-341b-49d3-9ef3-8b65d509a404,980001,4 years,Rent
a90c8c43-fc43-4f85-ad83-ea5b3772ad7c,1556328,10+ years,Home Mortgage
965c6fc0-1b12-4530-a632-1e1b6e56b96c,,n/a,Own Home
0881797d-75c7-462f-b586-f11633690abb,1000160,8 years,Home Mortgage
eb7ed19d-db4d-45e0-90b3-068a9347f003,1039775,10+ years,Home Mortgage
3fb322ac-6a38-4ba7-97ee-9b70c1382d8a,,1 year,Rent
f8a81c9f-84e8-4cfd-bcac-f9e35097e0da,873145,10+ years,Home Mortgage
58596a02-0c70-4cf3-8540-410ff3315f2b,1771009,8 years,Home Mortgage
52dd1b4a-8cf9-468a-a688-c4606d708a0a,,10+ years,Rent
4642edbd-62c8-44ca-a81d-2c3ba72009df,,10+ years,Home Mortgage
c9d9b744-d699-44b8-a5a4-d6414387d969,1718892,10+ years,Home Mortgage
54d82daa-83f3-4e7b-a63c-8ef3da93547b,1629060,10+ years,Rent
f68a1c07-2cae-4043-9798-4505b45d72b2,1276572,9 years,Home Mortgage
7dff777b-b08c-49d4-af6c-c60aaa8e4fd7,383002,1 year,Rent
a89864ef-5f4a-43b2-bca7-e643df11d395,654037,3 years,Home Mortgage
0d0628f7-7686-4c8c-9c41-e557df67c2c1,1263576,4 years,Rent
21d8a9f6-16bb-4b1f-9d92-9dbb80637bd8,1150773,10+ years,Home Mortgage
f41d8854-85a7-4f3c-9ef4-251ae6424ffe,1433987,10+ years,Rent
8bb3fb0b-0b35-46ef-8ea1-3b6317bedda4,1529462,4 years,Rent
3239f87d-c092-4c3b-aba2-0df896972f2f,1362946,7 years,Rent
ff4729b6-75f5-43cb-a0a5-a63f48ccb04e,,2 years,Rent
88eace08-8224-4dab-b787-829477b74cc8,1940869,3 years,Home Mortgage
4ced2e6c-5248-4bf8-85bb-f7cdc1b65974,420736,10+ years,Home Mortgage
c2e9d9b0-b481-4239-8fb1-6f26966d9fa5,2101495,4 years,Rent
286150d2-f3c5-4258-ba6f-cbfb719e3f6e,116603,7 years,Rent
f65f096d-09b1-4386-a8c3-40a40589d3a8,1299030,2 years,Rent
54fe079a-9709-48ee-8bfb-e9824505e6f5,655633,n/a,Rent
1b386742-da3c-4d23-aa17-4cc41e45e5e6,1091569,1 year,Rent
2959c344-c804-4910-b96e-393f8a710456,815404,10+ years,Home Mortgage
b5903837-58ce-40b0-9b7c-f91bded1f895,1535200,< 1 year,Rent
fcb4e55e-d850-4ff4-8966-3d15d881fd9c,,10+ years,Home Mortgage
39609cb2-c73a-434e-a83c-1e590600ad3c,1485800,1 year,Rent
e4b6fcb2-2277-4b57-88f6-bc1abb0efae7,,7 years,Rent
7931767f-b882-446e-aefa-ede363465d6c,1423024,8 years,Rent
c03c93f5-6824-43e5-8765-4711b0994255,,1 year,Home Mortgage
80b00efd-e5ab-44d7-b011-283c00f24a1a,1541052,7 years,Home Mortgage
806babab-eede-42e6-9bb0-fcfd8d1268a9,740848,6 years,Home Mortgage
0e2eae7a-20a6-4f9e-b4f7-5cefcd387ef8,806132,3 years,Home Mortgage
56047bfb-e425-427e-8a9e-f2147ed3d88d,300105,8 years,Rent
c1a7e11e-7cd5-4db1-9d2f-8814c3ddd0fa,1487681,4 years,Home Mortgage
054897f0-cd6c-425d-a622-f6dfe96b823c,1831391,10+ years,Rent
87b74eb5-27bb-4fc2-8efb-a36ccfabdd91,1194017,9 years,Rent
a476f20b-2901-4cd8-81f8-6d96c9aae3d3,946181,3 years,Rent
b3716e07-66a6-499a-9002-91543c131dd3,,10+ years,Rent
a2019834-461c-4129-973d-10d9d195af5e,789697,8 years,Own Home
090c30f4-e08a-4af4-a6ce-de056146ece9,1041029,9 years,Home Mortgage
3445eebc-52ce-4c88-8f5a-8d7a95839523,,2 years,Own Home
e2f611cd-3784-4659-ac5e-84d66396d870,809457,10+ years,Home Mortgage
faf5f023-779e-426b-8f49-d26cebb53cbd,743147,5 years,Rent
c1ebf6da-23c8-4fd6-80b5-5cc15cb05330,,2 years,Home Mortgage
8646c269-e281-4d75-bd4a-4337ffe73446,,3 years,Rent
24c61980-73b8-43cc-8a4d-51a3782fdcc4,940120,1 year,Rent
c3cc31c8-09e1-4877-8b3c-6d8c04ecf6b8,1505256,10+ years,Home Mortgage
1b6a9d89-9fef-4b1a-970f-6800a2adda57,1359925,3 years,Rent
997e0e90-854b-4cec-9d15-df6bc55ed7df,689073,10+ years,Rent
bfe0d859-c77c-4054-829f-20ea30183364,1533072,10+ years,HaveMortgage
fb239ce5-a5e3-4052-a90d-7f3f68c17a05,2322275,3 years,Home Mortgage
68c7f008-0270-4f7a-bd44-2f11a818ed25,,4 years,Home Mortgage
d6e402af-db52-4e99-9fb1-b9d0eea080a0,,10+ years,Rent
5101c0c1-42b1-49a8-9b66-6c6ad939a117,640414,9 years,Rent
5c5a32ae-ce9f-4291-825b-a45ae552945c,2595267,< 1 year,Rent
a5b166b4-23b0-446a-bfc9-b9cd56521e18,776340,10+ years,Home Mortgage
b5cc72c9-3132-4c21-b986-4f2db9fef973,,6 years,Home Mortgage
24168f49-71b8-4778-9bbf-951ae4fd90de,1478979,1 year,Home Mortgage
8e9ef013-04d5-4d4c-8ad3-f67420fb824b,,10+ years,Rent
c4208ddc-7c5c-4709-b25f-e5d651fbb52a,,2 years,Own Home
55cadde6-cb8c-471b-b14b-1811a4c966e9,1412175,2 years,Rent
4ff98053-0880-4090-85e0-cd63c859e38d,867179,10+ years,Own Home
b98c0002-4f2d-4bb2-85fb-68d6e25c970d,1743858,5 years,Home Mortgage
7950cf4c-8ec7-48bd-b36d-4cd73ead0b06,1891450,10+ years,Home Mortgage
85909266-000d-473e-a985-1bda79795d6b,2437890,10+ years,Home Mortgage
4a1bad9b-9eb8-42c5-b426-1eaf0701fa3b,,3 years,Home Mortgage
52f00812-7f2f-4109-9772-4db3e44a19c2,969760,2 years,Home Mortgage
1187efcf-6366-4084-9879-5c0048f8b451,,5 years,Rent
fd3fe1b0-940d-40df-b5b3-35f0f8082777,,10+ years,Home Mortgage
d0c0d131-4514-4e73-a5f6-e6a73b1885da,1530545,9 years,Home Mortgage
bf6f0d32-f3b0-4c3f-b0fa-18143acde912,1273133,10+ years,Home Mortgage
0b7488fd-15ea-461a-bf7f-07203c8917f7,790267,9 years,Home Mortgage
2c2641f7-c9b8-4598-9051-9c2eac309aac,,2 years,Home Mortgage
eb098fea-f5af-45b6-bd2f-7c4937240f12,,1 year,Home Mortgage
ba3a8595-e84e-4f7e-a88f-f8dfd3c6dc6a,1774315,3 years,Home Mortgage
63fe9c33-0d7f-4b0e-befe-fdc3cdda5715,,10+ years,Home Mortgage
45c1d751-5891-4724-b3d7-ef1803bfb300,,10+ years,Home Mortgage
b16f65ab-64f5-4ce4-82f2-24d10fe7e229,1002326,2 years,Home Mortgage
aa12c626-b094-4c04-9c8d-2d5400bdbc05,2851710,8 years,Home Mortgage
8053fe4a-2fdb-4f73-99c1-70705b74ee87,1522907,10+ years,Home Mortgage
36a676cb-7b91-4766-ab98-1f7fd175ce17,3573406,10+ years,Home Mortgage
f8240ba3-afe2-4108-9a78-a070c423330c,1718550,< 1 year,Own Home
7852ac35-c590-488a-a9ff-8637eb26045f,,10+ years,Home Mortgage
60b6d9f8-3b32-4f33-b525-98d096900324,573705,10+ years,Rent
9bf9e390-5d7e-4b5c-9ff6-886be17784c4,1250314,10+ years,Home Mortgage
06c22fcd-ecc6-465c-8883-03ab8d24268f,,2 years,Rent
bc506acd-6c0b-4545-82d4-6dd9d0dfe628,1444228,10+ years,Home Mortgage
6950311c-e122-4358-8cc3-50341fe14880,775295,3 years,Home Mortgage
d7ae7a96-1230-43ae-9642-a20fe972e7b4,,n/a,Rent
bcd81c13-33e0-4296-b77a-0d35cf73b744,1042283,2 years,Rent
4182a47d-5076-4c6e-a5f0-ac71daae6cb5,1263956,10+ years,Home Mortgage
d5b13bb2-16bd-4c8c-ae50-4368c32861b5,2520388,3 years,Rent
818027c9-9af1-4a68-bba6-790dc682a49d,942115,6 years,Rent
7845ab46-6ed2-4b3f-89bf-899e8c6f4abc,3407802,10+ years,Home Mortgage
e9769e19-c9a4-4f1a-9443-5c3344599eb8,3129604,10+ years,Home Mortgage
95e8069e-fb1a-4a60-9185-5c0052c8d758,2009364,< 1 year,Home Mortgage
8080d5ed-d14a-4d49-88a8-0071eaa9de68,1264640,7 years,HaveMortgage
51f42a4b-649c-4946-8177-d3f86b4680b2,659547,3 years,Rent
757372e2-ddd1-4130-b644-130f0386b0b7,743508,1 year,Home Mortgage
eeb6e526-9b47-4cb7-8268-14fab8757c8b,990375,10+ years,Rent
8c5516a5-1c28-4dd0-9e5f-a1d89342479c,,1 year,Home Mortgage
3f1e9334-bb76-42b7-a493-ed58ecf17822,,9 years,Own Home
6cb3ef34-2c65-4269-a29a-a9ce5174c19f,1410465,10+ years,Home Mortgage
55ac13d0-ede4-4886-a7be-1785ff49fdc5,1710114,10+ years,Home Mortgage
daf88325-ad88-4089-87b6-0952d12015a2,1153338,6 years,Home Mortgage
bd8bbd27-a5b1-4fde-b38e-b7eb240d9e09,956175,5 years,Rent
cbf3917c-f052-4752-ad81-bff03a72cd36,1441967,10+ years,Home Mortgage
78618ebb-19e0-40e5-bf8a-b0db8f06b060,,< 1 year,Own Home
2597e310-467a-4a49-9763-7e5854d4a0fe,678490,10+ years,Rent
6e1d71b7-ade4-485b-a19b-832b8b92cfea,660022,1 year,Rent
7dbb14f5-999d-4456-b5af-5ad56c9682df,,8 years,Rent
5ffc2a0d-a676-46be-b0d3-00ef9de74716,1212048,8 years,Home Mortgage
cc873e1f-9fb9-48bd-9f4b-77004eb4833f,1876877,3 years,Own Home
feaa6843-5953-4bbe-b425-44ae23131963,2233488,6 years,Rent
20dcacde-9ff3-4dd4-b7aa-9c4fc89de2cb,1305832,1 year,Rent
97991843-f1c4-424d-8ae2-f2fd65f404fc,841662,10+ years,Own Home
33f8443e-50fb-4f45-8086-fe91015b1b14,,< 1 year,Rent
c55a99f5-4fcf-4613-9f4c-e973b144f01c,710239,2 years,Rent
ba5196ec-73cc-4bf7-8ba0-55ec6802a313,2699102,1 year,Home Mortgage
c2c034d4-2fc8-42f5-8b91-194b96c18b85,959785,3 years,Own Home
069f8aed-2aaa-4303-9444-917d497ebab5,1316282,3 years,Rent
b24d61b8-d267-4bef-88df-95dd270b2d64,2288208,7 years,Rent
46e0f635-c2bb-445f-8ff9-45f4a6ac8a2d,472207,3 years,Rent
14c2f6a2-88eb-443e-89ae-57b8de65bc32,,1 year,Rent
4b59f0e0-ae2d-4395-8475-b476e0edb474,1032574,3 years,Rent
dbe605eb-e876-4ed6-b6e2-0d7b5f945423,2368597,10+ years,Own Home
56fffd5f-49a2-4ec3-b057-c3bea303b891,2470931,10+ years,Home Mortgage
d94bdcc0-617b-4c07-a3ea-6ead4455c43b,1278320,10+ years,Rent
8e4ec74e-de94-4c8e-af55-0ada96419c34,1230307,n/a,Home Mortgage
190217a0-4884-4e3d-9145-6d2a8aa9f334,906889,3 years,Rent
d2dd2acf-b85d-49da-9174-7948b54faa50,1664400,10+ years,Home Mortgage
e93c81fb-97f1-4937-a99b-d0d35d831207,1695636,10+ years,Home Mortgage
dfaa8ec8-6d8c-4a09-b0d8-3dea37ed3151,2071627,8 years,Home Mortgage
e1fef182-6918-485e-a0af-5da74dec0c21,1225747,9 years,Home Mortgage
b616c84b-eba8-4aae-88eb-f8a5b702cc4c,963490,7 years,Rent
4d0abcf5-3882-486e-ab13-58382cbc8a3a,1002307,5 years,Rent
4f34f59a-67e8-49ec-aab9-4cca7f835cf7,982604,9 years,Rent
598bfca6-d5e0-4428-beaa-926f2df80313,1687162,10+ years,Home Mortgage
41d6c11c-7fd2-45e4-bc5a-b5972742ba06,810521,10+ years,Rent
68bbf4b2-996f-42dd-b263-053c2fed2907,670985,3 years,Rent
0a7add20-338a-40e8-b8df-6d54d23be961,3729453,2 years,Home Mortgage
60ab9ea0-c2a0-4d18-9528-e29f2363ef3b,1220009,10+ years,Home Mortgage
af89c96a-7e9a-4ac3-9c2e-9f71cfa2da9a,1467389,10+ years,Own Home
fad70f3a-dae1-4b06-a8b8-230a49cd83f4,1156302,10+ years,Home Mortgage
de484a56-92c5-4afc-9393-d128409a800b,,8 years,Rent
051c8c72-e9c1-4d58-9bab-5c929c435486,576954,< 1 year,Rent
f985fa7b-f433-487a-b037-f2af4435640f,837387,5 years,Home Mortgage
2d232292-26df-4d56-ac95-45cc845cf63f,1005100,2 years,Rent
9ea4d901-5365-4f26-bbe5-cf37f52445df,2074534,7 years,Home Mortgage
5a50ece5-d70b-40bd-84da-f4dc564db45e,618982,3 years,Rent
4d67b98d-8fcb-4174-930a-05b1a4330013,1190692,2 years,Rent
80a721b0-fa9d-423e-870f-9ec965c889a8,3357585,10+ years,Home Mortgage
22ff3d4d-09a6-4444-b2e7-f7bae4ab08e7,,10+ years,Home Mortgage
1eb076ab-611d-4f8d-8ca7-b5e496cadc02,982528,7 years,Home Mortgage
ca69c3f8-3498-40e7-8c99-4fd92afd5695,1137606,< 1 year,Home Mortgage
7c13a8fc-8336-4ad9-8c8f-d6d0c2cdd940,2145233,9 years,Home Mortgage
650bf8e3-337f-46f0-a01c-9368eec2a87e,,10+ years,Home Mortgage
35223db6-b226-444f-bc2b-61717e5b57a1,,4 years,Rent
f96cbee3-47b5-42fb-8310-a65be083a857,1006791,7 years,Home Mortgage
d66db63e-71c1-452e-ab42-d9dc2c229200,,3 years,Rent
da3aee3b-5aa4-448b-8f65-c1832944175f,907421,8 years,Rent
75e6c294-9f8b-4796-866a-1e5656eda582,1411320,7 years,Home Mortgage
b8562e3d-0c6e-483a-b4a6-c16b5c76652c,673379,9 years,Rent
e2083a94-1fb9-4e07-83e0-4ab81f9c5d4f,2997041,6 years,Own Home
3ff7eb6e-f15d-4d8c-b57f-984ba84f0cd6,915743,1 year,Rent
9b1d76a4-fea6-48ff-873c-287726a8b735,478952,10+ years,Rent
f40b6e96-c1da-4244-88c4-49d49b9d893a,2080367,10+ years,Home Mortgage
909e3444-ff27-464d-bafa-d6f0a6a19536,1052942,5 years,Rent
71956afd-8aad-4cfc-8ff5-b09baef08187,1236615,2 years,Home Mortgage
21f9bad4-1410-40f5-8008-734c64e322e8,1748665,10+ years,Rent
1f6fa086-ed19-4862-a906-f342673c0884,1305566,3 years,Home Mortgage
bdc94663-21aa-4c63-8ccb-45e4004ffab4,,3 years,Rent
7645ec3a-0233-4837-b989-6ad7ee7da010,1707948,3 years,Rent
affb2a47-6236-4c92-9ee3-ea574609368c,,10+ years,Home Mortgage
ab6209b5-d1e0-4fb4-92d8-81d5614e5e78,842175,< 1 year,Rent
a616f0e5-b737-4566-9f1a-917a86c224bc,,< 1 year,Home Mortgage
19c94018-b6e8-4f8a-a988-fe21ceb2b2bf,1493096,8 years,Home Mortgage
7f41b6b5-d2f3-469a-9dfd-68886085ee8d,,5 years,Home Mortgage
25ef6782-77ed-4759-b27e-eedfa1382fda,1900190,10+ years,Rent
c78e95d1-1207-4c35-9ec9-8cbdb371ef2d,1493248,2 years,Rent
b21e403e-c6ff-420c-b887-700c99855d78,,10+ years,Home Mortgage
5cccbdf0-ec36-4483-a164-c8177587d21f,1206101,3 years,Rent
ef2ce46f-57a1-485c-a0fe-6022e6eafbf9,1022010,8 years,Home Mortgage
af19c6dd-c589-40af-ab94-5af312904b16,1526840,3 years,Home Mortgage
23953220-759b-4e4e-9d87-640be7085ebe,,10+ years,Home Mortgage
69f057b4-cfd5-4cd9-badc-a19e37ee40ee,,4 years,Own Home
a85885cd-d86d-4170-808c-f2bc0ff57fc6,811414,10+ years,Home Mortgage
07d6ddf6-bb6e-4eea-8801-a2392cc038cd,673056,8 years,Own Home
4c4b76a2-5369-48c6-84b3-8c71e5c9b7a4,623295,5 years,Rent
2454474b-49ad-42df-857f-4b452e859b51,1524028,9 years,Rent
efe83556-4594-4b4f-b5db-1dd092f3132e,964915,7 years,Home Mortgage
a1b116fc-0396-4f90-92fb-940d78262bc9,1354396,10+ years,Home Mortgage
691141a5-6d0a-4f10-abd5-0d8989a5b5fd,507661,< 1 year,Home Mortgage
f75d0db9-1a47-426b-93fd-7c7ecf3a1113,2463426,n/a,Home Mortgage
64a7974d-de78-40c3-b62e-36ef2dd26f51,1162572,< 1 year,Home Mortgage
0fd961bc-82d4-4c43-9c6b-a1b1d32f512f,1257971,10+ years,Own Home
58fec67e-7280-4ba2-9a69-f84b95f9450a,892278,10+ years,Home Mortgage
1132debd-99dd-495f-a228-b26d6e12dbf1,,10+ years,Home Mortgage
7616d7c2-b28b-4ccd-a9f4-92312709174a,,10+ years,Home Mortgage
b9ed18a8-c588-4a1a-9fc1-a067f3e14c27,,10+ years,Home Mortgage
fae45f12-03ce-4ec1-8484-d45b44528aa8,1446375,n/a,Own Home
74cdeb55-5e08-4e85-bcf0-86934092aa37,2266548,6 years,Home Mortgage
9839556d-be73-4016-a9ba-38feb7447cca,534337,2 years,Rent
c7872f00-f4a7-4fe7-8536-967ebba08fbc,4287407,7 years,Own Home
a673f086-67ed-454b-b85a-e571e561a569,1607894,< 1 year,Rent
f0ecf5f5-bd58-4d3c-92fa-c66bdd8ee40b,810806,1 year,Own Home
5b7b0f7f-327d-42c4-a594-3c21359f3278,1058281,6 years,Home Mortgage
4b72bd95-752f-48a3-8bc1-588b30c1dd64,774820,10+ years,Home Mortgage
d2797a93-5cc5-4f8f-bbe5-70ee9ba2a4e2,1007019,10+ years,Home Mortgage
15be26bc-f273-4d26-86ed-8c75b970b62a,1438262,8 years,Home Mortgage
8da7528a-ff32-4987-a007-ead5cf536ce9,,10+ years,Home Mortgage
01dd893e-c707-4260-8373-329922e50e78,968639,2 years,Rent
55504863-bde6-4846-b5ba-24c2075b5940,1298213,5 years,Home Mortgage
e8204f96-73b8-47ea-b75d-f4ed0e5e3424,950361,n/a,Rent
80a1c5c6-220e-45d1-b406-44a634cbb360,1138518,9 years,Home Mortgage
58033fde-4f41-4bee-abe8-816ff602e9cd,3299198,2 years,Home Mortgage
2dd0ecc1-dd39-4465-9b1b-48cc12e84001,936320,< 1 year,Rent
d1f28ea4-0d47-4d0d-a92c-c3c954b17b99,,7 years,Own Home
f20c2ad2-28b1-445e-8c76-9a4f9efb34b1,571425,6 years,Rent
cec30efc-e3c5-41bf-99ee-ee22716d6b7a,1585455,6 years,Home Mortgage
e21c4a61-8bdf-430b-8df4-ade61c735eb3,1102665,9 years,Home Mortgage
20dff599-a9e9-4495-8e4a-9165feaea04d,1447382,10+ years,Home Mortgage
52535501-0621-42e3-937b-f57bf70ec91a,,< 1 year,Rent
817350b3-a59f-48ff-9788-25fddb3a701e,730930,10+ years,Rent
ecd6ec03-1601-4d76-8180-379c6d665f4f,975004,6 years,Home Mortgage
84b523d0-26de-498a-9a78-2c08be004091,581001,3 years,Rent
3fda1c54-80d0-4162-90b1-709f6ca24d18,1805551,5 years,Home Mortgage
dfe7e96c-f2e2-4682-b75d-8526d9f4245b,656583,10+ years,Rent
77c4369f-75d1-4ac7-92cc-32fbb654d826,2269968,1 year,Home Mortgage
8b7a6700-768d-46a2-929e-3b0053404c36,,6 years,Home Mortgage
594cc4e5-83f4-48b4-9ee1-7f6ad98894fd,575396,n/a,Own Home
1ce3f3d0-f683-4c47-a280-ea24f1fda73c,558486,5 years,Own Home
3964b490-29d7-4ef7-9000-9df03af3dbe5,1243778,7 years,Rent
8a06c5b5-01cd-41f4-9039-af251b6bfcd9,,10+ years,Home Mortgage
30e41a9b-eb09-46b5-b114-4c49e86e927a,,3 years,Home Mortgage
338dfe9a-2079-4e08-b133-dc433fab0ce3,2042291,10+ years,Rent
0cfb0fa4-dffc-4e2a-9f89-17edbbacb4a4,714210,< 1 year,Rent
00a0d58c-88a7-4828-9720-391b3fe73e0b,828058,6 years,Own Home
b5501664-e0c8-4c23-8724-d11616572c27,1292266,9 years,Home Mortgage
27744168-54f8-409d-ab87-1d80b8093a66,1926296,2 years,Rent
96206993-6759-4fae-a63e-f1b3698c52e5,,3 years,Rent
d0d279ed-c6f4-4586-b581-fcdee7179d63,4112284,6 years,Home Mortgage
82e623d8-69f9-418b-a8ef-0d3951724dee,452808,< 1 year,Rent
b0b33b86-380a-441a-87be-7a61d895b180,752571,4 years,Home Mortgage
07e7a5ee-930c-4de4-a125-81fbe8a79b66,1234563,10+ years,Home Mortgage
c1697970-9f7a-48da-b629-5d397527852f,477565,5 years,Home Mortgage
28cc9aae-d364-4a81-be4c-9d098618c481,,6 years,Rent
7db0b730-4ab1-4eb9-8e5c-7be2132b0230,,4 years,Own Home
68c35987-ed31-4910-8e34-46ae17540fb3,809571,2 years,Home Mortgage
141c396b-333f-45d8-b486-9cfca3615556,2826915,10+ years,Rent
cc6788fa-1ac9-4c60-86a2-35a7a7ae3327,530575,< 1 year,Home Mortgage
7445c4d6-5663-497e-8860-59573efb0ea4,1042910,6 years,Home Mortgage
3875e507-8931-4357-a7a7-d1f81a2a61e7,1114559,10+ years,Home Mortgage
cc53917c-f0c3-421d-adb2-1238bff1e0ea,1495927,10+ years,Home Mortgage
bfe82b34-7796-44ad-9b90-a1a6174d435e,1198976,10+ years,Home Mortgage
032dc2d4-6374-42e8-bda6-bb05cfcc5e9b,1681272,3 years,Rent
592a2d84-22de-4348-a979-f2a0922a7dc9,876128,5 years,Home Mortgage
df8782cd-6837-41ae-8f17-fe1e8a5e80b3,1261315,3 years,Rent
44c7704d-e3db-46a4-b481-42af7a868c21,,6 years,Home Mortgage
1f9cea09-6d8e-4cb7-93fa-65d8da9b551d,2087283,10+ years,Home Mortgage
d9811eef-0df7-4f85-b68e-e4c47cf42340,1729836,10+ years,Home Mortgage
fd75def6-73bf-4c9c-820b-90b4a64b6756,2298240,2 years,Rent
8c8a3a6d-777b-4ba7-be8d-90a826450f76,568461,5 years,Own Home
214d400a-c3c7-4c4f-8f36-b2262bb4d6c7,,2 years,Rent
20712f17-560f-46c7-a353-9f9b3fe60e05,464322,3 years,Rent
81d11865-ac87-4aa4-9917-89a1f5ddc209,468483,< 1 year,Rent
91968202-006e-47a4-a8b4-8788c1e097b2,,9 years,Home Mortgage
a99e1ba5-6dc7-4400-8229-6950b7870ed8,946181,10+ years,Home Mortgage
ba3ae298-aa2e-4480-a34c-6b14f00b901c,1085033,10+ years,Home Mortgage
8d930fc7-ad5c-4409-a9ee-62b03a91516b,3369346,n/a,Home Mortgage
5e9c5ee2-0c46-44e1-9402-8fda9336b2b6,1066850,9 years,Home Mortgage
e9797cc0-dbc9-4647-bac8-1c51020282d5,1295097,4 years,Home Mortgage
f3eb9d09-a93b-4661-9eee-0a68acfab7e0,1653437,1 year,Rent
70ccd737-5f5f-4181-a9d7-a39bfed947d6,,10+ years,Home Mortgage
efb663ec-9e00-4477-b4cd-8b9ea79389b2,645468,< 1 year,Rent
39338ac1-c746-4469-a0da-6abc7707ee55,1922876,1 year,Home Mortgage
4472c303-8360-48a1-9d47-06f1954b18a5,1011712,3 years,Own Home
56f37a6a-8132-44d8-b94a-c30054108165,1579470,8 years,Home Mortgage
35423bda-3324-4d50-833c-ac374f57a3bf,1301804,10+ years,Home Mortgage
c872f5c1-c97d-4e65-9cf3-dd01d03cb571,825379,3 years,Rent
89e17835-622c-452c-803d-591d2b3f0d60,1400699,1 year,Home Mortgage
1bf03eff-e915-4543-b024-0f9088122791,2695112,10+ years,Home Mortgage
4c827ab1-5689-4e1c-a621-3b1d88f6aa15,1121190,10+ years,Home Mortgage
62c700f8-2da3-4154-8a4c-4d3950d2e7a9,725363,< 1 year,Rent
caa1095c-21e0-40d6-89db-66937ab5c4d9,,10+ years,Home Mortgage
ba226f1a-08cc-4df8-b20b-e621bf7cf547,1022846,10+ years,Rent
9ce1ad59-8ea7-4c43-abcc-ec7e87c4ce35,951064,7 years,Rent
487ef9e2-4692-4ec7-840b-c7664eb5baac,2108392,1 year,Home Mortgage
5ec7e804-9637-4b31-a5db-c1c6d76788fe,687667,10+ years,Rent
5dc94f36-910f-4b85-8b65-c2feea7e3c00,608608,3 years,Rent
74e6315b-8599-4706-9687-115ae2417667,570532,1 year,Rent
94e551a6-6c0d-4fc8-b9b7-cc824fe28081,1862741,10+ years,Home Mortgage
74d71dc8-2836-43dd-840f-ed4dfe6727fb,1877390,10+ years,Home Mortgage
4a1a53c0-f7d0-4b7e-84b1-cc8c33db6d53,,10+ years,Home Mortgage
68981a31-fd0d-4a36-be3e-0f217f9370a8,2862540,5 years,Home Mortgage
d2981fd9-5218-48b4-9fbb-44a3e17392b4,,10+ years,Home Mortgage
93b553e3-3ee1-413e-951a-f41155315d6f,,5 years,Home Mortgage
fbbf85ad-dc25-4c79-b02e-6dc9790c785f,952755,3 years,Home Mortgage
2cb88df0-5763-415d-9cf9-bb8679768e66,,10+ years,Home Mortgage
5bb60771-4ec3-4558-8ab6-ced1c6edbd26,,2 years,Rent
1b5faf68-b5b7-40d0-b30c-59392541b05f,964478,1 year,Home Mortgage
0eb9a3cd-b2c1-4f7f-8177-fa6e0a9e1bf2,2767407,6 years,Home Mortgage
3c8474b6-639b-433d-b37a-1450878cbc87,1222897,5 years,Home Mortgage
550c1029-585b-4002-a7c1-3c05a6be3245,797373,3 years,Home Mortgage
6cfb16ad-e575-4f48-87df-b5d97d00bc40,,< 1 year,Rent
bce84d54-fca6-4810-8000-d95dad30ee08,779969,10+ years,Rent
41ffffe6-bc95-4e3d-b7c7-cea9ad25f339,,2 years,Rent
06a109e4-f32f-4be9-88c2-95e72ca19f62,1266160,1 year,Rent
e0e91156-5cca-43a1-ac2a-2ca25463ecf0,2022531,10+ years,Own Home
c4d59fc5-93e5-41d4-b916-031bbbf237b4,1089213,3 years,Rent
1fb08359-e932-49a1-b288-36a07128b564,568347,3 years,Rent
740328e3-5d4c-41ff-b743-1a041745637d,1026209,10+ years,Home Mortgage
3701117e-c5e7-44f0-8b7b-dc90f4f27c66,1217710,10+ years,Home Mortgage
867fc564-829a-4d2f-8ebf-dcc18e58a63f,375554,10+ years,Rent
66939827-57dd-4450-a7cc-b05bec727808,764275,1 year,Rent
6639ced3-6d7e-401e-99b2-4eb98794cffd,1229072,10+ years,Own Home
9fd5320c-0aca-45e4-a52d-37f2520a4c0f,1392510,4 years,Home Mortgage
866618c6-fae1-4bd5-8f37-3a5b8f9201ad,1556100,2 years,Home Mortgage
63a8a14f-e069-41b1-ae25-6bf7422ff326,1141368,10+ years,Rent
2ed6d7c8-c655-49b4-9a50-0ea5a75a39ea,607753,10+ years,Own Home
32e26623-a2ee-44e2-9896-d41069a1961f,761140,1 year,Rent
5a30cdb4-324e-4ff0-81fb-ee42a4e7eafd,,2 years,Home Mortgage
53832003-707d-4939-b609-f397b7729a9e,1677852,6 years,Home Mortgage
37618d90-68d4-40b6-a695-fc14b0e9f552,417544,5 years,Rent
46fddd77-40bc-4441-af36-f20f2d02b49b,655557,< 1 year,Rent
1d3ca32d-1b08-4fc6-9140-6074008a5e51,1449947,10+ years,Home Mortgage
046228dd-2f87-41b6-9ea7-5bdeebb3f7d9,1351812,< 1 year,Rent
61b5f252-148c-4860-939e-59654e17bf7e,940234,5 years,Own Home
4398780d-f0b5-4169-ae60-a1df4ece4027,1151932,< 1 year,Rent
d06816c9-6847-43a8-b817-d445201324d1,784510,10+ years,Rent
d082d9de-4e66-4799-b71c-5208085d7f52,,2 years,Rent
d50e6870-30d9-47d0-9a3f-a62a80b25eaa,874057,4 years,Rent
2fd30910-ce50-4030-84a9-3c1253cb6029,1575176,< 1 year,Rent
9ea1bea9-ac3e-4447-9c9c-382aaa13a253,2320603,3 years,Home Mortgage
943b8615-065a-4b56-b664-8b866cc3c90c,2321952,3 years,Home Mortgage
93107dcf-ddba-475e-9174-28662f268482,2109019,7 years,Home Mortgage
ff486303-a810-4052-9bc0-97b12e51f1d6,1809408,6 years,Rent
e4db37bf-61f3-4651-aae3-8c08105d7db6,1451011,3 years,Home Mortgage
6b4af655-81d5-4484-9b03-c7e15535cb4d,,10+ years,Home Mortgage
66dce925-716c-48dc-a6ba-1faa33d7c6de,768873,1 year,Rent
1ff9b2fc-e548-4acf-8107-630d356fb7be,1545232,2 years,Home Mortgage
1e6624ad-15f4-4015-a6dc-bbe5acb904d0,569829,10+ years,Home Mortgage
7cfb4f7c-8894-4efd-9a56-de9b8daf6ac9,,2 years,Rent
aa1781a7-c52f-4472-8832-4b2259c28cbc,,10+ years,Rent
21e4e3c6-8433-4459-ad60-0bafb58c492a,,10+ years,Home Mortgage
c272080b-dbdf-4268-a3d9-f1a01989c14c,1707264,10+ years,Home Mortgage
9eec6ec0-6e3d-4b1d-a95d-072b10268410,1238705,10+ years,Rent
62923e53-46cd-4518-ab12-1779748c2768,1177772,3 years,Home Mortgage
daeb3819-3857-4d9d-bfeb-63231e8a242c,2459379,3 years,Rent
63db381f-2b77-4eca-aeb4-fd8bce238a04,590596,10+ years,Own Home
95c38951-5b6d-42ed-80dd-d77dfd2236b2,460883,n/a,Own Home
9a4c1ed7-55f1-40d4-9af1-6089d585cc49,3305050,4 years,Home Mortgage
2fade562-1f42-4383-8059-9b6441d6e42a,1026152,4 years,Rent
16593e9b-d40b-476a-8e9e-7bc2019b3e44,4291245,10+ years,Home Mortgage
9e237f5f-dfdc-45c5-9247-27bd5dca6fe9,1876820,10+ years,Home Mortgage
a90ca093-a08a-467b-9131-771af7be461f,1441530,5 years,Home Mortgage
a172aafd-5b3c-4dc4-88c0-37b0c255454e,,1 year,Rent
70ac6813-bea2-43a5-9282-167ca387a588,835753,7 years,Rent
5d89c637-83c6-4f49-ab93-ec73ef924c51,1499347,8 years,Home Mortgage
24213a27-5d62-43ad-bfd4-2978c39302a7,909530,10+ years,Home Mortgage
aa5d26eb-c3b4-4e05-a1b6-1191dc5d7561,2387122,10+ years,Rent
ce87bdaf-d1d3-44a4-b0db-2e8b8cf50fcb,595726,10+ years,Rent
9df02484-41f6-4aca-ac91-bffbea461923,801154,n/a,Own Home
fe09557b-fa30-4257-bae8-a094237ff139,630515,6 years,Own Home
02d86d47-17d3-4795-9dc1-bb9538273663,,10+ years,Home Mortgage
4e12f39d-4605-49b3-b63b-9e460c3b7cf8,,5 years,Home Mortgage
08ba9711-8581-4871-b97d-6bde396bc5a9,947682,10+ years,Rent
a5bd0925-d681-4da3-a5f6-10d703c60b54,1116288,3 years,Home Mortgage
d7e35434-9a8e-4c21-8744-2564be2164e7,1108213,10+ years,Home Mortgage
44ec4feb-28ae-46c9-b255-b51bda2da044,933945,8 years,Rent
467d2428-653a-4bd7-852a-06f9fffd90bb,579747,< 1 year,Rent
68e3dcf6-8373-433a-9aa5-065864bdb6be,1452227,2 years,Rent
f662b062-5fa5-463d-b5c0-4e36d09fcab1,651643,1 year,Own Home
bca21dc6-1316-4d73-99ba-f527dc2f2328,2432000,9 years,Home Mortgage
aa517caa-31d1-4787-88fc-25cc8b0e2f46,2335347,6 years,Home Mortgage
a33214d2-ac6a-4811-b88f-e950cb87fa24,958455,6 years,Rent
0cc6becc-dae7-48d6-a9a9-cb344708f5b2,2910192,10+ years,Home Mortgage
f9284f19-45a7-4593-b99a-f7ec5a853525,,8 years,Home Mortgage
0916a47a-8ce6-4886-8d99-5d45f284720e,,10+ years,Home Mortgage
c081ab38-9710-49df-9dbc-793f95d7f39c,964478,3 years,Rent
eaecb96d-7148-49da-b333-c2d2aa1b22bd,704102,n/a,Home Mortgage
d6630ad2-490f-46f7-bcb0-285c2caa4fe8,,5 years,Home Mortgage
e337f115-41c1-462d-9fc4-092e3132d7b4,899270,10+ years,Home Mortgage
773c2c9b-59c4-4667-994d-bd42b87aa403,844056,n/a,Home Mortgage
53840d27-c18e-4dd8-ab20-41a8d0c62765,2330616,5 years,Home Mortgage
2169ff81-b65f-4e31-924d-3af30ce333e0,2683674,6 years,Home Mortgage
a4b1158c-1d25-43f0-8280-1e87b78c983d,1158696,9 years,Rent
05a419fd-db8c-4311-bfac-741ae43b0754,,2 years,Home Mortgage
3ae1c2af-a30f-410f-848b-60eb8fba5a29,829084,5 years,Home Mortgage
47c68686-a0d3-4c63-b76c-1bbff27d63be,690213,< 1 year,Home Mortgage
075ce98d-7ca5-4420-b8ca-91bfdef8f4fe,900505,10+ years,Rent
70026497-c55a-4594-86c3-c88c45b6be83,1589806,6 years,Home Mortgage
119d4803-189a-41cd-add1-4094d5cf6a2e,2043393,10+ years,Home Mortgage
59fc754e-8d39-4930-af29-d79d77a383b0,,< 1 year,Rent
c971f99a-12de-45d3-909f-8d1ed5acc4d9,1387570,4 years,Home Mortgage
ab60b976-3361-4ae6-a4d0-391e158af643,1242201,10+ years,Home Mortgage
f5884070-ce44-47e8-8d36-5dccf1a2ab9a,1327283,5 years,Rent
a3e7248d-2080-4712-95e1-fd11989940dc,1283868,6 years,Home Mortgage
e769dca5-2964-4483-bfe8-72bb0c7c619d,,4 years,Rent
0dbd8f96-8674-421a-9bd1-e88991146751,2391378,10+ years,Home Mortgage
cc46d5e0-9305-428b-b6f6-34d2c9638f8e,1116250,6 years,Rent
412422f6-d12d-43a6-9cc3-e5792cc9f967,919714,10+ years,Home Mortgage
094795b1-5bda-4c0d-abcb-48d3e4e0a7e2,557403,1 year,Rent
5c79ce00-ad95-4173-a952-8f1e433028e0,834917,10+ years,Home Mortgage
da6ce6d2-e22a-44f4-9a1a-907c78af4555,1492412,10+ years,Home Mortgage
ab0592dd-d5cd-49b6-9870-47df1b2b9ed6,485830,10+ years,Rent
ef31203b-c48a-45d2-83e1-3c3dda8cae28,483132,6 years,Home Mortgage
056211d1-f39c-4c92-b203-3652c595cd0b,,8 years,Home Mortgage
a3a8157e-2dca-49d6-abda-a4d55a279bc9,1157214,5 years,Own Home
45badcbc-ed10-4d64-8a01-be10b1e9f862,1010724,10+ years,Rent
79612695-933b-46c9-a4e7-1725ab9a3fa7,902519,10+ years,Rent
081bb78a-74eb-4c9f-97e9-b5c0d9010fd7,1003371,3 years,Rent
02002142-a04b-45fa-ae6e-92c4b72e33d4,1206101,5 years,Rent
50a6d93b-9d9c-49ac-b267-950aa0401f68,1276686,10+ years,Rent
369f9aac-d6f2-4588-a1c5-d790e5626f73,1152426,1 year,Rent
d0f87d45-95ec-48d3-b4ff-9ca50a71e0ee,1520665,10+ years,Home Mortgage
680669db-6463-49b2-8a31-9d0fd9670062,1519696,3 years,Own Home
d2b2712e-46a9-4056-b2ed-98fcfbf51aa9,896040,3 years,Home Mortgage
77a95661-8514-4d08-af72-f1b75a4e3182,1242904,1 year,Home Mortgage
2d93ff27-c7b6-48be-8770-fe0d77f4f3b8,810692,10+ years,Rent
8429ce53-4f85-4736-9982-cda93b984912,1418673,10+ years,Home Mortgage
f8dca77a-925d-4f3f-9130-fb53f0df1b51,1141938,10+ years,Home Mortgage
3e264252-2950-473d-be87-8404e90f5c9e,598747,5 years,Home Mortgage
9688be08-df13-44c0-947b-85e33f266a4c,1604987,10+ years,Home Mortgage
288cb047-3e19-4faf-8be6-58b6d6bbc348,1831581,1 year,Home Mortgage
90b9f0e1-3e2e-49e7-9859-dd473355c247,,9 years,Home Mortgage
91d098ac-9e85-4ffe-8f10-63498af1c422,1905890,3 years,Home Mortgage
caf3cbd5-f1a9-4e49-b5f2-ee1171c4727b,1418578,10+ years,Rent
9d036501-cbb6-486e-a2a2-89eb034732e1,1248832,3 years,Home Mortgage
a8dc28a3-3694-4b73-96e3-60a79311fc67,1439744,10+ years,Home Mortgage
32643931-a8de-43e5-9028-0e2f11269d9d,,10+ years,Rent
ba449c53-0904-4764-b8bf-f30561d4d6b6,1107700,10+ years,Home Mortgage
5a17955b-3f87-47c4-923f-98fb7e2ef31f,694051,2 years,Home Mortgage
548ec84c-d698-4a16-90c9-6f3e227d34e1,998241,10+ years,Home Mortgage
c82ed095-120b-4eda-9de3-d4d6fa1bc8e7,2817852,6 years,Home Mortgage
c1ce0cf2-ef30-4e73-bb6d-e13b47335d6c,1826413,2 years,Home Mortgage
f21ec882-f70a-42f5-a171-85bf47e568ad,1222384,4 years,Rent
75cbf533-5dad-4ecb-8d3c-5102b845c1e0,,10+ years,Home Mortgage
0b693c1d-96d0-49d0-9742-a7c975950325,,10+ years,Home Mortgage
f2b324cc-f4a6-4b25-8ecf-fd651a3f02d9,1100936,1 year,Own Home
9e91f46e-f833-425c-87d4-eeb828dccbae,389120,1 year,Rent
9a98cb69-68f8-47d9-b8fa-ecd69c584609,,7 years,Home Mortgage
87e4cc78-0409-4e99-8fd7-f71a34104a64,528428,< 1 year,Rent
55486609-b19a-4014-b7d3-d16e008f424b,,10+ years,Home Mortgage
88f3302e-8e1b-43a6-865a-afd6e2ecf510,,4 years,Home Mortgage
103405f6-bfa3-4d7f-a606-b3d22a289574,484120,2 years,Rent
be7b07f1-7545-4d42-baf8-381481a7dbe5,1236862,7 years,Rent
b418a33d-088a-4642-b7c7-ecca975f54e2,1157328,5 years,Rent
be138c34-d3a8-425a-bbb4-a6aed11bd782,1773061,6 years,Own Home
5931cd57-4eb4-4585-952c-e1abfa88ca1f,863037,10+ years,Home Mortgage
3b70a0b5-ddd5-453d-8f7d-97aa9dd5b54d,587765,9 years,Rent
a8663dae-bfe3-41f9-bffe-09830a2c886b,928720,2 years,Home Mortgage
becda158-1430-41a2-a116-e7425f2610e2,951520,n/a,Home Mortgage
2343aa48-06c8-4e4f-a1a7-6be279d9132c,997709,10+ years,Rent
d0ff2d60-f616-42d8-bad4-774ccddce139,1537480,10+ years,Home Mortgage
34ffb026-0c92-41fa-9205-3e84a3ccfca2,578664,n/a,Home Mortgage
1967255c-140d-46ab-b8f2-ce6a92e3ebab,962635,5 years,Rent
01e7a2da-7046-4021-9962-0275990e297b,981578,< 1 year,Home Mortgage
72f34764-8609-41c4-950c-3c382002219f,1493856,10+ years,Home Mortgage
f276a9c7-11e6-4f55-9152-615552650135,2987883,10+ years,Home Mortgage
00ec9878-043c-4627-a073-0020bbf09f94,,6 years,Rent
b53f94df-0369-43aa-8418-29e586ecda7a,1756075,7 years,Own Home
c1defd80-0883-4682-b109-0e07b1d1ad67,743356,7 years,Rent
f859d464-11d6-4183-953a-9d308cb1f192,1452474,5 years,Rent
d9d59ce3-9d27-4733-ac48-1f441e1450d3,1499024,5 years,Rent
6baac307-b43b-4c63-a409-f499f86eff27,2747837,< 1 year,Home Mortgage
013c94c0-865b-4569-83a9-d11a00854019,1909310,4 years,Rent
f4cb241c-0c2f-43bb-af47-5941be84431c,2186539,1 year,Home Mortgage
81f7cb5f-a861-4c34-9c35-447bd3bd5b43,,< 1 year,Rent
e87f2901-aac3-4994-ac40-dfa8e42954b4,1005480,< 1 year,Rent
1f66303a-2093-4a6c-8a49-34346c923897,,7 years,Home Mortgage
994a9d6a-20a2-4947-8e8c-421c2355acea,637298,3 years,Rent
73ca9986-3fb2-4b19-8f8f-e73ff97450ca,583908,3 years,Own Home
a66cfbfe-72c0-489c-afa9-b03e009cbf73,883196,3 years,Rent
af3d1f91-b13f-485a-bcd9-d382ff3d7161,2171529,2 years,Rent
2d77edb7-92c5-44f2-bdc7-9355511e6292,,1 year,Home Mortgage
bc8acfd3-df0a-402d-827a-c116e1f97a49,3591038,10+ years,Home Mortgage
39f35cc5-3ce8-4596-92a2-f24717b0b4ee,903070,1 year,Home Mortgage
f9d8e7e6-3f1e-4265-b9c4-d287c70fd63c,2394000,2 years,Home Mortgage
18237fa1-1790-402a-a2b2-abdc8059e1c9,1815241,8 years,Home Mortgage
26faa158-7a98-420c-bf47-6d07d35d6002,1286699,4 years,Home Mortgage
e4453108-0974-42ba-8929-bbd85f3817bc,,< 1 year,Rent
b08f1c26-80a3-4d94-9a89-68ce9f796bb1,,10+ years,Rent
e008b559-e953-4f72-812b-5a2dc15d9bc6,,7 years,Rent
ce22fa20-b611-4ae7-a6fb-67ccefc9d7cd,883101,10+ years,Own Home
b72d0018-ea59-4914-916d-0fe9c265c21f,,2 years,Home Mortgage
c5fec800-e0e1-47bf-9b10-0f42ccd0db7a,1026095,10+ years,Home Mortgage
eb900e1f-03ba-4ee7-9b88-6ecfdeabc90e,1068826,10+ years,Home Mortgage
5e13960a-0db1-497a-b2ab-3cfbbac8d100,1702134,5 years,Home Mortgage
10860f6a-40ed-48f2-a1a1-86a5de595c7d,,2 years,Home Mortgage
f434c027-0daa-4a58-82c4-7dd521313c4d,,7 years,Home Mortgage
2d425043-4e68-410e-b5a6-583034dea4aa,,8 years,Home Mortgage
89d54360-9d98-43c9-9839-400805f06b0b,1010819,10+ years,Own Home
d3899a79-0b3c-4640-bc8b-6114d10d783d,975878,2 years,Rent
d06abc4c-2f91-4e16-b073-9a723c2b8e4b,,< 1 year,Rent
728ffe65-6d14-4d02-baa4-d97dc979f0b5,719796,< 1 year,Rent
f5a89ad2-d10a-47c6-987d-08b0c60c63ec,1138955,10+ years,Home Mortgage
76901e4c-c3d2-4933-8fe2-b0c70a276738,1977444,10+ years,Home Mortgage
3bd85006-490e-445e-9ebc-1523e5533b07,1298023,6 years,Home Mortgage
fc8ea55b-ee7d-4d15-a51a-986a17565083,1556024,2 years,Home Mortgage
b0239ac7-c700-4b04-a970-a4633023a84f,384294,2 years,Rent
fa25b9d9-c66e-446c-aea5-e0f162c27358,1492944,7 years,Home Mortgage
62c830c3-45e9-4e46-beea-745b68f3442a,1091531,10+ years,Home Mortgage
b320a874-0d45-43be-8bd6-a7b69ec2f091,918650,n/a,Own Home
ffe3ea91-a977-4bec-98e9-f74f3139cb4e,1161508,3 years,Rent
0e9b3b58-ff5b-41ea-99e1-742e8791171a,942970,9 years,Rent
bd26c600-6b87-4b82-8401-aadc550ff3c8,1636964,10+ years,Home Mortgage
f1042570-dda5-4285-91fd-850af0c21093,1038217,7 years,Rent
263326b1-e6fa-4cae-9052-0a1d36d54fcc,569943,1 year,Own Home
8c0371d5-842c-4093-849d-06a2a6e75c8f,2009174,10+ years,Home Mortgage
0ce4b06e-39ae-49d2-b13b-e75031a1e6ac,,2 years,Rent
bd8406b6-0f5c-45e5-afe7-373eb30ff245,1363972,10+ years,Home Mortgage
17019b98-1260-48dc-9891-bdd4eaf682cb,,3 years,Rent
9c836ea0-2e2e-4a88-88fc-6f4291fcff55,1227837,6 years,Rent
a2b256b1-838e-41b8-8811-873aa43d254d,896591,4 years,Rent
4cc881ab-7622-4ea5-bed4-a4e025c32352,2466048,7 years,Rent
6d89ca0b-d2bb-4957-b004-1bca5242e76e,831307,2 years,Rent
aef4ecec-bec4-45d7-b810-2a7fefc63543,,3 years,Home Mortgage
1abf7ed4-4fd1-43e3-8cf3-8efb443c1698,1560964,3 years,Rent
240579ce-b0d9-4d5d-9681-c9e38d7c638a,1817996,7 years,Home Mortgage
e2eb51b5-92d1-4699-8ef7-54170bb1af7e,,10+ years,Rent
10c15429-4aec-4941-b0bb-97fc49a0960c,2162713,2 years,Home Mortgage
ef1d9f0e-4f5e-48f9-9605-7be4d8d34863,679972,< 1 year,Rent
9d7a0306-5d2a-4d2c-acd4-689c85729df4,828514,5 years,Home Mortgage
1212d674-6b15-4891-bdaf-8ca4ac8c0605,803035,4 years,Rent
003e98be-face-4f41-8748-e83a7f79f616,,10+ years,Home Mortgage
680a88b9-db51-4f21-8705-19a28a977160,,10+ years,Rent
7eaff9a5-a12c-45b8-85a8-6791ae662f42,934610,10+ years,Rent
e962212b-d4f3-4351-8371-3dd09e2179df,,7 years,Home Mortgage
d00a2b0a-7941-4595-aa6d-d5a465fedb12,,10+ years,Own Home
a772d4d7-b43c-4267-b1b5-e27e858dee8e,675184,10+ years,Home Mortgage
7ed13cca-5be7-4e00-80db-bbc80eda8ab8,482733,< 1 year,Own Home
09c22556-356e-4a82-a052-cfc39c0b9d48,2010770,4 years,Home Mortgage
a0774a0f-7fa1-46a0-a2e0-d6572a706d1d,793725,8 years,Rent
e909c67c-054b-4810-a9bd-bf263cc57861,,10+ years,Home Mortgage
2aff4a52-0bcd-4089-809a-cb7fbe8066c5,,3 years,Rent
2a2f44d9-21d3-46ef-876b-4e856c289b8c,,5 years,Rent
183a2886-6313-403f-b9d8-a8390c1173d9,1049902,6 years,Home Mortgage
7d6f589f-300c-48c5-b6aa-9fe782316ca4,,5 years,Own Home
c3e0b9c7-b940-4d2b-bf34-70ee6d2236c3,608722,< 1 year,Rent
581fa2b4-1eb1-4b22-8777-ee8a65bf88be,,9 years,Home Mortgage
9ab579fa-b812-4e1c-bfe2-51d0f2e7b37f,1291468,3 years,Home Mortgage
9d2b0ffc-6497-423b-8269-c5cb63b5f422,499738,1 year,Rent
9f70483e-90ec-4f3b-a90e-21ae4ef76eb9,1318695,< 1 year,Home Mortgage
88a289ee-21e6-4c81-9d97-fcec16797995,,3 years,Home Mortgage
8e62d944-4f92-4b33-87e8-b315b75059c9,1255748,5 years,Own Home
d0529151-9b11-4190-8fdb-2ffac52a9880,,5 years,Own Home
34cca7a6-5301-47db-82f1-838753cbf91e,2223893,3 years,Home Mortgage
c1b48c12-f9ba-48aa-bf96-8c097b97893a,1473545,9 years,Own Home
bb187881-b949-4a13-9892-5f1b2d0f7f2f,,7 years,Home Mortgage
1bdd215a-53bc-4414-97b3-d86ad4472420,1073044,7 years,Rent
ed76c09a-c8af-46bf-a1d4-6f601f3540db,812934,10+ years,Home Mortgage
3577f071-c529-4a93-8607-1fe39e834133,762888,10+ years,Rent
c588072d-4768-46a1-ba31-ab1233794c60,,10+ years,Rent
49dc3cdb-a21e-4830-9a3f-644e2e809d5c,,< 1 year,Rent
bff88bb9-5fc9-407c-b33d-ce1512d30ae5,1741597,10+ years,Home Mortgage
74bf4912-c403-476a-926a-ca8dfa126744,907839,8 years,Own Home
1c0284ec-c85c-4d09-8211-ab09f6512ca8,492879,7 years,Rent
09eb6a2c-5769-47fc-adc2-79f8f4c57308,,9 years,Rent
39da3c17-d78f-4e80-865e-3157ad919042,1101772,9 years,Own Home
5971367e-db00-4137-b46f-8f6034d34d88,1322419,< 1 year,Rent
f74b4b87-70e6-4a73-a426-107dac4dbbb8,,1 year,Rent
ae8868cc-207c-4fd9-8aee-60b65aaddbda,1246742,3 years,Home Mortgage
4947d5f9-0b10-4b1a-9d37-04c0a6fd4d25,1766202,8 years,Home Mortgage
e103b611-e4dc-4308-b47d-6e8b5d514dba,578607,4 years,Rent
930b05c4-ca06-4873-8fb9-7b37979bad97,,10+ years,Own Home
9fd2e283-051c-40c8-85b3-ef61e8428adb,889960,6 years,Home Mortgage
cbc7233a-e0a3-4892-bcda-6af0e8ee0793,1085489,5 years,Home Mortgage
a4fa57d6-1a89-4998-88ea-6d963615dcea,1305528,6 years,Home Mortgage
eea9fd10-e468-4048-b133-feb893924466,1341286,10+ years,Home Mortgage
f6efa274-9960-4a2a-85b8-b3c1bc0c2ad5,521778,3 years,Rent
1fcfe250-ce93-4a4d-b0ed-fa867f701173,680903,9 years,Home Mortgage
9461dfaa-e094-4dcf-aa1d-22b2281afcf5,1431840,8 years,Own Home
b48dea77-9abf-4bfa-b5ce-e7a18b0ca2bf,,3 years,Home Mortgage
22001851-8af7-48d7-b634-da9b15c1dd2e,665399,10+ years,Rent
1b058088-3636-4170-adaa-8cf318fdbdfa,1064019,10+ years,Rent
3c9eeb97-aa75-4499-b2f8-ab0a5d7c4173,,10+ years,Rent
7aa25242-1382-4840-be47-82c0016a5bc8,,10+ years,Home Mortgage
f16fd8c4-7b60-4cc0-80a9-e6f6f99f9d75,1884230,8 years,Home Mortgage
309a18a4-65b1-4e4c-a39f-6d055f55bee0,1134414,2 years,Own Home
485584f0-a0fe-4a49-9f29-a5f82780e872,965181,5 years,Rent
0cca3a4f-ea79-429a-b9c8-4c51af1ef3a0,913026,n/a,Home Mortgage
46725f16-0ac5-4b33-b556-95164087b202,528713,10+ years,Home Mortgage
781882dd-0199-40c9-b02e-60e55a3c3331,2102331,10+ years,Home Mortgage
914897ab-3f11-4ba4-b7cf-c15384afa003,,3 years,Home Mortgage
18ca2d78-a38e-49b1-8e86-4fffbe99f42c,1858466,10+ years,Rent
60a55f72-5f9d-4901-96d1-b6b2fc192d41,701461,10+ years,Home Mortgage
5072b34e-46ca-4844-9a8b-b8fe605846ea,1117542,10+ years,Own Home
6bcd624e-f1e1-4b90-bd7a-c37e8d5b6d47,1310449,10+ years,Home Mortgage
303b346f-40f4-4485-a0d5-6dc5a8adc22b,991686,n/a,Home Mortgage
b9f29558-4e65-44b4-85ea-889706cd1686,949810,10+ years,Home Mortgage
9bbd3aea-a7a3-42be-9504-cbd19aa534b8,729372,10+ years,Home Mortgage
0e26dfb4-cb85-491f-b8c5-3bdac6684c80,1479245,10+ years,Home Mortgage
faad9a9f-7e51-49c5-a7a0-b95268cea8bc,1417875,10+ years,Rent
fada489b-ba5a-4f5f-9134-f681aead9110,982965,10+ years,Rent
a6d7a2fd-38ee-4776-9b5b-5dbe60393fe8,1319778,10+ years,Home Mortgage
4cf36821-7e0d-432f-adbd-85d5b8aed48b,,6 years,Rent
099e77e1-0fee-49a0-86c2-73d054bf4122,648451,10+ years,Home Mortgage
dd814c8a-2308-4d10-91e2-9b48b10e9197,1102988,10+ years,Home Mortgage
059f22bd-8451-420a-a190-369540afafbe,,2 years,Home Mortgage
754b11f0-e417-4956-9bd4-0cab20959c57,1748817,< 1 year,Home Mortgage
492faaef-a5a4-43dc-939e-f53879fb840f,,6 years,Rent
fe2fbe03-2cc2-4635-be95-55b48be428f6,527098,10+ years,Home Mortgage
f050701f-12d7-459d-bd64-c4f59721b089,892848,10+ years,Home Mortgage
8cfcd9d0-a271-4210-8abf-258b9dfcfa47,778202,8 years,Rent
e99ca64d-5b53-48c8-9dd2-346d379fbc2a,649230,10+ years,Home Mortgage
39e6062a-fe84-45c8-b721-6cf2c6d2b5c8,1219192,1 year,Rent
0cdef54d-4b9c-4935-9432-7d69d9ac9f94,1701792,10+ years,Home Mortgage
3b17f13b-a0e4-4a9b-be1e-4f4c3bd3c6f8,837824,3 years,Rent
c245b4db-24e4-4bca-af91-9cfa1cfbf8cd,1386164,8 years,Home Mortgage
0b122367-f083-4498-a75e-1bc3984eb304,1276363,4 years,Own Home
6046e302-884f-440b-89e1-d6c7319a446f,2064312,10+ years,Home Mortgage
93eef861-f349-4440-89c0-fb60f5fa96fa,1367582,8 years,Rent
ce103fd7-d31d-47eb-8bc2-fad798ed06fb,,10+ years,Home Mortgage
9f4fca84-fdf3-4714-b29d-ecdd4a830751,1064000,10+ years,Own Home
bb5173a8-40c1-4b52-a238-ec1d3bce0c5f,962920,9 years,Home Mortgage
e88b64ef-32d0-4b11-a412-e6c4653fc7fd,,3 years,Rent
af9e9d3c-4488-44e5-a369-7c7b5a4edc14,5283007,9 years,Own Home
665e6506-fb14-4d72-8069-95cfb7d44d36,671061,1 year,Rent
d65be7af-e9fa-41e0-b653-0c81c69d85f8,5971871,10+ years,Home Mortgage
fa46564c-6017-4368-a831-9c863eb3370a,1412175,2 years,Rent
706b1b5a-aa8f-48b2-8dac-cbec7cf99c07,1178589,4 years,Home Mortgage
20b47e26-7e55-4e27-bca0-bda76055970c,1510006,3 years,Rent
fc68b5c4-b7f7-44bd-83f5-d003b015ab49,501106,n/a,Rent
6e3f9adf-fff3-43a8-9c18-61180aa50792,2106929,10+ years,Own Home
860c5f2a-a73c-491b-8caa-3292eba7be23,,4 years,Own Home
855086bf-11bd-4807-b1a4-f8d1f06b28ea,990812,10+ years,Home Mortgage
1a9f910f-379d-4ae1-8ae3-015e1d4c3a94,887471,10+ years,Home Mortgage
53a81923-7356-453d-a036-664ace1c1117,583851,n/a,Own Home
c0ca213c-3a66-48d3-ac31-b0fc95d3d3c5,452770,3 years,Rent
a43d61ca-b5a5-467f-be6b-79685bf18ecc,1021915,4 years,Own Home
2aa77ff4-8e4c-41a6-a153-a23d08115705,1445102,3 years,Home Mortgage
fecac4e3-4368-465c-8741-39975ab6203d,785954,8 years,Rent
609b55e6-7475-4925-8cb4-42d5d871f717,1919209,10+ years,Home Mortgage
0712603e-8785-440e-b12f-53047bba7029,,4 years,Rent
7794e1c1-bdc9-42a9-9d32-0980593544a2,1133958,9 years,Rent
981c5735-1c1a-4ed9-aa1b-7a0a202c34a7,,7 years,Rent
7bb251b6-7d7b-45b6-a05d-4366c5a27427,1320158,5 years,Home Mortgage
c91d6180-77bc-43db-916a-db1ab1f2c1f7,972591,2 years,Home Mortgage
98acc486-8c53-4a4f-ad88-a64b8b949889,965808,10+ years,Own Home
e3a7a34b-a733-4e73-b67c-08a1bbaafd4b,537301,8 years,Rent
cbd0ec21-01e5-460f-b4b9-1ca2f9004992,840218,n/a,Home Mortgage
bfe02758-aa2c-4ce4-b808-b8541389d0b2,921842,4 years,Rent
854659a3-3429-4bf5-a489-1f47c999460f,,10+ years,Rent
e1f17c5a-373b-49b8-88df-ac4e14c5ea46,530404,6 years,Rent
7dd3fc16-1e24-41ff-8bd7-10e42212d425,,7 years,Home Mortgage
7f684095-5fc6-43ef-8b41-353fd1eaa27b,,2 years,Home Mortgage
e5d1d7ff-5a7f-454b-9d38-8f7ccbdcbcae,961932,3 years,Home Mortgage
6a7811c5-ae02-4888-977b-4ba70a71e4b5,2189674,10+ years,Home Mortgage
25601133-0702-4cfb-b2db-794a278464f9,565269,n/a,Rent
4213a0c4-d87c-4a58-a924-f591ae6eb833,,3 years,Rent
ad16267a-66af-447f-9394-56158fee265d,1062195,10+ years,Home Mortgage
6f0fd4bf-12b3-4f8f-bb8b-4202d2532330,1414303,7 years,Rent
348e8f8e-f9fc-477e-9afc-9fdee42c949a,529017,3 years,Rent
42646d84-09d5-41ac-9593-2786e131b850,1102665,9 years,Home Mortgage
82c8e9c2-c0f8-4009-bce4-ef3ef6034412,1314097,4 years,Home Mortgage
1c8417ab-7e0f-4501-9d25-00f9b25f8e5a,,10+ years,Home Mortgage
0cf0b497-cf96-4f49-807e-819fa33510eb,744648,2 years,Rent
7c7f9110-ec17-4903-9393-af8a5235a19c,889029,3 years,Home Mortgage
cd4e06e3-5921-4852-87ae-1ad427861760,,< 1 year,Rent
9a9b3bbd-56b2-40b6-9e8f-2ba9ef97e737,873810,7 years,Home Mortgage
bf969f04-c8f1-4a3b-9110-4d0a3d419c66,1060257,n/a,Home Mortgage
f8bed759-391e-4055-930f-506102f685ff,1123033,n/a,Home Mortgage
cbf4758a-22f4-449e-933b-d20119f2ccb4,,2 years,Rent
f1a1e4a4-a927-43b0-ab1d-041d08243f3b,1440960,3 years,Home Mortgage
5eab5ca7-4ba6-4d8f-a96d-ab0c39d13242,984447,4 years,Home Mortgage
caff2ecb-2d13-40be-baf4-e729f7710d92,,4 years,Home Mortgage
5ed9a494-54c7-4c76-b369-2ed9e6eddb4a,,10+ years,Own Home
b63cd4da-4220-4c1d-b121-029e65361209,1130766,7 years,Home Mortgage
c7592ea9-67fc-4b72-86a3-b391f109bbc7,,10+ years,Rent
61ee03d1-02e3-42ef-91b2-98d9a84d6bb5,3026244,6 years,Home Mortgage
76d1c0a2-256b-4be7-8231-2a7d32b57b86,464550,1 year,Rent
edce6133-cc5d-456d-96f2-3e81a0938025,461605,2 years,Rent
0407a5bb-e98f-4418-9b27-f2b469a71dc4,701252,n/a,Home Mortgage
0f345e10-9876-4da0-bc94-001431b45318,1755011,10+ years,Home Mortgage
0cce9335-1a49-4636-96f1-19eef143f015,4024143,5 years,Rent
34d1c189-1ae2-41e1-9ead-54540eed5331,1496231,10+ years,Home Mortgage
e8145d2d-afd4-4ae5-9ce1-4cc24d3d2bac,,10+ years,Home Mortgage
2c6e9eab-b098-4a9d-94b3-103d96474cde,980096,3 years,Home Mortgage
76aa636d-a66d-4ce2-9f04-40dc106b28bb,1363288,10+ years,Home Mortgage
45cb79d5-fc14-4018-85f9-2d68e6ea4988,879947,10+ years,Rent
6ff8630c-8b0f-477d-a1ab-a44e8037c177,451668,10+ years,Rent
352b01db-93fc-4fd2-9716-7175bae4f006,1354738,10+ years,Home Mortgage
9dab884b-08c2-40cb-ae0b-96a045c24332,860643,9 years,Home Mortgage
30ccbb42-3757-4060-a39b-e2b943ea9b2b,608494,4 years,Rent
3b8a6138-68b2-4133-9ea0-e22d8f1b0c4a,776720,< 1 year,Home Mortgage
2900b29a-f8f2-492d-8d0c-979eeddec670,480795,7 years,Rent
5b8aca2d-c421-480f-bc64-77bd0f886ea0,1147562,10+ years,Rent
5bb10c09-f890-4c35-9b8f-610f4147eee6,2333124,6 years,Home Mortgage
6dbc35d8-e6f4-44d8-b85e-411fc6af7c78,1777754,2 years,Home Mortgage
403ef6be-f117-43d1-840a-5adb0033d0af,1736163,10+ years,Rent
289cbf96-0d8c-41fa-b43e-3899e3745f60,598823,1 year,Rent
39a8f90a-5a81-4988-9c17-b0dd39efe8be,708928,3 years,Rent
10d97dbe-4cbf-494d-bafc-6e2dfec6d3ea,1525776,9 years,Rent
84e9dcb5-cf42-4019-9a21-e8e809165ce3,531088,3 years,Rent
57d47828-c2a9-4801-8aae-81ad3221b85d,576099,6 years,Rent
24f643ab-91f9-4b06-9f3b-7206b6f2edac,566694,8 years,Rent
5e860b9e-e2d8-449b-a1a7-aef58aab9285,,10+ years,Home Mortgage
9b49fdd4-00dc-430f-a21c-1338b85f8ba7,683050,1 year,Rent
a6577ed0-7882-41df-996a-2ff9ebf48495,818026,3 years,Rent
f90884e7-d22b-4bd9-8810-efaa0a35bc60,1286604,8 years,Home Mortgage
c5d1fc4b-fbf5-4e05-9850-ebd90fc1ba97,1701165,6 years,Home Mortgage
812b8cb8-3258-4255-a370-0302d53b9a72,769424,3 years,Home Mortgage
1a286123-e3a7-4d7f-a35e-8b393a79262b,588031,7 years,Rent
92ba4ebd-7e52-4458-ae00-4ece88c142d6,703076,5 years,Home Mortgage
c69fd3b6-d104-4fe1-a88d-36ce9e0d6bcb,1133616,7 years,Home Mortgage
f35d4f59-525d-4f66-aaf1-eef950b1e0fa,1388938,n/a,Own Home
bc5d2bd4-e46f-4ecb-babd-dbf2ba58fe3b,716414,3 years,Home Mortgage
c73d1a12-f4b0-43ba-b557-938834176ac0,,10+ years,Home Mortgage
2534cc5d-7b4a-46f9-9a89-a2ea6e25babb,921101,1 year,Rent
75dac1d8-3b52-4644-ae59-a904c3f5ef9a,2847720,10+ years,Home Mortgage
795a6a50-1814-4adf-b4d0-2a866987a04f,1873552,10+ years,Home Mortgage
38371626-796d-40b4-99e5-68eb629e6f21,1776139,3 years,Home Mortgage
3ed82f5e-0119-4030-98ca-cfb1af9353c5,1698752,5 years,Home Mortgage
a7414509-cc76-4c6f-991d-1d5ad9b984c1,2246256,< 1 year,Rent
66aa1167-5603-446e-ac07-5b622dfd1328,1492507,7 years,Home Mortgage
6e0c41a9-3e3e-4aa7-99fa-fc0827359022,,10+ years,Home Mortgage
3b17cb61-7e6c-4a2c-9cd9-c9ca77608409,1494008,10+ years,Own Home
6b3e39ea-7b2f-4a79-acf9-e23ffad756ae,2374373,4 years,Rent
6d9cea53-eb0e-4829-9502-d1166a91c32f,796917,n/a,Own Home
829cc4d0-61d1-4312-a365-9f9c3623defb,807025,10+ years,Rent
d2d022fd-50e3-4516-ac8a-3a6bb3954e77,1076977,2 years,Rent
592aa674-484b-480d-b5af-05036b0f0df4,888003,10+ years,Own Home
b490177a-7c04-409f-8244-854c410db9a0,1525320,10+ years,Home Mortgage
150a2b78-873d-484b-af50-fadeb9c819cb,1199432,6 years,Home Mortgage
9e06d998-d737-4aac-9b44-e9ca57a94919,1089118,2 years,Home Mortgage
d0964fb7-433b-455f-a744-943d1d3e788d,673455,n/a,Home Mortgage
bdb69f3d-afce-4638-8373-f5dc7217fd90,,4 years,Rent
1dff1f98-1484-4338-9666-85264e5fe9b7,1027235,6 years,Rent
899dce04-208a-4eaf-a737-34ea292f761d,2100032,5 years,Own Home
adb039de-1fee-4d19-82ce-75adecea41df,1565771,2 years,Rent
893efa70-2339-4fe6-a57c-c8a64555b5e0,1196620,10+ years,Home Mortgage
ed5464d6-5410-4ef8-806e-9c8abe4e06bc,,10+ years,Home Mortgage
ac5954f3-032e-4e68-8bd4-8dcb3fc270c3,2321268,8 years,Own Home
0dfe9632-2742-4cd4-aca0-737391b9d6bf,703285,3 years,Home Mortgage
8c61e0e2-388c-4f4c-916d-bd990910352f,862011,10+ years,Home Mortgage
a48b265d-7c61-44a5-8a53-0830e9888574,1643728,2 years,Own Home
b884c85b-9511-4c74-96d0-93398fe2936e,1442955,9 years,Home Mortgage
c1be0d0a-a376-4371-9151-5f0101eedd2c,2309355,4 years,Home Mortgage
4a6ce10b-1d06-4f3b-8141-2c45707564f5,,10+ years,Rent
e4636f5c-ea59-4da8-a7ca-635a6d2ddce5,1640859,n/a,Home Mortgage
73811677-77af-4646-950a-19ba97b431d3,2504466,2 years,Rent
12b40f8c-f673-453c-ad67-6fd77e8bc2b7,1837490,10+ years,Home Mortgage
33bf1484-6d10-44b4-a4fb-42e292f73f19,436031,6 years,Rent
38d88e4e-fe9a-4cc1-98db-1a2c1db6d164,858762,8 years,Home Mortgage
56650d97-ebc5-4cb0-9518-988d7d570390,,< 1 year,Rent
afcad263-93e2-47a4-861e-7362e3f83cbe,2712193,2 years,Home Mortgage
0a638d40-e943-43bf-afab-64ad200236a3,875102,10+ years,Own Home
dfe86bbc-3d5a-4ee1-af62-5146abc13a47,259407,1 year,Own Home
e03a1014-4839-4cfc-a893-dc485898691b,687553,10+ years,Rent
8eb7ca9b-f30c-4ff5-8d06-d8de9211f9b6,1121988,< 1 year,Rent
6cb8e288-1431-4dab-909c-cf8d371db348,1344592,10+ years,Home Mortgage
97a9b887-f981-48e8-8da1-878d16040635,863683,4 years,Home Mortgage
32991ce5-b0f3-4d00-b358-8540c8275a16,,4 years,Home Mortgage
feadeb13-0fd2-4bd8-9d52-ba387e20975c,1329886,2 years,Home Mortgage
87c0e601-5a03-4b46-a3f7-6b867b6faf07,,5 years,Rent
92e4d82c-32c4-4c91-829d-11c169ad80a5,1147790,4 years,Home Mortgage
4349186e-fe1a-42de-80a2-f82e45e0e98c,1317954,1 year,Rent
ac94f872-59e5-4d68-8875-20e638255016,1026361,5 years,Rent
5af351ad-914a-47b5-bd15-81279e1782a2,751564,10+ years,Rent
1c829e18-e17d-44a9-b77b-a52e2eb2e8bf,,4 years,Rent
6b9ffb78-ac1c-40ae-ae18-a4df6176335b,1536264,2 years,Home Mortgage
8a1fe63a-d5cf-4d94-9b35-b56a59a398e9,,3 years,Rent
2eef2099-80fe-4b0b-a97a-02d28f5feb3c,1202472,n/a,Home Mortgage
75188363-89c6-402b-9d95-d4616326880b,863816,9 years,Home Mortgage
249ee5bc-3658-4f74-95c4-441f42540dec,1518632,10+ years,Rent
6b3057a7-6d5b-4afc-91c1-3fb73752a1a9,672657,4 years,Rent
00d658c5-ca53-4100-a3f1-279197111910,583110,2 years,Rent
47bcc8fc-4a41-4fcb-853f-8357d471f488,,3 years,Home Mortgage
d5f027d5-1821-4c9c-9ca1-e07fb0590e68,,10+ years,Rent
8c0fde27-d3be-492f-bf1b-0dd4874276d5,4784675,4 years,Home Mortgage
db0de952-5ea8-4585-aff0-328bff5bc526,2316252,4 years,Rent
e499671a-aec7-449c-a37d-d9b671547793,,6 years,Home Mortgage
a17bc95a-2308-47eb-af50-2e94e116857e,938505,10+ years,Home Mortgage
5a196141-d15b-4ee9-bbea-e19a16cb73ee,1291962,3 years,Rent
ef250346-f775-4d12-b0c4-155776a5921c,3743171,4 years,Home Mortgage
ce81f285-00e1-49fa-8249-41526028fc07,466754,10+ years,Rent
d028f57a-e30b-4777-8102-130af587758d,2283420,5 years,Rent
e3fe8f89-5339-41a6-a42b-87dc28f6395c,1596323,10+ years,Rent
182c3720-9e47-4499-8223-4a82f1e73b15,476577,10+ years,Rent
1261c16d-3ce6-45ad-adf2-31c1e6a73551,902063,2 years,Home Mortgage
8bf29eab-e5e7-425e-be7e-cba0391b2a4d,1065064,4 years,Home Mortgage
74af7987-8e7c-4618-af75-d058c377f91e,,1 year,Rent
70558dac-842a-4bf0-ac69-e8cb3bb22be8,1688796,10+ years,Rent
ded248d7-8b08-49cd-b33c-c41711f1fb12,723083,7 years,Rent
fd9369ff-ab22-42cc-8252-7749db0ced90,813637,4 years,Own Home
8d550666-b069-4583-95b8-2fa9332a526b,4498440,10+ years,Home Mortgage
3685e530-8967-4f49-ab07-3d752425c732,1906080,8 years,Rent
b9662970-ffa5-4066-8834-b12010adfcb1,743204,n/a,Home Mortgage
ef648a0b-82a5-46ef-a3d3-8ad637a2d73c,950703,3 years,Own Home
2d52a856-1944-4ac6-9205-a387dcd3840b,,10+ years,Home Mortgage
a32c7d85-b7b8-4da4-9ac1-7b57f6208866,2410967,10+ years,Home Mortgage
4fd3d593-1ecc-4238-85cf-cd0d5f431dfa,855779,7 years,Rent
b0313544-eb2b-4d81-8961-c3917627e9f4,2333200,9 years,Rent
34d01aa8-1838-4548-b3a7-7702df2251b5,,6 years,Rent
cf017f8e-1a8f-4485-9e8b-9d627e521137,413744,10+ years,Home Mortgage
a6bf37f7-1eec-43b5-8139-13706f2edd15,2246940,10+ years,Home Mortgage
4c9a37df-62e8-4902-9635-d5a85a37d9a9,658141,10+ years,Home Mortgage
bcdfe3e5-6291-4185-a35a-3f9e1d0e64f4,749740,n/a,Rent
5e06dac9-d4eb-458b-89f2-c6ab70c72528,1641372,8 years,Rent
865b32b6-4458-40eb-bcd2-056081fb3537,506540,9 years,Rent
5b812e35-85f3-460e-aedb-6eb25d1d1cd1,660953,1 year,Home Mortgage
0addf236-13f7-4213-ad87-2c856331ff7a,3826980,10+ years,Own Home
ce9d30d3-2b68-41f1-a37a-209e34b85d23,540246,5 years,Own Home
743440b5-3438-408e-a3d1-e675c7391fe3,1022428,10+ years,Rent
1904b6ec-3da2-4bfc-bc26-22167426c23b,1688625,2 years,Own Home
2530f6d2-ae88-43ed-822c-5f12cf964709,1817635,3 years,Home Mortgage
0da471b9-b6a1-440a-8f83-7a1ca98cb63a,922222,10+ years,Home Mortgage
1f531b56-2dab-4e66-8788-8b57983eeec0,1129132,1 year,Rent
d0f877bf-7585-4e2f-a9dc-c11badab9bfc,4693000,10+ years,Home Mortgage
43bd9603-0748-4a43-8813-ab918b733807,1551920,8 years,Home Mortgage
e406b9c6-77db-49f9-971b-d479a97b3f99,1044943,2 years,Home Mortgage
fe20b1a9-bc39-44c3-ab7a-c73b228b3fc8,,4 years,Home Mortgage
cb6adf2c-069e-4622-b1bf-ab45ac75d810,862182,7 years,Home Mortgage
70b2e49b-6c44-4ac7-a121-4569f1177d46,,10+ years,Rent
881efa8d-7cbc-470b-b38c-7f0355f517ad,,< 1 year,Home Mortgage
d6209660-c94b-4f4e-ae61-1ccf6b0433f9,652289,n/a,Home Mortgage
8f47f9f7-a39c-4fd1-aced-f83a83178223,950095,5 years,Rent
646828b2-4dd2-4866-a074-6a0345554ce2,515831,4 years,Rent
e70b57d3-b289-4492-9266-8b7ac9c490ce,408101,n/a,Home Mortgage
8ca362b1-1e5a-46b9-b65d-e9186d0ddc11,1424430,10+ years,Rent
c80255a6-4353-4c41-ab95-cc7f78fdf4e9,329080,n/a,Home Mortgage
53518fab-a4a9-4d2f-a34e-97fde56ad351,,1 year,Rent
3ec6e1bf-b82a-450f-8af9-e398469b5825,,10+ years,Home Mortgage
7f00838c-83b2-4719-af4e-d8a54f9158cf,,10+ years,Own Home
361e3c17-b3a6-41c5-979b-9563b8ea1bd6,1737664,3 years,Home Mortgage
1c3af5e1-bdbb-4f3b-afd6-c63707c461ba,,6 years,Home Mortgage
52213eb7-4fbc-40ef-b766-d5cb0fa047be,718751,4 years,Own Home
70ab5641-9cb1-4a6b-8ea2-512fc3fd39ea,953230,10+ years,Rent
b70000b2-0ca2-4986-ad7b-1c0e99915d68,2422823,8 years,Home Mortgage
196d2f9b-ef91-4806-a0aa-fe672d0a863b,,2 years,Home Mortgage
631dfe74-3173-4417-bb38-85ea23be9177,1159380,10+ years,Home Mortgage
a7450e5e-f3ca-4328-acb4-6d3b2e9a1074,1401250,5 years,Own Home
0ea7595f-bf73-4b0d-83e3-cc93dc8bedfb,585143,6 years,Rent
8840aa81-71dc-407c-9ae4-74954e65bb56,1266635,8 years,Home Mortgage
f2da16fe-9091-432c-b29b-cc08d0a2b251,,5 years,Rent
557f6b96-cb91-493d-bf92-af0ea39236c5,1808800,10+ years,Home Mortgage
1f06a01a-a9e6-4a90-a0a0-f839f92c7ef2,475323,2 years,Rent
88b1bcd8-db08-44b7-a340-bef9b42129f8,561849,8 years,Rent
f5637165-fc3f-46a0-bf35-43bb56a8af65,,9 years,Home Mortgage
cef4099a-4a85-46a1-ac6d-8068cd33b8c9,881410,10+ years,Own Home
9ae4baad-1324-444e-b271-10e4e44cd7bd,1255691,10+ years,Home Mortgage
a51bc2b6-278b-4cf7-a914-2516a96e6f4e,1373795,8 years,Rent
bb096ec9-f3d6-4877-9aef-817cbfd149d9,1436875,6 years,Rent
3a72e254-f950-4b8a-96a4-d79a64781047,694602,10+ years,Home Mortgage
fbdc4ebc-522f-45d3-93a4-036eca2226b5,,n/a,Rent
5e16f234-0594-45c6-ad35-ed76277ff480,677369,n/a,Rent
e31a7489-ebe6-4fce-b6be-44ae199e3302,,4 years,Rent
6630ca61-ae00-49b1-abab-75609c944197,793288,10+ years,Home Mortgage
c871803a-c269-4b4d-aa1a-6f3dc71e2d86,1994601,3 years,Home Mortgage
eefa43e5-e52e-4b14-aa4f-0cc0f4391cbd,568290,10+ years,Own Home
d68dfd6f-fa38-47ed-8345-378c18d16b3d,,10+ years,Rent
01e61d23-76d2-44f2-b10c-271a6024415a,1309822,2 years,Home Mortgage
cef9a954-2893-4bec-83e4-e0e8d2d45fcc,2461013,10+ years,Home Mortgage
3bab5342-c66d-408f-85f8-65a6e46f5df7,1249364,4 years,Own Home
cf49667b-16a3-44f3-84c3-a6f9c932b86a,1206975,5 years,Home Mortgage
4aad7e6e-15c6-4d32-adca-d5dad556173d,1667212,10+ years,Home Mortgage
b9b792c1-dd8b-4090-966b-4aef8c2b76cf,713773,7 years,Home Mortgage
608874a7-1ab8-4a51-8d90-00528848feab,,1 year,Home Mortgage
35b2670f-a3cb-4f7b-ad35-b08e0abc3a0a,2829195,10+ years,Own Home
79250397-990a-44ad-8649-79eed9ededea,2337000,6 years,Rent
7171d587-b771-45d4-b245-52e95d5778b0,,2 years,Home Mortgage
086588bf-5038-4d39-adde-ebd679886e2e,1043328,8 years,Rent
1db1a8c7-3322-4c98-ab38-e354f7aca7bc,667204,1 year,Rent
efee98c1-47c7-4368-bc61-154fabb487dd,,10+ years,Rent
88514e6d-d805-41dc-9976-541fb0ff01bb,969133,1 year,Rent
c14806b7-87c1-4999-8384-2b5b430384e0,697946,8 years,Home Mortgage
cc750a70-f29c-4d6a-91dd-c5516602c6b7,,3 years,Rent
74118805-5382-4583-a360-10c5f10e8666,,9 years,Home Mortgage
ebfb17d0-dba0-440a-8e0f-18309de45ba2,1016975,< 1 year,Home Mortgage
b6059a64-17eb-4087-932a-ee16709f8a95,3043040,7 years,Rent
9cffa593-e3da-461f-a11a-66aec6398def,1267965,5 years,Home Mortgage
e39ba95f-6523-4592-a8f5-363921afbfe3,2277055,7 years,Home Mortgage
807f62c1-33f6-483a-96b3-0267e482ad55,,7 years,Home Mortgage
e3ab098e-b77a-41dd-ab14-263ee48bf383,485507,10+ years,Rent
264202b9-36b3-4c68-a8f6-347aa7f2c667,714609,5 years,Home Mortgage
82769a69-5ddd-438a-ba59-9cf761ff07a4,2884238,3 years,Rent
734c1392-e19d-4575-8584-7c453d99ccf8,1139316,5 years,Home Mortgage
d88413cf-5bed-400c-962a-11feee2aa493,2021505,8 years,Home Mortgage
2b394bcc-fb63-4c4b-a5d1-77e53986da6f,1900760,10+ years,Home Mortgage
7994628f-8802-434e-aef5-117bff25e047,447013,5 years,Rent
a902bba2-5f69-4326-9bb9-cc57ede0b445,2057814,10+ years,Home Mortgage
e6fc1d65-b15a-44ee-9aad-45118ac9a82f,761216,3 years,Rent
bfbabd08-e03b-4030-b623-a2609457bdff,651567,10+ years,Own Home
1be8631d-8623-440c-beed-3b5c20ebc338,932881,1 year,Rent
1f1dd00c-cbf3-4085-9dd8-86281293afb5,858705,< 1 year,Rent
b7fc66ff-5bc7-4a06-9fcc-fae0a2265198,,10+ years,Home Mortgage
b8f4fc38-e4b3-49cc-8237-5ed9fa92ab97,1101563,10+ years,Home Mortgage
d4c5d14e-3209-449c-a961-6853e88289b4,2000586,10+ years,Home Mortgage
e8b85596-47be-4ae4-8bf4-8830ae201164,1549317,n/a,Home Mortgage
7db7bc81-bab9-46eb-9506-95d16a76a9a1,1528360,10+ years,Home Mortgage
beed03b6-1252-418c-b0c0-5ec38140bfff,849623,< 1 year,Home Mortgage
b3172ce3-cea1-4072-86e3-fb91a17f0c45,890625,3 years,Rent
213bf55d-43af-4d5f-8fc8-74d7db0a9b96,1050700,8 years,Home Mortgage
2dcd5827-6e90-45b6-82b4-ab1181f41dc8,1299885,7 years,Rent
acedb294-8289-49b9-ad83-a97d32a5c25b,693728,5 years,Rent
278f96cf-3700-478a-8ad4-c96b9115bfd9,1048135,8 years,Home Mortgage
40084554-9720-461c-89a1-e1af38326534,1236235,10+ years,Home Mortgage
99527844-0d74-46a8-b060-9f95d7a14ede,1113837,9 years,Rent
d11d0bff-6e67-41ec-b880-c652350d1837,1819079,8 years,Home Mortgage
355432ff-597e-479e-8bb2-6424797b73bc,1854970,7 years,Rent
f51042c7-2203-4e55-a4db-5a18f769ffdf,955225,4 years,Home Mortgage
c4b7aca1-64a4-45ca-acdc-8618cf8fe69a,1736505,8 years,Home Mortgage
a57f4b82-4dac-4a3d-868e-41b0e80978fe,1015531,10+ years,Home Mortgage
1b81b730-e72c-4c87-b50f-00d8c18b3b26,1307067,10+ years,Home Mortgage
95d93b04-476b-4238-826a-4148e846d9a7,889656,10+ years,Rent
e160b8a0-8c81-48b2-9e35-7db391412842,916522,4 years,Rent
ed6c0349-a978-4858-9315-3716f6e6794a,,3 years,Rent
579e407d-1701-4850-8032-0965f324f39f,2777686,2 years,Home Mortgage
514b3a43-1ba8-4e5a-896e-7e0817d520eb,1162572,2 years,Home Mortgage
f82ae394-97fe-4a74-81fc-79f274cd2c34,2071456,1 year,Rent
43f25ce3-afb7-4912-98c1-51520236a5c0,,5 years,Home Mortgage
b2736b6f-de07-49cd-9a87-13d4c7d3cf9a,619856,10+ years,Home Mortgage
2cbb1551-1733-4838-9305-8c084e10ad99,2578604,< 1 year,Home Mortgage
e6be1e58-99d7-4a17-a9be-a069c09cdf3b,,6 years,Home Mortgage
c7efc2f5-0635-4670-8dc6-9360384ef5a2,1262018,3 years,Rent
c2c46878-6b6d-480e-a47f-c826357f88db,1284229,10+ years,Home Mortgage
10a06649-4ce3-4288-83ee-35e8b65e7191,747080,9 years,Rent
7874b86c-a9e5-455e-92a1-4b39207085de,718637,10+ years,Home Mortgage
21757cb6-6135-40ac-b4e7-fa967a20fd71,1695123,10+ years,Home Mortgage
b358f241-9fc6-4f36-9715-bb4cee9afbea,455449,5 years,Rent
da732983-817f-4839-9ed1-6e551aee2372,1273285,1 year,Rent
c7c636e2-d3ed-42c1-b9e7-edd4953d718a,,6 years,Own Home
8b9e2b44-0096-495e-871f-64cbfefb21c7,930810,4 years,Home Mortgage
1f4381a1-b5e9-4487-9063-93bf2338fb93,1382364,10+ years,Home Mortgage
77b2b9ff-8275-41e5-bc76-aeed83eecc2d,945383,6 years,Rent
d6826d5d-edef-4856-8a5a-59523ef7c6a7,574218,8 years,Rent
e5773517-c201-49e4-87c2-fe0deb140abe,1218337,10+ years,Home Mortgage
19ec6498-c3ca-429c-8f7b-e4cc78122202,,5 years,Rent
df876f4b-2991-4324-9561-5e6c2f618ef6,877097,7 years,Rent
f86d5bc8-3e04-41ea-98a3-b0ce86c463c0,1038008,n/a,Rent
246dcfde-5a97-4c57-aa32-81fcc816cb71,475000,1 year,Rent
e40ea9c7-ec77-4ba8-939e-ae18561b206d,1919228,3 years,Own Home
aa9ba070-dca4-4a95-8ca6-26b623182b8e,859541,2 years,Rent
668e0349-3b6a-49c2-83d4-dcd470e89dc9,3108704,4 years,Home Mortgage
97ee9e8e-674b-4d8b-b0ee-6af1bf07b2bf,874152,5 years,Rent
7f91ced2-9959-458b-a443-6f089a0a1376,1239199,10+ years,Rent
f789e6c3-64a8-4dd7-8af7-96151b091938,954275,6 years,Home Mortgage
06193d03-a5d1-4a2d-9887-594285e602d9,1030123,10+ years,Home Mortgage
815e980f-9c74-4fc8-97c9-a36640e13277,,10+ years,Rent
c3fb9c6c-9ed7-411a-adeb-9231ad0f4010,,3 years,Rent
51e5c662-b74d-4648-818a-8f68a1b378a2,,10+ years,Home Mortgage
f01ca14b-8134-4d0b-94bd-ea2ec3768c68,2691236,3 years,Home Mortgage
1b484574-fb11-406b-aa99-4374e4481e8e,,6 years,Rent
501bf722-df5f-4c06-9f5e-8a8db35405cc,940690,2 years,Rent
35939c3c-2be7-4358-9c14-7d71a4b22012,,10+ years,Home Mortgage
5ab8035e-9d0d-4e33-b272-77fd19248759,1412327,3 years,Home Mortgage
f6902425-b9b3-4da9-b71d-1ba18159fd37,2665054,2 years,Rent
a0f12a43-e55f-45bc-9164-d75394a1966f,2209909,2 years,Home Mortgage
08d88d78-d1f0-4547-8c49-a5d2dfd025f6,569715,2 years,Home Mortgage
bd442ccb-94a9-41c2-a0e0-118f43729224,1701963,10+ years,Home Mortgage
aba412f5-7c65-454f-8082-841e769725f0,386536,< 1 year,Own Home
f0c08cce-056f-4133-8af7-51f93234269b,1205360,6 years,Rent
f0b34046-1b8f-4924-a862-0a59428f4936,,10+ years,Rent
49aaa757-7e42-486c-80d3-6ebe9cca851f,2360940,10+ years,Home Mortgage
223659ff-3587-4d26-a7ea-c10626528569,788101,7 years,Home Mortgage
a7aa1b26-d288-4617-8efc-ea08cb6ead4a,953705,10+ years,Rent
bab876e7-061e-492e-a999-d01b5d3a7a90,709802,7 years,Own Home
37022ee5-5020-44e6-91e8-a6e8978d6d3b,1243341,5 years,Home Mortgage
6f7461d1-ab1f-4c9a-89ec-4388bc593c24,,6 years,Rent
83c01fe0-f6b5-4b48-ae5c-cf8f8c254bea,949620,10+ years,Rent
5cf83b25-6326-4fd8-9f26-4895dc38df6e,,10+ years,Home Mortgage
2c126a32-c5d3-4e40-8e4e-a2929209cdc8,,10+ years,Home Mortgage
fd4125f7-1704-4d47-8365-0ec9b978d93f,1298080,8 years,Rent
1edb795e-b343-4f06-95bc-2134657080ad,1153452,5 years,Home Mortgage
220a4dc5-1ca8-4583-98d6-eec1b2e52e1d,1060162,10+ years,Home Mortgage
2b33cc58-b1a8-4262-a9c4-9e9f8a30a37c,1101335,5 years,Home Mortgage
9aff211f-c020-46cd-9012-d37ba56ae117,1373700,8 years,Home Mortgage
fc9cf77f-fadd-4095-b800-0babde68eb99,1318296,6 years,Home Mortgage
05ee7fbc-7954-4330-ba50-df80d4b4dfca,,4 years,Rent
c0f4245c-ad07-4123-a5b4-5f837851b8b0,592534,10+ years,Rent
849f3b64-51ec-43dd-b25c-a0c5e1ccb465,593028,< 1 year,Rent
6748e185-cecf-4822-af16-afd3d0b4a3d6,875919,10+ years,Rent
c0eb5c34-9ad5-4315-9f3f-5521dff17dad,1032764,4 years,Home Mortgage
788031d2-bbea-4a8d-8e6e-e9c950072548,,10+ years,Home Mortgage
95b76af3-4f38-477c-879f-53ee4387036a,1539209,8 years,Home Mortgage
63cc4cf2-4856-4189-b6dc-33bbe0b88e23,1668219,8 years,Home Mortgage
52302f01-056c-4759-8ce2-262dd3ddb10a,1258104,10+ years,Home Mortgage
66870dd4-5c5a-4569-8fbc-dbad4deb1398,,8 years,Home Mortgage
97a7da10-59cc-4636-a163-bf76e58f5b32,760247,10+ years,Rent
83e37d80-b4d7-49e4-a8ea-7bb273d568a2,1619826,5 years,Rent
93e9b788-5abe-44ca-a942-4db378c78157,,8 years,Rent
4a5e1493-1591-4050-8aee-7c632804ff11,1421466,1 year,Rent
9f8ac9fd-009d-4bcd-9201-474cc5279f1f,1213264,10+ years,Home Mortgage
d4f6e395-1912-4561-b9b3-2519994e4d91,,< 1 year,Rent
9aeb4cd9-f3f3-4267-8cd2-29bdd5a4f260,1344459,8 years,Rent
b242861d-03d8-4cfe-b0be-0f037537d63b,1893844,< 1 year,Home Mortgage
877c58f6-03c7-46c6-bffc-2934aa16223c,935370,1 year,Home Mortgage
12795b8d-a361-4c5c-93b5-80c4b642e6e2,1638085,10+ years,Rent
dbe0e828-77e3-4c97-a033-521646587715,792813,10+ years,Rent
62e65db8-d588-407a-90f7-b8b7665255a9,1332926,10+ years,Rent
b4dd22be-d212-489f-976a-11ada5ff1be8,,6 years,Home Mortgage
04712964-0ed2-4119-b4d6-c3f85381de52,2796420,10+ years,Home Mortgage
59101853-b9b5-4a44-aa6c-ebdc84db779f,,1 year,Rent
818ad82f-779a-4623-9e25-431895bc13ac,929537,10+ years,Home Mortgage
b60854f4-037d-4d12-80c3-a484ab5bbf09,475380,5 years,Rent
273c9107-e005-47ff-941b-0e31ccd406de,,2 years,Rent
a88e0c0c-b4db-4e45-8748-c50b48caa709,,< 1 year,Rent
d62b0a03-42bb-45a2-b149-4df12c7eee3b,1145358,10+ years,Rent
abdbab6f-52c1-4f2c-84c6-a25e10bce8a0,1631758,10+ years,Home Mortgage
c5664687-f011-4e49-92ab-754b635c5779,,3 years,Own Home
7feb33f9-1a5b-4548-8a4a-99b4cd73883e,1142964,10+ years,Home Mortgage
c15b2492-756c-497f-ba88-4bd1b378194d,1243284,5 years,Home Mortgage
be726c2f-ffd4-423e-bbf9-af999010ff4e,872195,4 years,Home Mortgage
b0e64760-9f6e-4f56-86b2-efcceab021e1,1051232,10+ years,Home Mortgage
98a8a79b-d247-4498-9f70-93e418b10459,2672635,10+ years,Home Mortgage
bad0aa0a-873a-42ce-9f32-9a23c4a869ef,,8 years,Own Home
ed78a1ce-2435-4826-930d-69745e928ed8,,1 year,Rent
837fef5c-c783-4f49-a1e9-6136db8fcbd5,1772377,< 1 year,Home Mortgage
dab6afb5-c8a8-4044-833b-f0cf4f8c0cc9,,10+ years,Home Mortgage
c18010b9-2816-4268-92f9-0ab516446bba,,7 years,Rent
4bc99dbd-9350-4fd0-a344-806dfa3756af,2229840,5 years,Rent
a4a4a6ba-2cb0-43d5-af68-78563acc3bd2,2662527,3 years,Rent
8d84e49d-1881-46c3-9f94-112e5b52cfc5,,5 years,Rent
efdb9e94-c43e-4b94-9f15-5a0fc38f3497,957980,10+ years,Home Mortgage
f043bf8c-0456-47e8-9755-af4cd905ca2c,1061454,10+ years,Rent
2161a03a-e42c-431f-8309-9bd619273454,963072,n/a,Rent
f2319c42-2ea9-4a10-b571-c8c12885dcf9,1121418,< 1 year,Home Mortgage
50f37d1b-75b2-43b3-81f4-c72a59cd88f1,3292909,10+ years,Home Mortgage
0709e4c8-e003-412c-88d7-22562c87d524,840294,9 years,Rent
7519a1ff-73f9-487c-ad66-af7f34056264,,4 years,Rent
f15b29c3-33d6-4683-a536-2333fdcf8076,1135326,7 years,Home Mortgage
230545b4-e66f-4942-8659-d5022fedf01e,1701602,1 year,Rent
e5236d65-0ee9-4a8b-9f91-90b8ad0c2f0e,,10+ years,Home Mortgage
3cb2d400-a1a4-467a-8ee6-cbe1f0e38ef3,,8 years,Rent
27c643da-0cef-4b27-9504-bab3d1f2a21a,965181,10+ years,Home Mortgage
815413c2-30c6-4b1a-a224-62bf16595bae,1167018,< 1 year,Rent
a6a6d575-2440-4395-8c8f-d9ed0b0427d6,761520,< 1 year,Rent
77845bd3-2769-4fd0-b6b5-4ace4f508d0c,,10+ years,Home Mortgage
6d24b8fa-2fe9-4629-b7c0-d3223307d987,6076827,< 1 year,Home Mortgage
792d6b8b-5a44-4aaf-aed5-c1b0718ec038,660022,< 1 year,Rent
d81f36aa-8b07-490b-afdd-7feb18d80153,1243531,n/a,Own Home
9a1bb3b7-1498-4b86-bfd0-512e3a54b7a2,1308777,2 years,Home Mortgage
d9429440-8872-4fab-bf62-4e382d405807,1045532,5 years,Home Mortgage
c177f745-ab3a-4374-809d-3ffe1e8c8037,2435667,10+ years,Own Home
d0b141ab-4320-42f8-94c2-575045c0c3f0,1061549,6 years,Home Mortgage
e774c4b9-9dac-4744-96c8-2ce90b3a2f40,,10+ years,Home Mortgage
b41b2fcf-2203-446b-bbe5-7c90f517e43d,1874844,6 years,Home Mortgage
6d5ac27c-4187-43b0-b312-84170c91d312,1069149,8 years,Rent
1c6e06f3-e24a-4c2e-aec5-d2efbede0972,977227,7 years,Home Mortgage
eb4dd857-d36a-4028-b8d5-b661c04a568a,,10+ years,Rent
1b633083-adc6-40ad-846f-9e0ea4fdc9dd,324387,n/a,Rent
cc5ae64d-ea57-415f-b297-fefcaf021943,969418,< 1 year,Rent
f495de0b-aaa2-46fc-b353-fec7f254b40e,1706751,10+ years,Rent
93d2e881-d361-4422-9b26-d6bbfb58a82f,754908,6 years,Rent
4b01138e-d489-4a20-b7bd-95e944496c1c,2316518,9 years,Rent
a32fcc31-1cbb-4c2e-8222-82b5f3329675,,10+ years,Own Home
5a359a87-fd13-4d3d-906b-0651a77f3abd,1920520,3 years,Rent
f468952f-8d57-474d-a7dc-e006985aaae2,1448370,10+ years,Home Mortgage
84dd717d-e027-44ae-b156-7cf5d51af112,1058642,8 years,Home Mortgage
7bcfd318-214d-4a2a-b61a-fdb0b127e31f,1369786,10+ years,Own Home
339f5be1-20b0-4b93-aa94-93cc4538b793,,1 year,Rent
80ed24ee-3872-4667-9868-038e8205987f,934895,2 years,Home Mortgage
740e4b16-2ed7-4c74-bd7b-b146df0a02df,966815,n/a,Home Mortgage
6366dd92-849c-46f0-8453-f2b0a0c4163c,,10+ years,Home Mortgage
8a75fff1-3178-464e-8dc7-54eda9260ec1,800071,4 years,Rent
7c888512-3d2d-4267-9cca-0235735ba395,1128486,8 years,Home Mortgage
c17861d4-0fb4-43c6-ad3a-484b976b96a3,2462856,< 1 year,Rent
201a27d4-f6cf-4c02-94ec-e8011f0481cd,931760,10+ years,Home Mortgage
ee231faa-3d42-4f1c-8634-6a1c3ba04aa4,1051023,6 years,Home Mortgage
f5294b93-6670-446f-9924-9423d2801edc,555408,7 years,Home Mortgage
3990e51c-359c-4d49-a1fc-a692b83fa186,652080,2 years,Rent
4d0fe1f8-65ee-4a60-afb7-cce842c76dd8,1464216,9 years,Rent
b66eebe4-bb48-484c-8ab5-17bbcab5f8f7,2191650,10+ years,Rent
c7cbe5cf-967e-482b-9e34-9b5e52619580,,2 years,Rent
1b2255c3-2a86-4029-ac1c-84c9af3bbaf8,2080823,< 1 year,Home Mortgage
7dc2f73f-e934-402b-bbaa-c68c6caa4c1c,1239826,10+ years,Own Home
ac3cfc25-e55a-4648-9c56-5d3971a413e4,,10+ years,Rent
a1ae5af9-4da7-4575-a188-03eb96ac2a91,809970,n/a,Rent
e1050d04-de61-49e8-97b7-a9d3e4d4b600,,< 1 year,Rent
19eb0550-ecf7-4a3d-9d80-57732f6f4421,,9 years,Home Mortgage
f0df9c06-387f-424b-9352-eee0b4245f2a,1381414,10+ years,Rent
22f23632-2972-4a5b-92ab-e9334d9bbb55,1020186,2 years,Rent
c517f0c2-7867-4d3a-a01e-bfa90de91c4f,769120,< 1 year,Rent
7977017a-afb8-4706-99fd-5033f48ae45b,1397830,5 years,Rent
5d6c75e7-f608-40f1-8ae8-49ee49543678,1269846,6 years,Home Mortgage
130ad16d-0cfa-4cc4-bf25-5b66d3bf9b61,,3 years,Home Mortgage
4db4a1cf-e98c-48dd-b7e5-79483cd7238d,,2 years,Home Mortgage
ff1fce6a-3b0c-4ded-958d-f667a6fcc64c,1114806,1 year,Home Mortgage
b6997035-705a-4db6-8e21-7114854a7273,5727360,1 year,Home Mortgage
71cd1935-5f30-4034-acb1-f3caff479443,,2 years,Rent
78052a3a-60bb-44d3-8abd-bcffc436137f,1250200,9 years,Home Mortgage
12bd43ad-85c8-4065-8771-b161d0a1f1c3,743584,10+ years,Rent
6c801e59-4017-4ff8-b233-dec1d4672f7e,761007,1 year,Rent
2c70779f-ab58-497d-954d-b5e41ec94711,1114996,n/a,Rent
f1639c8a-2939-4313-a10b-dfa461afc9e3,1363345,1 year,Home Mortgage
877415e3-ba7b-48f3-b2a4-5e40191204d8,976277,10+ years,Home Mortgage
8ebf7238-ad70-4437-9937-8a318d8e8d12,575985,10+ years,Home Mortgage
ab39ecd4-9b87-49cc-b956-611dac847d01,2527323,4 years,Home Mortgage
46ae8858-e8eb-413d-bd44-521ca715ac21,1168386,4 years,Home Mortgage
ba751a96-c010-43b8-9753-30a8e8cbffba,1184099,6 years,Rent
088986ac-d2b0-4675-b9fb-5ab7f8a94c6b,1387589,10+ years,Rent
1444ed29-cffa-4eea-aa7c-9ad7616584c1,1422302,7 years,Home Mortgage
f395f707-b0dc-42d0-9ee2-26709df36171,1399787,8 years,Home Mortgage
896d0071-400f-40f6-9910-60ed7e4e4b7d,2422975,10+ years,Home Mortgage
aba6181d-c317-4fbf-9873-58ba4e99ecb3,,5 years,Home Mortgage
84e51024-5719-418e-a87f-a6348d9cc378,1190578,3 years,Home Mortgage
89d7ecff-b582-4be1-bee2-60ff683cacf8,1029192,10+ years,Home Mortgage
0195648e-515a-43aa-b73a-4638c94bc90d,560652,10+ years,Rent
16cb2364-e28f-4b55-95a8-dcf6c7faf490,1075552,9 years,Rent
c1879aa3-450f-4027-9f70-336cff1205a4,1542724,5 years,Rent
c52a0fbe-0187-457c-ad45-35cf0ae831f7,,2 years,Rent
c8ff76de-abc0-4ffd-a40a-dc7c7d72d772,1429142,< 1 year,Rent
565b98b4-eb3c-4d88-a9d3-e684f0096b30,3157002,2 years,Home Mortgage
6f55b206-d55a-4ebd-a0da-ea6a9edc0e65,,< 1 year,Own Home
a5c9ea86-44db-4ae4-8dc7-ee6af8d72f77,705185,2 years,Home Mortgage
f43d924c-e0b3-4887-b5f2-e23cd7115bed,1689480,4 years,Rent
0cface5e-6adf-42ef-8f5e-943e7c34568a,,10+ years,Rent
8d545114-24a5-4803-af54-00e634847ee0,2075370,7 years,Rent
d41ff2e8-919c-4a30-9499-7b318f6f9b79,772388,10+ years,Rent
42ef836e-aec5-4854-ac79-45b2ea2175f1,1344497,10+ years,Rent
89b063d9-bbfe-4f66-bb3c-a54740d0de86,,10+ years,Own Home
8a05ff0b-4710-4a71-ba75-a940d3b716ac,1311684,6 years,Home Mortgage
d629aa9f-3c19-44c2-afb8-68f04918bdf7,2235084,2 years,Home Mortgage
4ba13a7f-3b96-472c-9975-93374e300f24,519099,9 years,Rent
02aee597-a8df-441e-abab-51dae89c7a9c,1134338,10+ years,Rent
7ad9bdd1-ea7c-455f-931a-187ea5c3adb4,1352610,7 years,Home Mortgage
e4dda692-0b4c-46f6-8ea7-8c021ef79e5b,2230524,< 1 year,Rent
7cf17fac-413e-41c2-ae95-47e1fbc505f7,1732059,3 years,Rent
37d7f5ef-d81b-434e-b63c-2d8ac13a150c,3015072,10+ years,Home Mortgage
f5319f7f-a26d-4f84-8bf8-02d7c50722a4,,7 years,Home Mortgage
431fe4c6-56a7-48e8-8eb6-102904a542ee,1052220,6 years,Home Mortgage
4e15db46-dc86-4141-a7e0-20b8b95242b4,,10+ years,Home Mortgage
2a49a803-98c0-4f34-a5a2-69ae80d9d8e1,1159950,10+ years,Rent
a95404bc-1eba-4830-a591-118e91ed2087,1645134,< 1 year,Rent
99c55861-1f87-41c9-a1fe-2f558e276cd0,,1 year,Rent
f361728b-ee46-455a-b07b-babfd5262abb,950969,10+ years,Rent
057c64d4-9a8a-41ca-90e4-44ef317f7248,1169697,10+ years,Rent
591dabce-5248-40a8-804d-93834083122f,672448,10+ years,Rent
413bf07a-9386-4434-a731-8f9bdb6f4db8,873981,5 years,Rent
b6a313c0-e60e-40c3-9d93-820184f5fdf1,2271108,5 years,Home Mortgage
72066bd5-c83c-4df7-b10e-24b17413ed75,,8 years,Home Mortgage
49481741-8b48-4e00-9bfe-7861b3689f29,1639890,6 years,Rent
856b7cc3-d836-4100-900f-1e24e001af71,1455476,8 years,Home Mortgage
b671a632-d7a7-4ad1-828e-3b3f95bd0cbf,942590,6 years,Home Mortgage
5a20bd4b-a840-4daa-bbca-7a5609081349,,n/a,Rent
1ca8c65d-fb39-4769-ae88-7a36029557f4,,10+ years,Rent
ae898c88-b94f-4977-a102-02e25ae65fb3,536180,10+ years,Home Mortgage
749c73bf-1067-4653-9e6e-f01d3bb0bde7,1914250,3 years,Rent
796aed74-ec29-4caf-8519-7a3c9bea0b6a,2881730,10+ years,Rent
bf599d9d-466f-4212-a116-e4887e701520,,8 years,Home Mortgage
e9319193-18a7-4e21-8bba-735cb7bcecd4,,< 1 year,Home Mortgage
a4925417-9207-4743-864f-d25c3574a8a2,2336316,10+ years,Home Mortgage
616a784d-0f7f-491a-bdce-ec743bbfcd65,1876060,10+ years,Home Mortgage
6ab1624c-28d3-4e0b-a289-2c5356e141df,,3 years,Rent
ae891a93-54cf-49d0-aaaa-c9d2b315f91d,1647946,10+ years,Home Mortgage
e79519d3-8a38-4a87-9ada-e058b07dee2d,708757,10+ years,Home Mortgage
e7d493ac-dad2-44a0-aa26-4c9ea43bf7bc,4303139,2 years,Home Mortgage
5405aff8-e0ee-4707-9d0d-29b51ff1902a,,10+ years,Home Mortgage
a3af9028-341b-4614-a758-b668ed9e5a97,1899620,10+ years,Home Mortgage
29120382-d973-463e-9292-54e8c85291aa,3247860,10+ years,Home Mortgage
c290030b-4dfa-43ae-ba30-a16b4de7a727,710524,5 years,Rent
540849ea-d8c0-47ba-b800-651a1be8e443,898035,6 years,Rent
ecb544e6-77d8-436e-a837-9ab10e8c65a0,998849,< 1 year,Rent
169e5dbe-54d3-476b-8391-381652036593,1878340,5 years,Home Mortgage
24246da1-316e-4e8e-addb-57a17b292272,962160,4 years,Rent
8d299175-a530-461c-8d18-ac506447c112,1017165,3 years,Home Mortgage
f277b82a-c05d-4492-a9f9-5a1f541a0d0a,,10+ years,Home Mortgage
0f9197e0-999b-452d-b7a1-9ceb2ff4e54b,2001384,2 years,Home Mortgage
aac010fd-fc48-4916-9e4a-60893ea92189,677502,< 1 year,Rent
bfbc2d12-e3aa-4021-b7e0-876c9ebb97f0,,10+ years,Rent
97bc05bb-44b8-4028-95b9-645b6f25f5f6,2803545,10+ years,Own Home
52be8479-fb97-44ee-8caf-f27e8773155e,814036,1 year,Home Mortgage
a516d48a-155e-4cbb-8710-43bddd55b655,,< 1 year,Own Home
de3d670f-0e19-4413-bef8-70a963b9c28d,,8 years,Home Mortgage
e31b2634-de5d-410d-a801-a81bd0213eb7,,10+ years,Home Mortgage
24de62a3-ef36-4410-a827-128b7d3c9e4b,1081062,< 1 year,Home Mortgage
ed1a0673-764b-407a-aaa5-8b3cbc3b2c28,1679125,< 1 year,Home Mortgage
cf30b5e1-8cf2-4105-b809-27d16fd4a89a,831231,7 years,Rent
43c4c3ae-f04d-416a-9f4a-99af306cad1b,,2 years,Home Mortgage
842d1bbc-a254-46e8-a676-067028cbf958,2011378,8 years,Home Mortgage
e9d68858-cf7e-4a2f-a7d5-62d0e5e0841c,3097703,10+ years,Home Mortgage
1513b555-cf3e-4291-b87c-6c6e763c254a,2510014,1 year,Rent
72403d93-d6fe-4bd9-8e23-1a26c9767cd7,670111,3 years,Own Home
efc99312-a169-4615-9216-22bbc2ad0ecc,1228464,4 years,Home Mortgage
85f98767-7af9-4471-9d21-14b30f453461,732336,10+ years,Rent
1cc8c352-dee6-4924-ae99-bdd41ed042c3,663404,1 year,Home Mortgage
d2a6424f-8204-4556-ac7a-d7c809b20f53,894672,7 years,Rent
542071c5-84a5-436e-a61a-2e5878efa5dc,956745,3 years,Home Mortgage
31b71361-5fe6-4eb3-b801-7557baeb8901,946485,3 years,Home Mortgage
5eeae40a-bb1f-48fb-b7e5-0594dcac7114,772312,10+ years,Rent
33aba452-7b2d-44f0-a02f-6ef98e19408a,886977,7 years,Home Mortgage
51cacfcb-1168-4d31-be64-34be8e132638,2080975,10+ years,Home Mortgage
f6266589-9b23-4a37-ad34-cfe94dfd36ba,1716042,7 years,Home Mortgage
39db2b7e-0024-425d-904c-e2fdf9f099a0,1897549,9 years,Rent
65167640-fbd2-43e5-be80-6a9ecb981b3a,1128942,3 years,Rent
96a7b165-4645-4b7a-8406-63f666559850,1777564,10+ years,Rent
28333723-03a4-4e31-9562-f4294f98fdfe,1387418,10+ years,Home Mortgage
95dc7c5f-804c-44f3-951a-e9525f3b7d73,811642,2 years,Rent
3a4793d3-b3f4-4711-aee2-f2e0d51a225a,,2 years,Home Mortgage
d7b0e93d-2323-4a76-9d3c-db51b9a376b7,1712052,8 years,Rent
23c60592-d1f7-4d4b-848d-b0d2c34338e3,3613249,6 years,Home Mortgage
5713de3c-f82a-4d5a-8b52-6c622ab6dbf4,1046368,4 years,Home Mortgage
36dc5fd4-5c35-4ede-891a-49b485b3cd13,,1 year,Rent
ad4689e8-5935-46a9-a3c9-fc39d65af329,871283,10+ years,Own Home
00ef8684-15c0-4bfb-98db-4c9078ea7b46,956840,2 years,Rent
508b307f-f326-4271-982d-059d2cbb943e,,10+ years,Home Mortgage
68ddfae2-b529-4bc9-94ba-5c472806b084,,7 years,Rent
1ee3b0df-5e97-462a-997f-bb8510e1faa9,707199,9 years,Own Home
12c72640-41df-4dc2-b3f3-19d365e50e94,1014961,3 years,Rent
b29459af-1eda-4064-b64d-e5420df4dd88,661238,1 year,Home Mortgage
0aa0c1c1-1f44-4171-9fdb-805f926a47fa,2424799,10+ years,Rent
1bf318e3-8da8-4e1f-8c5a-883eed4a5709,1301424,10+ years,Home Mortgage
4528da94-212a-4ba4-b77f-1a9638d95a9e,,3 years,Own Home
de4f6151-1b59-4088-a6dd-b7bee4e26d90,572280,5 years,Rent
699eac79-798f-4915-80d7-a3258dc468de,805980,10+ years,Home Mortgage
bc2ff97d-439b-44de-9874-b1911845d9f3,1219230,7 years,Home Mortgage
ed23d899-2b14-4227-8037-03c14c938199,989482,3 years,Rent
2cb2dad1-80fc-462f-aea8-e41b21159d6e,,10+ years,Home Mortgage
73b31928-860e-4577-91f7-91a4b9a3e179,1503109,7 years,Home Mortgage
57dd226a-e5ac-461c-ac6d-3cb1e86c5000,1781497,7 years,Rent
cd7c3b9a-c745-431b-a8d8-5198b01b83e9,746016,< 1 year,Home Mortgage
a41be09a-ff80-4f80-b2a6-81aefe158e18,800090,8 years,Rent
a3b124ae-1242-4891-88ce-4702555a64f8,875273,4 years,Own Home
4a43c002-470a-450a-8936-db04a0b6232a,777176,4 years,Home Mortgage
f307eefa-e769-4724-82eb-39e144f530a8,1718113,6 years,Home Mortgage
c96f37be-a7e4-43e7-aac4-14bd30f825e2,968715,4 years,Home Mortgage
b606c100-7fcd-49cc-9290-30033b97adbb,518339,10+ years,Home Mortgage
42e51270-b80a-4d39-9789-b9119a990804,1552984,n/a,Home Mortgage
06bcf3be-6740-4df6-8f52-112e17eea097,1484432,3 years,Home Mortgage
724cee3c-3393-4db8-ba8d-7327dbe8eee3,868338,10+ years,Home Mortgage
ec110fcd-d801-4f6f-8ff6-f3695bb89a98,1414569,10+ years,Home Mortgage
4d5e237a-5940-41b7-80fa-acb6e604924f,2335404,3 years,Home Mortgage
649baf84-a15b-4a02-8bd2-75b78a23ff0d,1147296,4 years,Home Mortgage
e26d0607-b6ac-4e45-a8e0-85b86410f597,1422872,2 years,Rent
a3ec60e7-4855-461d-a897-7509c0086667,772464,10+ years,Rent
84db39e6-5dd7-47e9-b768-c6e787a4bbc4,,n/a,Rent
4b0ce00c-71f5-4d0d-b2bc-9e0db6190c13,,10+ years,Home Mortgage
0c4c9cfd-4666-44e3-8416-e8e75841b865,751792,3 years,Rent
22bfb9c1-13a9-4270-8224-fff2e8a025ef,,10+ years,Home Mortgage
b6724229-2490-49db-839d-8aa351ddd465,1372541,7 years,Rent
eaa4ed03-c821-4034-a526-0d43eedf42d8,753312,3 years,Home Mortgage
9bb85a5b-33dc-4ebc-878d-487f3efbd973,793250,10+ years,Own Home
ff816a32-27a1-422a-85e3-2e4394846197,479085,2 years,Rent
75b1f917-a39e-4f13-8436-d2a6e5d3cd63,1769128,9 years,Own Home
da86e6d3-ba9a-48e5-b377-2d4c5d706193,1384834,1 year,Home Mortgage
bfb44dac-c695-4a4a-a3d6-0eb79113b039,,3 years,Home Mortgage
68a163be-9362-4e7e-a353-b793d450ca3a,1625830,5 years,Home Mortgage
04fa8d8a-90db-4b91-b041-4e90c64f8f07,3080774,10+ years,Rent
cf9ed12d-6a89-4edb-922a-db4c09a6d418,1608065,3 years,Home Mortgage
17acfbd7-9c6e-4aab-9248-a918d0623675,1334199,8 years,Home Mortgage
4cd8b1d5-e5f3-42b0-859d-ba9c5ea2c3e0,,7 years,Rent
4fef7f12-523e-4ae3-a803-4375ad67e8eb,1455039,3 years,Rent
b62e0224-b66d-4aed-ae2f-6d1f2db0c86e,,10+ years,Home Mortgage
84d61cc1-d0d2-40ea-ad1b-03b8e8061df5,1313242,< 1 year,Own Home
d9afbb1b-74cb-47db-8b3f-4213e5525607,726180,< 1 year,Home Mortgage
0da6c7c9-3e7d-4569-98ca-a656355fde20,1263367,5 years,Home Mortgage
3801203f-7192-4fc4-b459-6a49b8d0031f,862638,10+ years,Home Mortgage
04ae6856-2349-49ef-99fc-23fb11e43639,,1 year,Home Mortgage
0f46f4aa-59a8-4755-83e9-83d0e862afdf,443954,2 years,Rent
ebc942e9-befd-46ff-8893-3e655a73af6d,,10+ years,Home Mortgage
624082d6-f713-4164-ab4e-56800abfd186,1356467,10+ years,Home Mortgage
c2402c3e-a2da-4faf-88b8-45eb643eb9fe,,7 years,Home Mortgage
b1cb1935-9f79-4653-a6b1-80527ea4ef0c,961704,10+ years,Home Mortgage
9b134a13-6642-470f-8f90-1ce4c3d829a9,2784165,1 year,Home Mortgage
4909bf9f-e922-4753-89b8-76f48c097c84,866723,10+ years,Home Mortgage
b5b02b41-1d86-4a27-aea8-33a20d38327a,2220758,10+ years,Home Mortgage
ef85c674-d255-4df5-826b-742f19686f1b,1787520,10+ years,Home Mortgage
23c0eeaf-01f6-467d-8fd7-284bacaf0fd4,1110151,9 years,Home Mortgage
bbf180de-3c3e-4314-8d4f-d4bc2778055e,933755,< 1 year,Home Mortgage
fd74a4c5-bbf1-493b-8185-76b26c856420,855722,10+ years,Rent
f172621e-b16e-46f3-bfc9-e3fca7e048f8,1310449,10+ years,Rent
41743aa6-103a-46b6-8b12-569f5ab8b0c9,,1 year,Home Mortgage
5fa9ee40-8421-4e44-92de-a7757ca04f8a,1115946,3 years,Rent
127436f6-cb95-43ce-bd3d-b0313dcdb33e,1548576,10+ years,Home Mortgage
a4993864-62a4-42fb-88cd-b1ebabb97b03,547295,< 1 year,Own Home
2233212a-d27f-4f7f-80c4-0c77409d77d9,528922,10+ years,Home Mortgage
d36d6644-c663-4662-9845-473bc5057232,1005100,< 1 year,Rent
016965e0-9e01-40e2-8f27-e5f0be2a109e,1665616,8 years,Rent
b9aefd67-0d4f-4180-805f-6c1870e280c3,1000160,7 years,Rent
d764e084-155c-464f-afe2-3feab01ebcb9,1044734,10+ years,Home Mortgage
8a36810c-0abd-412e-bde4-1f31084e5806,388968,2 years,Rent
3fdcd173-1a43-435c-974d-cac1352a934d,1164282,10+ years,Own Home
105ab1f5-4726-4931-948a-4c3a6ddb6145,2160585,10+ years,Home Mortgage
255071b0-e617-4ffe-9d56-136f82320af7,1099682,7 years,Home Mortgage
a52e8ef2-48ef-402b-86c7-02b08fae6b34,1407482,3 years,Rent
7fc5aa93-db48-4faf-b72d-03adc216cbd6,1408185,2 years,Rent
f4d46611-3460-4b1d-a865-3fa748678a5a,1228825,7 years,Home Mortgage
aca78113-b6c7-457c-b6b5-3128252b85ae,1372712,10+ years,Rent
42423f2e-b6cc-4c2f-bdc1-968680319779,5897182,6 years,Rent
66b53935-242d-4470-a6c5-fdae2f855bb5,916921,10+ years,Home Mortgage
8181c84e-adbe-4a82-8109-ed0d0ca96e39,,4 years,Home Mortgage
814df10c-ef63-4cac-8510-79037b89fcdf,1152654,3 years,Rent
9a164cca-616a-46bc-9516-be995726611b,2703206,3 years,Home Mortgage
d97f3682-7dc2-4a34-b63d-27064517aff6,809400,8 years,Rent
8b2129d6-3cbb-45ce-887c-8eeac082983d,,8 years,Own Home
582c96a8-e90d-47bc-9a43-714c843d598d,991876,< 1 year,Rent
c50607f2-5968-4674-add6-a8866a950fd0,1389223,10+ years,Home Mortgage
1e83ac63-f922-475e-8023-c11569336f47,,7 years,Home Mortgage
ca43aa10-4515-4df5-a0bb-bdeaec7d4f94,1114806,4 years,Home Mortgage
b1c114b5-648d-4119-b753-10aae62b104b,1637781,1 year,Rent
d62dd490-8e8a-4f1c-b7c5-0067a6fd47dc,734350,10+ years,Home Mortgage
9e62acb4-0bc7-4fcd-bcb6-6149af173dca,954560,4 years,Home Mortgage
0d5791fc-5ce3-4004-a9f7-97856b52854d,2104136,10+ years,Own Home
bda7364f-b140-4494-b549-e3b39b49e401,1601643,8 years,Rent
ed9837ae-d3cb-481d-811a-3964244c2250,1001566,6 years,Rent
d0c5467c-01dd-4267-9af1-a8b4fb6e12a8,458014,1 year,Rent
2a79bdff-2e49-4835-a2b7-4b732d339939,,2 years,Rent
c1721711-9b3b-4eb9-9504-a3d52413c25a,1254019,1 year,Rent
550949e3-396d-4df5-995a-df46ec44884a,1413049,10+ years,Home Mortgage
c41968ed-359e-46bd-a369-7d6a0ada6f0b,1805228,10+ years,Home Mortgage
794bb227-313b-4ffb-917a-0470e00bc263,1478808,10+ years,Home Mortgage
053a079d-c01e-421c-ad3e-65efa2d6227c,1146498,2 years,Rent
770d49da-c398-4851-82da-68047f9652d9,929100,10+ years,Home Mortgage
b7946d17-a247-4797-b10e-0efc434dcc83,1102874,10+ years,Home Mortgage
cf8c2851-9e03-43ff-a0a9-8437c522d9f2,1649789,n/a,Home Mortgage
9d7c17c4-e508-4479-a780-998301ec59cb,1126662,3 years,Rent
89df8bfd-727e-4b4e-aa2c-7f9733302c39,2047155,2 years,Rent
0841c476-a921-4a96-b9bf-241e4677f6a7,473347,n/a,Own Home
7e9185ee-e394-4c8e-ae1e-971e589208b9,191615,6 years,Own Home
153b1ddc-16ed-4060-8d51-693e1c25a6ae,2216464,5 years,HaveMortgage
35a3679f-9846-4e2d-b820-f64b850d7991,,6 years,Home Mortgage
3a32c715-af23-466a-b4f2-197eae44fe05,1864660,7 years,Home Mortgage
1da3c9ce-ec58-40d1-9ec5-8d92b87fbb6f,497648,5 years,Home Mortgage
5d2f12ad-94fa-408c-9080-bcbe290e3eba,2134308,10+ years,Home Mortgage
8e92273d-4037-4cd4-8501-d8d18a21b5f5,1145358,< 1 year,Rent
378a47e4-2c81-422f-9de9-d45cece799e4,965200,4 years,Rent
f9b1132e-1b8e-4901-b9dc-976f20e1c170,1518404,10+ years,Home Mortgage
477769b9-67c2-4880-ae61-5b8b970a7c89,1701450,10+ years,Rent
23e20c4b-3444-41bf-a537-89218ed5c5ee,,2 years,Rent
667237e9-f3af-49aa-bd2e-1c89d70497a4,4184180,5 years,Home Mortgage
d018ef26-111d-4dd0-bba9-b9907eac5367,,10+ years,Home Mortgage
df6b47fb-e6d1-41df-9ff3-9e5375660067,1631587,n/a,Own Home
2815278f-8504-42ae-bcc6-67d2fc826c63,1352743,3 years,Rent
8b317288-4caa-4e7e-9aff-59ce38ebc807,539600,< 1 year,Rent
e22e95e5-741d-4f37-9d16-e47fc695ade0,1862494,3 years,Rent
a992d10d-d4fb-4edf-8614-98b723f1b435,1069966,10+ years,Home Mortgage
82e15c7a-72eb-4b75-88dc-9c54dcfb73b0,,2 years,Rent
390343c0-d223-436b-b15e-e90888460cb5,1249345,3 years,Rent
686349ff-ace2-4eea-8963-8bb06d950f05,787626,9 years,Rent
2786ea5e-a164-478d-9351-b97be3ef2287,1677681,10+ years,Rent
f1ee966f-4d19-4e6d-b09a-aed217aaa007,963528,3 years,Home Mortgage
6ff2c666-3d5d-4500-8aae-f52a4fd6fae5,2061063,5 years,Home Mortgage
96944da2-c1e7-47fb-b546-8768a250640c,1867130,10+ years,Home Mortgage
10bd09ac-9ecd-4fcc-a636-e3f5e9b84ded,,10+ years,Home Mortgage
860cbea2-1dd8-412c-beeb-fc12b94ec3fd,,10+ years,Rent
4e87c2f3-74a6-453e-a864-8fa09d0fd746,,4 years,Home Mortgage
c1de06de-bee1-498d-8aaf-368477047d42,,1 year,Rent
ffffc64c-8637-4a08-b2e7-5b67bd8da124,1161774,10+ years,Rent
3791c625-bbb0-4eea-8254-3c9996449d81,668325,10+ years,Home Mortgage
4f8943fa-c9c9-457b-86dd-b6a21540fdd6,972496,4 years,Home Mortgage
d8b1109b-29e7-4ef3-ac7d-61e7ba4d631f,1599857,8 years,Home Mortgage
418d7180-ed96-4f35-9e77-61eff5ad7d9e,1801219,6 years,Rent
aa4f98b8-1f61-4413-9ad8-aa9c52be951b,,< 1 year,Own Home
ecb0b870-e3c8-4c4b-a89a-a0dd9fbe29ee,1058262,10+ years,Home Mortgage
d55783c4-6bbe-45e1-96f0-3258d67ec2f0,843106,10+ years,Rent
99a2652b-7a58-4103-89c2-1f9dedf25449,506559,n/a,Own Home
5b0f5bd9-8550-46a5-9b0f-5bd1127e1d20,1089707,10+ years,Home Mortgage
31e0ddfe-8993-4c33-97e8-62656df8a02d,777195,n/a,Home Mortgage
b3dddb2c-fd79-4dff-9d66-4b7e2ab5695d,,< 1 year,Rent
13524041-9535-46bb-9817-712e1785bf07,,5 years,Home Mortgage
9ca27658-7304-4eda-9425-4a2bc14c7fae,1523648,8 years,Rent
71264409-6c3d-446a-a181-9a1b3a8c298f,1277465,1 year,Home Mortgage
6b729bbf-1825-4d37-9a79-c85b28ffaca2,1026513,2 years,Rent
d9d93b55-5d86-48c2-b8d4-341836b6f483,944965,10+ years,Home Mortgage
49a4af7f-e941-459c-8933-53dad2a09da9,907820,10+ years,Home Mortgage
54bf285a-fb16-4248-a8c1-b10c2738b0df,1267015,7 years,Rent
71cdcaa1-25cc-48a7-a400-5c50566cbd26,,10+ years,Home Mortgage
57209acd-ae7b-4253-8e67-788e04a9830f,1880620,10+ years,Home Mortgage
5eed9bd4-6eb0-41ce-850b-b2b1dcfa9042,1161983,5 years,Own Home
c9e83269-030c-48f1-bc83-ecf71cf33641,746928,1 year,Rent
9cf87657-4eb7-4fe9-b9c7-52cdc70cd9cf,1892400,9 years,Home Mortgage
3ce435c3-3bd4-4f1b-b1e6-9c1c7588d103,751887,10+ years,Home Mortgage
54094b14-c5eb-4130-a6bd-cd79f2e1e63d,468217,1 year,Rent
df630a2a-7f36-4527-81c0-8af8fcbb21d0,1361787,3 years,Home Mortgage
d1e5c0df-3c5f-4f30-bbbc-0b77fb599ddf,875273,10+ years,Home Mortgage
aabca1e5-06bd-4b23-84f2-5f623efd31bd,956080,10+ years,Rent
dae92cf9-f858-481f-8020-7b93897bf1cd,1688625,< 1 year,Rent
35c9e2da-2945-46f6-8762-2f52fd9f4cb6,,10+ years,Home Mortgage
3e135b7f-f0d1-4094-acb4-a1056c8c8c1f,498256,1 year,Rent
98decd4c-0917-4693-99d1-b9a9355e3949,,3 years,Own Home
e2fb4ab5-66b3-4e09-8347-3e09501f4562,810293,10+ years,Home Mortgage
87ca38f4-5dfb-4925-a673-f0c8cca674b3,1486294,8 years,Home Mortgage
4c77d891-7c7a-4155-974c-8373abf21f66,1542800,10+ years,Own Home
e0e6aa98-2bac-4c99-aa06-e31236105977,825284,10+ years,Home Mortgage
d3500fae-5dca-45fa-afb7-0896aad9b410,807899,1 year,Home Mortgage
fabbb020-9bc5-457f-990b-4ada5f263289,1577627,10+ years,Rent
10b17b6e-a724-475d-9f09-69e3244dbcf6,2281995,7 years,Home Mortgage
dea9e623-7ec2-4778-98b2-f7855197b9a1,1359792,6 years,Home Mortgage
83ad10c8-c58f-4b15-8ad6-a2ce00c039bf,870903,8 years,Own Home
956dc810-3127-4ffb-8ff3-ad1166277349,,1 year,Rent
205509c7-8110-449f-a4e4-ab96f3e68b55,2262178,9 years,Home Mortgage
6bc984ce-4d7f-4247-9409-357e27494594,,10+ years,Home Mortgage
a9062a6b-86cd-4db0-93a2-8accd261b5be,1022637,4 years,Home Mortgage
4dab0670-751c-4351-9440-150df101f5fb,,10+ years,Home Mortgage
f7c4c3bb-c622-475b-bdb1-55377df99d54,1246856,1 year,Rent
b64a8cae-c9df-46fe-91b8-331b4123b15d,4274145,8 years,Home Mortgage
83c2be14-8ffa-4828-9a5d-04a960d14367,,2 years,Home Mortgage
98c99a5b-1d44-4aaa-8fd3-662af80798a7,1881000,2 years,Own Home
d0ee1526-297a-4a7a-bf2d-74968b0ebb53,,10+ years,Own Home
db99eeb2-3157-488d-9234-c51c44f2273b,2079398,10+ years,Home Mortgage
2776772b-e201-4e47-94c3-4e6a23328cec,1304730,10+ years,Home Mortgage
945297c2-f802-49a1-bf36-d14ba5470835,,10+ years,Own Home
e743655a-a383-420a-8613-d114b8021d8e,3965433,10+ years,Home Mortgage
042816b8-a0a5-493f-a7cf-549a791e0f25,1266787,1 year,Rent
bbd8548a-da42-4d27-969f-abaa24fd7e15,1141368,10+ years,Rent
b0d32f4d-e665-45a1-acce-d0dff8aea22b,223896,n/a,Rent
dcace57d-75c6-4a44-8ac1-0e9155b59338,752096,n/a,Rent
028c3f7a-fd3b-4945-875c-8b5d3ccce1a1,920284,10+ years,Rent
2490a332-8c4e-4d9c-b844-d2199b018890,514045,9 years,Rent
94e7fa4f-01ad-435c-b866-563bf62eb836,1483919,10+ years,Own Home
119bce12-37cc-4a50-b4a3-0b7b287d96ed,664468,6 years,Own Home
3d6f3dd5-2902-47bc-8c3f-3c9cb7b15a6b,,5 years,Rent
57da1c0e-b179-404a-bbe6-896bb52e5e91,1186835,10+ years,Rent
5008936d-56a7-4a7b-9123-258f8c91369d,1735479,1 year,Rent
08decb0d-c78b-478f-b56b-30052ec30ff1,664316,1 year,Rent
cca95b08-b697-4c74-a6f1-197cced2875d,856976,9 years,Rent
a065db7a-466f-4efb-a301-cd514aa488c5,1555720,10+ years,Home Mortgage
aca385a5-ce72-4605-a640-a3e350575db4,2241468,3 years,Home Mortgage
77733dee-2295-4768-ab55-588f446befbf,1042492,< 1 year,Rent
3085e3b1-7f4d-4ff4-997b-b5feec434549,1384682,< 1 year,Own Home
1f23c87b-10b9-404f-bb05-2ef93d6da8cc,,< 1 year,Own Home
03e991cd-768f-4718-a03a-89d2ead4842d,1774866,10+ years,Own Home
b00e547a-f120-41b6-94b3-e1c83a00c6ce,1024328,6 years,Home Mortgage
ca6ab21d-4707-455d-a68d-9bae03b5bc19,,2 years,Home Mortgage
33b6c0d7-d737-4aca-81ed-e3f15ddaf872,,4 years,Home Mortgage
554a767a-5257-4f77-b98c-956de26db53a,1600978,n/a,Rent
285f8080-2292-4222-b167-2232d1e87cb3,987126,10+ years,Rent
7bcb29ea-66f9-44a2-bbaa-9d6d9ccca07e,1702989,9 years,Home Mortgage
0eacf9f8-653a-40ba-b830-d4883bc63d2b,1050757,10+ years,Home Mortgage
e3e0c9c3-2277-4909-aacc-2f39d2547f48,,2 years,Rent
882031b9-779d-4abf-b5d5-3df7ad77cd7e,832485,10+ years,Home Mortgage
1d43efd9-e5c1-4ffc-8882-02411a8e4c01,1452360,10+ years,Own Home
a7f51244-67a9-41d8-9de3-a76f9762b699,,5 years,Own Home
a7b1925b-fc19-4a5a-b184-9abb04cc9762,1008102,10+ years,Rent
590252a1-6253-48ed-8a21-4ee719ed6cd6,833834,10+ years,Rent
660c6494-23df-4519-b777-5d93ecd42184,546041,6 years,Rent
c8b5c433-7052-436d-868e-536d591fa9d3,1528056,10+ years,Home Mortgage
b5d28d0e-73d6-4b66-bdb6-948711077e5c,1115623,10+ years,Home Mortgage
db7a49f3-8542-4fbf-9d67-1bd1d66ebd57,3469305,3 years,Rent
98421056-6da7-4a17-bcaf-349faf512b3a,,10+ years,Rent
686df0a7-ac7c-4466-964d-2a17323d89e1,836874,8 years,Rent
7818f9a4-aa61-413e-8699-45deeeddf1e7,2625534,2 years,Home Mortgage
d1fd42e1-ecd1-4c3d-a86c-0ef13299ecbf,1250846,4 years,Home Mortgage
c1769019-1608-4c34-a732-a81b2c251f47,1023853,7 years,Home Mortgage
28813da1-04aa-416e-9d04-ba92395a2a80,1695294,7 years,Home Mortgage
a32f543f-4de2-4a06-9c98-be6529ed9df9,1800972,7 years,Home Mortgage
3e8e03c4-dbd0-4558-a77f-a5b0e79a9b62,1118796,5 years,Home Mortgage
246aec06-32b7-4673-b9c2-bbf31d52f24c,929138,8 years,Rent
e5b02549-caac-4180-892b-c9dfb30f3e6d,563502,< 1 year,Rent
76634896-2b0f-4af3-837d-45891a5797e1,2426528,10+ years,Home Mortgage
dd4dbe70-768c-4bc1-9ae6-65763541bc5e,2075161,7 years,Home Mortgage
d708811b-5254-442f-99c0-acb9c0739fc7,1311646,10+ years,Home Mortgage
bca23c80-dba0-4b57-8694-282a8bb0ba48,,< 1 year,Home Mortgage
ce050b72-104a-4f02-936a-4e3cc09b405a,,6 years,Home Mortgage
6b4b09c1-4726-405d-9b0c-ba6a092e0ff9,1466002,5 years,Own Home
f2519cb8-697b-4da7-ad21-52e0a86abbb5,664544,1 year,Rent
b2087700-ef40-4883-96ad-c7ce76a9ab6f,1455780,1 year,Home Mortgage
64af3362-431b-4db2-8316-1dea88b9d6bb,3368567,6 years,Home Mortgage
a09393a3-cac3-463b-a234-f3efb74c536e,1034873,1 year,Rent
a723ab42-7ddf-4e35-8a15-6cbd35f0f11c,1059744,5 years,Home Mortgage
5b038f32-c8f6-4d7c-b584-e2239377dc77,1822613,5 years,Rent
98040947-abc9-41e8-aa17-0d26e985aa74,,3 years,Rent
3dc78af3-893e-4c42-9112-45b832d40db0,715787,10+ years,Own Home
fad87c98-f66b-49bf-88ca-3de8709af278,883272,3 years,Rent
05684450-4015-40a0-a4ff-b28dda1b17f5,,5 years,Home Mortgage
e34564f3-f99a-4b3c-ac34-7454bbda86ba,1623360,4 years,Rent
f4a11227-ba91-469e-bf22-6f474e7e924e,937612,6 years,Home Mortgage
4d011ffe-b116-4f0c-a69a-0b0771d7a8bc,,< 1 year,Rent
21d7e0aa-e971-4553-9ed6-38926cf52c5c,1228711,2 years,Rent
f11535e3-f118-4573-aec9-d38087811cc9,468730,10+ years,Home Mortgage
941eebbe-de4d-4a1b-a3b7-19dba09a8c95,866039,5 years,Rent
c534812a-cf6a-49f6-87f9-0caf6bd4dd1e,,2 years,Home Mortgage
4810dec6-5551-4b9d-8352-eea554201333,,10+ years,Home Mortgage
2ba8aa4a-ac61-4d0f-88b5-96ef59a06239,1232606,n/a,Home Mortgage
a5f8397e-d642-4ce4-8a9b-b0dd8e56d05f,2412525,2 years,Rent
812eebb7-7036-4c39-8e9a-d66f2cefaac3,,3 years,Rent
1ca9764d-52de-4ab3-ba06-7761ee64e951,1793809,4 years,Home Mortgage
0327bdfb-df20-41cd-8b91-edd6f61984b8,2229137,10+ years,Home Mortgage
69c724d8-bc1d-4bc4-a216-d5228f1f1725,2760795,10+ years,Rent
94979e19-f547-460e-b577-0c7b4cc2b537,,2 years,Home Mortgage
27955e10-e717-4af7-a7ec-76794b3dfaac,1990991,10+ years,Home Mortgage
4686b417-0509-41b8-9b35-ca94031f6a04,1322419,4 years,Home Mortgage
4995d6df-e640-4010-88a6-7b32105a6cea,943255,10+ years,Home Mortgage
a7b5b17c-3c26-4dc2-b134-767f7ac917bf,1353940,10+ years,Rent
4fedd17b-cbe3-40df-a396-c3f029432284,,2 years,Home Mortgage
f122bd89-e5fb-4bd8-b3b2-5b59799617c4,825303,10+ years,Rent
815194c7-1d15-4b0e-9f28-8b5a60d83740,782838,6 years,Home Mortgage
9a0cbff5-16aa-4dd2-9544-2c307dbcb06d,1636812,10+ years,Home Mortgage
481816a5-c87e-4411-a048-6efbc4ad79d2,,6 years,Own Home
716264ca-f841-462e-80b5-099f0a9746a6,1592390,1 year,Rent
f44eda61-d88c-4804-af24-ec67a180f12b,1816438,10+ years,Rent
fb285788-41aa-469c-ac71-1aad7c5a131b,,6 years,Home Mortgage
0979139f-79a1-45e6-8de7-cd38484dfadb,1514224,3 years,Home Mortgage
7daa8350-1137-475a-a3a4-37a210329bfd,1062841,1 year,Rent
3b6a8498-9b13-4d11-9728-835547dd55eb,836798,10+ years,Home Mortgage
15a52e65-f1b6-4da6-9603-89182dfd350e,670662,5 years,Rent
d0d54556-59e5-4c46-8a5d-072d13d64551,1027748,3 years,Home Mortgage
0da2ff2d-e91c-4157-a358-d9a7371eb0ba,866039,2 years,Own Home
623b401b-ff43-4c37-a31f-62fb6ad443cf,2668778,8 years,Home Mortgage
a15ee875-604a-4c65-a6b2-7fb99df36e38,1221548,4 years,Own Home
a87cec3a-2cd2-4e73-a558-25269c6df31a,2736000,10+ years,Home Mortgage
72a78062-95ce-40f3-ba12-97c0a9998bf8,904153,10+ years,Rent
4b3fe630-00fc-4c7b-8684-7fe883fc6785,1375106,10+ years,Rent
11a046ce-1753-48b4-be2f-3013eb4a51d7,465082,6 years,Own Home
9ef0fb6a-a4b5-43c2-9859-3e5d487e2812,1746157,3 years,Rent
29b40998-b603-4882-a57d-97e05b85dfc4,880061,8 years,Rent
bb3ec004-41a2-4727-a7b4-6bad6464f5f5,2044077,10+ years,Rent
5428d43e-bb98-4c6f-81e8-548b53d29fd8,858002,10+ years,Home Mortgage
50d04ed3-4496-4592-bf72-86ea25d3cf10,,< 1 year,Home Mortgage
b2c76b2a-79d4-45d9-976e-55e298f34274,1328005,10+ years,Rent
213af974-ad47-413b-9ee1-05a4eb72eec4,,2 years,Home Mortgage
78609384-1daf-4a25-aaad-aae4c7a91948,319751,1 year,Rent
412799fe-1c94-4a03-8b80-4f8d4990cf57,990356,10+ years,Rent
4338bf65-585c-434a-b7ed-b00bd0776de3,1145092,10+ years,Home Mortgage
c60df1b3-defc-4cd8-934e-90afe44702aa,1607286,10+ years,Home Mortgage
56090384-6393-4349-b5cf-a70a5eccc65b,377416,1 year,Rent
ea064fb4-2470-4fb8-a3fd-62ead871c63e,813485,10+ years,Home Mortgage
0e857976-636d-419f-88ae-5c05e27c4505,,7 years,Rent
c593ec8e-c9f8-4bb3-bc7e-57305078be81,3797720,10+ years,Home Mortgage
58a1d83b-7963-4a05-a7bb-b1b14d9f27f7,1093393,3 years,Rent
7bf95106-51c0-404b-ab20-140130189999,9589300,6 years,Home Mortgage
f07c56a4-e3b0-47d9-81bd-4784f28dde08,1939900,10+ years,Home Mortgage
269de49d-f1da-45d7-b51e-93b4afa988d9,3039088,10+ years,Own Home
e144fd7d-5945-4030-815b-49a2d282bfb8,1704699,10+ years,Home Mortgage
2d7149fb-d6ec-4d6b-a6ff-10a17912f0d5,948480,4 years,Rent
6ff77e5f-fcbb-4fc8-a34a-87083e39a73e,,2 years,Home Mortgage
13386442-96de-4a53-8489-8c5066ff3a3e,1362452,6 years,Own Home
0bf85a93-3995-4aef-b6b2-b6a87c50f8fc,1082563,7 years,Own Home
05301ee5-29ec-48b6-b3e5-0813ea25d684,1339025,2 years,Home Mortgage
b70b3ff2-984d-40ea-bd75-bd4087b4e10b,1312045,10+ years,Home Mortgage
a3ce9380-161e-4aba-8327-659d033c4890,1590243,10+ years,Rent
34949c6b-8b6a-41f8-991b-6cefb30eab45,531468,7 years,Rent
9f1058e7-ed26-4abe-9f0a-4c47ff7f8805,789773,10+ years,Rent
570822ed-fd06-481d-b3dc-d2c7b403b227,723596,10+ years,Home Mortgage
4cb31125-1dd5-4703-8fa4-96994c6e31f0,,7 years,Rent
846c0725-1cf0-481e-b48c-633cb02eb709,811072,2 years,Home Mortgage
b8a8b409-6ae6-4a84-a2a0-3fffd692c703,948955,n/a,Home Mortgage
fa0f02da-e6c7-41ed-a48b-84ed220f4c56,938790,1 year,Rent
68e56c40-9c5e-4b41-892d-689e4730560b,2897595,10+ years,Home Mortgage
ae7cc48b-0137-4a74-a380-d97efad27b92,1010458,7 years,Home Mortgage
40b0ac91-ec92-4802-8b08-1099ef047c7b,1542629,3 years,Home Mortgage
379651b9-ca60-4a94-a90a-f91e5fd66e97,1040193,6 years,Rent
b918e846-8bf6-4c5e-afb3-33d1056931eb,1708632,8 years,Rent
226ac66c-ae1a-4822-b109-f79e63e92de3,538992,5 years,Home Mortgage
c4f6112e-8810-4d57-ac21-e19ccbf7c96b,,1 year,Home Mortgage
fb2b0740-4078-4df5-b28e-26662fe84ed5,4078977,1 year,Home Mortgage
f48f1d45-a593-4161-9ea3-d00932b34f2f,3621191,10+ years,Home Mortgage
aaab896f-415a-455f-8225-2c1e416391ac,2431772,2 years,Home Mortgage
74842a64-a775-4ad0-af4a-cfa458e6810a,,10+ years,Rent
7de33ebc-f644-4802-b197-18fac7a57a2e,829977,10+ years,Home Mortgage
7928955f-49d9-4534-b73c-afef2ac1fe9a,,n/a,Rent
00619151-e46c-497b-a193-258f1143e4a6,1488745,8 years,Rent
e3918bf9-2e9f-4a84-8c0b-0715377274e8,,< 1 year,Rent
91191422-14a2-4c2f-bb3d-8223ba8879c6,1424867,10+ years,Own Home
72eb718b-a977-4e31-90c4-2d87437db978,2622684,2 years,Rent
0089847b-9ea3-4f36-9218-5d31ad345b43,1253772,9 years,Rent
7fc29790-4c00-42c5-b67d-809e8c88c4ad,,3 years,Home Mortgage
3fc2799b-87d2-4068-b4d9-abfba07be5be,,10+ years,Own Home
fa4ec818-6d3f-4f19-a415-eebbf8a7e039,,10+ years,Own Home
c1175b36-14e6-4776-9fe6-ef7220570e78,1706409,10+ years,Home Mortgage
415800e3-6c6a-4119-8d73-a143cfd97e3d,1263063,1 year,Rent
53e65439-6d24-41c9-8eb4-8cc5f830ea9e,,10+ years,Home Mortgage
30503d1c-460c-4296-af7a-84630ab37460,,< 1 year,Home Mortgage
a8c730dc-0e40-4c75-b68f-1ed4b3bef59d,1814576,6 years,Rent
8ab6facc-2b20-4960-a01a-9e15f80f3567,1540102,6 years,Rent
2426c560-7ec5-46f8-8eef-772a84e54dcb,1135440,10+ years,Home Mortgage
8bee810c-bb3f-47fe-8ab5-2072755643aa,1591953,2 years,Home Mortgage
7cbfd812-a38f-4eb0-963a-b8d359463cc6,649116,10+ years,Home Mortgage
a5e15831-6799-4c39-b5da-34ad621741a9,928340,1 year,Rent
d53aa8bb-59de-4f61-8a34-c48e33394275,1858998,3 years,Home Mortgage
27ebfce8-d668-4a10-8c1a-a3c6efd92817,949430,n/a,Rent
d6b9f319-8dfa-40a0-947d-52b5a03b7a3d,,10+ years,Home Mortgage
4027069d-8335-40ee-9613-991d2095ea64,826804,1 year,Rent
ffe076f7-562f-48de-8e49-0b08fe1219d7,1124952,9 years,Home Mortgage
ab5a42d0-d169-4811-9163-9346499b3439,439850,6 years,Home Mortgage
79af1c99-bd0a-4278-816d-1203ecdc2519,1018894,10+ years,Rent
3cac5691-f214-4f9a-96ba-d820b4d2ef8e,963794,10+ years,Home Mortgage
97fb885d-10fd-4fdc-b4aa-cb7eaf9aa348,2696442,10+ years,Home Mortgage
f95552c5-e858-40d4-94d2-87216e0228ef,,< 1 year,Home Mortgage
7f15d711-e963-4296-9e52-c512eb23a8a3,1338379,4 years,Rent
4bf36711-dbae-4847-ad2c-0345650a68b9,875121,1 year,Rent
5cd4e991-c1df-4381-b843-e935f56c9e57,1313774,n/a,Rent
b076e205-f326-4c86-b32e-064b35781534,,9 years,Home Mortgage
ad10ba91-4916-4e5a-bef9-3765f0bbd334,786410,3 years,Rent
2c3eff7d-0a94-42a8-bf51-c6e417760e1b,1246856,10+ years,Own Home
9d136a13-2766-4529-a456-a87e0d5d3cde,2070088,2 years,Own Home
273fad44-d7a0-4843-8adb-6de19f50d800,379430,8 years,Home Mortgage
ad6f3b8d-089f-427e-8af4-5bab6a11790d,1498720,8 years,Rent
8075a8e8-39b2-46ef-ac8b-ad93cdf61157,1423005,1 year,Home Mortgage
b11aebf6-fb03-4aff-bd03-41c2ef438521,805030,2 years,Own Home
2fe4af81-d064-42ac-ab2e-b7776478ea72,462023,5 years,Home Mortgage
5ddbdfbe-253b-4ab4-ba33-e11d371ddc27,1810377,4 years,Home Mortgage
b9018a89-c205-402f-bc1b-45e3b0766982,905141,4 years,Home Mortgage
a5a3c232-fbbe-4eb1-a888-a95de6928916,,8 years,Rent
90b606ff-c8bc-43c7-9c8a-806c8e244399,,10+ years,Rent
cd688652-e29f-492d-b37c-3636dfebaf5d,964611,< 1 year,Rent
d6539f6a-450e-46df-92f0-3b891369264f,995600,3 years,Home Mortgage
6a76befb-2bca-4ca1-9edf-979e579a7690,,7 years,Own Home
08ab4af1-0885-4a78-b4b3-87095e57f120,924958,2 years,Rent
17e30d29-4e9b-4842-bcd4-7a1305873d94,1769812,5 years,Home Mortgage
ab05a378-09a5-4b63-8ade-3ada2a3a50f6,866039,3 years,Home Mortgage
fc01cb22-eb04-40e2-8450-57df44c4fc8e,,7 years,Rent
767f6bd3-5943-444b-b1f1-c2dae5617dba,1209065,1 year,Home Mortgage
de68cf56-291b-46a0-bbb6-2012261bf9ac,,10+ years,Rent
51e80daa-7bb9-4b09-b5db-d0920d5ca93f,779323,3 years,Home Mortgage
82f39b31-d4b0-4e55-8fb6-742a285340ce,2525765,2 years,Own Home
1e834c3c-d5a7-4098-b95b-644028b22013,522215,3 years,Rent
c5998952-3d6a-4b8b-b1af-82d517335509,1231428,8 years,Rent
e240a704-1048-4a76-972f-76650937820f,1058376,9 years,Home Mortgage
306592d3-b751-4371-920a-79ca42f44d90,1122900,3 years,Rent
96e1bdb7-bd52-43f5-8d1b-b750130ed19f,1158810,10+ years,Rent
d3e10a54-dd2d-4eff-8215-8f1abfba20f3,634315,7 years,Home Mortgage
5915df96-4b37-4857-9cf0-86ed16175164,581400,< 1 year,Rent
4bc7dce6-eeb1-4cad-aef7-d67a926ff4c3,806854,5 years,Own Home
0818eb96-2ba2-4cd5-a54f-3d1797f41195,1363345,10+ years,Rent
186055fd-c533-4d99-8bcc-69ade87537a6,712177,6 years,Rent
4ac3f457-927e-4e1a-a225-04c33b4fd2ba,1146042,7 years,Home Mortgage
667462a4-2afa-41a6-9130-648459d8b078,2819315,10+ years,Home Mortgage
278411d9-db39-4151-89fc-5647d91c8e95,1764435,< 1 year,Home Mortgage
b2eedde8-c2f7-4666-88c6-d410e8d90020,1260137,6 years,Home Mortgage
518c23af-bde4-4e72-8191-e81f50651024,617291,< 1 year,Rent
7280b11a-fb96-4223-b427-6aa19f6841d2,1928215,n/a,Own Home
320097b2-b934-4fd6-9f38-6c24fb876b19,,3 years,Home Mortgage
970823ac-2efa-4f6b-b50d-4bc8ec59a62f,,10+ years,Home Mortgage
5bd273c6-b1f3-434b-a2fc-769b22c838d6,1936252,5 years,Rent
b95b8014-9610-48d4-ab8b-6e6577f47056,1554048,10+ years,Home Mortgage
ebd2c04b-b665-41f5-93f4-6cb54d8e7133,1510120,6 years,Rent
c89013b1-7169-4909-b5ec-3b7764e6c389,1174656,6 years,Rent
7f587a2c-5778-4330-bc47-183dcd66ee60,1042568,10+ years,Home Mortgage
46d20695-6690-4691-8d45-fbfa2830127b,1523819,10+ years,Home Mortgage
6243c5d0-39f8-4d00-b517-85bbb757806b,1567215,2 years,Rent
cc5f55e1-2c2f-40e9-974c-cd061247fa73,1538449,< 1 year,Rent
f88065b9-87bb-449a-9d8c-a70b0ad4444d,1575613,< 1 year,Home Mortgage
f35eb1a3-680e-4c91-88f9-b6bf08f00b4b,,5 years,Home Mortgage
bc77ffed-86d3-4cb4-9953-206007ec7357,1318296,9 years,Rent
5100b164-22df-45b0-a4dd-7c109da83f77,1765290,4 years,Home Mortgage
cfe73720-c4bd-4876-a3f0-1940998f6a63,1304673,n/a,Home Mortgage
9cdf40b5-da4d-46ad-ba9e-b16fad39c174,1453500,10+ years,Rent
2bbfc43c-d6c3-4b08-8b41-aa05edcb2c27,,2 years,Rent
a190d172-2329-4571-9e6b-3298ae88291f,935085,10+ years,Home Mortgage
41b77a2c-575e-4e32-9c04-045bcfff9180,666672,2 years,Home Mortgage
37e00401-ecb2-4767-9b2c-919d92db0d82,558315,5 years,Rent
39d9e428-83b3-4267-9d69-775c440fc53e,,1 year,Rent
5262824c-051e-4677-b684-6ba8acdedd20,1196145,10+ years,Home Mortgage
8a2b7075-e066-44fc-8df5-9919be2e8cfb,2265636,10+ years,Home Mortgage
c76d2eaa-1072-4520-9ec2-ad9b5b481981,1824494,10+ years,Home Mortgage
ea185d36-519e-458c-b68c-9ba504a1f36d,1168500,10+ years,Home Mortgage
89572357-9b97-4672-a3ef-a22994bc663c,748296,10+ years,Rent
dbb7916f-d4d6-4ecc-80b0-e602975309c8,648983,1 year,Home Mortgage
915a16e6-0bd9-4446-8444-6dccd6b5b558,763268,3 years,Own Home
4cde9110-7418-4ca2-a61f-33ddf2ec6580,,< 1 year,Rent
eb2fa73e-3763-4147-8cc8-44715f1042a1,1458288,6 years,Home Mortgage
9a617aa1-4329-45b9-9479-9efcba7d65a1,754376,2 years,Rent
6edacf4c-6645-475c-bdbc-f9180a92a170,2596673,7 years,Own Home
4d72d437-11d2-43d6-98ba-b1d8c44bdce7,,< 1 year,Rent
71d47bf4-ffaa-4480-9bda-1092bfdb3e83,2254008,8 years,Home Mortgage
0ce041d4-ba6b-478a-9444-100c0d2f2e0e,1387152,10+ years,Home Mortgage
8e9edc9e-129b-4ade-98a8-41c3c401180f,1715814,1 year,Own Home
05d5c0c8-23b9-4712-9f6e-046ed6eea3ea,1333192,5 years,Home Mortgage
f4349718-5bf3-4419-b6a7-6a205ef1dfc3,,3 years,Rent
f90d5ca0-c542-4d70-bc67-8081d90f316b,866628,8 years,Own Home
5049afc9-25a0-4ec2-a5e8-7e4045c8f4d0,721126,10+ years,Own Home
0da705c0-3de8-4944-adaf-ba27c9cc0ca1,1410332,8 years,Home Mortgage
215a7b0e-c23f-41b5-9b84-1777ed0d0db8,2121616,5 years,Rent
46f73e77-715f-44ba-a9fb-d601179b3fc0,,5 years,Rent
2d6861f7-9c99-4e48-b8d5-cc4f104b5e3d,913444,n/a,Home Mortgage
53d8c32c-2103-420a-afc6-ab7f4d2e6192,,10+ years,Own Home
13faee79-ae55-4600-94f2-654e8d112fd9,809020,2 years,Own Home
f38ab163-3c90-40de-bc8e-60df6bfffc25,2013658,4 years,Rent
6ce890b5-64c7-4b2c-85b2-7ad5359a41a0,1179881,7 years,Rent
fd3cb9d1-63aa-48ca-b145-b839b8918903,2434926,< 1 year,Own Home
72b523b5-c3cf-4b72-9e81-f4882a559d14,2144796,10+ years,Home Mortgage
444205b1-afad-4ba7-b7b1-e55606d58d69,1403397,6 years,Home Mortgage
6fd880a8-e78c-4187-aef9-189edbb43c74,2060740,2 years,Home Mortgage
69bc7772-63ad-4334-9e8f-b3bdb6b2359c,1137834,10+ years,Home Mortgage
80871505-6c99-4dde-90a9-2a2577632386,972230,3 years,Own Home
bdd59008-388c-4677-8ac2-e8095d29999f,,4 years,Home Mortgage
908a8914-d12d-4d18-995b-6830f5ebb5a4,1748646,10+ years,Own Home
bada28a4-2874-4f67-b380-f069407d98d2,796936,8 years,Rent
63cef948-917b-40e0-a140-74d006e21052,,10+ years,Rent
3ba490e9-560b-4bbf-80ad-c4b8944c6f36,909720,9 years,Rent
25c734e9-cdf6-490c-b09d-27c18bc164e2,935465,6 years,Home Mortgage
6e117da2-eb4e-4152-8f05-58b4938587ee,863892,2 years,Rent
f939d90a-5373-4d46-ae76-9c2789548c1e,1570160,10+ years,Rent
fa741ec9-1e09-4ad5-b516-5999a891e288,1511944,10+ years,Own Home
952f8c71-f8c6-4f4a-b0d0-e3939a1a0643,2642976,10+ years,Home Mortgage
cb2c905a-bcfa-46c0-988a-371bfbf06947,3061166,2 years,Home Mortgage
04c678eb-67ba-43db-b9af-654165d8d40a,,< 1 year,Rent
d1994c1f-2e29-4cc0-add3-3109fbbfb957,794200,< 1 year,Rent
85198f8d-c841-4619-a1eb-7701b504d9ce,1058376,9 years,Home Mortgage
948d5dcf-f894-4abe-af4b-b8a77fdce991,943825,10+ years,Own Home
99b11ae7-7089-47bf-bb44-4d0aa86c2133,3318692,9 years,Home Mortgage
9fb95970-af64-4cb7-b774-72fc38c91346,3107184,3 years,Home Mortgage
8d65cb9f-6dd4-405c-b480-b17cdc2a939d,499776,7 years,Own Home
47022154-97c9-436d-8004-6f1deef97e3b,1153794,< 1 year,Rent
cf4a55ce-9f78-4957-95e6-d7e386eb0db1,891746,10+ years,Rent
44382660-2e8e-4291-b2ff-3c311206bf49,1265875,4 years,Home Mortgage
c1a7b9d6-e871-47d3-b4c8-808bb3996d0e,296761,n/a,Own Home
af67b37c-e357-4e1d-a3b0-410e57f27f83,,2 years,Rent
6715a479-e97e-4c3e-a3e3-76bdec3db13c,1152768,10+ years,Home Mortgage
da17ce13-9656-4158-b3c7-049ee66bcdbe,1078972,3 years,Rent
5727e3e7-dcf6-4b9a-802a-ad202ecbdeb2,1526574,10+ years,Rent
3d1299de-b86d-4968-afa2-d2914898266c,1092291,10+ years,Home Mortgage
33023cde-0c93-4bc1-993a-31261f5c8b8a,466241,< 1 year,Rent
dd6b4a5e-2dc0-4711-b0cb-f079084cc7d0,,7 years,Home Mortgage
72f2aada-3db2-4980-92e7-bd53f5b465fb,1069244,10+ years,Home Mortgage
1f53ed0b-b613-4b15-a061-45874b6404ac,683240,6 years,Own Home
c4d22d97-c9f5-4a37-aca4-3e34add0368f,1170552,10+ years,Home Mortgage
846ae73c-75c3-454d-9173-2bfd590dd7dc,925509,10+ years,Own Home
9e798315-e2dc-4321-be2c-ecd64e95dc5b,1157898,10+ years,Home Mortgage
2b34c438-b987-45a1-af1f-ebe4e54b85a9,1043898,10+ years,Rent
7290c843-b6a9-456a-888b-86edb319f8c9,,2 years,Rent
ecf9a949-f295-491b-bcf1-81a588d9644a,1666034,3 years,Home Mortgage
d55d44db-6fbd-4e1f-bbe0-24ee2939f929,,1 year,Home Mortgage
7905dcf8-6ef0-4055-ba22-490cbe4722c2,5648130,9 years,Home Mortgage
cd54e446-21c7-4e21-8bc3-da3ece6f7d85,654227,n/a,Own Home
df1a56d9-ffa6-4a96-a1ca-2a2e059d5ba3,1970642,10+ years,Rent
ee3c1e29-0bf6-4640-a5d5-50ad3051013e,872955,10+ years,Own Home
ad0801d8-8447-4d08-a74d-da59460b53d6,1125522,2 years,Home Mortgage
ff652953-22f7-432d-ab4c-0780b435d817,,n/a,Rent
df9d59d0-00ce-4dc7-849a-c3d5fd147c0a,2018750,3 years,Home Mortgage
96dfbbb7-2ab2-4f73-b4e0-9c5d1f912b4b,,10+ years,Own Home
34d52aa4-8d83-4b55-9a1e-12ad222d7a4e,,n/a,Own Home
6cef5565-1400-44bc-bd44-436da329ae02,1887213,5 years,Rent
a122bfc8-95a6-470b-9fd7-311021ed4023,2348134,3 years,Home Mortgage
ec618b43-449a-4b8e-9a7f-3f3ca161a922,,10+ years,Home Mortgage
82c4f3aa-2482-4973-a7d2-6efdb55973a1,438140,n/a,Rent
a8006380-979d-4db7-bc30-51367032fbe2,,< 1 year,Rent
3fd08966-4ed0-481c-aaa7-d7e1088f8e39,432497,6 years,Rent
c0a5e10c-d84f-4e7b-8a43-02c4401436a0,2990752,6 years,Home Mortgage
9139b1ac-555b-4fa2-8c8b-72da78bfcc0a,761596,2 years,Home Mortgage
df703e05-3412-423f-b279-c667fe455dbc,806436,2 years,Home Mortgage
b0576e22-06f7-4a48-8dc0-d45c25f2617b,999362,10+ years,Home Mortgage
79f1f191-61a0-4412-95e4-2fdbc09f2624,1368817,10+ years,Home Mortgage
3028f199-df3f-4f9f-80b4-24e6395f6f25,955301,1 year,Rent
3feb3285-e98e-43e3-acda-a81076c9730a,1441397,7 years,Home Mortgage
cffa4220-ec53-4b0a-93d6-2de953377fcb,2394171,6 years,Home Mortgage
8f91d437-347e-4da5-826f-a9da0bfd798b,556662,< 1 year,Own Home
a30a2441-66d0-4615-b524-da1765bc1a48,528010,10+ years,Own Home
ec72e01a-facb-4d4e-ac05-8da8f96e84da,778202,8 years,Home Mortgage
4c99f0f7-de1e-4b6e-aa17-005ff173c1bf,1165422,4 years,Rent
f3395a90-c0a2-44ae-9389-29eb4d4d4db8,851751,6 years,Home Mortgage
943396d4-d059-4abd-871f-cf0b2556aaf1,2330160,10+ years,Home Mortgage
55dc8f3e-8c24-474c-8821-f060818647e2,,10+ years,Home Mortgage
3b5c7bc3-020e-4f15-b138-be327e6ca082,1093412,1 year,Rent
08385a4e-4a11-448a-b39b-2ebcb6c1294c,1253658,4 years,Home Mortgage
ce1659cd-558c-4ecb-9336-611584ecc785,1147410,9 years,Rent
69bba24d-aeaf-4115-b33e-6b1b7a3209b3,,3 years,Home Mortgage
17eaf474-9757-4dc6-ac94-a3486a34bbf1,1218698,10+ years,Own Home
2c0786f3-cee9-40d4-b285-c83ad89e0505,1924700,9 years,Rent
aca17abe-e7c8-418d-a6a0-d3e0830a1196,1294717,2 years,Rent
8f0a0f62-889e-4e86-905f-c10c3b3f4217,901493,5 years,Rent
be4da8e9-1b43-4b6f-bc20-54b05a0e2225,880384,10+ years,Home Mortgage
6f2051d6-a9e0-4723-ad81-418b38414609,2910952,5 years,Rent
5042367c-23c8-4c5b-b557-7a2db63d81b2,2233013,10+ years,Home Mortgage
1c299a8e-feab-4413-9a32-b2b52ebe81a1,1808610,1 year,Home Mortgage
67b15f12-1589-4381-a684-172b2df57400,1985234,9 years,Home Mortgage
3069fdd2-e68e-405f-b9b5-4ea82919dfe8,866666,5 years,Rent
f7451c77-88d7-48a2-bdd2-f61d02a23498,1325611,1 year,Home Mortgage
c3a00ee1-92f5-4608-ade2-eb845bc08657,789944,4 years,Rent
c84df7be-d54e-4dcf-86f6-3d32997cb5c8,1405487,10+ years,Own Home
5de142cc-461e-4aa5-a250-9e486c59b953,872062,9 years,Rent
93a959a1-5b1f-464c-b39e-c29e94bce467,1792916,9 years,Home Mortgage
e420c3c8-e286-4307-80f7-36305fd27d92,1316168,10+ years,Rent
3fa23b91-556a-4d0f-8560-911acb46d0f9,628444,1 year,Rent
d39fd4f1-07d1-45c5-8958-5fc2f156da4b,767068,8 years,Rent
9e2d9345-8a45-4ec8-80d5-106de80d4e95,1197551,9 years,Rent
3b071887-a6b5-4e50-a88d-ff06b196b5d1,2161839,4 years,Rent
a03894c7-d981-41ae-a19a-7fa3b8299fe8,1041333,10+ years,Rent
52e56038-870a-403d-b567-cb86841adfd7,1505256,10+ years,Home Mortgage
90102f33-d956-4577-ba40-0b9b1207b310,2960238,10+ years,Home Mortgage
37e149f4-f8be-4e27-b589-23fcbb0994b8,,10+ years,Rent
5276e1a7-e566-49d8-8850-d252d2dbe16f,942590,3 years,Rent
f272e748-8397-405b-8541-c87a0881b505,,< 1 year,Rent
2442bd5f-1625-4102-bfec-11b68c7f6516,,2 years,Rent
956f184a-56ce-4ba8-b1b0-34f4fad98fb9,2236680,8 years,Home Mortgage
12057abc-b4a2-480d-bf3c-cc194681a3e8,1478143,7 years,Rent
98243446-63fb-4085-99ef-280b8dc4fb58,1452322,3 years,Rent
cfbe1cfe-b839-4a90-8e23-c42efed23f9d,939246,2 years,Rent
97638495-691a-45bd-87de-ae2aec5c67f3,747916,1 year,Rent
e93bd451-ce1b-4441-9020-11f1426bd835,,10+ years,Rent
bf520c98-b71a-4a4a-b275-4e67b9313115,1143876,< 1 year,Own Home
96fcd312-a7bd-4987-8326-def081548150,,< 1 year,Home Mortgage
061046b1-8eb7-4d40-a4c7-6c3811482e39,1358595,7 years,Home Mortgage
564a9523-0e69-43cb-912a-8981fc679ca0,,7 years,Home Mortgage
06bcd499-1438-4c21-aa16-ff680fb307f1,1012510,8 years,Rent
5108dc29-d112-4031-9fcf-32cf2228f31a,509599,n/a,Home Mortgage
b0daa780-57a1-4ebc-a91e-9aaefff0b4a4,2875080,5 years,Home Mortgage
a499da44-d5ef-4a5e-8723-de48e70a550d,934515,10+ years,Home Mortgage
0b12b0a7-1d4e-4cbb-9a7a-4d541e47b935,811528,10+ years,Home Mortgage
d05a2a65-f659-421a-8a1e-16d581fd255c,991971,10+ years,Home Mortgage
f46fafc5-09c2-465a-8ba6-208c2fec5e9a,797449,4 years,Rent
63e0fc69-7897-4c5f-9e71-dca121a4dc20,1482703,4 years,Rent
078d7745-14ed-49ac-985e-c1b8844739da,1225253,5 years,Rent
a983ad5e-5088-432f-b08c-90dfbc578c37,,10+ years,Rent
c2b63185-78e1-42c3-b9ae-d122635469bd,431718,10+ years,Own Home
1453cf86-33e7-4e2a-8331-ef97556858c2,785878,8 years,Rent
2b672744-5b21-4860-9aa7-6cd65c7b92fd,2360522,4 years,Home Mortgage
1afb0565-02bc-4c48-8a1c-736dce599c4e,669218,2 years,Rent
e96bbbf4-70d1-42f0-b1d3-5f6fd50cff27,825284,6 years,Rent
49a92e3b-6ec3-4b82-9a86-473e9055a825,635721,3 years,Rent
7b7a698e-692d-4904-8c74-4c7db70c8a98,1666984,5 years,Home Mortgage
4572ffee-4b60-408f-9426-75020ca41aaf,2149318,7 years,Home Mortgage
4acb6769-a395-4e52-a126-50205b57ac1a,,10+ years,Rent
e0f8c5a2-4e47-4621-ba8a-1c6fdde36053,1205987,5 years,Home Mortgage
12876d2f-23c5-4f3e-aa5f-f379387eec50,1304312,10+ years,Rent
8488aba6-283d-4e99-a24c-8a6a779d8c7d,660611,10+ years,Rent
7e4f38f8-ac10-4555-9bd0-992c3f453385,2967344,< 1 year,Rent
d7865048-5004-4f40-a952-e099bd662582,1141824,< 1 year,Rent
ed3af46a-d835-4c13-a53c-8c404f058a4b,2323510,2 years,Home Mortgage
af21f1ea-6d3f-466f-9cec-c2c8ca762daf,866571,2 years,Own Home
c4ae1f44-5231-4226-9773-adf0221207e1,1551008,9 years,Home Mortgage
766e694c-9fb4-4e70-a156-af275dd41b7f,556567,10+ years,Home Mortgage
503260d7-76bd-485b-a9bd-4acea05f37ed,877990,6 years,Rent
fee98697-fa8e-4769-b53a-3f2156bba428,1123052,4 years,Home Mortgage
ea93642d-8dd1-4637-a537-88ee64114219,2493465,< 1 year,Home Mortgage
d1237594-2ea1-4f1f-964c-bc9afab305af,1746594,9 years,Rent
f3e0c4a8-fe8c-46e4-af56-819be52eaf16,539961,< 1 year,Own Home
972e636d-4a3d-4a26-a9fb-197bcdb6a3a5,1067192,n/a,Rent
437cb798-406c-41c7-9025-4eab35ffab88,,4 years,Home Mortgage
a6062b1e-f6bf-416b-8d3a-50999dab34b1,2103585,< 1 year,Home Mortgage
0ef2b043-e530-4705-a768-a5f7b12663be,2059410,9 years,Home Mortgage
4cb15244-0f1f-451b-90b3-69387bce4d4c,1585930,2 years,Rent
48dde555-74bb-42dd-9568-c65d41947b16,1320424,10+ years,Home Mortgage
60ad5ad4-87fe-442b-a497-66a7ee4c86b6,722684,n/a,Home Mortgage
57db38fa-e147-4f04-8f79-5d2cb8428265,1777982,3 years,Rent
b2b4afd2-f0b0-4660-a313-634c2254058e,560823,9 years,Rent
8b312339-9b14-4bff-bc0d-94fdddff72e4,1291069,5 years,Home Mortgage
059c150c-e3d9-4bb2-8912-7ac0295d70f8,426778,n/a,Rent
119a83fa-cf0f-43b7-9e9e-d67903357c44,1115167,< 1 year,Own Home
b649ad0b-32a1-443a-92c5-5dec0afe15c5,1756835,5 years,Home Mortgage
f67afc1e-4ce0-45ed-b4cc-0dbad0170ead,529872,10+ years,Home Mortgage
9e2f0c97-c4d2-4ea5-a17e-b152d46b9718,2265636,10+ years,Home Mortgage
bc9b6ba3-0730-4a5b-8a20-b41e7cb9124c,986936,1 year,Rent
cfc35a2a-4999-4556-95cf-931ccb88cea4,481023,n/a,Home Mortgage
5af539ce-b18c-4469-9e42-1e0fe4c738ea,742824,10+ years,Own Home
c51d99d7-4b17-471e-9ff4-92307e06dd99,4192540,10+ years,Home Mortgage
12b867fc-b39e-48e1-9cd6-ff89a5352583,1259092,10+ years,Home Mortgage
489b47b8-1500-4166-963b-2558f2217aa9,1408185,10+ years,Home Mortgage
e6018fa2-7d8c-4be1-a063-0df926868009,,10+ years,Home Mortgage
144900bd-35de-4beb-b0f3-b63111280ec4,987905,5 years,Rent
20c21fed-ed0f-49e6-ba1b-cf3f9dfbd831,1481563,8 years,Home Mortgage
8a0a8c07-d3b6-4210-b62c-64773dca5ccc,1623398,7 years,Own Home
8b5ae679-0f00-4ea6-94a5-b9569a80cf46,1736505,10+ years,Home Mortgage
07d90a46-4d93-4386-bf81-2c9729d76f1e,1689993,2 years,Home Mortgage
f7bff6b9-778f-4c72-b524-09519bcc7d3f,958740,n/a,Own Home
02b46489-5f32-4864-ac76-01275b0160d9,,10+ years,Home Mortgage
cb0556b7-400e-4bd4-b978-042fe6bc62ab,612009,2 years,Rent
bfc31423-c877-49e1-8e21-601b2923fde5,911810,7 years,Rent
af0a395f-4485-408a-9212-920e50f2801b,2823077,< 1 year,Rent
d4c0b197-a1fb-4b93-8184-50050150df06,512791,10+ years,Rent
680244de-a039-402a-bf95-65a68b7ef206,,10+ years,Rent
869e4c6e-e1d9-4708-8b2e-3f68429d8359,1068370,10+ years,Rent
d0d55902-6fa1-4961-9275-a78818ebd5ee,860130,6 years,Home Mortgage
6ecb0bc5-463b-4a20-909b-13ba8446bc99,912000,2 years,Rent
977ee887-4081-4ed3-b53b-dfc99e4f9081,1611390,5 years,Own Home
8fe000b9-fc58-4147-8703-ba79f3db48fb,1052828,10+ years,Rent
ee77c592-3fd1-4245-b58b-248b48ef1e96,1569514,10+ years,Home Mortgage
68fd22f3-2f4c-4c7b-8660-75ba1e143bf5,1458915,10+ years,Rent
8ee57c2e-057b-4ae3-b5dd-24ac87ae57a4,1585113,10+ years,Home Mortgage
e4a955ef-5bad-4952-87d0-93ee5130c88e,1131564,4 years,Rent
58c5a215-14f6-45ac-bed1-58253608481b,1348753,10+ years,Home Mortgage
f816a0f9-6630-4d46-8d21-7b6c1ff3b865,763781,7 years,Rent
034c1010-2837-4dde-a8c3-a8fc39e4c042,,< 1 year,Rent
8df5e0a2-6462-4ee0-89c6-08a1bca6437d,1263291,5 years,Own Home
bdeb56e2-e9cb-46cc-8bd7-292849bd91f4,2714473,10+ years,Home Mortgage
a35883df-e238-400a-8aa3-f6aa7d261ef1,469585,7 years,Rent
62aefbb1-7101-41a6-9624-f29e4f337ac9,1669986,10+ years,Home Mortgage
adab6b20-82cd-489a-887b-2d8d5f0601a0,,6 years,Home Mortgage
8f34ade0-352c-41ab-9ef5-8955131969bc,,2 years,Rent
735098e9-8cd1-4bdc-8b88-6c481b72da50,1513920,10+ years,Home Mortgage
06295dfd-c436-47f7-a074-15641162426e,,< 1 year,Rent
a5af37ca-4649-48e1-9046-4e8f0a503d12,1224531,10+ years,Home Mortgage
35ac7503-f982-4408-81b5-57b8d078783f,,8 years,Rent
18f82980-c68f-494a-93b3-f8abd5a8a009,,5 years,Home Mortgage
721c93d1-340a-4540-9098-21731b2bfd2b,1214138,10+ years,Rent
f99857e7-b151-46ae-a9d6-e9d1d4fbcada,,10+ years,Home Mortgage
52d9c98c-154f-4f00-a3f5-4af2bf200c23,941735,10+ years,Home Mortgage
18453d2c-7731-40aa-a0c5-7d9c11c013fe,1017868,10+ years,Home Mortgage
1cc1beac-67f8-4f8c-8cda-eed7074953d0,2483585,3 years,Home Mortgage
3d5f0cc2-4a11-4bb3-8469-982f4e772e56,2488430,7 years,Home Mortgage
709fc5f8-46e9-45d0-8f28-00bfc02d63df,572052,2 years,Rent
461203da-8b2c-4c05-8cdc-8e3592042f64,1042378,4 years,Rent
2ac8ac9b-5b59-450e-93a4-4720d28048c1,944300,10+ years,Rent
e019265c-875f-45f2-b478-9485e4643e88,1776671,1 year,Home Mortgage
a7885eef-88ad-4c69-a50a-64df632efc79,2254920,4 years,Home Mortgage
db5a7206-a402-4bb6-ae0f-c25e7f149dd3,2257903,8 years,Rent
e8bc56c3-2c38-49b7-a187-ef81d0e87e89,2123858,3 years,Home Mortgage
128bd57a-f952-480e-b029-5472b1e66205,2371200,5 years,Home Mortgage
5df66e3a-f3e1-40c2-9844-ab3b0c2592fb,,6 years,Rent
7d959a54-8eeb-4df6-b582-046f889e4cff,1271955,5 years,Home Mortgage
89336880-656e-4843-9ef7-c152424d9c3d,906851,7 years,Home Mortgage
7951073f-79bf-4875-a3f4-7d3640c4250f,1630504,10+ years,Home Mortgage
6d6651c7-3656-4e09-a669-91381e15f57b,655025,n/a,Own Home
58b95b9b-465a-4c8f-9430-b34090c2edc9,1340640,10+ years,Rent
b63bbddd-364b-465b-84d5-81b30b741a71,2280456,6 years,Rent
a6afddc2-2cec-4459-931b-db19ef9a4245,2118006,3 years,Rent
36b23a74-4aa8-4245-abec-5efdf7d56ac8,968430,8 years,Home Mortgage
aba99e0c-df18-4b82-8633-a46bb96a1c53,1071885,2 years,Rent
cd79c077-e318-479d-aee6-c57e67f8d658,576042,7 years,Own Home
3599380b-99f8-4504-bbd3-3e2865a63f4c,1252670,3 years,Home Mortgage
a2266b3b-a69b-43ed-9862-d506f18a83a7,,4 years,Home Mortgage
62f894ef-4b28-441d-9c53-ed81e4a34413,1458440,10+ years,Rent
a303a5ce-1cb6-4fbe-8320-87d726654302,1107073,3 years,Home Mortgage
de6835b4-33e7-4074-a025-4df89abf7a35,653562,10+ years,Rent
f40124a1-e625-48aa-84c7-f849ba66772c,1753301,10+ years,Home Mortgage
c97f9a54-c06c-4574-b989-98e3a470a026,1149804,< 1 year,Rent
52d2d0a5-2db9-40e3-9a51-e08b3b9c9e22,1009014,1 year,Rent
4aed4b40-ef81-4ae1-b7d8-a1c8e38b58dd,982965,3 years,Rent
aa50e7b5-f15b-4a3b-9cc8-893ac17465f9,,2 years,Rent
ba9dde3a-6579-4c1b-ab70-27c9cd6ec560,,10+ years,Home Mortgage
3170d161-62cd-4ab1-b6c8-69ece99b7294,1124268,10+ years,Rent
2bbdf84e-8282-415f-a690-bd829125f60c,2329172,8 years,Rent
bf2e700f-7141-458c-b88e-2edb22bc9a8c,1933250,7 years,Own Home
b4240db3-912e-4bcb-956f-89e31dbaa1e3,743223,n/a,Home Mortgage
3d6747e1-3ee6-418c-abb7-d98709a32bd5,,3 years,Own Home
79b41483-b726-4bf2-8008-11f1185086f4,467077,1 year,Own Home
24bcd8f3-3724-49cc-91ff-94cd38da6905,912095,3 years,Rent
c978de8f-dba1-42bb-8812-2acede526768,1166429,10+ years,Home Mortgage
30c0ed77-7a18-4f6a-b755-07498d8d8b51,,10+ years,Home Mortgage
3e92dd8c-a4a7-4309-8519-7cba05d0eb12,,1 year,Rent
caaac608-d766-4b09-8a7a-5fc276af45a7,1122102,4 years,Rent
df4ed825-20f7-4e7a-a3e4-fd236f85ef6b,2870520,5 years,Home Mortgage
b90c808f-726c-4af0-94f0-cf36b0547440,900334,3 years,Rent
8653edd4-80fe-46a1-9758-b160fb5e4519,517370,2 years,Rent
c60fc668-174c-4bc1-b7eb-e3614fa48377,1561078,10+ years,Home Mortgage
63be10e7-7118-4038-9b92-cef08d00fa24,474297,n/a,Rent
682146d4-ee2c-4245-9a5e-5deb896b61ef,2561675,5 years,Home Mortgage
04e52190-521c-4072-abda-19d6ea2c2ea5,2176944,n/a,Own Home
2725d0bc-ed84-4c18-a5d5-3d86641a32f2,1544168,3 years,Rent
746ef05e-f54b-4e51-a779-fd57db5df6fd,2287068,5 years,Home Mortgage
975fa17f-7d82-4e50-8a66-04c33798a6e9,1928500,n/a,Home Mortgage
12823f36-1146-4186-9aaa-96286edbfa45,,1 year,Own Home
036a57b9-1399-4c4d-85a6-8eacda05eb8b,697889,10+ years,Own Home
0913802f-75b6-4547-98a8-8888eb3fdf1b,1686402,10+ years,Home Mortgage
72dcdfd4-6b0d-49ca-b3f5-16f6f17657a9,1945923,10+ years,Home Mortgage
2e5e8ade-0e3f-4e78-ace3-7f924a5775c5,676153,3 years,Rent
cc2df81e-a97a-4aef-995d-0e852b70559b,2187413,10+ years,Home Mortgage
5afad067-d5b1-4fe8-b693-2cfbeaa4eef0,970862,9 years,Home Mortgage
96e7dc8e-0f92-4dc7-ad24-0efc85baa8b6,387942,4 years,Rent
90f41e3e-115d-41b9-b6fe-8337a5e053eb,,10+ years,Home Mortgage
1086b114-e54f-4b05-8ef1-fbd694eba37e,742368,n/a,Own Home
7a9934f7-374f-4403-b5c3-0512805a5306,1205208,6 years,Home Mortgage
66c7f43d-de3c-484d-b9a9-ab23c3847158,,n/a,Rent
b33aeb51-11a3-4d0b-a7a4-b824525432ea,1028071,10+ years,Home Mortgage
fcc9ea8e-de18-4de4-883d-56265f065ce9,670453,10+ years,Home Mortgage
ca011d09-17fe-42a8-9fab-f5c538369c85,757720,4 years,Rent
f1ccd736-8194-462b-b4c2-e659aadcf0c9,1393802,3 years,Home Mortgage
41b1b199-61cd-40df-965e-837969bf0dd5,,1 year,Rent
ae359476-31cc-4835-8868-2b64671d57ab,1214993,10+ years,Home Mortgage
8aec3514-6ed0-4cfa-9004-4fcae804eb37,,3 years,Rent
b57aeeaf-7e96-4b26-a0f6-dc3ac702cde8,,5 years,Home Mortgage
a85345be-2f9b-4bf4-9032-2a984e86a9e0,543438,< 1 year,Rent
4e53622a-7ac6-4c7b-84f3-6a5e4b8c47cc,1118910,10+ years,Rent
4b0e2e96-e0cf-497c-904a-06be8344d8ca,1067059,7 years,Rent
b94b439b-aaeb-46e9-98ed-9e48f51091ee,,3 years,Home Mortgage
39cac79a-8323-405f-a595-8b9a83d2de7b,1462126,< 1 year,Rent
2813df6c-096b-4be3-9279-3734e88079ba,1412042,3 years,Home Mortgage
a21c4b33-51e4-4c2d-ad83-ef367e1f4b5d,1112070,5 years,Rent
10a9300b-7a95-4d83-a6d3-ac3cdea9db44,612199,6 years,Rent
10dd522b-ce38-4bdb-b9d4-14e21e3a8b91,1540520,< 1 year,Home Mortgage
c254dcdd-b3ee-4059-8756-9bce92fad0e3,2081013,3 years,Rent
21e61163-b7cb-43be-a12f-8d69011ae108,927314,< 1 year,Home Mortgage
109c2577-8de0-4e8d-ab9f-85799e67bda8,,10+ years,Home Mortgage
3c84d0d8-0e54-410f-8d04-5aa96022cd20,1016975,10+ years,Home Mortgage
5a7a7d48-b48b-4c3e-ae4f-ba46ed33d4e7,,3 years,Rent
19f4e838-a859-40de-8412-5815ecb420b8,1840929,2 years,Rent
4d1b6508-1703-490e-ab11-9f97f10eeeaf,618146,7 years,Rent
1695872f-f5e7-4d5e-acf6-5fa3baff7e6e,,1 year,Own Home
34b63a1b-abe0-4c92-8738-a7cd201c13fb,660934,5 years,Rent
a3a7f747-84ed-448e-be5e-01d3dc90383a,,10+ years,Home Mortgage
f7e0c94a-43a9-46d2-81e1-d875f2f2bad4,2502110,10+ years,Rent
4e9b00be-1ff4-4d29-99df-1243b14503ac,887984,5 years,Home Mortgage
843f7a21-b391-4d10-a859-88834b5bcf6d,663480,9 years,Rent
8d888bd8-99f4-48e0-85d5-2966aa52109b,1920900,10+ years,Home Mortgage
a571e1ec-0c00-4144-b20d-47047378c874,,10+ years,Home Mortgage
2d673911-cf20-428a-8ad0-d39a117dcad6,1837129,10+ years,Home Mortgage
ec94dd08-99f6-4608-b917-098bce21fc4e,,6 years,Home Mortgage
b0c5e0f9-0d65-470f-9dde-439efd2bf0bb,,10+ years,Home Mortgage
ac27d8e1-ed32-4513-88c9-e66135a56970,6472920,5 years,Home Mortgage
a563fa67-f70c-459a-8d08-511ca6cc7bf2,570285,1 year,Rent
33c13ca8-36ac-418e-a6d4-19ded79c74fa,1305433,2 years,Rent
409f72b2-0d13-4901-86bf-dc10ec43bd27,,10+ years,Home Mortgage
ac17afc2-70ca-4bd3-ad61-0098a76d6434,1338645,10+ years,Own Home
68c393f0-cd39-417d-8649-afba681c451b,1160349,8 years,Rent
d2d98ce2-9485-43c8-88b1-24a224be723d,2936526,10+ years,Home Mortgage
c417a45c-8ca4-4fe8-b306-5a0c6aaefc13,930240,4 years,Rent
90658c08-401e-4375-9a83-a756640ba9e7,,10+ years,Own Home
aabec936-2f18-41db-bdcb-7e5c818c251c,1078782,1 year,Rent
90d584ef-9f40-4aa0-9601-9d907066883e,469395,5 years,Home Mortgage
bcdbaef3-f283-438a-b252-724d2af3759a,1582054,10+ years,Home Mortgage
1821c92b-a02e-4fb9-8b4e-099e25d6ab1c,713336,10+ years,Home Mortgage
4efc9bca-66a3-4fcf-accc-d6077eb4f4fe,1494768,10+ years,Home Mortgage
93680330-3510-4a99-9d4c-1b24c5e25a95,1493267,< 1 year,Rent
d8687e9a-d31c-4912-96da-a659d9971400,,1 year,Home Mortgage
9069385e-aca5-40a9-ac27-8e0efe074d49,1243037,3 years,Home Mortgage
3a9a9b26-ab48-46bd-b871-f606ceb0adcd,2411347,10+ years,Home Mortgage
f87e3441-ac08-436c-8634-01848791f28d,1832018,3 years,Home Mortgage
ff554796-bc41-4b28-ba8b-09b70e308629,,10+ years,Home Mortgage
1b9cd376-6e9e-4997-a5d6-37a77c75ac29,541348,< 1 year,Rent
643e7935-f16d-4ca8-950f-5ac9050a94a4,896534,10+ years,Home Mortgage
23b527c4-fcb1-48bc-b4b1-8c75ea29d79a,991458,< 1 year,Rent
007f37ea-1ff4-4bc1-9124-76b018c68749,,3 years,Home Mortgage
e51e7d16-7f82-49fb-9737-7126d86cf067,1939520,10+ years,Home Mortgage
6319a1e8-d948-42e7-b984-4df27fcf8b26,2047155,2 years,Rent
06293cdd-6fa8-4c89-b859-f88f56d4faaf,636253,3 years,Home Mortgage
53298dfe-af99-4dbe-abb2-f60d0731ea1d,,n/a,Rent
3eb312f5-babf-416f-b0ea-6b9b67a06475,751488,6 years,Own Home
14d8db84-5751-4608-b5f8-3252b7203dde,1645286,4 years,Rent
84ed0f70-581a-4286-8d88-94209a0fd889,784301,n/a,Rent
39cc6e6e-28e5-4192-b784-e5b01716520a,1045057,10+ years,Rent
a8c890b3-0cc4-4821-bd34-c787419b8822,1599553,8 years,Rent
cc23daad-3878-4d89-b743-9b333c000344,1719519,10+ years,Home Mortgage
06b75af8-734c-4c24-ad4d-020b9547339b,2649892,8 years,Rent
01931cb9-9111-47f2-8f9e-2b7323f89bd0,1201446,< 1 year,Home Mortgage
b97d69e1-e2f9-4780-ba34-91886be5fa0b,,6 years,Home Mortgage
b5063cb8-5213-43f7-8371-162a553b1cef,1634494,7 years,Rent
bae2b15d-c8f3-42a3-8829-6aff5adeb997,1286756,8 years,Own Home
a7d09442-6061-46d0-8a44-9225a47490a1,1699398,10+ years,Rent
56809c5d-17b3-49b3-8a9d-ec8337dd3b52,1587032,10+ years,Home Mortgage
6facf1db-1e49-4e03-b19b-8c39c2be1e21,623675,3 years,Rent
ab035105-bd8e-49c9-8310-e4b3e2082df6,953705,2 years,Rent
9bc2e39b-d28c-4b40-a2cd-7e3eb0e29398,,5 years,Home Mortgage
02d75364-3729-4dad-b0ae-929cc0f6b8bf,1741920,7 years,Home Mortgage
f575d6aa-2666-433b-83ec-dc0d6a8d17ed,1871880,10+ years,Home Mortgage
9f8449bd-f386-42c2-84bd-0b211d61311e,460788,4 years,Rent
d71f5bba-3894-4d67-a2e7-e71fd11c190c,770108,1 year,Rent
592c51bd-134c-4a94-9dd9-51523fc588be,602775,7 years,Home Mortgage
c0aec8ae-5f98-4b9a-aebd-f2ebd76d6d7f,1793809,7 years,Rent
cc2465ef-3fc4-4e7c-8a1e-8f3b8661a3c4,722627,5 years,Home Mortgage
6d28ddc9-6348-4149-8b93-d7b9db87d1dc,869288,10+ years,Home Mortgage
6096df71-9c03-4dc4-8997-b2075fbcba15,1165422,2 years,Rent
bc1b324c-f66d-4f60-a8ec-525fe6456ab4,2261760,3 years,Home Mortgage
f22f6951-9cd8-42ff-a367-c7f67123b6db,1084007,10+ years,Home Mortgage
7ab5aff4-02fd-4d8d-8874-fa9d784f9b05,937745,6 years,Home Mortgage
36217766-4a02-40ca-a73f-95980fd4ac94,3242920,8 years,Rent
861eaa36-c30e-49ce-9c2e-3a59cb4d702c,,6 years,Home Mortgage
b824e278-9e86-4bd0-9994-ac2e38518c06,2299152,< 1 year,Home Mortgage
c7453da1-404c-4e6a-9dd0-683fc196b56f,1786399,2 years,Rent
30575e8c-6577-42a9-91ad-fc66dde8f63d,890511,6 years,Home Mortgage
60f3b5f1-e6ab-4d2a-b2bb-bfe5ebea3323,2346576,10+ years,Home Mortgage
93e4095a-12bb-43da-908e-d2bfc8a4a22c,1337847,7 years,Home Mortgage
b4507e8e-178e-4b93-8b63-30ad3e6a9035,,10+ years,Rent
fc4ad10d-b42d-4c44-89fd-ac33c8bdbffe,1177962,2 years,Home Mortgage
432b9452-80cb-4843-8f0c-84067b4b93f6,965675,n/a,Home Mortgage
13e3fa22-4c71-4b63-a2e3-be2f5973e99a,,2 years,Rent
d07601e5-b569-4f2f-b20d-470f21bdca0f,,8 years,Own Home
d9025fd4-6cb3-4ee8-9e46-76e50f2e96ef,603858,< 1 year,Rent
1c46603a-5591-4281-ba5e-9b8e718e7943,479655,3 years,Rent
b5dfa6ba-ac29-4d58-a165-2dde3d5efa1b,,2 years,Rent
deb3ac14-6cb9-4d83-bbe5-13ede012201a,2133054,1 year,Home Mortgage
92196693-6fe3-4e98-a75c-2c1a0602b7f5,1323882,7 years,Home Mortgage
d0afa998-7618-4486-8d9c-1085fda137da,,10+ years,Home Mortgage
8a975146-5078-4fc3-8efa-8cb3c61bde1c,525882,1 year,Own Home
75b967bd-0914-423c-9f24-4fe7913c9cd7,1261923,5 years,Rent
8fd99b27-20b7-436c-b057-f78f654de27e,1358728,3 years,Home Mortgage
94dfc1a4-050f-49b5-bfb8-5457333d4f49,,8 years,Rent
341809ba-0559-4c66-a0fb-9f52471cd664,2344125,10+ years,Home Mortgage
dbb3d63b-8b75-43a8-a3b3-991961527e7e,1797438,8 years,Home Mortgage
611380bc-6bae-4d4e-ab91-1d1024b3d91f,1235000,1 year,Rent
9d5385ee-6195-4662-a095-0dc29238209f,3758732,5 years,Home Mortgage
a7dca9b8-12f9-4d08-9232-0ec40c247077,964345,4 years,Rent
8ef6218b-7017-4be8-a8e9-fadfa3d82b2b,1506453,10+ years,Own Home
638e8aff-0908-417c-a51d-3fa8c7671b81,,5 years,Rent
5e1702cd-aba4-4560-b3f8-b80827adaa64,928055,10+ years,Own Home
7e04e1c5-8e81-4cde-b90e-6fcb6e58ad92,1522983,7 years,Home Mortgage
8ccd2cee-5c6f-435c-91ba-3fbc1f0ab6b2,,8 years,Home Mortgage
830ee33d-224b-4c1d-bc05-87c28d53d3bc,1410180,2 years,Home Mortgage
6271c13c-34b0-488b-86ac-32029265f8d1,1788508,2 years,Home Mortgage
b57e0ce5-91e0-49e4-98c6-a1fd2666916b,,10+ years,Home Mortgage
a06e8f3b-9356-4049-b8ae-eed0eeb14987,,4 years,Rent
ad7c1dbf-6860-4a85-a12a-5eca840a35ff,,7 years,Home Mortgage
c2aad9a4-22b2-4c3e-aa62-0bdb1070d46e,,4 years,Home Mortgage
62ab9405-6f75-4abb-8581-b80370656c9a,842859,10+ years,Rent
29367718-e860-4e11-869f-dcab07ae06c4,1191129,8 years,Rent
cf1988ed-6625-4dc7-b179-82c6a245c63c,1396994,3 years,Rent
a2f76056-eb79-4afa-b175-b81494b80f40,999856,4 years,Rent
a862c7d8-3997-475b-869d-50ceaf613bd1,1330000,3 years,Home Mortgage
1261d6ed-6b4a-4dc4-b249-0b8d8d087ac1,1505712,10+ years,Home Mortgage
f37ceea5-bd95-4f5d-8a0d-b62e380f1773,,3 years,Home Mortgage
0e401a48-4451-4e12-ae92-a99e93bd2f26,1000350,10+ years,Home Mortgage
7f31d59a-b620-485d-8ade-7c2c0bfdce81,2109646,n/a,Home Mortgage
ae666ff1-d10d-4df4-aac6-0f80e40d3e84,1049845,10+ years,Rent
edc106c3-1ac5-4b38-a259-709fb17385cc,2445300,10+ years,Home Mortgage
7efac708-6b6c-44dd-aefe-bc252ad8dea0,1936290,1 year,Home Mortgage
5f86a7ce-ac34-4d29-9405-54dd68e8dc5b,1586899,9 years,Rent
5299f01f-d5fd-4217-b777-9d99d25c05a2,1273000,9 years,Home Mortgage
0c6828d5-7e8a-4f68-b515-6c11f75591f4,701727,n/a,Home Mortgage
0ad8a364-9e1f-47e0-8a1e-e7021a31fe38,768550,6 years,Rent
bf3debd8-01f1-4bdc-8502-324df26fd707,944490,10+ years,Home Mortgage
675d540f-7f1d-4f1c-9927-921331d89147,1716156,10+ years,Home Mortgage
a36886dc-ae57-4ae0-a912-1e8f9d3b1e46,1955499,3 years,Home Mortgage
9fe03108-7edc-4bc1-994b-2a806e094516,,7 years,Home Mortgage
8a762627-198b-4dbe-be3c-d9f0b9df8f09,1224873,4 years,Rent
0c534776-c87e-462e-a41b-b14fc15c42c8,,< 1 year,Home Mortgage
85161231-86db-486e-a97d-888ce954f105,,9 years,Home Mortgage
be950c05-5258-4c9d-9324-5de228aa48c2,1312976,1 year,Rent
90acd5f2-1292-4609-a7f2-fbc0d3dbae9a,,9 years,Home Mortgage
a7172db0-bffe-499f-aa3d-74e38af6d15a,1582928,1 year,Home Mortgage
01a71143-4271-4773-b0d7-e14018a6b4e9,1006373,10+ years,Rent
69fe6a73-bed5-4817-b5ad-083e500b1646,1887213,2 years,Home Mortgage
b70d2ff9-3fff-40cc-970a-a8ac254e695b,1029591,10+ years,Rent
5c9e2f72-166b-43ba-85bb-72e86f3b5ea6,2323700,1 year,Home Mortgage
431a2918-08ee-475b-a85a-f1d4cbcefd58,960925,10+ years,Home Mortgage
a5f55563-ad75-433b-9af8-f90f577490eb,906072,4 years,Rent
8d1b879e-341e-4062-8faf-b04594086138,557688,2 years,Rent
89983a2e-55cd-4126-a1c6-18d4701c91a6,,4 years,Rent
ac693af1-ee38-4793-ab61-6f9dd83e89e3,1708290,3 years,Rent
c9c359d7-5751-460f-ba3b-f3d896e3f70b,1153224,4 years,Home Mortgage
adf98b64-35aa-4a16-a06d-2ccf30be74b2,1600788,10+ years,Home Mortgage
ee431f52-4f52-481d-81e3-06533935b60b,1447800,< 1 year,Rent
0a18b8b6-78e7-47e4-a006-73a6907eb5d0,550316,4 years,Rent
cca28af7-9476-439a-aa03-632f6482677f,1642740,< 1 year,Home Mortgage
92945698-a63a-4c8f-81f0-2d786121e123,1334389,10+ years,Home Mortgage
68b06ad7-98e1-4f73-b804-a4cf87e88563,2092090,< 1 year,Rent
04f88016-72b5-4c29-b50b-ea81c49843d2,,10+ years,Home Mortgage
092d1994-f063-4ba9-88ea-e0d796898d2e,,2 years,Rent
02208478-b649-49e2-a207-21533e92ecc0,1249706,3 years,Rent
b8aa0f19-8e15-4629-bf6d-32aef9938023,725344,10+ years,Home Mortgage
f1046dc4-82f3-494a-8142-3b7c511ab046,766308,7 years,Home Mortgage
b6fbfe2f-4e84-4244-8936-42d494b021b2,282891,2 years,Rent
8261c2ac-351c-4cc2-93cf-6d227f28e54c,,< 1 year,Rent
54ddf3cd-a945-4919-a547-ce359374a471,569031,1 year,Rent
64ad343d-6201-41a5-b83d-6196147db8a6,876356,6 years,Rent
ad24dabc-268d-4550-a942-3afe21c90626,1931920,< 1 year,Home Mortgage
8ed8ff28-53f8-4565-9d9f-2b5c147194cc,,10+ years,Home Mortgage
6b5165a1-2318-432c-b8dc-89f583d27111,452542,6 years,Own Home
737ff3bc-ae26-40a1-8e99-5ac863362646,666064,< 1 year,Rent
7f31c369-c1ce-4d21-88c3-1be21ccd3d66,895071,10+ years,Rent
29c03fbc-36c6-40c2-8002-e819ab016a55,1317536,10+ years,Home Mortgage
ed50ca4c-f3c0-4bc5-a240-f2d184ff7871,870903,1 year,Rent
69dd602d-c3bb-4e7b-8b86-8d995af86cbb,,5 years,Home Mortgage
d75cf538-4ba4-42e2-bed4-5df452bf842a,752780,10+ years,Own Home
7f4c9d47-5aca-4d78-93d8-cc0e37c9efb9,1534288,7 years,Home Mortgage
b3178a03-6f29-478e-8805-de740e8de067,871587,3 years,Home Mortgage
af62d647-2d9c-4c7d-962f-59e9f4ddb178,1524104,10+ years,Home Mortgage
0ae5fe27-1d80-46bc-8ebd-59580c5ff044,1261372,2 years,Own Home
234cd48c-9cd1-4c0c-a8ea-7b0c3e80965b,925775,5 years,Own Home
33b21f6f-c2ae-4a53-8993-be5b6f24293d,1715491,5 years,Home Mortgage
ebd746ba-91b4-4985-99f7-47e4999c5618,959804,4 years,Rent
693b0c03-83c7-4866-ad4f-413558791f54,1324110,10+ years,Home Mortgage
3bc77c02-e39e-4341-941b-9d4dc17b660e,1133388,2 years,Rent
fa6a4c11-7748-48cc-914c-2ea2ec84773e,1599002,4 years,Rent
9328e4e2-8488-41aa-8ef5-869b74fed3fb,964915,10+ years,Home Mortgage
b4a93297-456f-4ba5-987a-a491c783e86b,1231675,4 years,Home Mortgage
8f65b9c7-bfb4-46ed-b2cd-ab8f5bc32328,,10+ years,Home Mortgage
3e407115-5bd7-43a2-a524-570beebdfd9e,1932680,10+ years,Rent
95afe69c-2f56-4493-a6cc-a937078c1631,957600,3 years,Rent
19af16fc-b2b2-44dd-8ce3-c5556b419d65,,5 years,Home Mortgage
6c5d2350-56e0-4101-a185-58cede981065,982737,6 years,Home Mortgage
70fa48dc-7425-4e98-8dd6-403620c66a8e,,3 years,Rent
ad4a4a61-3b68-4842-8413-713099851558,1592333,3 years,Home Mortgage
2de1d10a-73d4-4484-a180-a2d0109b091d,646190,3 years,Rent
0e7abfd5-daf9-42fc-80a9-9ec95cfb3a7b,1494768,10+ years,Home Mortgage
052e3597-69a8-419c-bc7d-dc5586146ac6,848160,2 years,Rent
726dc1ae-be30-42f1-bd00-ab87810fb419,950703,10+ years,Rent
bdf175ce-dd29-4e02-964d-db69f17693ef,2543188,5 years,Own Home
dd826893-13e1-4360-92cf-7db2e7866a55,929328,4 years,Rent
82a3cb89-a0b9-4b18-ba98-6674b54be419,,5 years,Home Mortgage
88f3efcc-c634-41b5-b240-2cb5b15d691e,1770705,4 years,Rent
f8d85006-b824-4bf0-8a7a-9b71ad8b1466,958265,2 years,Rent
8023d629-da8e-4d22-957b-02ed66778ec8,9336600,6 years,Rent
68b9d03c-067e-46d4-8eb7-4861627fab97,1192364,10+ years,Rent
aa5104b5-2d0b-453e-9139-e7c48b25cdf0,836874,3 years,Rent
6af5395e-f0eb-4fdf-a436-d48dec29fcff,624340,3 years,Rent
0b5fe41e-9711-415c-95cb-f508abdae1f9,1229870,6 years,Rent
2d1a49d2-9d23-4083-b3da-afb7cb08ef8d,,< 1 year,Home Mortgage
7a5b75ba-a0e5-43b1-8773-ac22b9346bd8,1398495,< 1 year,Rent
7aae241f-0dba-4d73-8bd8-95533ec222df,1731375,10+ years,Rent
37d89804-58cb-4367-ac13-a3d53ccda27a,1296066,10+ years,Home Mortgage
db0fb927-70a3-4a0c-8aeb-0a202741877f,,10+ years,Rent
f6c3c046-7e83-4726-8d2e-711e1485e028,870295,10+ years,Own Home
35b30d0c-3e0e-4d20-84aa-c0cb28896712,3371094,3 years,Rent
8401d515-45c6-498a-be81-a898b9bbf68d,1463057,8 years,Rent
baa67f63-cce1-4d18-a0ea-15156121a99a,,5 years,Rent
a10f68f9-a6b4-457f-a6b1-590753de65d2,2416268,3 years,Home Mortgage
c162779b-614c-41c5-a66c-219d340eed76,,4 years,Own Home
5d838842-617f-4087-b02d-b250c4189479,1899620,1 year,Home Mortgage
da599fa8-0f1e-4456-b1f8-95829a47874c,,10+ years,Home Mortgage
2ca52b97-5ab3-4a24-a201-7c008df97edc,1484736,10+ years,Own Home
b2ed0137-a7e2-497a-b880-849ff6c0e32d,1829738,3 years,Home Mortgage
39815816-e5f1-4bb3-a90a-1d13fde96e28,1283108,4 years,Own Home
daf1ada1-856e-48dd-a63d-9366172a333e,1259396,10+ years,Rent
495f8ba7-6e39-4fca-82d6-1b141b6b5556,2454933,10+ years,Home Mortgage
5f569bfb-bcef-47de-a2a1-6d71e32e8e9c,478477,10+ years,Own Home
93a10a8d-9b70-4154-a7b3-9a9ab9e7cdca,767904,< 1 year,Rent
03fc9e1d-6877-435d-aec5-86d81a2a3259,,5 years,Rent
bed5b29b-71e6-4ef6-9ff2-514fa9d0221c,486894,10+ years,Rent
960ffa7d-d812-4e41-b71d-f9d4a1952639,,10+ years,Rent
315bfe94-a35a-47ba-b0f4-d3f2baa98fb9,,5 years,Rent
245133e5-57e1-47be-be0f-f9631d04bac9,1415994,4 years,Home Mortgage
a76147ef-8015-4e31-b881-0e5fbdf20f24,765168,8 years,Home Mortgage
d44ff65e-d36b-40d8-be80-bf8cced63003,572451,n/a,Home Mortgage
0a60598f-5392-4753-93ef-5f1d38b932ca,2362080,3 years,Home Mortgage
387171c6-531a-4ce7-b1af-2b5e46d87661,1544168,3 years,Own Home
c7d36c0c-64ae-41f7-9503-87b7a9703663,1731223,2 years,Rent
445f996b-94d1-4e1b-a8ad-ec78fbd9e589,1342236,10+ years,Home Mortgage
d54f77b2-68b9-4760-a98a-e9944133c73d,1323616,8 years,Rent
401a6251-1475-48a0-9c99-ed04acf37791,,10+ years,HaveMortgage
a27805e8-c3cc-4251-beb1-5bed906d75da,2330350,10+ years,Home Mortgage
f21a2440-927b-4ce5-bbd8-85fd28c0904c,3921885,3 years,Rent
4a43148a-efbb-48d4-9531-20f1eaf3c493,2015957,< 1 year,Rent
f5b9daab-fd0f-4869-adb3-e376c96b3ba0,,3 years,Home Mortgage
184e675d-6205-4d78-8a0b-ee73826bdf79,697034,4 years,Rent
f9c583b6-f494-49f1-b271-878d72e66d9a,1377861,2 years,Own Home
a655d09c-2320-4031-8c64-51a23af9295c,1291962,3 years,Own Home
bd5caa65-1967-4d0a-822f-a6c279da4dff,,10+ years,Own Home
f618f32b-39c3-4537-bd6e-54536aed52b7,,1 year,Own Home
e4b8ec1a-610b-4f0f-9078-2671c9fb3019,990394,< 1 year,Own Home
93c7f6e7-326b-435d-bb84-9df0cadbb95c,,5 years,Rent
5350e554-ced6-4c99-b5ec-c1ee5a39177b,,5 years,Rent
03ac8695-c085-4343-b382-2b858d3520df,1937430,5 years,Home Mortgage
073ef952-0238-4cf5-a796-79bcafff79ad,658407,10+ years,Rent
4eb4d876-2dde-4adb-bb87-fcfc49301590,4939012,10+ years,Home Mortgage
53af81f7-d662-43c8-940a-8825d48a0c4c,676742,1 year,Home Mortgage
9badb1ea-5088-4802-9a0e-2a90b9af893e,2292084,10+ years,Home Mortgage
9ef1e704-5b94-486e-be51-501e514654d0,811452,4 years,Home Mortgage
e029a21a-5646-489d-8edc-7e5b1eaaec91,1987229,10+ years,Rent
f03645da-35fe-4701-90f6-513d9706dceb,1527923,8 years,Home Mortgage
0ab7b0d3-03a4-45b3-b648-3db772a5f787,1221719,10+ years,Own Home
7abee29f-271d-490a-9eb8-b7685f9693cc,1545384,10+ years,Home Mortgage
11ccd65d-2bd9-4767-bba1-030a49aec121,510340,7 years,Rent
be0019f1-051e-4383-b976-6c2081079cd2,1779312,2 years,Rent
5d0a354b-c66c-4f08-9996-082e5b4ba899,965770,3 years,Home Mortgage
6c6953ab-2443-43eb-939e-a76eec8ac08d,,6 years,Rent
02ab1afb-b9b6-40de-b8b1-ea5564bed115,2352333,9 years,Home Mortgage
41e76358-dc06-49dd-8a4e-e247db90597e,764940,8 years,Rent
5d7150c3-204a-40e4-a894-02702efab9a1,,5 years,Home Mortgage
c60a7db4-9ba8-4349-9927-a3b2070a7b57,,n/a,Home Mortgage
db832328-3e12-4f87-a653-e6672ab2d33e,944015,10+ years,Home Mortgage
83d0242f-087e-4b1e-899b-3909916fd447,1019711,< 1 year,Rent
9b7d656b-74e0-4417-b8bd-f193ec3af8f5,326002,< 1 year,Own Home
e02a5385-6acb-4107-a17f-0a1a75c38708,,10+ years,Home Mortgage
66666e11-ea2d-4dab-b6bc-f3768a1bf418,1824019,1 year,Home Mortgage
34303299-0b20-4f3c-af7a-c3b32648b3fd,994023,9 years,Rent
e89ab91d-6ccc-43bb-8654-92be26be560e,1242714,10+ years,Home Mortgage
a65a00d0-5872-463a-bdc6-9ebdcdaa8b64,,9 years,Home Mortgage
70216da4-9762-4c76-bf92-66fdc7e86b0a,,10+ years,Home Mortgage
bbbf1fae-b1e0-4d10-a029-8d3c35cd9cf5,1983638,2 years,Rent
922753b9-c860-4228-abb8-6f91dffe8508,1224284,5 years,Home Mortgage
1639aada-2281-4565-a090-923129c2b54a,,6 years,Rent
9b00b2d5-abbf-4145-88bf-397d52d73c3e,876793,5 years,Own Home
504a1730-a04e-4e36-a3e4-a91eac2bf728,966359,10+ years,Home Mortgage
1c52d5bd-f2ca-4f5f-b485-80c69374b055,1028356,1 year,Home Mortgage
40ff9a2c-72be-42ef-8aad-989116f227b2,839192,2 years,Rent
12f891b3-3afb-4855-a971-9ec0c46c3274,1155960,1 year,Own Home
736f69c0-4021-40c6-9bad-5bfa202bfc6c,1129740,6 years,Home Mortgage
da537670-259d-47f0-b56a-50178622348c,1789439,2 years,Rent
876eef13-cd77-4874-88b8-ec3a7825ffd5,1486009,10+ years,Home Mortgage
cfa7677e-ab24-4bdf-baef-e2387abc7ca3,3337977,10+ years,Home Mortgage
47666f8f-5f39-40e2-b393-9e4520e10fcc,965675,10+ years,Rent
84245fc6-dae5-4767-ba4d-edbaf81782ef,,10+ years,Home Mortgage
b081bcaa-f028-45aa-9285-e62f675f5596,,10+ years,Rent
058ac418-a838-416c-9462-b74a98c4bdae,1414740,5 years,Home Mortgage
d79fcbc9-39ba-436c-9b14-083f98a4898f,1158696,n/a,Home Mortgage
057fcee5-d320-4b19-b56c-bca70ac1426a,,< 1 year,Home Mortgage
2022d601-2001-4678-96eb-b87db47043a4,2131800,1 year,Home Mortgage
569c69ba-f20d-4766-80b0-82b39aab317d,2526563,5 years,Home Mortgage
3535a151-a21c-41e1-8a64-72ac78d4287d,1515934,3 years,Own Home
91e00567-d813-45dc-98ee-de9dce5c24c2,973560,< 1 year,Rent
8e4a0d7a-d66a-4ec3-8a74-979b427580e4,1416507,10+ years,Home Mortgage
82ae143d-3138-4a72-80d4-824e606b7b06,2068682,10+ years,Home Mortgage
0a1cbeab-44e8-4366-bd31-9459dcce1ff0,2124067,n/a,Home Mortgage
7eb657d6-b2d6-4588-9ea5-186fa08a1687,,n/a,Home Mortgage
3128f80b-fd05-4438-a55d-889ed8c83376,,3 years,Home Mortgage
881b8922-a9a8-4bf5-8aa9-1ff61411ef19,1679220,5 years,Home Mortgage
962f2638-e79f-4dfd-8872-a3ec92295018,1761072,2 years,Home Mortgage
75138378-3851-4e74-bbe8-7b6420b8546a,2633134,4 years,Rent
9d364867-2e1e-497f-8417-9f52161ead68,,10+ years,Home Mortgage
d12f6b4e-8998-4f88-b5a5-cb65e2efc74c,2487043,10+ years,Home Mortgage
728492e4-b073-40e2-b0af-38f13aad92cd,1907410,< 1 year,Home Mortgage
f40788ba-d555-430f-8f31-b9fa66d7a425,904115,1 year,Rent
4e5d2481-0a56-46b6-8f9d-dfcc8251ec25,1892400,10+ years,Rent
3095411e-6805-4f6d-9d86-baed5c3332b1,2390675,10+ years,Home Mortgage
a0b4ceff-b86d-459d-97b5-e876f3e3062a,,4 years,Home Mortgage
7ef68c8b-b428-437a-bf04-657c33f85856,859199,10+ years,Home Mortgage
4ad9180d-3a5b-47ae-90c4-9f9f7f080f76,955795,10+ years,Rent
3b13476a-dad4-42c1-b877-053317a0bb9e,717459,5 years,Own Home
8b047306-35ae-4ddc-8bb9-027194ee62d8,,8 years,Rent
ecf49b5a-605f-4634-95f7-a8836a336ede,,8 years,Home Mortgage
41ed5c8c-2fc0-4879-a151-966d66b232e3,1123014,7 years,Own Home
120c5b34-1c32-43f1-b1bb-d234ab3e36e7,2900730,10+ years,Rent
c08e680a-3335-45d7-922d-8b468b855886,465082,1 year,Rent
2947c821-d3c3-44b2-8115-2ef558449ae2,333583,1 year,Rent
19d094ae-442a-438c-b9e8-a854029188f7,3429234,n/a,Home Mortgage
4afaa61b-99b6-4131-baf8-19944bb8aed8,,4 years,Rent
b9d1d58a-04bb-402e-9e47-5dc4e9080f2d,,10+ years,Rent
8564a266-46e0-430a-8e38-7eb25b9ce56e,905711,10+ years,Rent
0ed2ee2c-fba7-4da5-97b4-d10fecef35f9,1010534,7 years,Rent
a837e8f6-3f6f-4fd2-87b2-6532893f9ff7,1879290,7 years,Home Mortgage
42bac9de-890f-416b-a4a3-c8f37b2c1d75,1325079,10+ years,Rent
90e32c74-316f-4050-a012-044003855576,,10+ years,Rent
fb374cdc-acd0-48ba-bebe-dfab612914a4,852701,1 year,Own Home
60808be9-ef1a-4bba-a27a-e2f5794caab5,1242410,10+ years,Home Mortgage
51684133-e7ce-4448-9b8d-7fdf53204f9d,,10+ years,Rent
b29d9c4f-afe1-42cb-bcd0-59f8053ee2db,2021049,10+ years,Home Mortgage
9a19ecd0-90ce-499a-8d54-908131239f72,2295371,9 years,Own Home
a9e0c6cf-c9e0-41dc-9869-dc83c08331d4,1461613,10+ years,Home Mortgage
8c664159-775e-471a-8f09-c299ceb25d26,,2 years,Own Home
388443df-b88c-4909-b2d9-bc1e4911c909,1120772,10+ years,Own Home
1de8446f-9334-4b51-afd1-0be45becb9f5,1166676,2 years,Home Mortgage
3f376935-fa2d-4fb7-a78c-49bd07a4a6ce,1452797,< 1 year,Rent
a2b5571f-9dec-4543-83c4-6073a956a17b,,2 years,Rent
ffd4aba0-8323-4d0c-a249-41e1549aac79,847305,1 year,Rent
f3809a41-6561-468b-bc57-b099569d145a,797012,3 years,Rent
e5b737b6-2951-46df-9521-78f4bcf9edfd,,2 years,Rent
cf9ab851-b91d-4daa-a69f-8a4f4de0ba0c,1680246,4 years,Own Home
765aba41-2f87-4b97-8265-53dedda33100,1613005,10+ years,Rent
d7317065-35ed-4ec6-bff7-4f62ce473120,2654148,9 years,Rent
c6c8aef5-884f-441c-b072-6babddafbf4b,939569,n/a,Rent
3c52cec8-50bf-4131-864c-6c4247944214,2429739,10+ years,Home Mortgage
2cea4b19-f321-4378-9791-de22649b034d,3432027,2 years,Home Mortgage
9c377170-4c82-4c38-9977-981b70f87c13,854145,3 years,Rent
49010373-c684-4692-b2dc-8f1bd4e8cde8,,8 years,Rent
48a21b29-9ed8-47fc-bd21-b074e20d16a1,1145795,2 years,Home Mortgage
cc6cc8d1-bc81-43ce-ace7-5f00f1b60390,1941287,4 years,Rent
f71eb43d-de3d-4e63-91a9-86c54624d6d1,1168614,3 years,Rent
0550a5ba-55b0-42df-95e9-99d54646ca16,1159703,10+ years,Home Mortgage
9cafb60d-765f-461d-937a-05c2ba33de36,2108791,5 years,Home Mortgage
a8386157-1b8b-467c-969d-23041bf9a673,545243,10+ years,Rent
334f3f3b-74d6-4ef9-afb3-81b1fc72b447,2314523,4 years,Home Mortgage
ac8f5a45-d052-4290-9f87-4916a00529ad,,3 years,Own Home
82b62574-6b3a-483e-8d99-a85ab9c94380,,5 years,Rent
92a625fb-68a3-4332-b2cf-10d1f68485ec,1610155,10+ years,Home Mortgage
a1191d93-56e0-4db7-9cbf-2c100a165d9d,1311779,7 years,Own Home
b42b4ddd-2f42-4e49-9831-47f4f1471e83,1037400,6 years,Rent
f98d1b80-163e-483e-86f7-84417ebdc002,2853895,2 years,Home Mortgage
a43fa149-15a3-427b-a7b3-7e4bee7cf605,957505,9 years,Rent
efed7b94-b672-44c9-aeaf-8d8b448fb2bf,1441967,5 years,Rent
acfd2526-497c-4b72-9a99-bc25c4cffeaa,1365606,5 years,Rent
e13d54ad-3e02-490a-a092-fd9a8f9e06ee,1813664,6 years,Home Mortgage
33d2f233-2335-499c-b458-8935b02905d3,2324251,4 years,Home Mortgage
ca03a8ed-ea0d-47ef-a953-6b4ebe4b62d2,768284,3 years,Home Mortgage
dd62903a-ef73-4e51-a13b-c141fd833299,1109011,2 years,Rent
742d031d-72b2-439c-8442-ca0fe137fbe8,1208210,3 years,Rent
cfbf542c-ac37-45ba-b88c-5ae52c46148d,,10+ years,Rent
b801b984-e781-4ea0-83fa-add0181a1008,426493,4 years,Home Mortgage
b01f0cf6-b97d-469f-947c-5adbe51d4c2f,1144978,6 years,Rent
b1c899ef-49d6-41a7-aa0c-e37a9d0ac4a2,2218098,10+ years,Rent
9f5fe65f-77f1-4804-ad5d-9905d5ccd6f8,393490,6 years,Rent
d4994a3a-f9fd-49c3-b0a4-266e8c04443b,754471,9 years,Home Mortgage
0fa82f42-4a88-4fac-8ce2-97fb7538c9ef,,10+ years,Rent
20c61634-3714-4e73-8443-54e0ddb9f0b4,829977,n/a,Home Mortgage
ee8df22f-52d9-490b-a91a-ca483f009bcf,1395664,10+ years,Home Mortgage
fca25891-750c-467f-80be-3a5259ccf3e0,218652,n/a,Own Home
3ee8dea0-7560-4a54-8cf2-18a196f68618,1380160,7 years,Home Mortgage
f44c0384-9124-4867-91d0-0d3ea89eb725,1127631,2 years,Rent
42f61bb6-c51c-416d-8e78-6fdb7223e7f9,2857980,< 1 year,Home Mortgage
ff889c64-6960-4e98-bf4f-b307f8725e9d,3367902,10+ years,Home Mortgage
e8cdd01e-54ed-4b48-8937-372d7cbfd680,897218,2 years,Rent
9f70c910-7521-4f2d-81ff-13038205d309,1031776,2 years,Rent
aa513574-786b-42ef-99ca-c780a6d700a7,,n/a,Home Mortgage
31a915f1-6884-4b38-a950-48f7e7019855,604390,4 years,Rent
85a0d2ee-903f-4212-ac84-c984704df3ac,,1 year,Home Mortgage
eef42674-70c7-423f-b53d-3fa2e860d70e,995923,10+ years,Rent
5f66276a-8ceb-4b89-973a-8e9af0109c2b,2100241,10+ years,Rent
abc6a4c2-e487-4b5d-9a0b-23efbaa93fc4,976144,7 years,Own Home
9906ca34-4cc1-4179-9c0b-2643c10ba7fa,948860,< 1 year,Rent
a03baa41-c8c3-466b-8e2b-d62c04f0bbd4,371678,2 years,Rent
cfbaa7cb-4269-4441-b802-b45eca4d64b7,778449,10+ years,Home Mortgage
bb66e964-ba8a-4c1d-a54d-1eaeb10cb26e,1308321,< 1 year,Home Mortgage
1e7842e8-a28f-412b-8682-a0efcd7cf9fc,782838,3 years,Rent
79fa22c9-8b81-4f4a-a123-d1cabef6ec8e,1815108,2 years,Home Mortgage
ab34cc51-f066-4269-83e7-ed4604b32cd8,1594822,10+ years,Home Mortgage
af10a281-cd1d-4e42-8aa0-62b0d55fff2d,,10+ years,Home Mortgage
51f6794f-483d-45c6-8ff0-95addf3a8754,1113381,5 years,Rent
91ad1d8b-f282-490c-be27-18ee886d43e2,,2 years,Home Mortgage
e7315160-9cac-46a2-b271-1b37580a58ae,566637,4 years,Home Mortgage
e56d823b-8053-462f-8b68-2bb611e72bc5,2182549,2 years,Home Mortgage
86c0a59a-0ede-4a08-b038-7627f1aab16f,1938950,6 years,Rent
2e486c40-0003-49a4-88b6-22e3aefde6a3,,3 years,Home Mortgage
53ec29d7-896e-4aa3-a327-9493bb053288,,10+ years,Home Mortgage
15bc25c7-d99b-4f29-8b36-3500123c8714,,10+ years,Home Mortgage
5e9226d8-b85a-4c39-978e-724bc7cc7a05,1587393,1 year,Rent
656e43f1-475b-4fca-a3d2-b8b20d84cfd2,,4 years,Home Mortgage
a687a3df-90ef-423d-b264-30dc9944d0fa,2062830,8 years,Rent
3312c729-2dd8-4ee3-8dc4-99e3c67252d1,3022976,10+ years,Home Mortgage
64d2ce1e-4501-4962-9f7b-79928a23fc11,,10+ years,Home Mortgage
55325216-4827-436d-b5b5-33bd2ef24591,3810089,3 years,Home Mortgage
11f08ed3-9bf8-47c4-a664-efb6fb8bc486,918612,10+ years,Home Mortgage
6afcbe5b-6b4f-4882-938d-5746c72f2891,,2 years,Home Mortgage
13356b8b-491b-41dd-a81b-4148b0474c97,3365907,3 years,Home Mortgage
5b43ccfd-845a-4dce-88ce-ecb423bbd17b,2422500,< 1 year,Home Mortgage
b8eae476-95dd-4be7-bbeb-4a5b4e4aedf6,1114692,2 years,Home Mortgage
fa9ce2e9-5f0e-428f-a56d-bbf543e5fde3,1026095,n/a,Rent
652c0458-5f1a-48fd-b9c6-e523c773d1d3,1094590,n/a,Rent
da2218f5-bf09-49ac-89b9-cb470ca6af91,1939520,3 years,Rent
81103336-a30a-42fd-a3e5-81785487cdb3,,5 years,Rent
44427776-389b-4d64-bc28-3ff0966c14e2,1048268,4 years,Home Mortgage
80d47d47-d970-403c-adb1-17b0bd6b60ef,,10+ years,Rent
08dab877-63df-461b-92f3-e5401622f335,2859975,2 years,Home Mortgage
85993680-95ca-411b-afb2-3e88e27a7380,951330,2 years,Home Mortgage
6a20adc0-3257-44d1-b51b-96ddac7dc87f,1210927,2 years,Rent
e8c4a998-a584-4e22-930e-bcaf7eac4e99,1845204,1 year,Rent
3c381dfe-aedb-4fa7-bd29-3944ef93da0f,,10+ years,Home Mortgage
9aa00051-373e-4a74-b55c-bd2ca2bc4bc8,1290841,7 years,Home Mortgage
da421060-7046-4ec0-8c27-ec6f5eb985d5,1068712,3 years,Rent
7b265c12-7a1e-491c-8600-50578c0ea285,2397325,10+ years,Home Mortgage
1ef5d19d-2a1c-42e8-a0c9-547337b0c79a,,4 years,Rent
6fa929f8-1142-4f54-ae6a-4c447b3bcb74,2851425,3 years,Rent
2b00f356-9c68-4f9e-bcdf-7bf50627b086,,1 year,Home Mortgage
b91729ec-5558-44ca-933a-d4bf76fe73c1,,1 year,Rent
e27113fc-6bf8-44ba-b080-2d5211b44fec,924502,10+ years,Rent
03fac82f-1ca1-478b-b04e-d688e0e3b5fb,1474286,10+ years,Own Home
539dc3af-d79d-4a60-bea0-64facce2456f,3252192,10+ years,Home Mortgage
238784dc-c3ba-441e-8f27-34979e94f5df,,6 years,Own Home
9586cfc9-86b0-4714-a71d-e8671bd7d23b,1298878,10+ years,Home Mortgage
4f7504cc-5e87-4063-ab93-77f1da5a046e,,10+ years,Rent
8895ea34-d61e-4912-a076-44bb04592aca,932862,6 years,Rent
60bbe60c-9b20-4cf4-97f6-2472dff074a5,4376992,2 years,Rent
baade689-2bbb-49aa-9b6d-24c820df3778,1168690,2 years,Rent
32a605f2-ce55-46db-a738-3eddb053d5f7,2708678,5 years,Rent
47f3b1c9-abd1-4b43-83e4-e89c432e097c,844531,10+ years,Home Mortgage
94630ff2-efac-4fe3-9a54-66a6bb268636,1378678,2 years,Own Home
b065ed50-dc06-4a2a-99c3-cd67d867f93e,1930780,8 years,Own Home
b38a58f8-31fa-47a6-b886-4b61013a99d7,4855526,5 years,Home Mortgage
538be9c2-291c-429d-9ff9-8b9e702521d0,1150849,8 years,Own Home
e50dfb9e-3f3e-48a7-a546-3deb2ea753e2,859237,10+ years,Home Mortgage
a90fda20-764f-4512-8ddc-83b7e42d6a83,7670680,8 years,Home Mortgage
12ca89e1-12db-4c64-b577-d29e54f2154f,783788,5 years,Home Mortgage
eebc1b07-89dc-43ea-871c-14268cf4dfcb,,5 years,Home Mortgage
d9f8d031-ab6f-40b1-8630-0a9a957853c4,1551920,n/a,Home Mortgage
931dce08-6f7a-4d6d-8e9f-5957493fd0c5,1791719,2 years,Home Mortgage
38e5b8ec-6cbd-4121-8c1d-94ec16bf50ea,,3 years,Home Mortgage
9b0c2518-6732-4d17-8974-2a41553a2fe7,936225,10+ years,Home Mortgage
337ad5cc-d1a8-4945-bc24-f47b24ca8600,2871375,3 years,Home Mortgage
296f7ce1-4070-44a6-bcbe-240d08dd3b2c,756884,< 1 year,Rent
e1b502ce-36c6-4492-b3f3-c40309b3ffbb,767771,n/a,Rent
b2e230a2-ff82-4366-9d73-5e0d71542ddd,648774,10+ years,Home Mortgage
b2dadd5c-1446-4928-9add-2d561b3af6f7,1912160,2 years,Rent
a470e4ed-d4bf-4edd-a311-afd9430a9e41,941925,3 years,Home Mortgage
065c919f-b6b1-4380-82b4-b567552cf49a,,2 years,Home Mortgage
e81deaa1-e873-4243-85c7-aed2f175fa41,,4 years,Home Mortgage
c7fa7c56-9257-45ec-9e52-251c823faf0c,2592702,4 years,Home Mortgage
bdb62c52-116c-4ba1-bc81-3b31d9f5e02e,3937465,4 years,Rent
7bc4986d-52ff-470d-a780-621cfdbc5e17,856406,3 years,Rent
8f3bf780-6d94-45cf-b59e-f28e8d3fb76c,3948751,7 years,Home Mortgage
e11f483a-5037-4eaa-b753-6d26f5668b38,1140684,2 years,Rent
34c966d7-eec2-48cf-9e6c-ccad3c6d89b0,872442,6 years,Home Mortgage
12806cd8-ba3b-4d5b-99b5-c78649041361,718029,9 years,Rent
9af81edd-783e-4459-812e-0f2311931555,,8 years,Rent
f161f7e7-e110-40b7-b438-ade08db1ed51,1637629,10+ years,Home Mortgage
1e0c2f0d-311c-43a0-b3e3-8185950071c4,559398,10+ years,Rent
3139e73c-9a0d-4c81-b902-4c7d1956aa16,,5 years,Own Home
f8ba1e06-a552-4484-bcd9-afd01f72d7a1,,2 years,Home Mortgage
df678d62-64f0-4f88-9032-b0b83df597ba,988969,10+ years,Home Mortgage
5d9550a0-103b-4c77-a2ce-26019c0e7606,893323,4 years,Rent
ba4ae387-ae8d-404c-a545-13a2dc2b215d,1604607,4 years,Home Mortgage
1e3a56fa-c1b2-4e36-8251-1890ff7b2b82,2666916,2 years,Home Mortgage
2d257d08-561d-4708-b23e-adc4d9e01b38,929480,1 year,Rent
285c89c6-89e1-4cc5-8879-93550b950a8a,638723,6 years,Rent
02d37831-2765-498f-91a5-e590e303680d,932995,10+ years,Rent
6364fe1c-8cd4-4b0e-ac3b-ecd334fdf3f7,2784165,< 1 year,Home Mortgage
786b3bec-673e-4075-9ce2-f44714378ae4,,4 years,Rent
6fda3fcd-abb2-415e-90a4-840e3b35fc32,,7 years,Rent
e8a38f9f-052f-4380-817e-5a136fe260f1,753160,8 years,Rent
8d5f82ef-62cb-41b1-8026-82c6cd5ac0b1,922659,7 years,Rent
fe9b55d5-8de9-4a6c-874a-788d290053e9,2403101,4 years,Home Mortgage
be3e2c82-6e55-4bda-9a26-9711b592b378,1258845,10+ years,Home Mortgage
5972d744-18fa-4eef-b6b4-33e0296be524,1068712,< 1 year,Rent
36608de1-e9b0-45d5-83f2-af341691474e,772616,4 years,Own Home
96b5bc0f-63fc-4cc4-a99f-9c3cf6e9966b,,4 years,Rent
26c87c9a-4e59-482e-9107-28d785b50080,2803830,2 years,Home Mortgage
37dbc0cc-cb4d-4fd7-bbcd-35ca44c23df3,,2 years,Rent
b68e1040-e9c5-4230-8fcd-a916d8a1292d,2435914,2 years,Home Mortgage
f2913648-b48b-41ed-9523-947de335b607,345667,4 years,Rent
40d2df4d-10b3-4a17-b606-b6d162bba1b8,686109,10+ years,Home Mortgage
9bf4aff8-0723-4dee-9ac8-c534bbc0cfcb,,3 years,Home Mortgage
3947fd64-c978-49ab-a044-27ae110864af,,7 years,Rent
95e6011a-0cc3-4fb8-8b9a-b7eb77706d0a,970710,5 years,Home Mortgage
ccc6b231-d804-4963-9a72-b52fbc1cc705,603212,4 years,Rent
3136f45b-7306-44c1-bdab-e42216a78f6a,1000863,6 years,Rent
ae3bfdd4-27e1-459d-a3fe-f4a78e7e7c3e,1428306,10+ years,Home Mortgage
bbf55308-3fd6-4ee5-97e0-8f251c8434dc,1178475,4 years,Home Mortgage
0e1c1b65-c58f-4fa3-bcbc-c2747e2770d2,8010780,1 year,Own Home
364c0133-e148-418c-bf65-e6cf1df6f335,,2 years,Home Mortgage
210c24b6-f048-4b20-a00c-4aa1de65c617,,6 years,Home Mortgage
a700c611-e2c4-4e2d-8a10-9457e3ea40e5,,10+ years,Home Mortgage
fad56278-d045-4fbc-ba43-cc9ae6098363,648850,n/a,Rent
e7b485b9-587f-4121-8904-7485be7b90c3,967670,10+ years,Home Mortgage
84fdaa20-d2f4-41b0-8df1-7813293ceadb,1051023,4 years,Home Mortgage
f430fc81-ab11-44ab-bdae-bf478b9d0ae0,897921,8 years,Home Mortgage
eed3d4f7-d865-4106-a7b9-911640a1a1e2,340081,4 years,Rent
361b5d5e-1feb-4035-a52a-00ce74eb1543,589532,9 years,Home Mortgage
3e9a5e6e-4ddb-48d5-b771-84d839acb31d,,10+ years,Home Mortgage
c33f12c2-398e-42ff-bbc9-e6d5e773dac2,,5 years,Rent
2806f917-77fb-4a1e-b101-ef52bfc5d0ba,583452,< 1 year,Rent
d9bec858-3eaf-47a5-b55a-bcdae0b84083,,6 years,Rent
2e5e2100-d9fc-461c-9b78-a3f916e89d6e,868737,10+ years,Rent
5f1905b9-261d-4e43-a84f-f793acf9490b,,5 years,Home Mortgage
58b7fd1e-5278-4c5d-8fef-b7d81777d9e0,3362202,10+ years,Home Mortgage
52896530-7ea1-4337-be05-225dbcfea2fc,764750,10+ years,Rent
9e045b57-b836-4af6-8ed8-0557629da53a,747764,6 years,Home Mortgage
a12f8536-0d02-44e3-a420-acb8eafcfa87,1007950,10+ years,Home Mortgage
19ec0527-a05b-4b00-91ca-5982b4483255,2050461,10+ years,Home Mortgage
c266bae6-710e-4a3c-8792-c5e5a117315c,834917,2 years,Rent
d9ad972d-612f-4228-8205-3a3e61b31ea8,727358,9 years,Home Mortgage
324b8468-6b84-445b-a8ae-46668250cd9d,768322,6 years,Own Home
490f1d4d-6e13-4b05-b558-ea61025f49f3,790343,n/a,Home Mortgage
34ed40c0-4c93-4db7-93d2-9efc7997b329,932805,5 years,Rent
cdeaf2f8-f586-4324-8a1d-8abeccf6fc5b,785479,3 years,Rent
15f283a1-9c8e-45c6-b05a-e82c77dc90ac,1398913,10+ years,Home Mortgage
2d72ee06-39fc-490f-be62-8190d8d207d9,1404062,6 years,Home Mortgage
15e5f713-f30e-448b-9613-507b66f05b06,836190,2 years,Rent
1b387003-f0dd-462e-b7b5-c1be46a6cccd,2228472,10+ years,Home Mortgage
df8722ed-93d1-43ed-81bc-1ce494f23c76,647292,9 years,Home Mortgage
e0ad68f0-e2c1-4a46-b2c0-ad2ca0794a73,825664,6 years,Rent
cf7c3233-f110-44ee-bb87-a3ee221c96a5,,6 years,Own Home
d5b92b85-c7c3-4500-acc1-0f529a31ecbc,736934,5 years,Home Mortgage
555c4d48-2164-461d-9186-1f2bac3280ff,1410047,10+ years,Home Mortgage
c716f027-fe47-4193-8d3f-65cf8627ae8c,1003713,10+ years,Rent
6ea35784-50f7-4eab-865c-82673a4a1e6a,1693508,5 years,Home Mortgage
85062a9c-8882-4902-b57e-681553bf2030,,10+ years,Home Mortgage
fc25e7e9-2748-4ff4-9d68-151f9542e7d6,503082,1 year,Rent
64512f86-2e45-472d-b6c0-399b1ab6be7a,1215791,8 years,Own Home
5b3a7670-80df-4a4b-a185-da530b6e6e8a,1454925,9 years,Home Mortgage
f81acd5a-4542-40e8-86ff-447028c370ca,656963,2 years,Rent
04c4e20e-37ea-46cd-a966-e5b30f6102f2,2152719,10+ years,Home Mortgage
f8ed4613-1ca4-4260-ad5d-3f602f47530f,753008,n/a,Home Mortgage
a37e3aa5-de85-4d02-8f23-d14dd2fa3c9f,1378526,2 years,Rent
7075c68a-b0c0-4842-90b7-aaa5dd853454,477185,< 1 year,Rent
f74ef480-0c87-4d05-ae27-d83debe76ca5,,10+ years,Home Mortgage
b6a1cb36-37a4-469c-a07f-df534b4957f1,1223638,1 year,Own Home
7d66bb16-2f0b-4fcf-b8d6-10d5e34e3ac1,2996528,2 years,Rent
3a07c592-8ba5-4dd7-92ef-ad3415751b2b,,1 year,Rent
a649f25f-041d-4ac7-8f64-65ebd0c1706f,,n/a,Rent
415d5eba-7420-4d41-8599-ce09e250d0e3,442111,8 years,Own Home
85fb2f9a-0d8d-4973-8581-1a395f9a7760,1894300,10+ years,Home Mortgage
e86b3bef-eeb4-4b39-ba67-b20e52eb72e2,1771256,n/a,Own Home
345e97e4-7abe-4a71-9674-3f054bf4fe80,1536416,10+ years,Home Mortgage
b638baa6-50a7-4a1c-b7f5-094b55b58f88,762413,10+ years,Rent
0d85c0a9-b6cd-475c-b2de-0f05d5d0c66b,965865,5 years,Rent
db04252f-c8e5-4bca-b983-9abebb5ae0cf,,5 years,Rent
3efc5d5f-0296-4328-822e-b6a32caa2cda,1520608,2 years,Home Mortgage
1cfad5a4-c54f-412c-963d-e8d6a9872147,982167,10+ years,Home Mortgage
00042bee-549b-486a-909e-0d0e55aeeddf,2105827,10+ years,Home Mortgage
2e33c011-7b54-42bf-ac83-e3c1d3313afe,1486446,6 years,Home Mortgage
7eab8b93-ff60-4158-80d0-45bb99b7548e,,1 year,Home Mortgage
68b31976-fff9-4cde-bd8f-81af301a59b7,1281588,1 year,Rent
50b5f74a-6099-4788-8b5d-327432008eb1,,3 years,Rent
b7bf5cc4-860d-4319-ba59-88d423070a22,1585949,10+ years,Home Mortgage
922a5fa3-e8c3-44ab-8935-b210aa3efacd,1754251,6 years,Rent
3b3c338a-8ec4-4677-86c6-cfa0f160cd68,1126377,10+ years,Rent
341380f6-f7f5-4ed7-a6b4-891e76734f6b,745674,10+ years,Rent
2bf06ee6-30c4-4f4b-966d-893a78268011,747612,10+ years,Home Mortgage
787f93cd-d7c5-475c-afe2-fc328016c43c,1361255,5 years,Home Mortgage
62d118ed-5aa8-4888-aadc-760af506cd2b,918004,n/a,Own Home
a191f43c-3357-4f94-a0ec-8f2eed044775,2517025,2 years,Home Mortgage
e01d35fd-8ea7-4333-acd6-c1ae39635b1e,2532681,10+ years,Home Mortgage
a408c28c-e3a4-46b6-b101-dbe3c8b1151f,909986,3 years,Rent
5eed06bb-ad86-4156-9b01-5cacf07db514,738815,10+ years,Home Mortgage
f4c94f5b-1c89-4cce-a312-69ada22113e8,906224,8 years,Home Mortgage
1a0e61d3-6bb9-464a-afc2-26c20cecb7c5,973370,1 year,Home Mortgage
346f4109-e726-4b16-9ac4-ba6cd105961d,548074,7 years,Own Home
ac8a0e10-90ff-4c49-aaf4-2e08ee2e0662,860738,10+ years,Home Mortgage
0be03339-6c1e-4b1e-b6bf-4e7135081bf6,709365,5 years,Rent
bf648620-de84-4ece-b13b-1c8c7f20985a,,3 years,Home Mortgage
6aeac118-97ce-4a29-8a73-bc2571f768bd,1246609,10+ years,Home Mortgage
fd57345a-5b13-4e01-a012-27c17a323610,,< 1 year,Rent
7b19c2eb-958c-42d8-922c-cdcf309d7f75,,5 years,Rent
4230cf46-7cd2-480b-8640-de35c33b3b3f,1419585,10+ years,Home Mortgage
5564f87c-08b4-498d-af1e-d5d19f922e40,969475,2 years,Home Mortgage
813427f4-75c3-4cde-af51-c531b1a8f347,457178,7 years,Own Home
4300628a-ccbe-4a9e-ba0a-6bc23beb36ed,1065596,10+ years,Own Home
8a0b7126-fcd6-4990-8dbd-5d3ecb4e1a7a,948537,< 1 year,Rent
068217ad-b927-4ebf-8aac-e49dff46e53e,1113324,10+ years,Own Home
ab872f46-97f8-4b87-a1ee-be3a1dc59ca9,1394467,3 years,Home Mortgage
b3418e66-2fb5-4dc9-b04b-7f0a3cf82465,,< 1 year,Home Mortgage
921f27ce-e26b-45dd-9569-5e91ece1160e,1456350,10+ years,Home Mortgage
d2d65f16-e218-4840-bb75-0eb985b8b9c5,1130880,4 years,Own Home
18e0929a-a536-486b-8fc7-797243105c04,1225614,10+ years,Home Mortgage
10a11378-4467-46b6-9ee3-c726ad5a6f26,1654482,6 years,Rent
84b07f87-d1a9-4178-b187-e0eab03bbf29,426854,10+ years,Own Home
f9077f82-e625-4bf2-8710-eeb731afaed9,1359260,2 years,Rent
d3619634-a33b-4b3b-ae93-0343503ceed8,768740,5 years,Home Mortgage
10e3c266-de23-410e-ba4b-4efe66e5168f,837786,2 years,Home Mortgage
627b66cc-3e17-4443-813d-6d110b4ac467,462118,1 year,Rent
5a0906af-8ca6-42b0-87df-6a8e742e3d7f,2290488,< 1 year,Home Mortgage
00729000-9907-4890-91da-dda5d1583cff,1485572,1 year,Rent
8f9b0cea-c6cc-4607-9f3a-20ff169bdbf9,,3 years,Rent
6f5bee4e-dba7-4869-98e5-4754823b2001,548416,2 years,Rent
7ab5a371-1525-4014-9c9e-22cf1729ae54,,10+ years,Home Mortgage
6d7d9a7a-25b2-4044-8aeb-ea13e257f165,1052733,10+ years,Rent
1384211c-518c-47b1-9bec-7b14e944e875,584573,n/a,Home Mortgage
6383f634-f244-4d1e-a7d9-bf0b49572518,1781326,6 years,Home Mortgage
a70e48ee-80d7-4721-9f7a-b98e2f6de206,,10+ years,Rent
6f6aec6c-a021-496a-94e8-a7d59002a4ae,830737,7 years,Home Mortgage
f3c387fd-561c-45e8-96bb-e71e1b5c8868,2446782,3 years,Home Mortgage
2ce0f8fc-a492-4750-9ef5-df5c945200c1,514596,4 years,Rent
549f7ca3-ede9-459b-9043-d5adaa49265a,1708499,10+ years,Home Mortgage
650fdd60-08db-4fa8-9724-eb701c2a6cd8,651567,5 years,Rent
d4c98754-1ec2-44a6-a1bc-13498f1895bb,2396983,10+ years,Home Mortgage
d4944deb-8b65-4aa8-a50d-56338f59a105,1362585,1 year,Home Mortgage
12e7aa65-9918-4a53-b9a2-b46bf902011d,,< 1 year,Rent
b802da09-1e8f-4ed8-a00a-0468f53aa243,3368567,3 years,Home Mortgage
4bc9ebe1-f0e2-4376-8aef-df1fea050c49,1328822,3 years,Rent
6272a91b-77cb-4e56-a959-555fc6c9764a,1590566,10+ years,Home Mortgage
2db9c6a4-4abe-4f89-bfce-127ac8f8aef6,557688,10+ years,Rent
8e1a04e0-9784-434e-8655-607af840576b,1484071,2 years,Rent
0fc89980-3484-451e-b724-9ca39490fe75,562305,9 years,Home Mortgage
8e5e0fb8-2fd3-4409-a800-5750b03e5ac4,931570,10+ years,Rent
16053f9d-28b7-4614-9e67-3a1cfc670d93,844569,< 1 year,Own Home
8ea3163b-ffff-4cad-bbab-d21ccbfebfe4,1691741,< 1 year,Rent
654a6f35-4cb3-4b59-a3b4-6a57a6cfbf84,599602,< 1 year,Home Mortgage
d694a015-bda1-44c7-b61c-87b2c5bc28ce,2698532,3 years,Home Mortgage
e2e98b6b-14a0-4974-a1ac-c2797334598d,1038521,10+ years,Home Mortgage
00f33721-f6aa-4d99-963f-d2d536583c5d,,9 years,Home Mortgage
0534e1ed-25f5-4f24-9f2c-0fdeafaa0648,676343,5 years,Rent
58a261d0-39ae-4baf-9bdb-8cb19d7cf6a6,1072056,2 years,Rent
2cc428f5-e980-4419-9165-f45d95df4a8b,1266426,2 years,Home Mortgage
b935e2a1-a6b6-48fe-9f38-0b12989548be,595232,2 years,Home Mortgage
88d22fbc-6c56-49c8-97b6-1a8981c04d52,1113742,10+ years,Home Mortgage
429e0040-78ce-4ee7-81e1-e6c470772f0c,1010154,10+ years,Home Mortgage
ed2bb70b-3bca-46c9-8a42-8b590df2dff2,913729,10+ years,Rent
5799aca0-80a5-4043-a6bf-d8204f8e5a2b,929214,4 years,Home Mortgage
dc4a64fb-4b02-43e6-8cc8-6374b9a5b61e,1168272,2 years,Home Mortgage
23111ad0-f7f3-4b7e-959e-d2bac571bb05,704026,3 years,Home Mortgage
78fb3862-1a95-44fe-bbc5-76a7fa3677d6,948385,8 years,Rent
679ba505-a314-43bd-baea-f3a91620c9ca,,1 year,Rent
15037989-0a6f-48fa-b81a-b9a45d76771b,,1 year,Rent
9689c730-c26b-4cfa-aa80-f621aafa9a99,1330133,10+ years,Home Mortgage
06f74817-2b2a-43ba-b641-d4971eef9319,596695,< 1 year,Own Home
a892a38a-8dff-4613-a066-97340a231c12,,10+ years,Rent
ca7c72ea-c0ab-48b0-a5a2-953e13752612,1316966,2 years,Rent
0e5998bf-7a0c-4f13-95b0-976b2e14cd0e,978804,6 years,Rent
06ce600a-5ad2-4a24-b1bc-1dfea0732f2c,1784936,9 years,Home Mortgage
596c65bb-45b4-46ad-b98a-7323aa69283a,3104277,6 years,Home Mortgage
190bb84a-6e86-4cc2-88f6-0a838ee2709f,390659,n/a,Rent
fd322dce-ddaa-480d-af78-730e5605841c,658692,n/a,Own Home
1e842974-5aa6-49da-b212-6f0096b43651,929195,8 years,Own Home
387ac7a1-1140-46da-abe8-a86cff974a21,1618553,5 years,Home Mortgage
4684c6b0-959c-4b55-9f84-2b24d88110ea,1851930,6 years,Home Mortgage
606e4fd9-0603-4721-986f-ffa78a1eeaf1,2367400,6 years,Own Home
e48e70b0-6f78-4df4-8fb9-c7c940e5d0d7,,10+ years,Home Mortgage
53e01086-2a78-49da-b3c8-0702d78200fa,1097231,< 1 year,Rent
661bfce4-33f0-46db-88e0-b7474695abeb,1518328,5 years,Rent
7dba469c-4434-471e-8f00-5b4295a44c62,2556032,5 years,Home Mortgage
2794cf5f-d881-4055-8457-bab778cc6e46,570228,10+ years,Rent
76164cc3-fffd-4b5e-a1db-94756bfc2faf,1638256,2 years,Home Mortgage
9c76a047-6853-4a6a-a4b8-46443521fb5d,1496896,10+ years,Home Mortgage
a4bce6ce-6a81-4a4e-8a67-2d7cf085642a,,6 years,Home Mortgage
169fce33-c7d5-4cd9-a7fe-14b238754875,941830,n/a,Own Home
64106837-5c39-4a73-8fb1-c1cef4d120bd,,2 years,Home Mortgage
1ae051df-c0af-490e-a447-8c777ccd9cfa,,10+ years,Home Mortgage
68abe6ef-be3d-4184-8699-a945d03442e9,866799,6 years,Home Mortgage
eec1e401-7572-4565-a245-52125481df95,,3 years,Home Mortgage
3e4e7a99-9793-4dbe-b9a6-de9bae9019e4,,2 years,Home Mortgage
a1d0ac13-51ef-4f6d-ad95-67eaba335fdd,,2 years,Home Mortgage
79677b32-3cfe-47e0-b5f5-83fac2f6d441,803339,4 years,Rent
b88b3d27-b46b-42b3-a1f2-bfc6ff310abd,1854989,5 years,Rent
730ecb95-ba85-4120-8242-38ffdfc3cd07,668800,10+ years,Own Home
4aa2259d-675a-47a6-a0b2-90ef8f9755dd,1255824,10+ years,Home Mortgage
b5494487-074c-4c15-bfdc-7b93c03f1544,,6 years,Home Mortgage
46e5b536-ac02-4b0b-855c-3a169f213c79,2644040,6 years,Rent
a48bea9f-1b26-49f3-b130-ff02f437579b,1121418,7 years,Home Mortgage
a4e8686f-99ad-40d8-b151-da2b6ca79c84,1428420,10+ years,Rent
7d12af16-162e-4d60-bf42-b31ee6a2e885,1088529,10+ years,Home Mortgage
92954f6b-aee2-4e0e-ace1-85c82d2ff76f,,2 years,Home Mortgage
1d12b162-f234-4aa9-b7d4-dab2fa644c25,,10+ years,Home Mortgage
6162345a-dcb1-4351-bca5-69f45844a981,,10+ years,Home Mortgage
08fa57c0-3aa6-4279-a1fe-a6ad6b7d29aa,1514072,< 1 year,Rent
7784b5a0-8196-4433-b1e3-942bacd68581,1312045,6 years,Rent
eee6c13e-c7b1-4160-9e86-02ec17338bf5,1031833,4 years,Home Mortgage
568d8892-8eed-4c8b-951d-82a63424935a,2368597,n/a,Own Home
7235a265-37bf-4040-9447-b41158d04592,786505,5 years,Home Mortgage
9e4dca12-5cb4-48a4-ac42-817a4de012ed,704862,8 years,Rent
7944f688-5ad6-44a1-96e6-219346a119bc,1078858,6 years,Home Mortgage
7b12624f-3cf3-4a3b-b4e3-c8b01178514c,3340884,5 years,Rent
345eab60-a442-49da-ab61-ebef81a3edfa,,6 years,Rent
e0cd9c72-7d59-4697-9cda-6b5680b6ef39,1225728,10+ years,Rent
3fc3e3a2-f968-44b5-b979-37db1c15180e,,8 years,Home Mortgage
c887e38e-7bd3-4c06-a029-6af5bde5ae8f,,< 1 year,Rent
09bbb11f-dc8d-42fb-8016-638320874961,892126,10+ years,Home Mortgage
62c5dcaa-0c76-4b83-a709-e1d767fb3c72,1933592,2 years,Rent
17c16b3f-bf31-424e-a130-da6e3c388509,952755,10+ years,Home Mortgage
755a5c5f-9377-48bc-a00c-1cd10edc070f,,10+ years,Home Mortgage
6759742a-577a-47ba-9111-8016b2724f90,,10+ years,Home Mortgage
b1092e22-c8ec-4973-9173-8b77e408359d,,8 years,Home Mortgage
733fb2bd-5938-448e-b039-ae2d00fee98e,1243151,6 years,Rent
78b51a6c-0c6b-40bb-8699-4c3e5045fefc,1110588,n/a,Home Mortgage
d4f10833-8fb5-4fe0-9ee4-02147846829e,814511,5 years,Rent
e118601b-b1c6-4ecc-81de-ef9d76b49859,452029,10+ years,Rent
c28a71c4-889c-447b-99d5-0a43c1d6eeb1,1311114,n/a,Rent
8fc62b1a-9905-4c61-8a10-a71d42659ff8,1029648,1 year,Rent
06275944-44b1-4cc1-ac0e-6e9ee9168e14,1951946,6 years,Rent
cd127067-ae00-4f7a-87a7-58d223b9a012,999172,n/a,Home Mortgage
c7893eb6-63aa-46aa-97b6-308933f71d03,668819,3 years,Rent
e0af2dc2-e859-491d-a1f2-ec45e1bc8509,973655,1 year,Rent
540f3fbc-2e87-4f05-a307-fec86a7387ab,2469202,9 years,Home Mortgage
d679888d-d644-46ef-a879-892be3057136,963889,n/a,Home Mortgage
69e0711b-9c50-4145-afbb-37c34ba871af,,< 1 year,Rent
d04634b5-ea6c-40b9-843f-78b3a50ace06,978424,6 years,Home Mortgage
8c55f7ee-6d6c-4bb3-9ff6-d0a397a1bd90,2120495,10+ years,Home Mortgage
c73ead89-d2d5-4190-8a9c-1a2c7b1732ae,4594542,1 year,Home Mortgage
29f8e4eb-3e86-4ac5-be06-a52c22f320af,715521,2 years,Rent
f9677580-07a4-4411-b01b-2fa2b0e53d41,1522584,9 years,Home Mortgage
7dd7e2ca-9223-41d4-a00e-20a9993bb991,,3 years,Home Mortgage
db626f61-26e3-44b2-af95-35c47a8812d0,,10+ years,Rent
9702e750-5844-463e-8fd5-a464a38d2edc,1152901,10+ years,Rent
4aa7b8f1-50c8-4a20-a86f-26917632edab,,5 years,Own Home
db6d351a-6c19-46cc-a479-589daca8e543,,1 year,Home Mortgage
5741a4fa-f641-448d-a5a8-99e3978e3250,1256983,4 years,Home Mortgage
b43ea728-a888-49b6-8463-b69be6da2fe2,1305528,3 years,Home Mortgage
d75ca943-7ded-4adb-83b3-a9787a6a349d,873088,3 years,Rent
94a3bf37-e2c8-4d6a-900d-ee4faf2dfdee,751051,10+ years,Rent
7f74d728-5d3c-42e1-bc0c-99ba4f4ba038,,3 years,Home Mortgage
88f83977-011a-49ac-a2fa-e686d6f08b79,,8 years,Home Mortgage
6b042f95-0d7f-45b8-8db3-b56d716c2fad,788272,10+ years,Rent
f5a295c0-e4c0-4843-b3c1-6e5e81b9d856,,4 years,Rent
d5f75f87-ebfa-43a2-b797-301a0389e0d1,1496896,5 years,Home Mortgage
c5af1b9d-7eb1-4261-84f2-aaecf9fef32a,950475,10+ years,Rent
efed3e33-c946-4de3-95c0-1b470f6ec0ab,3113378,4 years,Home Mortgage
432b3a50-4899-40a5-9365-1fae3835c472,,1 year,Rent
580985cb-6946-4957-b469-f17ea1bcab11,,4 years,Home Mortgage
3943cefd-64f9-4c90-a4de-b60f16a8de4d,512183,1 year,Own Home
9c51e3d1-c0a9-4885-9f50-59de39e4bd55,,< 1 year,Rent
49c4c672-261b-4d01-ac7a-718460a83589,1461100,10+ years,Home Mortgage
8a19b4c2-1827-4dc2-983b-c3a803f2c981,1405316,4 years,Rent
0b02da50-f205-44e2-9943-e90a5a5d4d7c,1712356,8 years,Home Mortgage
504354cd-7990-4e8c-96f9-b8c21ddb10a5,616151,9 years,Rent
a2173c4d-5a28-41fe-80c9-642290d4223f,864918,4 years,Home Mortgage
41148103-eb4f-436f-b36a-5701f283a48d,1251929,9 years,Rent
d6fae242-f316-43ee-8cb4-6ba929ae8368,2157260,7 years,Home Mortgage
87856139-ce93-429e-8c8b-87b1fe7e21f3,674253,7 years,Rent
3772fe82-9e6d-42d7-9eca-711052594bbd,1846173,10+ years,Home Mortgage
44552267-692e-4ec6-aa07-0a4642b85b57,,< 1 year,Rent
76efc4e2-9097-43d9-8e08-5e773efeb097,617177,n/a,Rent
02eb2847-c0a6-42a8-825f-c4294bebae7f,,6 years,Rent
64f0adff-de6b-43c5-9c2a-aebdcd4091dd,4394035,7 years,Own Home
cb3aaf97-d2c0-4ec7-bd84-9696164c8244,1352743,n/a,Rent
d0e8f14b-8342-4f9f-9f19-362a5b9a794c,992541,< 1 year,Home Mortgage
1b1791c9-7d40-436c-b2ac-f9e9935884bb,481270,2 years,Own Home
56494757-bd1b-4f85-89e0-ef67e316d083,807462,n/a,Home Mortgage
0b6053ca-6c8e-4c14-a38e-e2a8958be930,,10+ years,Rent
0f6df422-be84-41a2-87d3-90d1673932ee,,6 years,Home Mortgage
f48a0e5a-f461-4905-8209-a83e6f452a9e,987164,10+ years,Own Home
9719547f-39cb-40ff-9633-2a0646443860,943065,2 years,Rent
6e9d87c2-f275-4e87-a88a-7a2a71bbd868,467552,8 years,Rent
95dfb032-a810-431d-91f3-9d0f1cad8dcf,1109923,< 1 year,Home Mortgage
cf87bee4-d245-46cd-b0a7-ddc8a6f63472,1921280,3 years,Home Mortgage
cb1f8af1-b00a-4964-9cae-66bc74da1e18,1025563,8 years,Rent
f74dbfb9-6cc8-490f-9576-338a86ba666a,567777,10+ years,Home Mortgage
f81918e8-1ad2-47dc-b6bc-1b8f50832eca,344888,n/a,Own Home
aac417a3-b16a-474d-9be6-e18852f367a6,1624614,10+ years,Home Mortgage
5732e7d1-ebe8-4d4d-90cb-5ebffa7039b3,1057958,7 years,Home Mortgage
c870fe6e-f1cd-4aed-9f8e-481be23e4edd,784833,7 years,Rent
684f2bba-1a4a-4757-901b-13ba734ec7f3,973864,10+ years,Home Mortgage
523ea2ed-3bf5-4a6d-b5b3-62e7328bf75d,,10+ years,Home Mortgage
dd1ee5d2-6b64-44da-b292-41ef52dfe4bb,556206,4 years,Rent
5b55664d-5447-457f-a5f1-5210300e1b97,,5 years,Home Mortgage
29d58cd7-c6dd-4505-bc79-9cfdeac6084f,653334,7 years,Rent
5c79cabb-5712-4f5a-b290-170f3c725fd1,1494939,10+ years,Home Mortgage
1804dc35-863f-4f5c-acf9-56babfcca393,3084384,6 years,Home Mortgage
cd68855b-df45-4a15-9965-e1312be57c9d,1326675,3 years,Rent
a9efafa7-fe57-4c1d-9e93-0601e62a5f6f,,< 1 year,Home Mortgage
e331eacd-9a10-4c3c-bc05-a21d77ec3dbb,,2 years,Rent
2b4499ca-bcc0-4e6f-881f-a9d0237e0e63,672391,10+ years,Home Mortgage
cde07cc1-bc65-4dc3-990a-9d1a274d397a,2268163,10+ years,Home Mortgage
76e7038a-477f-4d8f-a775-944fd5e25d25,748923,n/a,Rent
2bfc926f-a884-4dac-9f04-4af7e995478f,2528539,10+ years,Home Mortgage
ac4dc40d-f1f8-4451-bdb2-f61a0c90c325,,10+ years,Own Home
322228a9-d3cb-4651-83d0-caef5aab4ee2,1338436,8 years,Rent
75e6450b-ba22-4eb6-9a05-c74765420899,,4 years,Rent
919b3915-3fd4-4522-819d-9dbcbaa8beba,972781,4 years,Home Mortgage
330cf6ba-51b7-4045-8766-e4b05be029ee,688370,5 years,Rent
58cfa149-f21b-4651-b2c9-f50f878b395c,1232036,10+ years,Home Mortgage
b08bbaec-1d8e-440c-893b-623b85b1b6c6,517883,10+ years,Own Home
5780e22b-9dbd-401b-b471-7f847739a39e,835772,5 years,Rent
6a20b80e-8234-4da8-9d66-0c627d2aaf07,781090,< 1 year,Rent
be7dba72-949b-43cc-b7d1-706b435dd834,,n/a,Rent
57a1affa-9c60-4e7a-af5f-824a18347093,1041542,10+ years,Home Mortgage
cf2b8abb-4ce4-48a3-9fc0-c1532b29f92b,1128942,10+ years,Home Mortgage
f92e69b2-492f-48bf-af5a-c891b43c69c2,1908360,4 years,Own Home
bc6b6b96-aa1b-481a-b662-3e2a1ab12ae6,,5 years,Rent
94ff266c-7853-4600-8adf-3d153c772842,,6 years,Home Mortgage
0ff17ecc-0df1-4128-890e-ba60b74917cf,1439117,6 years,Home Mortgage
cf41126c-8dd0-4894-ae85-e2e5e1651958,2407623,n/a,Rent
b1d7781d-9e71-4709-94c0-2f3423cea2a4,891024,3 years,Home Mortgage
b8f41ae5-76df-4663-9096-2adcd797f03d,1780642,5 years,Home Mortgage
1ee710e5-96f2-4ff3-90e7-f06b77320175,1707777,6 years,Home Mortgage
0ac725d5-5bc2-4c0f-b86d-08e1e21d60a1,,5 years,Home Mortgage
6a258f9d-04c3-4baf-b6a2-432674bb0611,,8 years,Home Mortgage
9a078d46-1988-47ef-8ee5-ce3fa2f62fd1,954845,10+ years,Rent
fb78217c-6d86-4d9a-ac8f-cb530d87a79e,1128372,10+ years,Home Mortgage
20badf22-41ab-47e5-bdd5-0e42bb7ef2fa,1938950,5 years,Home Mortgage
c0c46b31-b544-4c95-a7b9-f281c0227ed5,904913,9 years,Rent
65ff5b8d-0b5d-467f-91f8-ca9059c9e3a5,,10+ years,Home Mortgage
4622fce1-578f-417d-b04f-c8458da65aef,564300,2 years,Home Mortgage
1c1071ce-6afb-4bf8-b24d-67a678116cbe,741228,10+ years,Home Mortgage
106f2a7c-e990-49b5-b154-3367a84da9c0,2050081,10+ years,Home Mortgage
5d6ec6c9-fc06-476b-b0a0-7b110935bd3d,1851550,9 years,Rent
3db0d23d-a45c-46c4-afee-5fd897022d21,,3 years,Own Home
f7a4f483-d46c-4403-a3bb-501809b267b9,366415,2 years,Own Home
e4d63af6-19fa-4e0b-b5e8-4166a08ec9d7,1160862,6 years,Rent
fd043031-feae-43ec-9a34-86046b427434,1053683,5 years,Home Mortgage
a66c7dfd-d13a-45b3-ba20-064e12f40364,1787843,10+ years,Home Mortgage
32712ba5-e108-4e75-9328-4a6156a344c2,5940711,n/a,Own Home
1fb12717-76ab-4664-bf43-08cb1aab6dce,971166,3 years,Rent
c081c1cc-ae75-460c-ae38-d0478f45b2aa,848426,10+ years,Home Mortgage
7c06949e-43ae-4611-bc9f-22614afe898e,1144085,10+ years,Home Mortgage
fed92eef-002f-455d-abb9-6e08cd7951cf,2871945,1 year,Home Mortgage
7092b634-0327-4cda-8f78-257aa245157c,712823,10+ years,Home Mortgage
c54fbf7e-5afc-41fb-bf12-f15bc7f0379c,1934960,10+ years,Own Home
81613e74-7644-4991-827e-6d68d7c8b836,1198406,10+ years,Rent
6fb4cbea-9baf-4094-9714-4733e913e899,1224968,< 1 year,Rent
aaf11050-4347-414f-80c2-e464118bf459,1672513,10+ years,Home Mortgage
e698e0e8-94bc-4147-a82c-1ecf97203827,1007950,7 years,Home Mortgage
3798bdae-34f9-42a0-9bde-421e4f5a36a5,4694900,9 years,Rent
2e5c9ff5-92aa-49a1-8d3f-a3fb09a1c0ce,816905,10+ years,Rent
afcca758-0ec2-4da7-9b96-a4dce679a8d0,1146935,10+ years,Home Mortgage
2b84116c-9e00-4cb6-9c90-5a33dd8a8581,1585778,6 years,Home Mortgage
31190db1-76b9-4560-9875-9b4498704be7,1137150,7 years,Rent
e99d4a7b-a2ca-4dd5-aeb0-002a971cc666,278673,n/a,Own Home
c5e2b561-a60c-4ae7-bbf8-a5bfd7b6ea47,1141501,8 years,Home Mortgage
94da0984-3b45-4907-b3e5-71534d2fe5cd,1289036,5 years,Rent
6ae29eef-f509-4231-bbc1-4b88b13cb39d,1281455,8 years,Rent
b60d249d-f131-43d6-839b-6e1470436afa,2811240,4 years,Home Mortgage
72dbfdab-6f1b-4208-881b-69ebf0d8f756,1753111,10+ years,Rent
74e85c00-2ac6-4391-9a34-e5a7cb5a9332,644841,6 years,Rent
e9bf8673-d1d7-42a5-a8cf-6179d4f487aa,796480,10+ years,Rent
cae07a64-59f9-4dde-b54c-e9ff09eda1a4,782173,7 years,Home Mortgage
a0d03826-887e-4002-b369-bb47c8d40705,1191528,< 1 year,Rent
c38eea48-8972-4594-baa6-380814174615,563160,2 years,Rent
c3914b39-aa24-4979-9392-c154be88a67a,,10+ years,Rent
07d855e4-efd0-475a-b9b6-5a934e9bb108,593218,4 years,Home Mortgage
a8f06ac9-00bb-482f-b624-fb178427c333,833245,2 years,Rent
e5cf97c7-c38a-4c99-bf48-502d8d679d70,2231873,2 years,Home Mortgage
a97e8c1a-ff9d-4912-a631-877a8003d0e7,1028489,< 1 year,Rent
36efaf9e-c288-418f-afe7-2f344731d15f,917016,2 years,Home Mortgage
9a03758b-7f1c-4a90-8eea-4db966cefe38,1554808,10+ years,Home Mortgage
491deb24-8881-4752-ab24-00c23da3e043,1822328,< 1 year,Home Mortgage
a7c748e5-1cbb-40e7-9844-9b4dee68802c,2896455,3 years,Home Mortgage
df443335-5698-4c9d-bd36-2d2fbd4fe514,2667106,10+ years,Home Mortgage
566f2cf6-88b6-4d62-b04c-7edd0c1b3778,,2 years,Rent
e7b332ca-2997-4fad-940d-1b0b0fd0fa19,,10+ years,Home Mortgage
ee654eba-cfa4-4fa3-bca7-30a92d6c9656,1338645,n/a,Home Mortgage
2f1e2a39-1179-4bc6-8a3f-0cfa537ca4df,1710741,2 years,Home Mortgage
68938c0c-6764-4baf-9ed1-1ae4cd22afcb,5172750,10+ years,Home Mortgage
e81b93ce-d83d-4c6e-8c3b-9181fb8f6ad6,1728487,10+ years,Home Mortgage
64b24b48-7547-4963-a4f6-baad0e56d9f8,7495880,10+ years,Rent
2d8f034a-dbf3-4924-ac91-7f45ebe63eb3,547998,n/a,Home Mortgage
3620b1e1-9085-4a08-87a0-4b01dd310b52,571995,10+ years,Home Mortgage
96e167c8-69f0-4ec1-b955-c567ee16ab4e,,n/a,HaveMortgage
8aae45cb-9c1f-4b40-8a12-5e45d2aca957,1325117,10+ years,Home Mortgage
e5931e19-53b7-4fde-bde5-b995b208539a,3323670,3 years,Home Mortgage
e9cd660c-1080-4ca6-8f10-468c51a7c4f7,,10+ years,Home Mortgage
2f3fa029-7946-4f98-8706-da81e7964f19,637089,10+ years,Rent
a33dfeae-5af3-4624-9277-26fae6bfd850,1285920,< 1 year,Rent
88e9eeae-0126-4fe7-8411-ce2b52db4452,501068,5 years,Own Home
6ba63961-e279-470f-a3a8-ecb0b83de0d9,955605,5 years,Rent
f28a3554-9712-443d-8556-e1c99bd263bc,1399217,1 year,Home Mortgage
b9d47010-8bfa-4b5e-ad59-4e6616ab3b50,,2 years,Rent
fde1b52c-9878-4bdd-b5f6-eedfc0c4aa25,,5 years,Rent
683c3b58-2428-49b9-adfd-be24e8f35279,,6 years,Home Mortgage
35292610-bdbf-48c9-b135-01bf494d6db2,,10+ years,Home Mortgage
15e2fabc-4bb5-437e-abf5-9b6c9ed2984c,545699,< 1 year,Rent
94e92001-dc8c-4db2-8a98-7175e4c66f2e,735566,8 years,Own Home
d7b2dde0-388a-4506-8378-c7c78b5106ff,2056351,10+ years,Home Mortgage
80ea0080-ab13-4cc6-9437-2a048d98e095,,< 1 year,Rent
b6b586c2-8744-4e8e-a28f-ce71497af6ff,1811308,7 years,Rent
fd25a5a5-a5fb-4557-baba-cd648f842ca0,2123098,5 years,Home Mortgage
378fe485-22c9-4a3a-a0b7-022aceed6651,,< 1 year,Rent
87c007c7-0136-4afa-a6c1-6b9d65dcc7ee,,< 1 year,Home Mortgage
ab800976-f862-4876-b9d1-ed3429740784,2642406,7 years,Rent
9665d418-04d7-4f94-9fab-9bbc95a028b8,1464653,< 1 year,Home Mortgage
516d7e41-0c76-4177-844e-3e04432498e1,1758317,2 years,Home Mortgage
b53b6e4e-0cac-486f-a29f-2fc8d03ec7e3,559132,4 years,Rent
91784ec5-9fc7-465f-891f-9178b4b2cd02,2200219,3 years,Home Mortgage
2204fa72-6e6b-44ce-a504-8b97fd2acd37,291422,3 years,Own Home
d9b0e8fc-f36a-403b-80f8-9b8e7ce5389c,2275440,10+ years,Rent
ca3eac81-ebae-45bc-ad14-332ad1fc1e06,1288789,10+ years,Home Mortgage
27859c64-a507-45df-8f33-f9c5a43a4b7c,836190,< 1 year,Rent
847cac1e-730f-421e-9f5a-ff647d647492,1717942,2 years,Home Mortgage
d0983c59-b292-484e-995a-0272e0a29e21,778164,3 years,Rent
9ab9a290-a703-47c2-b395-bb3c802628a5,,10+ years,Own Home
22bbe88d-349c-436a-a904-e5642ec7e2a0,968050,1 year,Home Mortgage
af34c692-5c90-4862-90b9-106431db53e6,,1 year,Rent
f08451d9-33b4-4112-a01e-527771ff6665,1182598,3 years,Home Mortgage
bd1a49a4-f629-42ad-8221-4c2032285084,967290,8 years,Home Mortgage
694b08e7-01ec-4f25-bd26-71f7b2ec7b16,1161774,10+ years,Home Mortgage
a68b1186-198d-4e0a-8464-a2701723a281,972040,10+ years,Rent
b05d9939-e13e-4dc2-8047-6d75c15a492f,,4 years,Home Mortgage
081de6cf-573e-4bf4-b13b-58a3019b785f,1723433,10+ years,Rent
de7d448e-4c45-4cd3-acca-2d292acb45b1,,10+ years,Rent
c92a94cd-278c-4c8a-87dd-0a3c1ebd3c97,568290,1 year,Own Home
ceff4e04-ef8d-4153-ba35-a616de141732,,7 years,Rent
af300346-9d56-4d10-b953-59ca1a13398b,1439820,6 years,Home Mortgage
7356a78d-6d9a-46e3-a428-adcac82af9a8,1352876,5 years,Home Mortgage
f3a09dbb-6278-455b-ae1a-283693517ff6,3661851,9 years,Rent
0e450e6c-cb0c-497b-a36f-2c6483cd6869,1783131,10+ years,Rent
dd512d85-7b19-40d4-a6e6-25a043a021f2,668876,2 years,Rent
bd50b0a0-965e-4b6e-b390-6213efd1e0a1,,10+ years,Home Mortgage
608ebcb0-2a98-41e2-b311-b4b99ba37fe8,1835381,10+ years,Home Mortgage
32aad060-6f8d-46f5-9556-26be98850752,630439,< 1 year,Rent
463c4ebd-9ea8-4550-910e-bbfcab1e49bb,566067,< 1 year,Rent
448f2a43-f40a-4133-a07e-4d8282b78504,763724,2 years,Home Mortgage
e40a354b-af78-4d71-b483-1851e51f99ef,1313185,10+ years,Home Mortgage
d14341a2-6281-4210-b412-beea81a2dafe,1017887,2 years,Rent
4fdd3a1c-bfc6-4994-952f-a6d6a845e884,2270253,10+ years,Home Mortgage
d88e4dff-2144-469f-a872-cd4d6d1299c2,892943,1 year,Rent
1adcf50d-2ecf-4421-9082-01412a211cc8,1643918,7 years,Home Mortgage
0e3711ab-8020-446d-854a-f209bb9af338,1869030,10+ years,Home Mortgage
3e9e3920-2195-45ca-891d-ba1c2afe9061,1775455,5 years,Home Mortgage
d7e87c46-b69c-4f59-a51f-11a9f3bb4945,,10+ years,Home Mortgage
b19c0beb-6dd2-4fa2-b4ab-1638a01cbf2b,1125028,10+ years,Rent
963250d4-220c-4c17-a53e-cbfe9d30b76b,928663,9 years,Home Mortgage
ead4bc38-0c7f-49b5-be02-f8e6925b78a3,1399217,9 years,Home Mortgage
8d3cf2f0-808f-4c80-8e79-e3ee6671ef3c,860643,n/a,Own Home
e87efb93-ebbc-4812-8884-88068ba65faa,470402,10+ years,Home Mortgage
93d72310-afde-48a4-b379-55303904f2c6,1923275,3 years,Rent
bb5ff9b6-fb2b-4cb0-9e44-fe59bd9622d2,1313489,10+ years,Home Mortgage
1f4f44b5-cfdd-4ae9-9e62-6341d6cdb0c6,1740780,10+ years,Rent
63a8bcea-e9bb-44a1-b5f0-a6d528db4a0c,2408497,9 years,Home Mortgage
ea399c96-6efa-4fee-9cd7-dad5f624e093,930145,2 years,Home Mortgage
1755b321-1358-41b5-82d0-cd24e564265e,578341,< 1 year,Own Home
0a035f73-6dce-46fe-ba04-4ccf354a7b61,956688,3 years,Rent
b654ce31-3f63-4926-b32c-0b9c9108454f,,3 years,Home Mortgage
cc16e6bf-b35a-47dd-ad62-9705a8d41ef6,1223524,10+ years,Home Mortgage
30f36c59-5182-4482-8bbb-5b736849ae43,649249,3 years,Rent
35fed243-28e3-48c5-b974-4da100e25345,,7 years,Rent
12df604e-29a9-46f3-a06f-033727e2c077,1158468,10+ years,Rent
ec4fd084-6801-4279-ae73-a95f8d0b21ba,2960447,10+ years,Home Mortgage
9f523bc8-140e-4ee1-a357-94b55f34f336,1185961,10+ years,Home Mortgage
75a00d19-2d87-4b7c-b527-4c6a2e8a4280,1308454,3 years,Home Mortgage
27bca7a1-9e2e-43d7-a101-046f8c90d1f1,,2 years,Own Home
0bc68c4c-e2f4-45c0-9f5e-7b629cf18022,,7 years,Rent
acf2347c-4038-4262-bb76-6df7fa4a1d1e,1686231,7 years,Home Mortgage
2d2a11b3-82aa-445f-907c-c33d42bda88e,927295,8 years,Home Mortgage
bfcfd576-0efd-4866-b396-3b78a9abd7d2,786353,2 years,Home Mortgage
bf9b6056-0634-48d2-99d2-89ff2924b43e,505362,3 years,Rent
45c5bf13-98e7-463e-8e37-6887b01d9248,1701051,2 years,Rent
427f9e11-bb98-42be-b5a6-964c4e16ed6f,1701792,6 years,Home Mortgage
3d2809bc-6f33-4f7b-8986-cede767464a0,823954,10+ years,Rent
17aa61d3-a645-4f6a-82bd-849cfc1701d5,3824320,4 years,Home Mortgage
709dc453-dd50-45ed-ae64-23723a618485,882018,8 years,Home Mortgage
ac3cf3d0-4422-42d1-a758-81586f369b40,,2 years,Rent
ef563491-9d80-4f64-bf45-2ed464153d6a,970140,2 years,Rent
854b08f2-d3a8-4e5b-b7ab-e7bd5bee7ecd,,n/a,Home Mortgage
9689a030-7e26-4580-b48c-71f717e1b52e,2569104,7 years,Home Mortgage
8389268f-4815-4567-99fe-3747fb1f1e91,449806,< 1 year,Rent
3dea398e-0c0c-4d86-bfc0-fd18a4dab7e7,3742620,10+ years,Home Mortgage
2c1e8a64-b7fe-4d1b-8c23-179a7b43070c,1136143,8 years,Home Mortgage
1002760e-3783-449b-ad0e-ef8e444ea3e0,493525,1 year,Rent
bb316885-03ee-4747-9214-5d9b3b9ae289,588354,10+ years,Rent
734e3f81-a30e-4471-9b69-c157297467d1,694260,3 years,Rent
d2d2b654-ec1f-4ce3-bd30-791a84a45b58,1331330,1 year,Rent
7b4eb487-2f57-483b-a771-a59dfffe4c83,673303,n/a,Own Home
2268db3e-ebba-4d84-aef5-b298caf0b3f3,,8 years,Home Mortgage
00a6a531-f23a-470e-b46c-59a4454fc7e0,759240,10+ years,Rent
21aa26ae-7521-4891-93d9-51aba59ed9b9,1658681,10+ years,Home Mortgage
cb83d6f6-6c60-414b-aa28-18de6dd7e6f9,,3 years,Rent
6334b9dd-f32e-476d-9b3e-3a35a904cb83,,8 years,Rent
c582f855-b4db-4599-88f9-ed6c2c5b8445,1724972,8 years,Home Mortgage
a110a784-264e-431e-814f-cb008b4f7d29,,10+ years,Own Home
bbc3b0e0-ab33-400e-9da5-118bae1cfb84,1672893,10+ years,Home Mortgage
401542d4-4174-4301-8bba-5cff6e00e40b,1997584,10+ years,Home Mortgage
b386ff54-fa76-44c7-a4da-e3275ecef97d,1352211,10+ years,Home Mortgage
762439f2-94c2-42ba-a24b-ce189ec8e0df,1368266,10+ years,Home Mortgage
fb100759-312e-4aba-93fd-f31525ef90a6,667242,2 years,Rent
aed3fa06-bb7f-4ead-83e0-6233663a354a,1098808,< 1 year,Rent
34e6ae81-3645-4adb-81fe-6eb33bed2e5d,754148,2 years,Rent
42246c49-1f79-46b4-8858-3af75ab1ee57,837900,10+ years,Rent
855ef9ef-37b2-42d0-8333-f1c3398b9b0e,,10+ years,Home Mortgage
91f54c51-ec49-4281-a55f-a0959f4581c8,1161774,< 1 year,Home Mortgage
4d4b9771-9cb2-4106-aaf0-98fd3591e2fc,917282,10+ years,Own Home
46f9a808-10a1-4b98-9ea1-8b2725a4a84f,,4 years,Rent
19c91a2c-a013-4ac3-b8d6-e3c3e0eb74ca,7190284,9 years,Rent
1b1d4706-31a0-4966-8e55-82c8b02e8f40,,7 years,Own Home
04d26776-30e1-426d-bcf2-1367b7a81275,513874,5 years,Home Mortgage
0d28bbea-090c-4125-89b8-0eee3476ca52,742976,n/a,Home Mortgage
026b5847-400c-4224-9f4c-88c7971a1f67,2248764,n/a,Home Mortgage
b5a7bdd6-0d4c-4ad5-af9d-281393262aeb,668933,1 year,Rent
4ee26686-98fe-48f0-acb8-77390789fa4a,1121190,10+ years,Rent
7dda95a4-f6c6-4f0e-806d-c287b7e343cd,2019738,n/a,Rent
6db7eef0-b3aa-488b-b3a3-ef9eefec82c0,666273,3 years,Home Mortgage
53f352e5-a029-4a97-b9e5-252ea86e5590,895318,10+ years,Home Mortgage
16a93570-2477-4bef-903b-5ecac4821117,1804107,10+ years,Own Home
ee93e3ed-b961-42ad-831c-54dea43b7498,1506168,7 years,Rent
3e38a16d-e0e5-4599-b019-ab21df76db0f,2234628,4 years,Rent
5495dd14-eccc-4021-b88e-e419329c30d7,445151,2 years,Rent
25f5f2f3-ef03-4a3a-af73-9bb7a551c181,2708013,6 years,Home Mortgage
4f4226c7-eeba-46a5-a289-df2b9ec7630f,1327739,3 years,Home Mortgage
d8fbf575-b62c-47c1-9c9f-f29beb06d858,514653,n/a,Own Home
cde0d09c-00e3-4f1b-bf5a-98cd2d7b8906,1308986,10+ years,Home Mortgage
f5938f28-7302-4618-a705-d1363fbee4ba,1226735,1 year,Rent
2557433e-abb6-4d0f-a594-95a462e98242,1711710,10+ years,Home Mortgage
2448cae7-5a44-4c2b-979d-32635ce9d092,1214290,10+ years,Rent
ca6e1c04-3cab-42ac-9e80-d87fb405abcc,1237508,2 years,Home Mortgage
67f57174-aac4-46cf-9811-ab59a8c4fecc,2523105,10+ years,Rent
a78767be-3b1c-4fad-9f28-56df8ed3d0db,301758,n/a,Rent
b2ea73b1-3292-4373-ad98-40e199c99276,1147524,< 1 year,Rent
8a390c9c-ffa4-4b07-92d9-45356cd3df50,648774,< 1 year,Rent
2a27c98b-1c65-449c-a526-9251d46a7e6d,605017,< 1 year,Rent
f8ba3bd6-2a8f-468f-b64a-7af89e9adb2c,1494768,7 years,Home Mortgage
e49e5e31-4087-49c8-8191-627e270d18d6,,10+ years,Rent
5f90ff91-354d-4b83-b2f5-e3b4978201b1,1345295,< 1 year,Rent
fc76a104-77f5-42be-8817-dfafe4f6a3d1,727130,4 years,Rent
156117ee-4ae5-4cc3-8d55-8f36ffd00010,1009888,6 years,Home Mortgage
48e6799b-ceaf-4542-a272-c14606f92415,,3 years,Home Mortgage
74159528-fe13-4ab5-8320-9e6576c1c6ce,1665027,8 years,Rent
62b65a61-fa8b-4cce-bd9f-bd9328ac47b6,,10+ years,Own Home
3ea23a94-a399-4008-badf-0de203725b56,,10+ years,Home Mortgage
89c780dc-fa09-4e66-9264-726f9077c105,2026293,10+ years,Home Mortgage
c87fde5e-6f7f-4c28-a37b-6a0841efd4c4,,7 years,Home Mortgage
ce07c4ce-61e0-4b74-ad94-a0c1ba4fbf70,668002,4 years,Rent
370d0862-0fae-4924-b446-b7fc4f8a127a,783294,10+ years,Home Mortgage
ecef7f76-2c60-4890-b7d0-7571194bead4,1341704,7 years,Home Mortgage
96a5c4df-630b-404a-95ea-fea6acf82d5f,,10+ years,Rent
c9806a47-4155-4668-932d-b59364275b9c,1241916,2 years,Own Home
2e903591-a309-478a-b4c8-2d643c2e1a7a,1707606,9 years,Rent
8304d99e-e9d7-4ff1-980e-69d7ccae2234,,5 years,Home Mortgage
aaf49a00-6eeb-4757-b2b0-fe878793f5d2,,3 years,Rent
a4aae0ce-37d5-4a61-8996-0de489a35bd4,584060,3 years,Own Home
86879b32-abd1-428c-b23c-56362d70fb62,1143648,3 years,Rent
e5dc69e9-5897-42ed-88d1-48388424f633,1993803,8 years,Home Mortgage
53dd6f44-2bee-4511-bb37-016f81a479de,,7 years,Rent
3f5cd3b1-95d1-4b25-8f51-2726e0cc7c61,,2 years,Rent
def2129e-0001-4a51-b929-6b2a3a019c9f,8548290,7 years,Own Home
52341caa-eb16-415b-ab7c-f4c666eb3f23,2379503,< 1 year,Rent
37850b68-e9c8-48fe-8358-56a211d43492,1070612,9 years,Home Mortgage
7efd1638-62ed-4bd9-954e-bb9c5f1e5a91,1193865,10+ years,Rent
ca5fce25-6cad-4545-bbc1-90283164bbd1,1873723,6 years,Rent
5b3a9d7b-cd9a-403b-8460-a73b2cf8e840,623371,3 years,Own Home
dcfabc1d-ad08-43e5-a9f3-061436b8b6e3,3108267,10+ years,Rent
c73afb6f-5159-4cba-9c74-6f3f29a22f6f,1972504,4 years,Home Mortgage
7daa0810-61f0-4516-9b42-179ab4fbfc95,945839,7 years,Home Mortgage
e440b1bf-f61b-4493-992b-6445c8272232,2149052,10+ years,Home Mortgage
f3b4f1f0-7854-4d37-913f-83e811609ffb,,5 years,Rent
97f0b01b-ffbd-4672-9a97-d6a3af0e4dd2,776948,10+ years,Own Home
bdf29425-c01a-49a2-9acf-be37ef6e02cb,1039053,1 year,Home Mortgage
aefef94c-5818-4ee4-b555-3cf5ea66fdaa,,2 years,Rent
0b7b8d84-e6d8-4741-a230-6875d0ad48ef,,4 years,Rent
5c139ed3-c594-4508-ba86-6b923ae78f2e,1065064,n/a,Rent
65458959-511b-429c-bb0b-7b2f28f4b105,733343,5 years,Home Mortgage
14171ab1-c3c3-4170-886e-c34d827d1d83,850896,10+ years,Rent
ac1ac9a9-860f-49ac-ac7e-3f06478f4a1a,1160862,10+ years,Rent
b43c6acd-e09b-4676-8f24-eb8498f4ef89,576840,4 years,Home Mortgage
ec77e3f1-91e3-4c8c-8641-d6dbb3b98487,,10+ years,Home Mortgage
8a7a2267-234c-4d12-bb87-20de1b16b46e,,2 years,Rent
4341f93a-cf35-4eb0-b593-757d99b6ac78,1948127,10+ years,Own Home
f8bf1cf1-91db-4d5a-b458-1506c0f858ce,679839,1 year,Rent
b21e9057-b3cb-4ed8-95ec-ac4230b441c9,543400,10+ years,Rent
beebc3d4-c774-4aa7-8df0-2de4b77eac61,544920,1 year,Rent
9db4feec-7e64-4972-82a9-61de8191d996,850687,2 years,Rent
f8eeb26d-7c96-4682-a52a-b51349b2f951,768816,2 years,Home Mortgage
bc64fc92-9fb6-4245-a2a8-04b2fa038c9a,1871367,< 1 year,Home Mortgage
4030a5e0-8fb5-4826-a357-4c5dbe9bb2ac,955263,6 years,Rent
03e98330-0c80-4674-a166-ee1c60190dc8,1159532,1 year,Home Mortgage
0c8b2610-33c3-4788-bbeb-7ab2a34704fd,2510755,3 years,Home Mortgage
0bd2c4cc-4c29-4b5d-bdfa-d584040df744,574332,1 year,Rent
b22c2514-ab96-4a21-ad93-049ce81e8fb6,474392,6 years,Rent
30c217fe-187b-4013-9583-c9262cf51a70,377226,8 years,Rent
28fd7024-b45c-456c-bb32-ad5e1c24e404,700074,3 years,Home Mortgage
9abf75ad-a154-455e-851a-c8f2e833054c,1730691,1 year,Home Mortgage
6cb484c8-e8cd-4a67-9742-ad6ea0993a4f,1108042,3 years,Home Mortgage
a75970df-c51d-4ff0-b05a-5ff219e27c9f,2371257,10+ years,Home Mortgage
841b792a-fe92-4204-86d2-096a388202ad,1668371,10+ years,Rent
3a931c59-def5-4fea-8bba-0bbbdea6dac5,1216114,4 years,Rent
2f035974-0fc3-424e-884a-bb505c6aeb7e,1641486,10+ years,Home Mortgage
1a8ebcc0-1ebb-411a-94b3-28c688ad92c4,1762364,9 years,Home Mortgage
27cf1303-0b11-4855-8583-0d3b6deaee1e,336224,4 years,Own Home
c0acce18-9883-4e61-8e71-a732eb0ba798,937175,4 years,Home Mortgage
7084de41-7809-4640-97be-a84879c58c85,734996,10+ years,Own Home
86e53a3b-fe0e-4628-a02d-35bb3288faae,583167,10+ years,Rent
a65ecd38-948f-4ae7-bbf0-4c977d718d50,1015664,9 years,Rent
82cff297-b635-4216-b714-5b5475f5f9d0,1346093,< 1 year,Rent
5e197679-866b-4fec-a64f-d3d23254ed38,695666,1 year,Home Mortgage
c69cdbdf-f767-4f45-b962-75d1d336cf06,1002820,10+ years,Home Mortgage
1e00b6b7-8207-4a19-81c5-32011e3365ed,1223277,< 1 year,Rent
5180106d-db17-4d8e-9a3a-067e4de78ead,1125294,1 year,Rent
633e0551-ede5-4915-97ce-98c3c5042871,1543465,10+ years,Own Home
d396b3ae-f4b4-4270-8cb4-d45622a36348,1070688,5 years,Rent
6c1ccc2e-a2cb-430c-b021-d1b99b8e14be,361209,1 year,Rent
116ebe72-3d4c-4ba1-bf72-fc2a814871ea,953534,9 years,Home Mortgage
f29df5ea-7607-45f4-92d0-928b0e5a0b7b,1839846,< 1 year,Rent
623351d2-1c41-415d-a8e0-2687d48404e9,1266882,6 years,Own Home
27a98157-39f6-40b1-a015-787aa1916033,930430,< 1 year,Rent
f7e2e359-b90a-415c-80de-04661c528713,775504,6 years,Rent
925d23f5-8bbd-4a95-adbb-26b61fab35cc,946105,3 years,Rent
83d9575d-f1e6-4e17-b518-c03cac7eb8ee,1553896,8 years,Home Mortgage
990d3048-cab4-4a72-91e2-0b41d6e447ce,575244,5 years,Rent
9fcb2e1c-cb04-4579-8e23-eb4c3580db8d,1227970,5 years,Rent
19ed7765-7d05-494f-8be3-2f1faf4e22c0,663271,7 years,Rent
c8b15f72-3ab0-41a2-84fd-4e6ed95f729a,3334671,10+ years,Rent
fc1efe96-b225-45cd-8686-164caac31f00,732184,7 years,Home Mortgage
d3dda71b-c837-4578-94f9-3ddfa22d5d99,,1 year,Home Mortgage
7fa57279-571a-47cc-b12f-17100ff533f4,,2 years,Rent
8728bd0b-b8c5-4de7-8bee-6b64fe294899,1942940,7 years,Home Mortgage
c66ecba2-724c-4bc6-92f3-5022c498bc4c,,8 years,Home Mortgage
27f572cd-51ff-4b07-9990-6646753d29a9,755972,3 years,Home Mortgage
361acafb-396a-4bc9-a099-700fdde9f000,2684738,10+ years,Home Mortgage
e6bea14e-6cda-4ac0-9e52-de1cb7855514,4491258,10+ years,Rent
61b11523-a26b-4da9-bb17-d4d4bb832763,1235874,< 1 year,Rent
50a6777f-eb86-4c3c-bece-14fb8f2ac49c,1182959,10+ years,Home Mortgage
d79bedd8-9e45-462e-928d-d8f78ca32a84,,n/a,Home Mortgage
910d9f0f-b690-4b94-b2b6-6a0ee153569f,,6 years,Home Mortgage
6bfbc7b8-3f34-4869-928e-1c63f48b5c79,,1 year,Rent
c3ead6ed-96ef-4d68-90c7-c536adf37f97,1512248,< 1 year,Rent
a82dfdc9-d47f-4a18-83c8-a72096be613a,2331205,4 years,Home Mortgage
3371a352-e978-4542-a745-94c86f403bc8,1513616,4 years,Rent
06491d1c-0223-4b9d-9a1f-a1844a616d8c,1841138,10+ years,Rent
56dba889-4f0f-4f81-897b-5d7e4bc0445b,,6 years,Rent
be72261a-aa8e-4351-bac8-55ee3f7a579c,842859,2 years,Own Home
9b27a5b7-0f5e-440c-ad18-aee2d4a6234b,1297814,5 years,Home Mortgage
c289f477-dd55-4af4-a31a-06ac355e9bc3,1526992,2 years,Rent
ece59f5c-b40e-4867-965e-4b3337934660,2104630,10+ years,Home Mortgage
c68946fa-de92-4912-af54-0f2d8ab63148,762812,5 years,Rent
e7d30184-3492-4da3-a879-6c2b57d02860,,5 years,Rent
eb3b2378-9501-4d15-9965-138816e13b5f,1204923,< 1 year,Home Mortgage
71c66366-25f8-4a6f-814e-6d6425da7807,722874,7 years,Rent
55c57f80-0ecc-4863-8160-36ca5f5e7c83,1395075,5 years,Rent
eb6dc976-8dfe-4aa5-9737-4946189e12de,567663,10+ years,Rent
62cec76b-f864-4c6d-8b83-a077709b672a,4863525,10+ years,Rent
9aa3fbc1-635c-4cf0-836e-2e6e087ba0da,,< 1 year,Rent
ff75a193-20db-4206-ab37-71078055ba3f,767410,10+ years,Own Home
624977a1-11b5-423e-9fba-e1fd15441a84,,10+ years,Rent
7829a1b3-8f13-4fd0-963c-ee33dfcdc4a3,811718,10+ years,Home Mortgage
c981afdc-24a7-4140-b955-da6639e1022c,1417742,< 1 year,Rent
5e548d38-010e-412a-b38b-9719daedcc0a,2106093,10+ years,Home Mortgage
d433be74-6b2e-44a6-9c09-84003e74a513,,7 years,Home Mortgage
4af3f221-e16b-46ad-8415-d87e46d89193,,10+ years,Rent
a62257cf-4052-4ec4-b2f1-520734edeae3,749816,8 years,Home Mortgage
ebcf1401-1457-4bc2-a79e-e2f281f1c90c,431851,2 years,Rent
c49dd268-ccb0-478e-ac87-ce278cef6913,2523352,5 years,Rent
3b19aa62-d4dc-4ffe-9d0c-19f75c777e54,1729494,10+ years,Own Home
b3c0f2d1-99de-4358-9a41-3702333049ee,2055211,10+ years,Home Mortgage
17bf3030-1dd4-45d9-996f-56cf56d94879,1747829,5 years,Home Mortgage
9ee11c75-0e13-4a2c-aa75-c5943212c2eb,696787,n/a,Own Home
16b9158c-f447-451c-92b3-e96b17dc3f23,744876,1 year,Home Mortgage
cc11dbaa-0661-4f3b-81f6-79260b4ca0b0,2037693,4 years,Rent
9abb8995-f83d-4646-acc2-a5cb79ff40e1,,4 years,Rent
399a234c-840f-477a-8df7-61d525cab2e4,1075742,10+ years,Rent
1b25d62a-32ca-44be-9007-798b47aa8461,1153338,1 year,Home Mortgage
4d9a0a7e-9361-457f-a7f1-61fd4f9a80e1,1164092,10+ years,Own Home
e7c66fa5-f000-4e93-95ad-361c4e8bad8c,1018742,10+ years,Home Mortgage
223c7381-c04a-4197-a60f-82ef057bbbbd,,6 years,Own Home
7eff4b62-3a07-4fe6-b38c-f8a2edbae326,1415747,10+ years,Rent
5210328c-722b-4b5e-bde6-e5229b36231d,3336552,3 years,Home Mortgage
c988b2c0-5160-456c-b14a-55036629afad,2617079,10+ years,Rent
71fd5efb-32b8-4b9f-9b09-48b7dc71a09a,2721389,10+ years,Home Mortgage
2278ca2a-551a-49b1-b866-c44971b11c4d,1443278,10+ years,Rent
c77dacd9-6765-4ad7-bab5-383b6bc5a4fb,849870,5 years,Rent
32a2bfa9-ed54-4ce7-ac9e-9a1328a8d362,895128,2 years,Rent
cc4ab9a3-9747-44ff-ad96-ef81782e4f40,1508448,10+ years,Rent
f6eb4ec7-14d2-41da-849e-71cf37764373,1261676,2 years,Rent
fdff6b0d-7486-48db-b0c4-58e680634d90,1850277,10+ years,Rent
326701eb-d62d-4add-9f3d-a2a3b9eeb982,1160691,3 years,Rent
a2e7921b-90c7-4aa6-8f7a-c2eefc06d61e,1399217,8 years,Rent
72f5ac23-1972-4764-abb0-541f2eadb3f3,962635,1 year,Rent
dc745b7c-227d-4b64-bf86-526dc5111f99,2927862,4 years,Home Mortgage
f9968314-8b3d-4986-9a83-00e176be2476,,n/a,Home Mortgage
6993e21a-8744-441c-aef1-9c5f674914a6,1142736,10+ years,Own Home
a79d185f-8410-40c2-8941-adc647cb7eca,3855480,10+ years,Own Home
5f3a70b6-68b6-49ba-abf3-a18605585001,903982,5 years,Home Mortgage
dfefd3bf-088d-4f47-a85c-544086306723,778449,10+ years,Home Mortgage
5efb15d7-545c-4e66-91f7-09d808d1d498,915458,< 1 year,Home Mortgage
afe7b019-4cea-4f34-984b-0d47f4e1cfe7,2047288,4 years,Rent
5efe7d81-bd43-4845-b066-10ab9ed66abb,3111250,10+ years,Home Mortgage
e9dab022-472f-4603-91ff-55db65399ad3,1580287,10+ years,Home Mortgage
f7416d06-6af5-4685-813b-bc23f49a1464,,2 years,Own Home
a3795862-10e6-4e7e-b23d-2fb7fafa2d6d,2174417,7 years,Home Mortgage
2039ce66-2942-4c79-9921-bb8eb779ed48,,3 years,Own Home
7e49537b-55ca-456f-97ad-941b71397433,985473,10+ years,Rent
7b8d4cf7-d30b-4a55-8601-6445e1ce3563,1561534,4 years,Rent
83d0319c-fee5-416b-abec-c3be1ccb948b,,5 years,Rent
22cbc439-48b0-41d8-ab44-28f55adf1b0b,1548500,10+ years,Home Mortgage
97567f04-6233-4b25-80f1-86e1f7d88340,659908,10+ years,Home Mortgage
f715515f-61ec-41dd-9f4b-9f2000d2f59b,953021,3 years,Home Mortgage
8618cfe7-239d-45d5-b268-7f833ef94bfd,1682298,5 years,Home Mortgage
586fb6bd-b051-4b67-aa7a-49f014ecc274,954560,10+ years,Home Mortgage
d2a18576-4220-4e81-a192-11daa634033c,968829,5 years,Home Mortgage
9a857cac-46a3-4b1f-aff1-3b8db7b95ea2,624093,4 years,Home Mortgage
b4bcca49-9a48-4911-a0ce-ac26c3fbd3ea,2300501,2 years,Home Mortgage
be5dc033-371e-4b8b-9c99-49a41b3fd444,1136390,2 years,Rent
358b5123-fa79-451c-95ff-5cae1fbe679b,1218204,10+ years,Rent
c4ff870d-8466-4372-a706-1238a70a15e2,1907429,10+ years,Home Mortgage
b25ee28d-a286-4535-bf55-40bc240b3451,,4 years,Home Mortgage
2a5c43b0-9ba1-4f39-ab54-f0a9adf7ab08,1030579,2 years,Rent
e3e86739-1095-4048-99ca-06e455fa940b,,5 years,Home Mortgage
095a574e-94f0-42a2-9bb3-ac899e83e302,879339,10+ years,Home Mortgage
83727d91-fed3-452f-bd2e-a45b66426c38,1415310,7 years,Home Mortgage
8c92b529-1e35-4898-a06a-64a4eeeece97,2058232,10+ years,Home Mortgage
8b16a7d5-e7e0-4e1a-8cb0-0110e5aa3906,890321,3 years,Rent
08362803-acc7-4edb-8e2a-782aa97f0c04,2529090,2 years,Rent
96e44883-b2c2-44d1-945f-68e3fe3da311,1387285,10+ years,Home Mortgage
9779c6a4-b0fd-4107-97e8-8f40523bdbda,1440827,2 years,Home Mortgage
e3e63be2-fadc-4dad-9ce7-e9ba85ed487c,,3 years,Rent
58f70377-47d9-4416-817f-33e06c5c5cf6,859883,< 1 year,Rent
b94cc2fe-0352-4f51-a8cf-2c929d22209c,1430852,10+ years,Home Mortgage
5cd9e233-0ac2-4d04-92b5-5ff1afb35c4b,661352,7 years,Rent
8181eb2e-5a96-476a-9291-1c04187065e9,1105097,< 1 year,Home Mortgage
1e2e49bd-2b9a-4855-8a8a-19dcf63da3bf,1148664,6 years,Home Mortgage
5c9b21c0-7a6a-49ec-819d-2f6f6ab205b5,870466,4 years,Rent
35b2fc17-3f57-456c-b9ce-e18023017b3e,772692,4 years,Home Mortgage
bb217856-2ec4-46bb-8a0d-3737db364931,568575,< 1 year,Rent
5aba5c2d-fcf5-4577-ba00-9635548978a3,1587545,5 years,Rent
f5e37c43-000d-4515-9269-a8b5dc867b38,1334199,10+ years,Rent
c7a2cc9d-0ba9-4482-9da9-5e9ad207f1a6,2080386,9 years,Home Mortgage
6e73347d-0dff-454d-b535-db288f5cb7b4,,9 years,Rent
737d0044-ee5c-42d6-8232-bdce6878bf55,1517416,10+ years,Home Mortgage
a5e6e089-92a7-40e4-b051-d37f5de9788a,1444380,< 1 year,Rent
02a942d3-ed9d-4a55-bd44-6893a172ae26,1005784,10+ years,Home Mortgage
158f9dca-c097-4839-903a-75a2fccabf7c,1345162,10+ years,Home Mortgage
4426fbfe-2425-4002-befb-8b2fb54d1617,,8 years,Rent
0ce0d701-00ea-4aae-bf09-dc783eb128b3,8096508,5 years,Home Mortgage
1f2fd519-0f96-41e7-9d7a-abb7c2f6ecda,1218014,10+ years,Home Mortgage
1fcfeeeb-6ef6-4137-a1c2-644f4ae82e62,1793866,6 years,Home Mortgage
984bb064-da6a-4bff-90a8-174fe0440a26,708453,3 years,Home Mortgage
5895a621-5e00-46c3-964f-13daf8f0c398,2390048,10+ years,Home Mortgage
5c96fc99-16db-4989-b363-0def6c211058,856976,4 years,Rent
71da8635-b962-423f-8a9d-f6eda9b69c90,351044,1 year,Rent
689fb491-7185-400d-b10f-8477cd3ba842,1019540,10+ years,Home Mortgage
a228d5af-0364-4038-81a1-5923fe70e4c3,1617166,8 years,Home Mortgage
487b1ac7-dc5d-443c-9d85-2dcd7822d7b2,,10+ years,Home Mortgage
2236ad24-5613-48e3-aac5-f7bedb2b024e,1580116,< 1 year,Rent
749076f6-8762-4c44-a9e5-d6632f804257,1615570,7 years,Rent
a76fb621-fddc-4af1-ac22-f7a841d1e6a9,,2 years,Home Mortgage
4c18220e-a3fa-4c3d-acb1-d935453b0b79,1159038,10+ years,Rent
444e3e8a-6fe7-4ae8-84e2-1a0c30015669,,5 years,Home Mortgage
9ee81e27-25e0-4dfc-a434-cafe9d296075,858002,3 years,Own Home
a0c7f6e2-792e-4c48-97b6-6ccb922a2292,1356638,7 years,Own Home
ec124ff9-dfb8-425b-87c3-39a81432908b,1211535,10+ years,Home Mortgage
b327e3ca-cafb-441e-b948-fc9fe891bef6,717953,10+ years,Home Mortgage
c17e69dc-57b3-4bcd-a06e-74937e83be96,8526364,10+ years,Own Home
a2031b77-1b06-4afb-87a4-aab8c74127f5,3779309,n/a,Home Mortgage
b75138c8-c5e3-4c47-92b8-53e8673fc368,,5 years,Home Mortgage
406e5110-6850-40f7-9275-9daa48071cb8,1882140,3 years,Rent
3364b8da-613f-4e27-a85d-fb0272e33bf4,852777,5 years,Rent
fb06ec01-f7a3-4a3e-9518-3eaa4636d0ad,1079542,10+ years,Home Mortgage
b3a21e94-0333-4b7e-8185-fa7d49c96f9e,1168101,10+ years,Home Mortgage
e9ace038-60be-4ab0-8720-fde25d8187b8,635227,4 years,Own Home
b11ca288-323c-47dd-8913-962bfce98bfe,1636641,10+ years,Home Mortgage
b374ff3f-1e8a-4bae-af92-c809d08b3722,461966,< 1 year,Rent
e680e90c-1d54-489a-84d4-a1ee005084ac,983744,8 years,Own Home
c8ba833e-cc6c-46f6-9472-758e8fd1570b,1504800,10+ years,Home Mortgage
3c51ddad-b882-4e74-b408-67ef90fd3281,763344,5 years,Home Mortgage
ed3c6a0f-0b54-499e-b7b9-19b904cae58d,,2 years,Home Mortgage
3f14e6fe-5c9c-42ed-a705-8937572ad23e,1934200,10+ years,Home Mortgage
4b4aef7d-5769-4d9a-8618-510e9aa18099,,< 1 year,Home Mortgage
7bd9426c-e16a-426b-ad6a-5ad3619c597e,,< 1 year,Home Mortgage
71f730f7-87a1-4769-b793-5f20eeaded15,,10+ years,Own Home
be402759-2c5c-4068-b01f-c6a7c6c6e5c4,,7 years,Rent
6b71ae27-1d5b-4495-b0a8-19747fe1f94e,1153680,n/a,Own Home
2a1fb9ba-11f2-4163-97c0-9d2a58e65123,573762,8 years,Home Mortgage
82254666-69dd-430b-bca2-7573a9bb2ee1,859959,6 years,Rent
f18cebe7-7ed0-4901-a026-eaadaeaf7a17,540265,1 year,Own Home
e3068160-81ea-45bc-9b07-e593175ef1ec,520961,10+ years,Home Mortgage
9ce2e483-4667-4fd2-bb45-0cc47634e01c,1405050,n/a,Home Mortgage
6b09e768-ab72-4c53-9f3a-1b085c6dfa65,674519,8 years,Home Mortgage
7a29e2ec-e5cf-48d4-8919-3d1083b22615,1064209,1 year,Rent
67affa9d-09e6-4521-b1fb-c791f0365f19,,10+ years,Own Home
c2aef631-d518-4697-924b-6b5ec104e9fa,374832,10+ years,Own Home
d021c4ab-9775-46e0-aa80-244bf49ad2fc,1494008,10+ years,Home Mortgage
9b64beaf-6092-4133-af7d-fb468f148969,1611219,2 years,Home Mortgage
5ed7f6cb-c5b7-42a5-8d94-9deac6095c1c,,1 year,Home Mortgage
6dce7975-a4ea-48c3-8390-4b6bb3c0fe90,1555891,2 years,Rent
eeef7ca9-d868-499c-b52b-394f09ce1575,766954,4 years,Home Mortgage
fb70b2e8-033c-4af4-ac2f-34f733b476e8,1234012,10+ years,Rent
9d5e49d1-2e66-4073-9670-f2534ceb1c2c,1900950,2 years,Rent
7eeb7ecc-54fb-4be0-bc8b-9dce24242718,1117770,< 1 year,Rent
ab124596-e99e-4200-9976-4e4c4b2c5f15,653638,10+ years,Rent
160b5ecb-0728-4100-858d-05ccb11a4aec,,8 years,Own Home
e7cedb83-5836-4fc7-ad8b-96f7eebfc911,,2 years,Own Home
a0525bac-b049-4a51-90ed-a2eefd16dc5d,2287752,< 1 year,Home Mortgage
8346af30-1455-4ca2-850a-46e7f2140ae8,,10+ years,Rent
5a269f1c-848e-49db-a812-222664285726,1240928,3 years,Rent
22999c2b-26a7-43b3-af20-7c8c73fdf43e,,2 years,Home Mortgage
ad2bda46-2130-4e81-815c-13600227469e,784985,5 years,Rent
4ed46006-67ff-406f-bad6-b9e30aa35f53,3082028,10+ years,Home Mortgage
0c431ad9-11b6-4165-8ad8-521c2522008d,2009174,n/a,Home Mortgage
cd2782c9-7e1d-4a37-8c0e-f2f82b508114,1709088,4 years,Home Mortgage
4b8504db-edf1-4be7-8fff-4f38fd01b859,762090,10+ years,Home Mortgage
453998dc-6dcd-47d3-8d7d-4f2bf50f230b,575244,10+ years,Rent
de0bfb66-03d1-4553-8057-fbbf1c73c04e,847951,6 years,Home Mortgage
59444ee7-c005-4286-9be9-3e846ff736b1,1151647,3 years,Home Mortgage
e3a42fef-b896-4a22-9091-db6008fffc27,893323,2 years,Rent
29478a1e-9976-47ff-82bf-6896231b893b,769272,3 years,Rent
1ef5d153-a915-4be7-9f0a-beb5f475e6a3,984732,7 years,Home Mortgage
b2e98fa1-b26f-469f-9467-c4b8e973b8ee,659414,1 year,Home Mortgage
cd03e5b0-47af-4976-b449-a600446413d5,,10+ years,Home Mortgage
3ed44ccf-41e3-4f80-bfb8-f3e5613b5cc4,1027140,10+ years,Home Mortgage
358046e5-5c4c-440b-9396-d982d72bdd36,1847845,1 year,Home Mortgage
3a43dfcf-4bf5-45a5-92d0-3a50e41c7d49,1229566,6 years,Home Mortgage
1570e285-4f89-46db-8ecf-7f9b9b350f90,749892,10+ years,Rent
b816e1fa-3adf-4cee-9d85-0b50bef227ec,972135,1 year,Home Mortgage
1ba5b6a4-ec01-4066-8d24-383ed5b4e545,646380,2 years,Rent
28744e62-9119-42b3-9d70-e4744745be65,1888220,6 years,Rent
c6e3727d-7481-48e0-a8ae-85a0fff97100,,7 years,Rent
16783e4c-a443-40d9-b623-361de92be2de,2285054,1 year,Rent
957bb9d3-6be9-428b-b0e5-2aadb20d9763,1063088,< 1 year,Home Mortgage
0560d04f-1490-4d2c-bdc5-0f6fdb3c31b0,,2 years,Home Mortgage
f2f19d99-dc3f-451f-8a25-2b3f00673d0e,1037058,2 years,Home Mortgage
fa9da719-2d7b-4d38-8c6c-f62b5f7b3ea7,,7 years,Home Mortgage
74d0c19b-1a92-4aaf-9111-0d720d77dda5,,10+ years,Own Home
fda53cc5-d235-4d0d-b9cc-5d81b170f82d,,8 years,Home Mortgage
220bf546-24fc-4fb8-a19e-d95fc3bbf069,,10+ years,Own Home
658d6930-d434-4f3f-bf44-0618d213ae23,1287858,10+ years,Rent
414f275d-e124-4123-9c19-943bb4d848c2,562305,3 years,Rent
a610a4b4-d163-4644-a9c4-e2b3d84c7f95,858078,2 years,Home Mortgage
0fa3dc1a-2cde-4ca7-bf7a-71e89c41485d,452029,1 year,Rent
c4220ea9-2ba7-436c-9def-987574ee665e,1870550,9 years,Rent
f83594ba-4d1d-45e2-ba80-5cf51e8c35f1,301093,1 year,Rent
a1ca01b4-f7fd-4ea9-96e7-82a24d05eb7c,2907285,7 years,Rent
0d327452-6657-45d3-9260-cd9ae68ffaa2,2316480,2 years,Rent
a971f254-d513-4e78-bbe7-1648dbd0b18d,,3 years,Rent
5a7e3095-d06b-4df5-a0e5-9b139fc00bfa,,< 1 year,Rent
e4f3bbff-d1a4-49ff-b1ce-38ac9e37fd3c,1133502,10+ years,Rent
9f91c4bd-afcc-4348-b3a0-7aeceb73868e,1245621,8 years,Rent
5a50be12-d823-4046-acaa-d59434dfc6b2,,10+ years,Home Mortgage
64bc8d0e-56fc-4f7c-8df7-99fd3eff0b11,836969,5 years,Rent
e10d3472-f914-4ce7-8bb2-8039ecc26e13,1242543,6 years,Own Home
8a55dbab-9e32-4abe-96b4-33247ae26e21,733742,10+ years,Own Home
c1513fd5-6e2e-4dce-80c5-e6c0a4bab18c,824714,4 years,Rent
88e5d405-ec44-479d-b2b2-49a30bd185ea,755896,1 year,Rent
74a3661e-b235-4b66-b070-5f6371d60822,,< 1 year,Home Mortgage
c8538f69-ff07-4ffa-9c53-85e50d3c6d62,2117588,1 year,Home Mortgage
ba43c938-f8e4-4f14-bc77-dd20cc7f7e2d,1262569,9 years,Home Mortgage
13af09b3-df08-4202-aceb-b8d41d83bc76,1412251,10+ years,Rent
8e8e1bd8-4d00-4723-ac9f-d883fc7d7a06,850136,5 years,Rent
776621bd-d80e-4023-99e4-eb0d330afb61,,10+ years,Home Mortgage
fe843f16-0cec-49c7-9b53-717266e0b1ec,,7 years,Rent
2897d25a-bb16-4b13-9ac4-cdaa58a9ee00,,3 years,Rent
192e31bc-5f54-48e3-a38d-991a967310d2,874228,< 1 year,Rent
ddf5c121-743f-4afe-a4ff-1a07fdf84ae5,,10+ years,Home Mortgage
5802b67c-7f04-4483-a1b8-8f8d29658660,1019711,4 years,Rent
6553cbe5-1567-489d-acab-eaf744391c92,1689651,8 years,Home Mortgage
9826156b-1cb2-4bfb-a4f5-3537f01554e1,2210346,4 years,Home Mortgage
f7c51e60-dc3e-4d34-89ce-37365abe1446,1050643,10+ years,Home Mortgage
32ee9459-bc24-47ce-8dc5-9263af361b5d,1263785,3 years,Rent
c71f8ae7-d007-43e4-b810-f604497c5285,,10+ years,Rent
7ba802d3-cae3-4ac9-95f6-1fe9be5fa5de,710562,9 years,Home Mortgage
8b7dcc6e-dd49-43a0-9e0b-ae1271eea45c,950760,10+ years,Home Mortgage
00c15534-a1cb-49cf-8722-9bda5430e0d5,,10+ years,Rent
118ba76d-d8be-4ed5-b927-763a217664ac,3103346,< 1 year,Home Mortgage
f4783d8c-0090-4ba7-b0df-023b5b7ab98b,1089460,10+ years,Home Mortgage
480242ac-e166-478b-a7c1-e0cffb486cbd,,7 years,Home Mortgage
d7eb8068-b91c-4ce8-b1a9-cdf87ea19ef8,802541,4 years,Rent
9300a4e1-26fc-428d-9b31-8ff91c4c3d1f,,< 1 year,Home Mortgage
8d7fd650-8ddd-497d-8760-6b11cc5f8e50,,9 years,Rent
45549395-6b69-4e1c-b191-1e3c7af3b95f,,< 1 year,Home Mortgage
96a849d5-1610-4154-83de-11090c1bc4d0,1340469,10+ years,Own Home
b3b35817-7ebd-466d-9f24-1b406d148460,2922200,10+ years,Rent
429c1ebb-f748-40df-a0b2-5a137657ccc3,,4 years,Rent
fa64ee32-e14b-420f-9ada-e4b95bce64da,,8 years,Rent
5b188479-7fed-47a9-9628-a2c136b746d7,1420592,10+ years,Rent
a692eb4b-1ae5-4ab9-aa2b-d6f3af7b87df,1541888,10+ years,Home Mortgage
36ae7e80-e9c9-4ad7-a98e-8dc0d48ba614,2042690,9 years,Home Mortgage
8c56e8ee-0d94-4fd4-9ac1-08221dafec37,,1 year,Rent
85fa1382-d420-4a75-9ca0-330c434c34fd,1659004,4 years,Home Mortgage
90bd3ea5-f005-4507-9b4b-c550fc6fdaa7,1137036,2 years,Rent
75da214d-3e3b-4a0f-9ed3-52b89777c684,692683,10+ years,Rent
c288c7b1-5fca-4f42-93a9-6993645f66c6,558885,2 years,Own Home
fb968fa9-9f73-45fe-9978-b7b21efbe17f,1031643,2 years,Rent
9679d782-4cbe-477e-90c8-59e5f33d39cc,1186113,3 years,Rent
aad07ce7-d816-492c-ba4a-9ee6272afddf,274512,< 1 year,Own Home
fec3cef4-2388-4b17-b618-ceb86eff0925,1722654,10+ years,Home Mortgage
9bcc3550-b859-492e-9c18-543f4a3433b7,802066,10+ years,Home Mortgage
6b16e5ef-88be-46ac-b9ed-f53c59cb50e9,671783,6 years,Own Home
2ef652ca-9578-410f-b3ea-914ed98638c1,2149831,7 years,Home Mortgage
7f62227c-ada3-4e73-92d1-e8f7870a133f,418532,10+ years,Rent
23d0203f-a29e-4c08-9487-3587703a1b95,,10+ years,Home Mortgage
000d6327-c459-4bd5-bc1b-4437b366b719,946200,10+ years,Home Mortgage
47855d0c-dddd-41a2-b346-515e43ac324d,1108441,3 years,Home Mortgage
65da9c86-3c4f-4522-9911-520eae10875a,551285,9 years,Rent
54ccccd4-9f61-4e8f-82d6-e699400ed34a,797221,10+ years,Rent
4872e218-320c-4ae8-bba0-f5962d631d12,1714959,10+ years,Home Mortgage
54008eaf-e675-4040-9f76-da688bc91390,777347,2 years,Rent
6d36613b-f2e0-471d-9f80-0cb5ffd12cb8,1729665,6 years,Own Home
8635a024-a789-41b6-a6cb-92179683a094,,5 years,Home Mortgage
b238d8b2-9ee7-4324-9ce0-6e0375e1d0c7,869896,5 years,Home Mortgage
f310ca0b-5f6d-4bb4-bda8-d1807c043287,1075419,10+ years,Home Mortgage
b71e2bfe-b145-4eca-b91c-90d1c0548f83,1315503,2 years,Home Mortgage
0fe77206-d34c-47c0-9c9a-a6199076231e,,8 years,Home Mortgage
c34d3307-a639-411a-b625-44947dc81ca3,,10+ years,Home Mortgage
1e349848-c2a1-416e-9c5f-e95992cd35a9,525407,1 year,Home Mortgage
a1945ea8-219c-4124-b8fb-d097ae8c2980,618222,8 years,Rent
e51163d5-c288-4958-8b2e-f419dd24a6b6,5768666,2 years,Home Mortgage
83b6afee-3f86-4fb8-a21f-f38fb606242a,,10+ years,Rent
8fe812b8-82f4-41e4-8c69-aa92d9ad14a5,2229574,3 years,Home Mortgage
9dccbd81-2b2f-4d5e-8c1a-c73f1f731a80,1484128,10+ years,Home Mortgage
c34eecdb-db86-4426-939f-a5d2be56f1a0,,< 1 year,Rent
74c6af06-ece5-41f0-987e-c7818624f2f5,706306,10+ years,Rent
f73c3f55-966d-4c4a-8cc6-51240412a92f,1895478,4 years,Home Mortgage
075a94d8-0626-4825-b822-739bd3673ac0,863721,2 years,Rent
3b870683-7991-4139-a8a6-06600d69426c,,n/a,Rent
79c811f8-f2e3-46e6-8a2c-3e4f938311d3,681131,10+ years,Rent
45eec05b-ac10-48c3-b7db-58b46b55816a,1062537,3 years,Home Mortgage
59e3d0fe-11df-4f1b-af38-e789d75d12d7,713849,10+ years,Home Mortgage
662cbd6c-a6c3-4e15-a63e-c2535135c691,1583992,2 years,Rent
7f5b99ef-2b0a-4df8-b9f5-fdeaee5a5be5,1346492,2 years,Rent
865f599f-c50f-4ba2-beb0-f8813a502ede,1332128,n/a,Home Mortgage
9bf7f422-e9ba-4b6a-ab78-34c4afd41e20,1497656,10+ years,Rent
57232bf5-244c-4ec1-9236-a77710b90a9e,1286186,3 years,Rent
89df9712-a8cc-4ae0-9714-a4631447e659,1084634,10+ years,Rent
166542db-33f0-4d9f-ac52-ff7e3fb4b957,1017469,n/a,Home Mortgage
aeb93e87-9336-453f-a3d0-b4355c46822c,867312,n/a,Own Home
555fcb14-1f38-4914-891e-ba3f2a3457c9,1029439,< 1 year,Rent
5a6d8666-7c94-43e3-83fd-7cd6f1b6b278,,< 1 year,Rent
54542e46-f036-4abf-9746-1b06899c677f,1439250,10+ years,Rent
f40051fb-710f-4442-ae8d-f60f7eeab8fa,5589990,2 years,Home Mortgage
a84d6e1f-833d-4fa4-9fa6-c3a7c80c2449,967955,n/a,Home Mortgage
a4339709-2f0c-4964-8755-d6a338796c55,823954,8 years,Rent
6697ee68-4ef0-4a76-aa68-1c2a8306621a,,2 years,Home Mortgage
be00bb6d-dc54-440f-8166-4ae4b0296edf,2415147,n/a,Home Mortgage
336fd53b-f2f6-45c3-8022-4ee02cda052a,,10+ years,Own Home
77c68030-d00d-489a-b2ac-40e5a1e31006,,10+ years,Home Mortgage
b81ea6e1-94b5-4030-9314-7b1c3c6f6ac0,1482437,7 years,Rent
82a8073f-6827-4060-9c2a-5b93d1ac984b,,8 years,Home Mortgage
6c438379-38e7-4472-8ab3-328a7842eac7,656488,5 years,Rent
9366f149-990d-4e9f-b76e-9ced15abf1de,606575,n/a,Own Home
f8b8911a-6e34-4881-b8bf-198850b2ef22,766916,3 years,Rent
c03359f1-70f8-4038-98d0-821b111831fa,967157,1 year,Rent
5f80c9d8-374d-4317-aacc-dd2c68a7c0af,590007,10+ years,Rent
4b0bac17-5a7d-4b79-be86-ac2d47abf0f3,1098732,4 years,Home Mortgage
9c6702c4-e7a5-49ba-b343-69dba8a620d9,1375809,10+ years,Home Mortgage
2f1476fd-ef69-4207-9797-f8224db85535,878712,6 years,Home Mortgage
1c96214d-f72a-445e-9a2d-5b90c193403d,2828055,2 years,Rent
47c4855d-e0f7-4f61-b9c3-59d816f6c6ac,1242296,4 years,Home Mortgage
bf80c069-0561-4b50-b4cd-0d60215cfaa4,,7 years,Own Home
7b707074-a88d-4739-a0f3-035ad58d2d9d,,3 years,Home Mortgage
0d52ad9a-b7a8-4d94-936f-6b48d328d996,,6 years,Home Mortgage
dcc10e6f-7dd7-446d-bc2d-15021c8ddaac,1168215,9 years,Home Mortgage
76e7b017-e4d5-4d2f-a0f7-39f34d6e77de,956175,3 years,Own Home
83d0c393-c861-4527-9bb5-c47467f8f8c8,1403758,9 years,Home Mortgage
5246b473-2128-4e42-a1af-8cc6240eed2e,1605158,10+ years,Home Mortgage
69152a7e-a872-4dc9-9f99-029f175d5462,452580,2 years,Rent
3b77d538-2b00-4053-b39d-82f52467c7e9,1390648,5 years,Rent
aefe6d08-5ba7-4789-91b2-c6579c83ae23,1847959,10+ years,Home Mortgage
95627be5-905d-4b30-b974-932c46784f9c,3315747,10+ years,Rent
85dbedf3-9e4a-4da5-80c6-61f4ce99c5bc,1497048,1 year,Own Home
d7512225-25ab-4c09-a044-ebdf74e024a5,1348981,10+ years,Home Mortgage
cba8bfb5-af0d-4703-afdf-b82ad2cf9c88,1391446,1 year,Home Mortgage
e61e8c2b-3ad7-4b3d-aeef-65b0d1e64f30,567663,3 years,Rent
dadbf935-1ac4-4e59-b718-ad8ef8edf5f3,420546,6 years,Rent
dad7e436-0d1c-4a06-95f7-5a2e6f3b1bc7,1125636,2 years,Rent
182144b3-6e74-40b0-935a-23e75eee8f13,1391807,10+ years,Home Mortgage
d91ecda1-e68c-4e22-89a1-8bfa4e0709a0,854069,5 years,Rent
82298f4c-e594-47b2-866b-305d53b37d89,1557848,10+ years,Home Mortgage
a1a31241-06ae-49ab-9c71-e0b6ab4a5e43,,9 years,Rent
8f609683-e3be-487c-b7d9-d69b8c85f4fc,2288664,< 1 year,Home Mortgage
474ede37-8554-4e97-90f5-0fed12473d9b,1121076,2 years,Rent
efb4a10e-91e2-4cd0-8964-b7fa21900b67,1239199,1 year,Home Mortgage
e3fa2a30-ad5f-464b-81a1-4e799d830f8a,,5 years,Rent
7440dac4-5440-4253-88ce-ee125d734a43,1601491,10+ years,Home Mortgage
3923877b-5492-4130-b232-79469141480f,827545,10+ years,Home Mortgage
7c4c40ec-ec2a-423e-bcaa-4915383da5f0,,10+ years,Home Mortgage
95b7e27d-5380-42d5-bc45-ad8353c20751,744800,10+ years,Rent
7e5ee279-f9b0-47e8-9951-db10854f0960,1452341,1 year,Home Mortgage
f29b9b3e-7d10-46bc-b83c-66df5342edce,,7 years,Rent
e8f16029-3c18-4cde-b3c7-9d5c5b909c8e,576783,1 year,Rent
65e71030-e4e1-42cd-a5cf-0912cf0eb3ad,1137492,5 years,Home Mortgage
e5dbb5ee-7536-4eb4-b6ed-d68316f19034,2647498,< 1 year,Home Mortgage
a6e256dd-a35d-4ee3-ab68-bfd8c1edf21d,1400357,10+ years,Home Mortgage
dd00ae32-55bf-457e-813e-791a3c1cffea,5709956,2 years,Home Mortgage
e8a75fc5-38f9-4238-87aa-1b0a1f4034cb,1086496,10+ years,Rent
8e54e45c-d22f-41d3-b9d5-fdc0c1d86325,722817,10+ years,Rent
1ded32bf-08d0-4a5b-b0ab-c039faca43e2,1452645,2 years,Rent
b187d034-0ffa-4ccb-88ef-643ff95c673c,1140798,10+ years,Home Mortgage
64720805-863b-4221-b3d9-5e45a1f312af,842688,4 years,Own Home
7eaab15e-b88e-4911-98ba-850d7143be92,936054,6 years,Rent
51601680-b5b7-4c5d-9c0c-380ea670c42d,,2 years,Rent
da842f1d-1598-46ed-b75b-7737c0056ba7,1595962,10+ years,Rent
103c22be-fde5-490e-b3b2-26080489cd52,1334750,4 years,Home Mortgage
061bef16-0960-4c6e-88f8-622dddd3e4f4,2491451,10+ years,Home Mortgage
4f7c814b-9ed8-435b-9ce3-8dc136b9f639,648964,n/a,Rent
8eb08da1-bc26-4720-a620-578cd0116ade,1790199,5 years,Rent
52276ce6-8732-4d16-9f79-ecbb9c62adf3,1117656,3 years,Home Mortgage
d63441d7-c9ad-42f4-a64e-d764d8576243,885267,1 year,Rent
33711d4f-1ac3-450c-a35a-edd40b4eedc9,2864250,10+ years,Home Mortgage
2cdcc092-5a26-4b3b-aac4-aef11d466ab7,1544757,2 years,Home Mortgage
36b797be-aba9-466d-bca1-888d4f0f1568,1282956,3 years,Home Mortgage
bf280642-146a-427d-a645-52590fcb9dc9,726997,5 years,Rent
5141aff9-c8ce-4ccf-b4b8-1d7a1baa16c2,1253164,2 years,Own Home
34852907-976c-43e9-b553-05628d47787c,662815,10+ years,Home Mortgage
8217a58b-8ee2-4532-a1e0-50678a7251bf,1264032,9 years,Home Mortgage
ec5f0a19-3665-457e-ba1f-2f29a47fbe82,881524,10+ years,Rent
1c25b1f6-9b3a-4dd7-bd39-85f3e2f8d82d,1147904,1 year,Home Mortgage
5acd1c95-06be-46f9-9876-3ba8979ce4af,1449111,4 years,Own Home
931b0689-5a3e-4be1-81a0-3e49d58f8beb,,3 years,Home Mortgage
aa70bd39-7e73-4933-82e4-e6353f2ae7d3,1233651,10+ years,Home Mortgage
aabcf9b6-2352-40e9-9fb7-9953988247b6,2487537,8 years,Home Mortgage
806e8a16-99b6-4ef9-90b0-2a38623f3536,1241707,10+ years,Home Mortgage
e3552060-ebf3-462a-9a6c-bb4d96761126,922393,7 years,Rent
6680a885-8034-4f8e-98a6-aca1421a37b3,,7 years,Home Mortgage
6f14a513-4fc2-41a8-aab5-8b9a68a600a3,,10+ years,Own Home
fc53ea57-910e-4d86-ac9c-5aae945b9146,1338474,< 1 year,Rent
97d23b9d-ddbe-4505-adfe-5898ecf1ba88,2519894,2 years,Home Mortgage
db738096-6fa5-4d77-89be-6ecbc55175ee,,10+ years,Home Mortgage
d7d50005-4584-47ae-80a0-d040c95e034a,539923,10+ years,Home Mortgage
aa597d44-9cf1-421d-bbc7-a602f96db22d,1112298,10+ years,Home Mortgage
a23bdbff-d8f9-4a6b-9ba1-c05486d24089,1650302,7 years,Home Mortgage
ccabb55c-0521-4529-98b8-76bdab43b5b9,2119260,< 1 year,Home Mortgage
0af5c388-86cd-4245-a7f6-52916067ebfd,,9 years,Home Mortgage
bebfa5b4-e668-44c2-9266-6bfe2cb0b48e,1583023,3 years,Rent
52edb1ca-5343-442c-bb9f-ad5da32b77ee,,10+ years,Rent
0f6f77cd-f268-4b78-9505-df6e6fbee48d,,10+ years,Home Mortgage
6fceea59-e673-434c-8bbc-0e3d37c26f8c,,n/a,Rent
503332ef-8e07-40d4-82fa-d1a61f8c4426,767866,6 years,Rent
0099e96f-b30c-4a57-b13e-e7eed7effd9d,785707,7 years,Rent
0e6730f6-bd58-44c8-91f7-9586f6336c04,,< 1 year,Rent
21e77284-4c40-4bdc-8404-81dbf83f6718,1435127,10+ years,Rent
215452a1-24b3-4e0d-b8db-af6233ff20b5,743052,3 years,Home Mortgage
417f0084-7fbc-48ab-b29f-231864b14d19,1296465,1 year,Rent
bc030449-8b6f-41a2-b8eb-364ae1bb95ce,415492,< 1 year,Rent
79d80d9e-5ade-4d70-96e1-b4eecf079a0c,1211725,10+ years,Home Mortgage
9ee33992-dc4c-4b7e-8225-f62cd4253ed6,2192220,< 1 year,Rent
05837858-d0e7-450f-954d-4d731f1a8eb8,1901710,3 years,Home Mortgage
24de1b64-2ef8-4600-8f45-9febea8e232a,942875,10+ years,Home Mortgage
c8b16627-d6d8-4e49-8d4f-e4c5f9adf1f8,,8 years,Home Mortgage
17d362d1-215d-4108-af81-164b6ee804bc,1878530,8 years,Home Mortgage
7266fbaa-9903-4eed-82b3-6249a6dac2e2,,8 years,Home Mortgage
5375a530-7b8c-4546-bc12-d087ba39754e,1336251,9 years,Rent
e853e1b6-6f53-4b87-be2d-8aebb7a0d158,304361,10+ years,Rent
87163991-1f66-4c79-a30f-4a712c904868,1220256,10+ years,Rent
e81a4bc4-5cbb-498c-ad93-f854c6b4d02f,1231789,10+ years,Home Mortgage
df99f26c-31be-4053-9b57-5d1eddc571e4,1452512,5 years,Home Mortgage
3e14ef2e-8a50-40e8-bbf2-b895124d1486,1238610,1 year,Home Mortgage
feec5ee9-a63d-44ad-bded-e633b5999a86,,n/a,Rent
3a5311f6-5850-4e9a-a0b7-b58dacb24393,1912920,< 1 year,Home Mortgage
1b068ccf-ae71-4848-9dad-e0223633f167,811984,9 years,Home Mortgage
de93b8aa-eadc-4b12-b68c-88cdeb7981e9,530651,6 years,Rent
80fcffdd-c88c-4cb1-a58c-b50775dec8fd,780520,5 years,Home Mortgage
c0d2020f-6d19-49ba-b002-a07d38d31f11,1543104,10+ years,Rent
a6f6f0e7-8b73-4c76-ad5e-5f626317f2be,736801,n/a,Home Mortgage
26aa26d6-b8f0-4e80-b513-37a2793e5b72,538992,1 year,Rent
8bb97fb1-d493-4e79-95a1-792c615a5426,,6 years,Home Mortgage
c4d3a1bf-c885-4dc8-ad48-2a76dfdd806d,1189419,8 years,Own Home
e72c9b69-0b10-4da7-a5de-ff41db40e094,,2 years,Home Mortgage
3c5d3230-8504-4121-81c3-af36578edb95,1141938,10+ years,Rent
4f9bb3ab-31c9-44ac-9a0f-3e47c423c8e6,1250618,n/a,Home Mortgage
cafcfbe5-c0ba-4abf-8e10-bcac0b04343e,,10+ years,Rent
b4d5e8f3-7f00-4a0b-b2df-1215e4e2978c,,7 years,Home Mortgage
57badf23-5459-48de-aa73-39635318df53,,n/a,Rent
925d1d30-e7fd-4306-aa07-685e640db028,,2 years,Rent
917fb9cf-2484-4bdb-87ec-0e050d15e6c6,704406,5 years,Own Home
47a1893b-2ce7-4fbf-afe8-ca046ba5a7fe,867103,10+ years,Home Mortgage
db508585-6ab7-4afa-976d-34f4431c96b4,175845,n/a,Own Home
069833f0-820c-4fa3-a319-98ec77645fed,1057445,10+ years,Home Mortgage
1bede785-1c13-4e0f-b488-35adc8f49111,1257477,10+ years,Rent
f5f9d7a2-4d3a-4c2b-81fe-7598d94ed056,797848,3 years,Home Mortgage
a76370d8-735e-4ddb-982a-f6bb219a2cd6,1251682,10+ years,Own Home
2b4be2d0-1d97-4dcf-9944-8a0cf05eefa0,1321583,10+ years,Rent
190eda2f-dd30-42bd-ac8e-7867f45f7bbb,1824019,10+ years,Rent
9e16b5bd-b833-4459-a744-a1d0b2faf0b2,610318,8 years,Rent
be428eca-e500-44fd-abe9-03fe9f8caec0,2488525,10+ years,Rent
50658703-9e7a-4a59-a44f-eccd6e9882a7,2120305,6 years,Home Mortgage
095b8bdc-4d6b-4029-9203-a901b09d92e8,,2 years,Home Mortgage
3f334963-c25b-45d4-9dfd-935edc2ed1e0,1034265,2 years,Home Mortgage
4e6a2c8f-0870-4940-9476-6442be949919,1882026,10+ years,Home Mortgage
c76c5c71-21b6-4bc6-ab4e-8eacefdd675d,1169165,10+ years,Home Mortgage
871060a6-031a-4c79-baaf-f782e60675d8,1545232,10+ years,Home Mortgage
c9cceaa6-5239-4a61-aadd-39ab0f32b92d,1335719,< 1 year,Rent
07cf3bf5-2329-42dd-aee0-c513eff2854d,837729,4 years,Rent
384185ba-b218-4a55-b20b-30844b5b4bb8,1897511,1 year,Home Mortgage
e76b8f0f-8aae-4107-959e-c1de4773278b,1143192,10+ years,Home Mortgage
c0582b39-b15f-499c-be47-1faaac23dce0,1240662,< 1 year,Own Home
a1ae7c4c-a751-478f-ace9-4736caba3def,1252043,3 years,Rent
a5bbb711-5c15-4894-9f1f-4be201fd6f8d,1634323,10+ years,Home Mortgage
ba0c438d-ec75-4122-9a0c-dd535774f8c7,1422587,2 years,Home Mortgage
2c9fb03a-4fd2-4ca1-9f26-6f359b5b8516,1323711,9 years,Rent
04cffa3c-4530-472d-b932-6c062c742240,472435,8 years,Rent
ea7753e0-6916-4ba0-85c9-c6569cc45006,574389,10+ years,Home Mortgage
5fcb758e-7a84-4116-9aa0-6a7faf9a5f9c,1309917,7 years,Rent
428a300c-310b-4b7d-a97c-b7a2445b320f,2345208,6 years,Home Mortgage
08b9a52b-2a60-4ee5-a90b-288f254e221b,,4 years,Home Mortgage
aa69cfb7-dbb9-4720-ac9d-70d199242f79,2626750,6 years,Own Home
d2a9dab4-97bc-40f2-a0d9-fa5e541fe9af,,5 years,Home Mortgage
e9a1f0ba-d962-481d-b8f6-3d3b13559381,2018085,3 years,Rent
1b602f66-f4c5-4c32-9b89-60d9c3ceeec9,675450,2 years,Rent
486db1af-4588-4ed2-97c3-e8dabcd9913b,579234,1 year,Rent
c2e87fcd-d450-4b50-948b-bbeef043e21c,,3 years,Home Mortgage
e85a253d-76fc-46ab-aaa8-16158948a8bc,1258788,1 year,Rent
d482a6dc-2ad7-4baf-8eff-192dc12ff9d6,677711,1 year,Rent
de35be5f-0254-40d3-aab0-b30fe48c7f81,3087424,10+ years,Rent
4bbc7b04-8747-4f7e-95be-36518e5796de,1343034,8 years,Rent
86327772-0afb-4abc-a898-8d3852cf7bac,2245344,10+ years,Home Mortgage
c5af7b6f-8060-4235-9e8b-3411ea7869d7,,10+ years,Rent
b3c172fd-6705-4e5b-8c36-6db10e0211a1,1822252,10+ years,Home Mortgage
9d3cfe74-2e98-494c-8ffd-b95159dffade,2324232,10+ years,Rent
959a6947-a9e9-4653-b662-2c007a06765c,1926030,6 years,Home Mortgage
c40dfd3d-68c5-4f7a-9a53-8102af504b4e,,10+ years,Home Mortgage
7ddcf816-37b1-43e4-848b-cf09c52ee654,,< 1 year,Rent
41484f09-829e-4c0d-b856-8e3f1463cf61,,10+ years,Rent
592297c2-30a1-4779-a148-114ba7906933,3400487,1 year,Home Mortgage
8a4ed6ec-0c38-4a21-b373-191c019659fa,473632,3 years,Rent
6523766f-a73f-4cf4-ac62-78dce89887aa,1593245,9 years,Home Mortgage
fc726c51-aa34-448f-a304-66af3327d0a6,,2 years,Own Home
6976a45a-1e4d-4821-aa68-12a2e416cd45,512791,2 years,Home Mortgage
9ca4b122-ecf2-4e4d-aa35-83476cf5a77a,1901520,10+ years,Rent
af58919c-7780-4e41-a641-61b0e18b92d2,1206766,3 years,Own Home
06741683-a399-42d7-99a7-7320da4adae3,1230687,3 years,Rent
7f8db2b7-f353-4865-8b42-97e45890772a,,10+ years,Rent
3db0b862-b575-4b94-90eb-94e4f01fc99e,765586,n/a,Rent
9f83f94a-4d2e-4035-a039-6634091208ec,1065140,10+ years,Home Mortgage
d22287c2-f15c-4e40-8895-7b57c45a85dc,,10+ years,Home Mortgage
02ac2840-ef60-469d-b855-9e0161318c8a,,1 year,Home Mortgage
4cd856ca-49f8-42e7-ae1e-7195f751426c,,3 years,Own Home
a4fae346-dda1-4785-a43a-6b97a0e7d37f,962065,< 1 year,Rent
0a3142c2-cd3f-49cc-9aa8-73105da52c02,467210,2 years,Own Home
2d20922a-8e53-4dc0-a323-9ab3f127f113,1053360,3 years,Rent
2e4235a8-69c8-479d-880f-179ed98ab70d,1262056,10+ years,Rent
9de8f229-8654-4497-9c54-2269eed9015d,689301,10+ years,Home Mortgage
a2659b8e-7db6-4a76-8fcd-6450089b6330,1072189,5 years,Home Mortgage
ca4d5855-d031-4db9-886c-c99424fd9714,1171160,7 years,Rent
f749c5b4-2f01-4caa-a2a3-f0e3c198a013,,9 years,Rent
09331766-024f-4f66-b68d-397faac8c680,919296,n/a,Rent
544058a8-3b13-497a-bca5-96e15820efaa,1761110,6 years,Home Mortgage
6f6b869c-4b66-4069-bcb6-b08926ef5d6f,732393,2 years,Rent
9892c197-194c-4af1-8c6f-4a5111cecdab,487749,1 year,Rent
b217c978-238c-46f6-9634-8ebf1ade3c9b,2301983,10+ years,Home Mortgage
c4501e75-4410-46cf-80cc-80a0a4d87f98,957562,10+ years,Rent
700a2b7c-186f-4091-b58a-b0c70b153c57,2094484,10+ years,Home Mortgage
5a7e8e88-cc2a-4115-8baf-a34b2cb536f8,1742832,8 years,Rent
3b8d984a-e5dc-42d6-8b45-ecef11afd582,1147562,6 years,Home Mortgage
a330e864-7f16-4700-8f35-c417d922a47d,2285700,3 years,Own Home
a928f29f-bdb3-43e8-9cf1-c2ca97adc3dd,,< 1 year,Rent
3c8f0757-ecde-45ca-b17c-6f92d3dc2c81,469452,3 years,Rent
e1c87c2d-e07d-400d-aabc-a05e5a29b03d,1408052,10+ years,Home Mortgage
83e03324-8915-4622-8804-59bac63f1b55,2618238,10+ years,Home Mortgage
f635620c-14d2-4a43-acd0-81bba7dbb347,1658510,10+ years,Home Mortgage
1343f660-daae-48a4-a4b6-cbadf2b78601,1691342,10+ years,Home Mortgage
0403a867-53ea-42df-8310-aecb4607e956,2097315,3 years,Rent
3cc7fdfd-9652-46bf-9252-152484b8dfc1,1926030,10+ years,Rent
24ddf9ae-fdb8-40ff-b01f-37923c2598d9,2257656,3 years,Rent
b6af6fa8-695f-4dfb-a1d8-ca7f59b01ec7,1342502,1 year,Rent
0475bd48-d3cf-4905-bf42-1937afe1041d,1680246,10+ years,Home Mortgage
72cb0800-1962-452c-b6d1-9edd60ea87c7,1165422,2 years,Own Home
57d0c97d-84eb-4a6e-bf86-09b689d3512b,1818167,n/a,Home Mortgage
32b0c4ff-1594-4bef-a3d2-ffaa57127740,,10+ years,Rent
22cdfb2e-cec5-4be7-922a-cf5902684319,1120069,8 years,Home Mortgage
0c4de0ba-2f95-403e-8921-8fae08f2a7a7,616588,10+ years,Own Home
645cc494-6c5e-4fc0-89bb-bc093e875f37,1526669,10+ years,Home Mortgage
1088ede8-57c0-4e28-8050-d34464e43121,1029116,2 years,Rent
9b3fa3da-a5be-4973-a42e-50bc618b36ed,338333,8 years,Own Home
f935d0eb-1e74-4033-9969-88901cf0e857,1403758,n/a,Home Mortgage
68d69556-465b-4008-ab7b-db5a221bb72b,,10+ years,Home Mortgage
ea077d07-0492-4ea2-a135-a29b78a4f34b,1956107,10+ years,Home Mortgage
9629c29e-a6c2-4b52-94d8-0445296ee971,2327424,< 1 year,Rent
340726e1-3790-49a1-bec1-60fdd7885aa9,576612,8 years,Rent
47ade246-64a3-4be6-be51-258f7f63fa67,1487035,10+ years,Home Mortgage
5de8ed53-8621-4c2c-93c0-152face7da5a,,6 years,Home Mortgage
8228683f-fdf5-4b97-9ad6-43a0cf52a41d,,10+ years,Own Home
c01c1ebc-dddf-471a-be99-172621285d92,,9 years,Own Home
6ac7be50-a6c4-4b5c-9dad-86e9baf36c2a,645506,n/a,Rent
00010876-7972-40c5-8238-e1f187ca1396,,n/a,Home Mortgage
58e9f7b3-b30a-4710-ad21-2373facf7eb7,1250941,7 years,Home Mortgage
6dee18df-8e16-41f5-a21e-62a33571ce69,2501863,10+ years,Home Mortgage
1aae272d-29ab-4a79-952b-8c2125d9a1fb,962065,1 year,Home Mortgage
e9e215a6-3515-488a-a7a3-61a5182d25b8,,4 years,Home Mortgage
5d25e3cf-2ae7-423c-ac8a-743101e39e49,774364,3 years,Rent
796007e6-b395-40a6-8560-bb4e4e6be2d0,911430,10+ years,Rent
200caec4-f09c-4625-a26e-16e31c91f520,470345,< 1 year,Rent
85b5c6a6-6350-4640-8545-b43145346cff,1398647,10+ years,Rent
da1c2a5e-89fd-46a0-b4f1-96846719a570,1860119,5 years,Home Mortgage
0cab4c0b-dead-46b7-8aa6-459bf1430b27,2245116,6 years,Home Mortgage
3964876b-3bc0-4b94-ba90-fd88e47e8b66,1744542,3 years,Rent
6e7b99b9-ac96-4225-b045-72516f7551e8,644974,10+ years,Rent
d25971a1-0abf-4522-83c0-807a36c2c542,,10+ years,Home Mortgage
7d35f4a0-595e-404d-8b93-11dc4ff0d244,1080511,10+ years,Home Mortgage
83ceb87f-eec6-4bf4-aa46-b5a95af53c7b,586359,10+ years,Own Home
4f5e7bb6-62a1-4734-a54e-b79444dccc8e,1230801,10+ years,Own Home
554989ca-cfde-46f2-8aa7-6d9af8d05918,1452930,10+ years,Home Mortgage
d0ca39db-2f03-419a-8d2e-40eef65f2598,1235000,10+ years,Home Mortgage
8a089f94-c51e-425c-901e-b2a5c1decfb3,1301139,10+ years,Rent
39075551-28c8-4f26-b5f4-50ff536c482a,760380,2 years,Rent
8e257761-6d77-4b02-b041-444c432a4e8d,,10+ years,Home Mortgage
588b3993-0ccc-424a-bd74-86b7c6de2eef,1677510,10+ years,Rent
433e9167-845d-4d17-864f-f781d1913382,,3 years,Home Mortgage
3db23594-3f3a-4693-87ff-de767d145b89,1689822,10+ years,Rent
2d1a8d14-9493-4fc0-9a7c-043c0d434c9a,778468,2 years,Rent
13d90100-6940-471e-98d4-682ffa1613c1,,6 years,Home Mortgage
5b2d3506-8d60-441c-9f02-8a19353d5d53,2172099,10+ years,Home Mortgage
72210d47-ae93-403b-992d-f0add96d03b7,1606450,3 years,Rent
f9d1cd17-4848-4d44-be22-6b7f54db0ba8,470060,3 years,Rent
792e94dc-4df2-4cd8-a34a-c3b461d1d26b,,8 years,Rent
2a887b41-48e2-4b68-946d-1a6a82da8115,776036,1 year,Rent
d5636ffd-f743-4222-b7df-1fc48433f517,1391655,2 years,Rent
7957be7b-2a43-4528-98c4-c2419ed22dad,785479,2 years,Rent
68e371b9-699a-4837-b033-00c95d88bf4a,,6 years,Home Mortgage
5194cc78-557e-41ea-8f9f-1899959d25ef,1701165,5 years,Home Mortgage
e2152789-c93e-443f-bba0-8059d926b885,799995,5 years,Home Mortgage
dad1913e-2eb6-4d59-9efa-db763ddb62dc,483360,1 year,Own Home
b9eeae01-62b2-4eec-840f-b1f5f062e327,973560,10+ years,Rent
8afa7d6c-f64d-4ad7-9a6b-c320766ad02e,,< 1 year,Rent
bc2f261c-4877-4d73-b4fc-0768d4f9c904,4780400,2 years,Home Mortgage
b8f498d9-3cf5-490d-831d-f1eadb174f71,186523,3 years,Rent
5b9557cf-a213-4246-9296-10ac0167f7dd,,7 years,Rent
ca6531bc-399d-41b3-9adf-05ac126bc709,1268288,4 years,Home Mortgage
1a68e902-8c65-4ea9-819e-08d41653dfc9,555902,2 years,Own Home
dc10976d-7ee1-4169-a209-5e032ec04f5f,695286,9 years,Rent
a9d23004-cbe3-4bf5-b3a5-15240e7e6fca,1937620,4 years,Home Mortgage
430e86be-b2f4-4869-a774-7f80115c8bb6,,7 years,Home Mortgage
b75284e3-4821-4d99-8056-a200f8c01d73,842859,7 years,Rent
df2b880b-6e29-404d-8bbf-2681ff06d0be,1216760,4 years,Rent
b5b425c5-c4b6-48c4-95e3-53792305f6ed,1315237,2 years,Rent
ccaf2bce-20f6-49b4-bf32-5f8bf29a851f,1154022,2 years,Rent
0d45d867-b9fd-44b2-8570-a17bbc6a7c63,1583023,10+ years,Rent
09ba0875-2fd6-473e-9811-366460f5fd5f,1058509,9 years,Home Mortgage
4ea0f494-45ab-4f30-862f-b1b01546d916,1635881,10+ years,Home Mortgage
0c35e736-d79f-4b45-aa4b-e13389e39c7f,1329069,< 1 year,Home Mortgage
6d23955a-bbc1-493e-b29e-01b3985bb4e6,1186721,n/a,Rent
f16ff522-f06d-4af5-8077-9889bcc95546,,< 1 year,Rent
ac82ddf0-2096-4194-9495-ae1a2174cf39,1172110,10+ years,Home Mortgage
0d6d4fdc-a234-4f8f-b7cb-ef57e3d160b3,1453690,5 years,Home Mortgage
adf71e27-1e7c-4dda-964e-b85ae1d715ad,,n/a,Home Mortgage
24f71134-eb74-47d5-816c-771166aa2eba,1215620,7 years,Rent
f7f8e132-37ed-4cc7-a5f9-5d5dea766cdb,1045285,10+ years,Home Mortgage
9059ce89-c25e-480e-9676-da7af1da5400,802370,7 years,Rent
13ceb007-d56e-4b65-b30e-dd26b8d2e15d,771400,10+ years,Home Mortgage
91a45a2b-d515-424b-acf0-334d78a4f8da,1339709,10+ years,Home Mortgage
528e6a17-31bd-422d-bfa1-9a5b1a81f878,1600959,< 1 year,Rent
46fdb328-d09c-4fae-b5dd-0cc6bd754751,,8 years,Home Mortgage
f0fa364c-af5e-4dcb-a519-6aaa38a93a38,1876440,10+ years,Home Mortgage
d2edaecd-f181-410b-aded-ad2cef856af2,1814747,< 1 year,Rent
52852b06-f663-4bd5-a400-555daff74f7c,615790,3 years,Rent
d3993f0d-bb68-4da7-858f-0aacbec2161e,2095016,3 years,Rent
7f1fdf0f-9998-4d00-8cde-3d686b285fc4,538175,6 years,Home Mortgage
ae2bba0a-7e33-462a-8260-4eae581462d1,,6 years,Rent
97c14dac-cbe1-4588-96e4-00b7d6381203,1911799,3 years,Rent
28e3092a-79a5-4911-b4ea-69fd9f2e618d,3341967,7 years,Rent
75ea9bbe-f1ab-4d3d-8ae4-53da2c8a6283,839021,10+ years,Rent
bc829057-69c1-4dd2-99dd-e3b2d6517b8d,2444559,3 years,Rent
3fdba769-0295-42a6-a927-a53e6db00e7b,,< 1 year,Home Mortgage
f2b0c381-f7df-4cd6-bf96-83aeda50c67a,1883223,10+ years,Rent
39feb912-bd28-46eb-98a7-d3fdc41e506d,967252,6 years,Home Mortgage
16410f73-1a54-4015-89a8-8ef7ff69b033,1311247,2 years,Rent
327da1b8-f1e8-4451-9333-ed0ecb752637,810521,5 years,Rent
b678a455-63fe-465f-a958-88d5359b2f95,387790,< 1 year,Rent
1e5724d0-b189-495b-a08c-156cb561b531,2721199,2 years,Home Mortgage
c176a14a-e8bc-49ee-9834-ef631ac503dc,1592428,10+ years,Rent
af0a4e34-102a-4cb9-9fec-71ac0f1fb6b8,,10+ years,Own Home
b3070740-d59d-41a2-8f73-d2e334873273,1381110,10+ years,Rent
26935394-34f3-4cee-903c-e66e55ce003c,,n/a,Rent
586924da-3f7a-42ec-b822-de822ed5b00d,378594,2 years,Own Home
40e78b74-b97a-4e89-b128-c6462578a16c,,4 years,Own Home
0d9269cd-3178-4d54-9dcd-fca6e900d5b5,1446641,10+ years,Home Mortgage
e9b412aa-59fd-4386-a647-de46f53ae7ad,1117086,n/a,Rent
722dc85d-6896-43a4-8f5e-c958b7a293f9,1415595,10+ years,Home Mortgage
6167a665-2cf2-404d-85eb-e7318f547b72,1253525,3 years,Home Mortgage
cd804b22-c643-46d6-a4b2-bbf3dd56d564,754224,n/a,Home Mortgage
6e1d5086-4e46-45aa-b665-d5ce581d4221,,< 1 year,Rent
b965ab24-2c0f-4bdf-b621-571876df86b9,1919817,10+ years,Home Mortgage
b216f268-45c5-4339-be19-85435a5680d3,1148436,2 years,Home Mortgage
9d4c6af7-856d-40b2-bc26-cb099dc68aa8,792566,3 years,Rent
3567cc33-1a1e-4fae-8cf6-a3502f9da941,,10+ years,Home Mortgage
57b9431e-8758-40a1-9010-94b98c3f37cc,1582339,10+ years,Home Mortgage
4e8fe4d0-0ada-4378-95b7-899b6de5494e,2242380,4 years,Home Mortgage
56a6f953-06a8-4974-98b8-d18d98dcad4e,1335985,5 years,Home Mortgage
1a31b6ff-cab7-4bf3-b502-77c4f1a29bb1,818881,< 1 year,Rent
8290e648-3960-40e1-b6d5-86aea0589f8a,733229,8 years,Home Mortgage
a22f4d45-fc6d-4c17-b8cd-fa8ff0a9558d,2358793,10+ years,Own Home
747a6a61-9486-4180-b5eb-95a08e42b10c,,7 years,Home Mortgage
556c2739-a6a0-42c0-bf6d-319b81f76914,1414455,10+ years,Own Home
af3c1ec1-b244-42e2-9a7c-b12193e2a85b,960184,8 years,Home Mortgage
5bad0b2e-1d08-4c4e-a500-ed587007bf71,842517,< 1 year,Rent
60c9fe84-a092-493a-a8df-87ff95fef536,1742319,9 years,Home Mortgage
34443744-9a4f-42de-a7c5-8697ce8bb30c,2429245,10+ years,Home Mortgage
35c5de1e-f2d0-4234-9276-fde8c27b7611,685710,1 year,Rent
b1f25f3d-23d9-4969-bc9d-5a51f8d5feb3,422218,6 years,Own Home
168d8d43-21cb-4384-9f8e-a9930b458f3a,2551016,3 years,Home Mortgage
55db7033-a63d-4b60-9cfa-f886ebe9223e,1535485,10+ years,Home Mortgage
8eabcbdb-3f0b-4f1d-84de-7880177ca83d,1334750,2 years,Rent
e087e886-c682-4ff4-a44f-d7c503f2953c,1627920,8 years,Home Mortgage
cd71fcfc-da1e-44b2-96b6-f613698928e1,652897,9 years,Rent
f7f6835d-ee27-4d70-a665-f000a3916ed2,559113,3 years,Home Mortgage
3dc974b1-76b4-41d2-a6f1-b4b6b27cee65,,10+ years,Home Mortgage
af958d76-2651-4cd5-9468-efad56f0edbe,795283,10+ years,Rent
87c34f20-9ee6-441d-a623-1c225258bd27,967195,n/a,Home Mortgage
a95eb8bf-20d1-4658-be36-0c9b3ef1faab,,n/a,Rent
1e5ea8eb-ceeb-4d0d-a77a-69d29ffaa5f5,1119822,10+ years,Home Mortgage
5c8f9f67-07ee-41a3-89b1-48e5a9c0bb35,307743,n/a,Home Mortgage
0f83478a-e0dd-4938-928e-ffe210ee0590,1255748,1 year,Home Mortgage
b56b44a5-4531-40b5-9af1-506e13181795,1192041,10+ years,Rent
d22433d2-a120-48a3-bd4a-d4cd0cd48ac6,1097915,6 years,Home Mortgage
7246db81-72ea-467a-beb3-334400075524,1106959,1 year,Rent
dbb9aebd-1988-4ff3-b3b9-472e4ef69613,3557959,7 years,Rent
414abe7d-5fa5-4c2c-933a-745daceafee9,1040706,10+ years,Rent
6454083c-778d-4ae2-8894-41a35e13a9f3,1999294,n/a,Rent
ff49044d-efe7-42f5-aa21-504bafd7a429,,3 years,Home Mortgage
ed1f8d1e-105d-4ab7-a4a5-e09cdb892e1b,1249060,10+ years,Home Mortgage
6a04c9c4-0585-4a2c-894d-21b55f4dd31b,739043,4 years,Rent
0b6f5ada-c03b-4369-a560-2ad3be0e26a9,348213,n/a,Rent
8c77974f-78e1-4af3-8f70-c3d97406dce4,,< 1 year,Own Home
6d056e18-9df2-4fa6-b7ff-cb500939c2d3,814834,5 years,Rent
ed8530a2-d6b2-4d87-ab30-4aab172323dd,1390838,2 years,Rent
26569a25-2573-4965-a562-70b2b4909b00,,10+ years,Rent
01d771d8-0f32-441e-a6eb-4fa4ec3100e9,1075761,2 years,Home Mortgage
082554df-2c3c-45de-ae25-b52eb592ab8c,705242,n/a,Home Mortgage
26f2e0dd-4c40-4d70-9ced-44f3343956cb,1079314,9 years,Rent
cd287ff9-9c14-41e8-a7c6-e83cef2f4ff4,862448,2 years,Home Mortgage
e64f0f7c-fff5-4765-abef-183451d1fa7a,1407805,n/a,Home Mortgage
a971888c-3067-456d-83cf-ad2209e460f7,638609,< 1 year,Rent
c5a03854-8503-430e-91b9-95c568512a4b,1137264,10+ years,Home Mortgage
18a5f65d-13b5-452f-85e2-35a8342180df,996930,7 years,Home Mortgage
44934ed4-6b43-4039-ab78-7454cb261cce,878066,5 years,Rent
eb421817-33d1-45f5-8a8c-cd6e08398273,2301660,10+ years,Home Mortgage
6aac33c9-2b94-4492-b10c-edf301fab6ea,2789295,7 years,Rent
4541a464-71f6-4cdf-adb2-6a9257f687ee,2126575,9 years,Home Mortgage
a41596e6-11ce-40c3-9a99-2574ea281f70,1263462,10+ years,Home Mortgage
62053c49-8c4f-4078-ae92-7b0789e01a22,,1 year,Rent
b13a70ae-1ed3-4d00-ba96-e44a4f1345ea,1222156,5 years,Home Mortgage
cf40d9e5-3050-4517-b732-08c4934749f2,1553896,2 years,Home Mortgage
5f85e2e0-6030-44f4-9f54-3774d4fa7f23,2567679,4 years,Own Home
5ebcfd82-3eea-4573-b98f-89ff6584f6e7,988969,5 years,Home Mortgage
f653957b-3394-4200-a1e4-5088f9de73c5,1391522,10+ years,Home Mortgage
ae2c91fb-ba33-45e4-ab1a-529b3d73e304,,10+ years,Own Home
8c11c663-bdc6-422a-a0f6-835ae8806836,,4 years,Home Mortgage
5bd987d8-d7f8-43c2-8d94-7ed8db0dacd4,456361,1 year,Rent
83195255-2acd-4d8e-b2c3-225fdcff0267,1689727,7 years,Home Mortgage
89f05929-3967-4e09-8dea-e1a14e2de24d,,< 1 year,Rent
db28eeac-ed90-4b02-88ff-991c58742a74,1510329,3 years,Rent
0bb003ad-9244-4aad-8d27-3d7ff5dc7bc4,3846360,8 years,Rent
54127fb4-cdda-4544-abbe-9ec546323160,1648440,9 years,Rent
ae5bf35b-4adc-479c-a85a-b5c5aef3c0a3,1013175,6 years,Rent
1bcef386-0f20-474f-993c-5fa3aa0f497a,2889045,6 years,Rent
6bfacba0-e974-4117-9645-9fc4f32ee4c0,1242638,10+ years,Home Mortgage
7315d185-ee1b-4ffc-adf3-290dbe8307ce,1027140,7 years,Home Mortgage
bfda1e84-bd8e-4d1c-a312-c1c3638e3e0c,847742,1 year,Rent
0a47606f-db9f-4f87-9584-bea1f53e0d17,,5 years,Rent
872d7e0b-c37b-416f-a2e8-15b5b193a825,836247,10+ years,Rent
57efc6d6-00e4-4dbc-a2c6-af44e9e552f3,,2 years,Home Mortgage
d271c55f-3cbf-43e4-bc03-80f60e4e07b4,2575260,8 years,Rent
f30373d2-7c10-46a5-a2de-3828c3dfb67b,2300520,10+ years,Home Mortgage
7dcffeb7-1bca-48c9-b205-fb650ef0b002,1407824,< 1 year,Home Mortgage
ead037d5-7949-49b5-acf3-7264144e0ec6,,n/a,Home Mortgage
d883da7a-27ba-4387-a3ef-da3feff4cb31,388816,1 year,Own Home
11cb87c6-8076-469f-9333-e2fa1d994f2e,,10+ years,Home Mortgage
73bf2cff-be6f-4a16-99fb-4eacc4b69c53,,< 1 year,Rent
60bf26d3-05d4-4c8c-869c-ccc43ff5a16c,751564,3 years,Rent
383715c1-727c-4b44-9b0b-b886a525aea1,1324015,< 1 year,Home Mortgage
d1893251-cd96-4c34-a183-944232456ebf,1118682,< 1 year,Rent
83dcf9be-3c26-4472-aeb4-1955511cbe4a,2531503,1 year,Rent
fe40c41a-93a1-4063-92ea-f269372087fb,,n/a,Rent
4dc3cfea-bc5b-477a-a904-472708cd8e1e,5641024,10+ years,Home Mortgage
b264a9ec-d306-40a4-9901-c67c7c2ac813,1676484,9 years,Home Mortgage
e06e94e2-4324-4855-990c-6a5f1b93fa48,1444950,10+ years,Rent
d233f26a-e5eb-4bd5-aa45-3ce08a165547,764940,3 years,Rent
dbd3023d-9116-4455-b328-2f4ee36a9aa2,1241061,8 years,Home Mortgage
7cbe15e7-08d1-4d26-a154-6f6f21a55c20,1133958,7 years,Rent
70fd807e-a18f-4f6a-b9ec-bbd21409ed45,,7 years,Home Mortgage
68e7bc90-0376-4ef2-b2dd-642dc3a7833d,1124610,10+ years,Rent
a32b0dd1-58f7-4341-9555-13801431d238,2035109,8 years,Rent
f5fea422-3ecd-4c5b-8e9a-644264658ec1,460294,10+ years,Rent
7e137d00-852c-4f83-acbd-5c6a7009dc5e,656279,3 years,Rent
fe3d3938-1356-4852-a5f7-3f9820c06513,996398,10+ years,Rent
e53b59fe-8d52-4900-b25f-b9e74a0828c0,,3 years,Rent
7c27ea5a-4cac-44ac-9c5a-bdd4f1d6861d,1032973,10+ years,Rent
1af78a1c-edb2-4660-a20e-7b4d36ff0dec,,< 1 year,Home Mortgage
e385b5b9-ea64-4bef-a36d-3830a1c528e3,1307390,1 year,Rent
9fb76e77-d3df-4f3f-aaa9-4b1504efeab9,563407,8 years,Own Home
d4f930a1-4d1c-4b5d-9384-50402c730d9e,490029,5 years,Rent
213541fb-22a7-4768-b873-b10d2e0b7b01,927865,3 years,Home Mortgage
021e3a31-5b2b-42dd-801e-5c1817ba0535,2368122,7 years,Rent
930b2b5b-d520-42b5-bfa3-48c8f6d0eb42,,3 years,Home Mortgage
bb7a3d53-56c6-45d0-a7a2-99a5f58435de,1361065,10+ years,Home Mortgage
bc7c83a3-f43b-4c2d-b01b-44c3868661bf,,10+ years,Home Mortgage
c5c07fd5-cd87-4dab-92c8-f1be2f84efda,1042283,10+ years,Home Mortgage
391c7762-0704-4bc4-b123-799cad8b6473,1118226,1 year,Rent
6f714597-5207-4c4f-9b42-d589c10d4b44,,5 years,Own Home
0f3af2a1-850a-40d8-8561-6254ec011e58,1408527,10+ years,Rent
b3fdd2d9-3a74-4948-a6e9-0883224084f0,918023,7 years,Rent
1a104ba4-ac4e-4a63-b8cb-b491704b76ad,821826,4 years,Rent
da26f3ff-be92-492f-ac7c-fb45b9a86d8b,,10+ years,Home Mortgage
56cfd41a-5686-4d9e-ae8f-0232d4c1285d,1916682,10+ years,Home Mortgage
692a3514-5fab-4b1e-8f6f-53ae1d1d0082,2079056,1 year,Rent
64ff7a68-5673-4298-836c-1fb69cff4331,316483,n/a,Own Home
d9cb6ee0-d812-4a10-bae9-82ade04b64e3,,6 years,Home Mortgage
ff594444-e9a6-4060-88eb-3939d068c1c7,1919760,7 years,Rent
f50b7426-9f1c-4be7-a47b-6657d3e60a69,,< 1 year,Rent
cf9f32fa-b0c1-4877-877b-763c789b7ee8,1085071,10+ years,Rent
b61b6229-79df-4e5d-a59d-2fd954862248,1362984,2 years,Home Mortgage
8c44f10a-7a86-4e96-ba66-9f8f45420b1d,948765,3 years,Rent
992d6adf-0050-4234-a4a4-dc978e503414,,10+ years,Own Home
8af30c42-c2f6-4a0a-b8e2-5e5502c040b6,,7 years,Rent
dbc001d9-5af3-4bdf-96f8-1a03496d48d3,644366,1 year,Rent
7ad3cc11-4875-400d-bfed-078273b36178,,5 years,Home Mortgage
5c2b5a69-589b-43bb-a4fb-88cfd1e6d176,846450,10+ years,Rent
a26df9bb-e0f5-42e9-8c7c-eda888136674,1930590,< 1 year,Home Mortgage
abe2965e-ea23-4258-9928-0b7b16c9f13e,930145,2 years,Rent
02a4bc6d-db02-406b-9bf6-8e0dd42782eb,1963517,3 years,Own Home
3ed4b003-6866-4089-acfc-8024e615209d,,4 years,Rent
3f1adfc4-a028-4a51-8006-69081441c435,,9 years,Home Mortgage
daa6bd31-1357-4ab2-9e14-4a4567445f7c,751640,< 1 year,Home Mortgage
7c1a8b56-8ee4-4a1b-ad4a-94e4326ac0a5,1479245,4 years,Home Mortgage
b3b51070-b5d1-4849-8b04-358eb0c132fb,1599344,2 years,Home Mortgage
c6d0c253-32d3-424a-b2c6-5ecfcb39ffcd,604656,2 years,Home Mortgage
8229485f-83e9-4342-a758-7319e8ff8d27,2907570,10+ years,Home Mortgage
79d62750-3312-489c-b7dc-b2cd23e3151b,352906,1 year,Own Home
91bd6910-72f5-497b-9e20-bf4795fb9be2,1153376,10+ years,Home Mortgage
3e3b79d0-5cac-4e4e-bef7-1010797f10a8,3145032,2 years,Rent
8535c89b-b22b-4e57-ac50-744eb63b20e9,915287,7 years,Home Mortgage
09ece0d0-7de0-4048-a02a-ed5afa6f7bcb,578379,10+ years,Rent
2bf50234-1635-4883-8d63-5aab31995afa,1121304,n/a,Home Mortgage
04b62b10-f518-402c-9a07-32a11eef3f6e,849110,10+ years,Home Mortgage
ae912c88-daaf-41f7-8f41-e4f3278bc4c1,,10+ years,Home Mortgage
08258b29-a287-4b25-957d-35353fa0a6eb,788975,10+ years,Own Home
edc6b968-8588-4ec0-a020-0582e83f276e,1066223,5 years,Rent
b113f6d1-1e9b-4726-aa8c-91b370ca2381,2273844,5 years,Home Mortgage
89871a5b-0521-481c-aa94-af9397f1ae5f,637146,10+ years,Home Mortgage
0dc71928-cfde-4bba-a6e3-ba0480680a15,1689366,8 years,Home Mortgage
68ea784a-91a0-4ae9-801e-79e19af720cd,2266092,10+ years,Home Mortgage
147f5b40-3942-4869-9002-9848bfee717d,1041447,5 years,Rent
5dab8ae8-c47a-4722-a55d-04da0b3932c8,845690,5 years,Home Mortgage
ff66d75b-594b-4438-88c2-704fa1fb94a7,1472804,2 years,Rent
6a5e65e1-41b6-482c-a1a0-b7438f734d02,1489904,10+ years,Home Mortgage
104d29a9-cfaf-415b-bde6-ad70dad712e8,,10+ years,Home Mortgage
7357bfb2-8d13-46b3-8818-19955628ed75,1037685,10+ years,Home Mortgage
3dabd980-24ce-4336-91df-a6c03962d8dd,811357,4 years,Home Mortgage
9cfb958f-1e6b-4114-8284-a7827d247d42,,10+ years,Home Mortgage
3273af19-303c-48c9-9d65-f7905416af3f,,10+ years,Home Mortgage
228a4f68-5ebb-437d-bd91-bca3b1f88290,1615171,10+ years,Home Mortgage
db6a6e67-59e3-49b9-9d61-160d7d83644f,713222,10+ years,Own Home
e0dc1a2b-0baf-4df3-88e3-85c31675d9db,2759959,10+ years,Home Mortgage
4c5351ba-10c8-485d-862f-a4071619e3c0,1246134,2 years,Home Mortgage
eddb8942-f11e-4ffd-838a-44b319130b98,594073,9 years,Rent
d03fc174-936e-4bec-80d7-313adca7a8f4,1643272,< 1 year,Rent
2a5cd8e6-c566-45cc-b878-97c7416af396,604466,4 years,Home Mortgage
a4ce3987-c494-45ea-b73f-b2fb9e06fa14,762508,5 years,Rent
db30239f-38a8-4ba8-8a86-7524224edc32,414732,8 years,Home Mortgage
dc11ed2a-c492-4bdf-8857-e5378cf8a497,1223638,6 years,Rent
54804edb-0012-4524-b8ea-49c4106391f0,1126206,3 years,Rent
136d50c8-1ca3-4722-ae0d-61fe2ebae506,539771,6 years,Rent
34605c2f-01a5-4fbe-bb65-c541f7ff9671,2905290,5 years,Rent
e7981ee3-b578-48d5-86ae-4aa49b05da4f,,5 years,Home Mortgage
775d9f9d-23ae-4377-8fda-06b4464ffbfb,3404477,10+ years,Home Mortgage
abc54204-1fc2-4e46-b36b-c8edac683173,2618865,1 year,Home Mortgage
a9f4afd9-efd4-449a-8591-3ab2131dbb91,1741977,< 1 year,Rent
7feb0e5b-f557-41d8-bde6-0d8389e8a8c8,,1 year,Home Mortgage
db79749e-d388-4fb7-81ed-3faf14ad6555,,1 year,Rent
bbc7b385-234a-4651-9983-76d093cd0bbb,,5 years,Rent
cdc17b7b-68cf-4096-8fe9-cb8e2570326f,763496,10+ years,Home Mortgage
daff19fe-deec-4caa-9584-f71d9dd95c43,899422,9 years,Home Mortgage
10cbb984-ee3c-43bc-9ace-acac49234402,677445,7 years,Rent
c19fbb5e-b208-43ca-b95d-6a2491281b5f,2065338,4 years,Home Mortgage
71bce989-7fae-463b-8fc9-43659852ada0,1351679,10+ years,Home Mortgage
8447f29e-e9c9-4884-9743-578fa8b0d355,3058848,< 1 year,Home Mortgage
912db64e-3cbd-4530-8bdb-f02af52af3c0,685501,2 years,Rent
cf30a964-ea34-42c1-a120-70374468f150,2373860,10+ years,Home Mortgage
1c0bc36d-8f12-4108-9fa3-035b8f1302dd,771476,2 years,Rent
1fb98784-079c-44a5-b4e4-8eec591a25cb,574693,5 years,Rent
3ad322aa-d16e-4b18-9392-ea1efb95728e,2059163,10+ years,Own Home
9e922a90-9a5e-4ee2-b400-ef5517db8e31,,2 years,Rent
f5e97805-9c40-4546-a78f-2001e7ad8506,618944,1 year,Rent
194dfc2d-aa77-46ca-987e-e360da8165f1,2175785,2 years,Home Mortgage
f41cf4f5-8f48-4abb-91a5-4d0d6f1909db,,6 years,Own Home
142da625-0590-4e36-bbfd-68f8c9aa3f4d,2229156,10+ years,Rent
66fd82c2-55ba-4105-92fb-bc04ed3316d9,1037495,5 years,Rent
07969165-5afb-492a-a2f9-c113884f4af6,2024602,6 years,Home Mortgage
0f875fdb-810e-451f-81b7-9076f407bb5a,,10+ years,Own Home
7e8a5160-32a2-4c8f-89ac-35bf9d48d824,1924510,10+ years,Home Mortgage
c8e41518-706a-469e-9883-4433c114e7b4,2374525,10+ years,Home Mortgage
b81823db-2289-4b70-b639-b643fb350b87,,1 year,Rent
e38c91ce-2e54-40db-8892-cf0315774eb9,1010971,10+ years,Home Mortgage
d5060e41-fef8-450d-a21e-ad37af909f2c,1743345,< 1 year,Rent
673d5429-6dc2-4dbd-9c64-c54f5c41b849,,5 years,Rent
999b7a60-ea08-448d-ba17-658548c02be1,723520,1 year,Rent
d9762bcf-68ee-4e6a-9f82-ac953f050c86,753236,< 1 year,Home Mortgage
1944615b-6650-4890-ab53-774b7d64282a,953325,n/a,Home Mortgage
d41112f9-c778-43c3-bea2-ade585e205b7,1683400,10+ years,Rent
8ce0f1a6-f63c-40e8-8257-1ef0f89bbb6e,981673,< 1 year,Rent
b4dcf107-1866-432a-aa70-6b5d47b0ccbb,1401782,7 years,Rent
04721b27-ecde-4fdc-b949-b2b4a2f2a803,2100906,10+ years,Home Mortgage
a9967856-a569-41da-ba30-a2bc39a751fa,485602,10+ years,Rent
a5083b87-937f-4f3b-99aa-ba70e0cb2b90,654968,6 years,Rent
4b6df918-4afc-4c96-94cf-3900717d60ab,797126,10+ years,Home Mortgage
76f2f455-806f-44cc-b1a6-4d0ed2be007c,,3 years,Home Mortgage
26322275-14cd-4b5d-8e64-38a7b1d921a3,529283,3 years,Home Mortgage
b9133b58-6318-4b70-8d97-8b2c4226c701,1618952,3 years,Home Mortgage
9407b9e5-8a4f-4917-87d7-4fb3f43faf00,659471,10+ years,Home Mortgage
0a2ab9ac-4d67-4b60-8a28-5bbb4d460398,860396,10+ years,Rent
330be189-f62e-45f7-8455-ac09cd74496d,603763,10+ years,Rent
b8bda40f-445c-4fb2-8d7c-b96f402cbaa1,1561230,4 years,Rent
c442091b-bf92-4bef-a30c-3efb89b685ec,826557,10+ years,Home Mortgage
13acad16-2627-41d1-87bf-71d42b1dac49,1735479,10+ years,Home Mortgage
a5b089bb-e5e1-4d9c-b78f-319e2bccdae6,1448085,4 years,Rent
ff9dc704-a124-4039-a053-aeaa64fd80d1,,7 years,Rent
b2e6a695-2a19-4a9c-8c97-66ccd9e2db3d,880384,5 years,Rent
a2fa2779-864b-4230-81af-1628881f0ca0,,5 years,Home Mortgage
d2aeef5d-cd51-47b6-ba94-904cdc6f3377,,< 1 year,Home Mortgage
d4307ad8-a28e-4a94-9e2c-270e2730ae0e,2719052,10+ years,Home Mortgage
11af3929-003e-40a7-abf2-67032bd38ff8,568898,n/a,Own Home
cadfce7e-9acc-4bd3-9ead-a3e89d0235d7,881733,3 years,Home Mortgage
dcf52b79-187a-403b-a511-77d8847d8685,1709658,10+ years,Rent
10bfd497-d8fb-4449-8eef-e7d51f179dec,1127232,1 year,Home Mortgage
28e6af89-0e94-40b1-b133-f936c0a15a95,1458174,10+ years,Rent
1a43ffc2-d6f5-4734-bb0c-52287be5c9b2,1183358,10+ years,HaveMortgage
ec0b79a4-f836-4e83-86b2-57908cc714a7,,9 years,Own Home
2ad0542f-215c-4853-802b-29089cb3c3c3,,2 years,Rent
8718b9ab-ff23-41d7-affe-b7c957a9710a,1044278,10+ years,Home Mortgage
78a1fcc2-4294-448e-aafe-2658467be974,,4 years,Home Mortgage
9d64314d-d908-48d6-bc1f-8eb2e84b5c3d,2044685,< 1 year,Home Mortgage
b7d32c93-ac27-434f-866f-4293cb024529,1296522,10+ years,Home Mortgage
6aa0204d-ff57-40c5-910e-eef8a47bae60,972990,1 year,Rent
d5dfda06-5392-41b6-a139-206c8ceb6e36,1153661,< 1 year,Home Mortgage
7443cffc-9d29-4919-8ece-0c65507b0765,760760,n/a,Home Mortgage
44caf5bc-2121-4e4f-9392-6031d480551b,1298156,4 years,Rent
f33a3cea-bf1a-4572-9be1-0ba1c3a681dd,,5 years,Rent
97f475e6-435f-4950-be97-afffa6ba8140,1236862,10+ years,Rent
2af1f024-0c7e-47eb-96a1-acb741fdb9dc,1411168,10+ years,Rent
83aa7981-a679-4058-a2a4-81d213db1269,1390382,< 1 year,Rent
b715d3fe-7a61-49ce-b9de-43cc79e116cb,2624888,1 year,Rent
0561fe0f-8704-41e5-87f1-a8dc3ec71037,4093892,4 years,Rent
3e7e0727-dd5d-42f3-bf66-b559c9b1a199,1781896,10+ years,Home Mortgage
94d9d51c-3c60-40bf-9f3a-429dbe0d62ec,835430,7 years,Home Mortgage
18793842-e16e-41c5-bc3e-495f2d2f79fa,1449225,< 1 year,Home Mortgage
2cbe4ea8-3f0a-4c5b-8391-c3ce352b4bbd,1046881,7 years,Home Mortgage
b359f141-3d2d-4782-8da2-97718bee61f0,2480621,< 1 year,Own Home
f476ab31-9182-456f-bf90-e13a759c6bd4,639540,10+ years,Rent
ceef2ae7-e08f-4f6a-b097-003028addf57,,10+ years,Home Mortgage
00e83890-be32-4638-95a3-663e9ef814d1,956688,6 years,Rent
a02798c4-f379-44ee-8a04-a4a192d40831,890207,2 years,Rent
e2877e11-06b0-4c6b-a07e-50e2dd1ec204,,3 years,Home Mortgage
33917913-6917-46c5-948b-0822d3a9b370,1171616,2 years,Home Mortgage
037b2b61-0e42-4f3e-822d-531913d46ec2,810958,5 years,Own Home
937a0289-b551-4852-8de4-dbe1379bafb7,2262216,3 years,Own Home
ecb6c910-9b19-4ea9-a38f-82775a67d933,1412042,10+ years,Home Mortgage
ccf9f39d-0f99-4919-8d6e-a6909086dc7d,,5 years,Rent
311e74c1-464b-4ca5-acad-0e47d5a5d377,542792,5 years,Rent
122fa9e8-7355-4aa9-bc5d-9dc85ed8b4f0,,5 years,Home Mortgage
6a9094c0-bdb5-4814-8469-01db1cf24930,705470,8 years,Rent
9881d6bc-f577-40b0-8f8e-671a6d9369a0,5260416,6 years,Rent
98569a71-90e7-4acf-b2b0-8898511a8994,655994,2 years,Rent
d4cd9a66-50e9-44b4-b244-76b460c38c4a,1025563,3 years,Rent
a803bb48-9dfd-4ff5-bf5b-03dc565396c4,500574,n/a,Rent
a639f335-525c-4f9e-ab79-9fb4a907d81c,1219325,2 years,Home Mortgage
65786b97-0ae4-45af-9878-9d5bbb055c80,1324167,< 1 year,Home Mortgage
9be79d57-ce04-4f73-b060-74a2d4559e60,,7 years,Home Mortgage
5cb6de27-159f-4fea-8bff-79e5e2e71056,1555416,6 years,Home Mortgage
c1bac1d9-36a8-4677-929b-c8c3524d511d,1787881,4 years,Rent
f8fba494-9372-48f3-ba19-f27df0557cbe,848084,2 years,Home Mortgage
c3685da5-41f7-48f2-9e9c-1e74458fc8f1,,2 years,Home Mortgage
f5235250-54c5-4490-a408-dd0cae46f7c7,1446318,3 years,Rent
85a3df7b-9ec9-4bb4-96b2-557e49b3544b,1837642,4 years,Home Mortgage
6aa9631f-56b5-4270-8a51-4457588e218b,624986,10+ years,Rent
8d4c56a0-f18e-4905-8cc4-4b95ddb52154,2069727,10+ years,Home Mortgage
cc4c9cf7-6e08-4d58-acce-8a993cd517f2,,10+ years,Home Mortgage
c3a4bc78-fd41-456d-b08b-ca4a05648e49,,2 years,Rent
9ed323d9-6087-4907-bca4-4155ba000d7d,1161280,5 years,Home Mortgage
8d3f3619-6616-4a88-b092-0963bcf2c457,,10+ years,Home Mortgage
86156f33-4e69-49a1-8df9-3335c891be64,1245260,3 years,Own Home
25eea023-23bc-4ef3-ba30-8be106751870,562514,n/a,Rent
7ca2af8c-725f-4a5d-9952-ab4ff0d331ca,1583194,3 years,Home Mortgage
86e699d0-dcc9-4c55-975e-54250e25955b,,10+ years,Home Mortgage
4b926a9e-629b-4ad9-a166-728a6e85e37a,1015170,6 years,Rent
a204903e-b25a-42e4-833a-03f1e9d0b9ef,818140,6 years,Home Mortgage
dd6dc2bf-7773-46ae-973c-4690aac3c5c6,645791,2 years,Rent
218f72cc-1c12-405c-a716-19351c77ecda,1499632,10+ years,Own Home
05d26e82-e8c9-46f6-be6d-10a9925acdb9,1048344,10+ years,Home Mortgage
1af6725e-5709-4443-9e08-a073f3d09a1a,1876820,< 1 year,Home Mortgage
bfb3fe03-9390-4a57-b990-22df61c7e10d,,1 year,Rent
1c59b663-7471-4838-acda-cfb51738c139,5307232,5 years,Rent
b6aa640c-12fe-4485-b19c-f0e039f56549,1517872,3 years,Home Mortgage
ee47df25-cf89-4053-a341-e2a795bf5b56,941450,1 year,Rent
241b750c-fb9a-44e2-b214-90da1bde4727,770868,10+ years,Home Mortgage
a905f73e-b548-428c-8bd7-4a656e170738,738169,< 1 year,Rent
d966db26-9278-4883-b77c-b15ca84ef375,,9 years,Rent
c84cba94-8afd-4025-97c0-ad49e8e853d4,806151,n/a,Own Home
56530847-e1cd-4e8d-844c-381e63fe3971,,10+ years,Home Mortgage
d1f76a6f-71f5-4e38-a4c6-916d26000b50,522633,2 years,Home Mortgage
2fc9b984-02b4-4d9e-b311-74f37d11ee70,1548576,7 years,Own Home
c1962a59-81fc-4d9c-bbe8-8bfec57cbd1d,,< 1 year,Rent
3ea75d15-1c78-4fed-8259-cce942f0e153,2718634,n/a,Home Mortgage
51dd960c-31f1-40ef-9eb3-f8df911e671a,990679,10+ years,Rent
4556df9c-24f5-4096-8386-e85b08022cfd,1885560,10+ years,Home Mortgage
46f56c96-2d2b-443f-8857-0817db220144,930715,10+ years,Rent
b039bdff-2ed4-416b-a5ea-672a8bca6ad4,1147752,10+ years,Home Mortgage
90840018-58dc-40e8-846b-76b78b5b72df,,1 year,Home Mortgage
5dcae5fa-4568-41dc-8667-3e4b4b8f14f0,1380711,10+ years,Rent
462e5a51-d53e-49eb-ae4a-e923ee878825,466526,2 years,Rent
5d8b5c35-a45d-4ce2-8958-8f60a45fac7c,1063601,4 years,Home Mortgage
01ea4762-3621-45c1-a3c6-cd2b0226cdc8,1476927,10+ years,Rent
99bb572e-01d3-4d2f-9a4f-97583eec0e98,1957589,10+ years,Home Mortgage
e1e4f725-6d3c-4b93-9b64-66398db4e303,4658762,2 years,Home Mortgage
e279d831-158d-4a8e-aace-32e2d19d1875,594510,8 years,Rent
b4143aa4-897b-4a13-9d13-acd84e7cd7fb,944205,< 1 year,Home Mortgage
346113e3-ad64-49c7-838b-9aa7106a03f4,,6 years,Home Mortgage
39d6784d-9e81-4b38-ba75-ada58bdd68e5,1267414,2 years,Home Mortgage
6aacb76b-ffef-4699-9736-09d7898ca6c0,814872,3 years,Home Mortgage
a4f854d9-b9a9-49ce-b999-6f59282fa4ef,,n/a,Own Home
b5e8fdb2-f4f6-490d-954b-1cc8750f0630,825208,7 years,Home Mortgage
41bd6ab0-3318-426f-9266-b6db835c7d14,449711,5 years,Rent
f338cc09-9b01-4510-9788-7f67418049c5,1230307,3 years,Rent
34e31c5e-4563-4036-b469-e92cf70f4d9c,1224626,10+ years,Own Home
33733a64-aa2c-4557-9336-3dad683af3e8,3288463,< 1 year,Rent
aaf6c737-ccca-4ac5-a0df-fa5bdcf23a07,823992,8 years,Rent
14d77c95-f4ef-426e-8542-587f58f0f3c9,1073253,10+ years,Own Home
651d8b65-2c41-4e69-a901-d49f50f88ed4,3225535,5 years,Home Mortgage
8fbb9bd5-872e-40a9-8616-cfb00084289f,1073443,10+ years,Rent
ce7c5e3f-6843-4bf1-aeda-a86e20e92d50,575092,3 years,Rent
7ecf2fab-f27d-499d-80c4-b13bfefadc52,1588989,10+ years,Home Mortgage
dc6af210-0fe0-40f8-92b0-96c5d19fc9df,2531997,n/a,Home Mortgage
12fa1e02-c625-4cab-aa30-e9236ddbc431,1094514,4 years,Rent
291e9fe5-c6bd-4e02-9fe1-7d01e164f1ea,1620586,10+ years,Home Mortgage
aea2f41f-5e2c-4d9d-8969-6b6b8f31d638,,2 years,Home Mortgage
ce8f0e03-60a5-4575-987d-3bf464d6f8db,1372161,4 years,Rent
7c239f7b-9178-472e-87fa-785bdef130aa,835221,10+ years,Home Mortgage
eaaa09bf-9ee4-4129-a268-3b174a487ecc,819128,9 years,Rent
fcb56894-e6b7-48a2-a792-c29700e955d4,1034341,n/a,Home Mortgage
babada9c-9d04-4022-a205-91735d452239,1324813,8 years,Rent
3767dd70-0537-4377-9912-82276a1fdc90,2494206,10+ years,Home Mortgage
82f0b099-06e7-43f3-9350-27264add6ef1,902234,10+ years,Rent
706f29b3-7205-4e3c-a45a-e9ea796726bb,949525,6 years,Rent
7f36fdcc-c83a-4271-a9f8-0fd4156a3466,1241422,4 years,Rent
1b1448e5-a4e8-4bca-97bd-00c4a7a0acbb,,7 years,Home Mortgage
7f5e5baa-34a3-4740-b22c-c2004412058b,941393,4 years,Rent
8a48f3cd-c813-4eae-84a0-a6e2cc4bd0d2,1682298,1 year,Rent
def22fb7-00ad-4d33-84e5-6da8df127600,1718037,1 year,Rent
a69ed3f8-db2d-4d07-bbfb-dbb208788310,,2 years,Rent
20614164-b45c-4867-8b81-31e8d5ddc77e,1583460,10+ years,Home Mortgage
49af6020-24b8-4cb5-a02c-ff106e1fc89d,1396291,7 years,Home Mortgage
4e131c66-6a4d-4ae1-8d9e-018ff104c173,1680930,9 years,Home Mortgage
69ed64f2-d700-4cbc-a3e1-8ad3d80d09da,536978,3 years,Rent
54d6bb24-4e69-44e2-ba19-a846cf648335,2271374,9 years,Home Mortgage
2bb22dab-860d-400c-92b3-826dfb7eed60,,< 1 year,Rent
e4a5b2be-0182-4945-b967-18b4ffc9e6d4,744876,6 years,Rent
e3b19207-afab-4591-8718-df976abb6b84,1911134,7 years,Rent
fdb01051-934e-432e-80c3-d20a0760fad8,,5 years,Rent
ca34952a-17f5-4d55-8783-049fd42a8f83,,n/a,Own Home
80a71e52-d496-429e-bc72-b960c0de5340,934230,10+ years,Home Mortgage
c6e7cc6a-6331-43b7-b7b7-08af0345b2d1,675640,4 years,Home Mortgage
f3990605-4a73-4161-bbcc-f1719a6364ed,821085,1 year,Home Mortgage
3a211be2-965b-4194-abad-f1f9fc3ac18a,1023340,10+ years,Home Mortgage
a6ef7e4f-64c9-4a65-8d49-7e16c5dc7b54,745180,10+ years,Home Mortgage
bf7686fe-906f-44a0-8c00-44ab342fd56c,1817977,10+ years,Home Mortgage
6c3f8d54-e607-4b8e-906a-217946623698,719454,n/a,Home Mortgage
08341eb6-2ea1-4f51-a620-8eb0a3fcccc1,1033695,2 years,Rent
f3c10671-9552-4650-92f3-0d5a4dad6c3d,2277036,10+ years,Home Mortgage
9350d81b-9fa0-4145-8493-2c54ce12b21f,622231,10+ years,Home Mortgage
f794a663-9953-4f4d-baf6-1b4ca6e5b130,,n/a,Rent
09d8876d-0374-44e5-8dfd-b4ef9bde63ee,1255254,10+ years,Home Mortgage
dd39b108-34e1-4a35-8244-0e3e025d6829,660421,1 year,Rent
66965688-3586-44fb-893c-d9c39e758421,2048352,5 years,Home Mortgage
5d228883-170f-4889-b3a5-a56ade41e5a3,524818,4 years,Home Mortgage
eb343640-02ab-4741-a002-4df220ab6bb5,,6 years,Home Mortgage
c4663cb7-dd7a-408b-8444-3067dc7e69ea,1069453,1 year,Rent
0aa1f46c-ef82-403e-8f6e-9786f104bd97,,6 years,Rent
6519ee54-2b64-4b4d-bd13-88f858b3678d,997500,2 years,Home Mortgage
60ed95ec-190c-44b6-a4ce-3273ef853906,938733,7 years,Own Home
325d8297-8c6b-4fb2-a2e6-42c5119d7a55,580887,7 years,Rent
5ec160d7-72b1-400f-a6c0-506ab206c454,1515896,10+ years,Home Mortgage
01d3ca9f-9177-4900-a1f4-0e922a55479e,2203734,2 years,Rent
46079bbf-fa7d-4126-83ea-5f3bee3cc53e,2353625,4 years,Home Mortgage
fed8be0d-e93f-4d75-a16e-d4b9d5c08165,1340108,8 years,Home Mortgage
f7d4e350-f81b-4bd9-a98f-a938cf4a2140,460750,3 years,Rent
fdc40198-6178-4a95-8c45-ade862b551eb,1461195,10+ years,Home Mortgage
ee40c934-b9d3-4754-b22c-ecc603f19f51,,5 years,Home Mortgage
71b378ec-5ace-4055-9a53-a84bfb1bc159,917833,< 1 year,Rent
125eb3d3-9c0b-4e0d-91ec-044311b36efe,,2 years,Rent
4e1a1d06-d274-47eb-ad7a-ee5caa818cbc,1519050,9 years,Rent
979365ed-6b0c-45f0-bcfa-7440ef17d155,1420725,10+ years,Home Mortgage
46bff0f0-16af-44f5-bb5d-e57b56d3689d,,< 1 year,Rent
843a5530-f73e-49c3-b73d-2219c264eb97,1136124,10+ years,Home Mortgage
5678c267-2caf-41cf-82b3-2f2647518824,,1 year,Rent
b87f9fe1-713e-4a89-ba89-4eefac5ef0f9,,n/a,Rent
8f874c6c-254f-4d59-b419-9e932993cc42,1064798,5 years,Rent
95d2284f-7a51-48e4-90bf-08bc874876e6,749892,4 years,Rent
4cd6bbf4-bfa8-4b04-af3b-f263126b9cd3,1562218,6 years,Home Mortgage
f63f1ff0-5906-4aa1-926c-0e18653beb99,,2 years,Home Mortgage
950500db-154f-4b0c-8657-07c970ff85f8,1944840,10+ years,Home Mortgage
6fc4bdba-b13e-4bca-a87a-06f7a08040b9,,4 years,Rent
9abdb8b9-9ccf-4a27-89d8-240628ebc3f2,1315104,10+ years,Home Mortgage
e56e7510-1aa7-45d0-964d-ef901693c4b8,,2 years,Own Home
22f520c0-cf6b-4d48-bef8-69ebdd895427,,10+ years,Own Home
b9b0ec67-c18d-4d06-90e0-44e82a06740a,1634456,10+ years,Rent
2265ed77-9a66-4658-bc49-303f949f7742,1119138,10+ years,Home Mortgage
913a5f98-d2e1-428e-bd5c-04c00070a0f8,,10+ years,Home Mortgage
21bfb7b7-6b4a-4576-bfc6-44e99cd2d3db,5804006,7 years,Home Mortgage
ca8ccac6-c4fd-4a0a-86fb-29c29e9b53eb,1609623,7 years,Home Mortgage
2139fd5f-0435-4152-9af0-8a4902fc47ef,1485553,5 years,Own Home
cb9917a6-e47a-47a2-bc3c-1365194b5a4f,2628612,3 years,Home Mortgage
8220a931-8968-4d21-a105-e405ca32765a,1280828,1 year,Rent
7a8e47fb-493b-4421-ab05-010d6ccf822c,1179862,10+ years,Rent
a98c2f49-1d93-473c-86d0-2fc0a3aec667,1451505,8 years,Home Mortgage
e3905550-0f2a-4c86-87ef-725879daf654,727928,10+ years,Rent
784346e8-1eea-4a76-9d72-444bd14735ad,924293,10+ years,Rent
82cb44f2-4f44-4aaf-9ce3-d04f21cc9b48,897769,2 years,Rent
f1874f38-e758-4d19-a95f-d0cc017fc4fa,1036165,10+ years,Home Mortgage
6f014f29-6d8e-47f2-861f-385336729fce,2363524,10+ years,Home Mortgage
5e8037af-fa15-4bed-8bbf-4416b62bc171,758974,5 years,Rent
ca95954f-af41-4661-8863-91bdd5779914,,10+ years,Home Mortgage
7b88235f-15a7-414d-9e00-b541413f32ab,646836,5 years,Rent
8fd1f975-f0ba-4dee-beac-50d27fd7b7b0,1644393,< 1 year,Home Mortgage
e8eb6b74-67a5-46ed-ad9b-81a5326b9fe1,1475654,10+ years,Own Home
b89fd84a-9882-47b9-a366-974a7aabb5ba,1636166,9 years,Home Mortgage
80058e4d-cf9f-4214-984b-1c38521435c5,2730053,10+ years,Home Mortgage
cea0bf00-62e4-4fa8-baa0-d373af33cebb,,10+ years,Home Mortgage
b86053cc-30ab-4822-9211-aebd06fad06c,678813,4 years,Home Mortgage
fbde060c-82e3-41b0-a482-bfeb8299cde5,1611504,10+ years,Rent
5c93ec36-4418-4601-805e-3244db295ff3,1124154,5 years,Own Home
a7d4524c-1f42-44ac-869e-8e06ff41d808,1681861,5 years,Rent
ff9b2660-5aff-4458-90ac-747e647b497b,971755,4 years,Home Mortgage
8f87c443-6384-448a-9fa2-a7dae84cb6e4,2022664,3 years,Rent
d0bf07f6-e4c7-4a6d-ba09-9cc9aefcb120,2506309,1 year,Home Mortgage
0ac2b2d0-50b6-4dbd-8abc-dd92956429b2,1626476,< 1 year,Home Mortgage
c471873d-e596-4f93-b636-99a98f736d1a,1222042,10+ years,Rent
b9c5b845-6366-4223-b371-555141e38c51,903412,4 years,Rent
20924faa-51b9-430c-a9d3-e1be104915b3,937840,9 years,Rent
d600667a-2902-4381-bab6-586f58ef3fd0,2623558,3 years,Rent
8726b856-3faa-47f0-8a68-9137491462d5,3801900,3 years,Home Mortgage
1174477c-cf15-4343-8532-9c798956e5d4,1789477,4 years,Rent
5cba1c75-6d18-4839-8515-1205f9edca3b,,4 years,Rent
27726308-1572-41db-8884-d2838e868379,,3 years,Rent
8ac23b3b-2d0b-460d-8f40-af30e9e1219b,1300379,7 years,Home Mortgage
a9c17ed0-0b32-42c8-9f6b-47fcc28d5bf0,1905567,10+ years,Home Mortgage
a598dab5-15b1-423d-b46a-998571464d10,921120,6 years,Home Mortgage
f6d0c8be-1bd8-4916-bfa0-cb757aa5fac1,1715415,< 1 year,Home Mortgage
9d2c9fab-1185-4f14-9f16-d0b843cbd57a,1100366,2 years,Home Mortgage
6e9a2712-7a3f-4a72-b49d-9f41a1a0855f,560880,8 years,Own Home
ef627569-fa8f-4b21-a99d-8ec152d66a06,,9 years,Home Mortgage
798ec3e4-0bad-4a96-848d-f01cccf07a66,1149462,5 years,Home Mortgage
11eb4237-2940-4db6-859c-2f39ecb723c6,1075438,9 years,Home Mortgage
a37f8daf-0439-4ace-a88c-7250d3c77010,2701496,2 years,Rent
623b340e-3ce2-4118-b81d-c222192bbc11,1143762,6 years,Home Mortgage
671740ce-0a33-4139-b5db-a163cfe19071,2042348,n/a,Rent
146e7b68-20d7-473d-9e2c-ddd3f2e9de51,854145,10+ years,Rent
7906f091-8795-4793-a7e1-d8ae38ff7499,404586,1 year,Rent
3c99367e-d670-4894-9519-39478e910b93,1158126,1 year,Rent
8b892744-1edf-4b7f-b900-f0bdd02f7955,574161,< 1 year,Rent
436df290-97fc-45a3-b67d-bfc02ef24602,,10+ years,Home Mortgage
2620f06f-fc20-424a-a854-f1ada29258e9,2024925,3 years,Rent
22ef0b26-cddf-4014-a77f-2a6775e3e8c7,1605158,< 1 year,Rent
eb4c3d91-55c4-4d64-bc2f-8c58b5a95392,2163758,2 years,Home Mortgage
555f41c8-16fe-4aba-997d-0763e97e9693,1125370,< 1 year,Home Mortgage
311a96fe-c6c7-447e-b2a2-b6c37ea3896c,678870,10+ years,Home Mortgage
2d6f434e-2368-4948-ab65-49a029578ce6,1499328,10+ years,Home Mortgage
8778d721-8329-4a02-8ae0-f13ff95a7b99,1069662,n/a,Own Home
5bbbd0a0-a865-437d-a799-ac3d5ee0230c,990280,n/a,Home Mortgage
5a0a0dca-62a2-401d-aaee-60d0dd412b9d,1395227,10+ years,Home Mortgage
39f9b235-0587-4a69-b937-18c4d0f9df2f,1654254,10+ years,Rent
1e922b73-3d4d-46f1-a6d8-343c798c6e0b,2678354,2 years,Home Mortgage
61b10847-383c-4827-8a07-b2bd46d4c416,1025677,< 1 year,Rent
711ba0f5-2768-404c-aaf9-6d72f385715f,1224170,2 years,Rent
42917679-07e4-4e80-8870-a06c90d8f44d,2706246,10+ years,Home Mortgage
8e3c56f7-0f92-46ad-ac9f-b890fc4cd51f,,3 years,Home Mortgage
87954050-a30c-4dd3-bbe8-52b29f99d6e2,957790,8 years,Home Mortgage
42a92d03-83ca-447b-af99-316d9f1d7f10,927960,10+ years,Home Mortgage
5b23dbe8-4638-4b49-af76-6fa29d75bbe6,,6 years,Home Mortgage
86486286-87bd-4590-a31a-da48d15591a1,1344079,3 years,Home Mortgage
ee386402-3530-410a-9464-6f9165f5a9b2,3166407,4 years,Own Home
62d6cd83-e8eb-4c2b-9ce7-e8b6cb97a31f,,1 year,Home Mortgage
97da4c84-6398-4152-b7b0-b34f4c275798,2790454,10+ years,Rent
a6c3952c-43dd-41e5-aa6f-91c07b73d256,1046425,6 years,Home Mortgage
f977d0ad-a5b3-47aa-8a24-af3997e2b40f,939835,10+ years,Home Mortgage
1e383a4c-11ab-4aa9-8728-7fba8040e27a,1106731,2 years,Rent
9fc66f89-a1d1-46d5-8a4d-1607f90536e6,2667619,10+ years,Home Mortgage
3405482a-e753-41ae-94ad-a40426dda60e,989045,7 years,Home Mortgage
d00dd7c1-db88-4214-9c42-9a266650cc7c,1219382,4 years,Home Mortgage
84fbc724-c508-4ba6-90a5-0da581ce6516,780273,2 years,Own Home
1fc196b4-9aa1-4d6c-a909-25ffdf52a4b8,,8 years,Rent
70080567-0670-49a6-a7bc-63243b30388a,,8 years,Rent
18d3e773-e2bf-4bae-a5cc-075da09ef5f7,1664381,n/a,Home Mortgage
227f8407-2c0e-490a-b4f4-5e53d57ea96e,744838,6 years,Rent
78c6fa71-a9da-478c-8ef6-fa6e90a39066,1344098,< 1 year,Rent
3a710f11-946a-456b-9ff7-5d886133d284,1525434,n/a,Home Mortgage
113eb792-3117-4bb3-913b-6f4f45e06a9d,1362718,2 years,Rent
ab23840b-b0d9-48e1-b3d1-8dde813ac0c0,793041,1 year,Rent
89b4d36b-5d89-40da-ba6d-232231f3c375,857223,4 years,Home Mortgage
fc92f467-cc8a-45e0-adec-d7530875e41f,948005,4 years,Home Mortgage
2dd51a8e-d465-4f9f-af5d-bab6e4052c51,876565,< 1 year,Home Mortgage
f1472e07-a565-4dde-9f09-794cdb745db4,1158753,10+ years,Home Mortgage
86bc55ea-b214-4ffa-adb9-67e1fbc04272,720119,1 year,Rent
45f9cba5-0abb-4d6e-8420-5e79cf1cf832,1820713,7 years,Home Mortgage
1621fef0-a738-43a1-9f23-07704ea47e1e,1227229,2 years,Home Mortgage
ac0d5939-7efb-4a9c-96af-8b75b11fd552,1630751,4 years,Rent
1a195ecb-4f21-4ad1-897f-3f8814d25a62,1458345,10+ years,Home Mortgage
b8ebddeb-1cf8-4010-bdd8-fc86339c14fa,1455685,6 years,Home Mortgage
8032b6b3-e2d5-4f9a-ae1d-0698ae8c64b5,672923,< 1 year,Rent
7d0c95ad-432c-4d1f-bf39-664b89466a65,641592,< 1 year,Rent
4da77642-5673-4b20-9b36-330138b17799,1600655,10+ years,Home Mortgage
0fcd3549-49f2-4b55-baf2-f698b7e022c5,1776842,3 years,Home Mortgage
902ad113-a1f4-4770-ade8-c8cb3310eb3b,1827610,8 years,Home Mortgage
1c145b63-c69e-4a7d-b14a-8f1cad629759,,8 years,Home Mortgage
91544538-e34e-4533-bf9e-c683ef6dd4df,760684,7 years,Own Home
09909e78-00e4-49ae-ada5-4a6db02d2967,355186,n/a,Rent
f1f30df5-eda1-4ed6-9200-9646bb125405,551779,6 years,Home Mortgage
0d8111b9-eb63-42d9-ac20-ed4e72acecf2,977987,1 year,Home Mortgage
1a1b1ddd-b00b-44d2-be8e-fbab5fea7815,1148550,6 years,Own Home
38200c94-7ae1-4f43-bf06-1b2b376255b6,614023,6 years,Rent
025f26e0-0d78-49a5-90ad-9f0032c629d6,1548500,10+ years,Home Mortgage
fa267572-9c6a-47c6-8aa0-727a6bfe7a4e,3362886,9 years,Home Mortgage
1842c8da-1c27-4ade-8918-e6ec776f324a,,7 years,Own Home
46c4dda0-34f6-4433-9763-98f70b45b645,1504496,5 years,Rent
5a6d6a07-0a29-4e88-add3-24b8723613a3,1516846,10+ years,Rent
2d86370e-0a90-48d7-b419-0eea1f3f21bd,1502368,2 years,Rent
eb252896-1107-4b62-9346-be4bab9f82e3,1854970,4 years,Rent
2e3cb46c-bbcf-476e-bc73-b0141fbde2a0,1456635,7 years,Rent
287ff19b-b2c6-495f-b184-855c13582c52,1727613,< 1 year,Home Mortgage
c8faae11-339d-4797-b7b2-2baf5ba1f389,1307124,8 years,Home Mortgage
9ae8a740-2691-4b21-9562-ad70dbf6f39b,826405,3 years,Own Home
e3615118-6676-449c-9219-38fba805f4a9,795758,8 years,Rent
f4aaec4c-f53c-43b1-8ed7-ee146e6cac20,282929,8 years,Rent
a119411c-d128-4c94-88a4-c6090cc53756,1846515,9 years,Home Mortgage
cfb337d6-d75a-4b1c-b23c-d02c2ebcdc98,1175055,10+ years,Home Mortgage
ef68ffcf-39ff-4ff8-9eab-005afbdb6e42,4177321,9 years,Home Mortgage
0df888d3-f37f-4f68-80e5-2f9cdde5de10,929879,6 years,Home Mortgage
70e10035-6a6a-47b8-94c0-d6055510a445,976334,4 years,Home Mortgage
ff90cd8b-fe3a-49ce-b959-a13ae9135d30,583338,10+ years,Rent
d15011c2-70c9-4fd0-9623-18d54b57b8d2,1640194,< 1 year,Rent
f5d6335b-8047-4df8-b0f1-9b7eed9b13a0,944680,10+ years,Rent
970376e4-d700-43a7-8c05-5db1309fd2a9,642637,n/a,Own Home
685a2535-66e6-4ac6-b0cb-80fe830eb577,,2 years,Own Home
7b993f39-19f0-4aba-a9f2-7815ebd10bcd,1793258,10+ years,Home Mortgage
e467caa5-9640-4fdc-9a87-c5d75482c705,4046202,< 1 year,Home Mortgage
28d9b420-a481-49bb-9ed3-667b66b65a6c,,n/a,Own Home
750ab870-c697-4cb1-b217-9cec9435e86b,1006601,10+ years,Rent
6e54de56-702f-4760-b9b5-5e9799c60b35,935940,10+ years,Rent
4562e082-24c9-45a0-bee9-2cd896e3fe25,1794892,4 years,Home Mortgage
78d3d905-a279-4e87-b8fd-1b39cc6ed3d6,1361920,10+ years,Own Home
55b2fa26-e10a-4c35-804b-4e525ca2a126,978006,8 years,Rent
c1b8fca2-b678-4d9f-9b93-dcb9f412868b,,< 1 year,Rent
684d2160-339e-4185-ad12-353b8d18465f,,10+ years,Home Mortgage
cc4bd6b1-d485-4bad-ad6b-f856fa20f2d1,1042929,2 years,Own Home
6c83a341-bcdf-48ea-bb32-d9071dd65f2b,1883470,10+ years,Home Mortgage
058457a8-aec5-45f4-b976-08a7cc217add,1341039,< 1 year,Rent
18eb5b49-ed13-48cc-95e9-72ee53447b00,1226241,< 1 year,Home Mortgage
4e945acd-9ad1-4476-be86-b4f7ca211f67,2272723,10+ years,Home Mortgage
9f6a552f-697c-4e6e-997a-042c2846d45f,648147,5 years,Rent
d31e2b73-8ce1-423b-85a0-c452453ce693,1435887,10+ years,Home Mortgage
9488c62d-5e6e-4dc6-96f9-18e9012116d8,,2 years,Rent
8cb3f25f-ef33-4d7f-8dd9-133e3af8175f,2139324,10+ years,Home Mortgage
39b8af7e-841f-4714-93fb-dda1c415992e,1762231,5 years,Home Mortgage
d203eaa7-e7c2-458c-a800-4998465f2a7f,1707264,9 years,Home Mortgage
6a1c5f7c-f82a-4baa-9892-f58988d07840,1937810,10+ years,Home Mortgage
947c94bd-52dd-4972-8691-6f085d0b0655,1034968,5 years,Rent
9f004a45-6958-4012-a0e1-4fc78644a216,,8 years,Rent
bd7aef4c-30e0-40b4-9e41-4cb7613ec82b,1903800,10+ years,Home Mortgage
b1dce26d-068a-4333-8842-8a4aecef19f3,553565,n/a,Own Home
3d4db50f-8015-43af-9de2-1c15ecff90fa,577809,< 1 year,Rent
965d06f6-8ca3-4c62-af3e-eddfb5418bfe,853803,< 1 year,Home Mortgage
043acc83-2b96-4939-9bfb-c539d12d0888,1364314,10+ years,Home Mortgage
b5b04611-bf4d-44ee-9643-f36bf1646ce4,824372,< 1 year,Home Mortgage
a69c3f0b-1489-4322-b9ba-c08b33de4699,1843000,1 year,Home Mortgage
06126626-ba8d-47f7-9522-3f5fb55a282c,1076293,10+ years,Rent
91ca5494-aef6-45f8-b9ae-b565525ba531,949031,7 years,Home Mortgage
6588fe69-89a2-4bf6-a1fa-fcec43c19463,813010,< 1 year,Own Home
ad966f52-7e24-4e59-b6d2-07b61089f87f,,2 years,Rent
9713ad3c-1118-497e-9577-cb907e77a863,2352922,8 years,Home Mortgage
f9d4c1b0-255b-4807-9ccd-5c99fcc8620e,,n/a,Rent
c84c2ada-1a91-4f3d-8b9e-08a08ea7bce6,,4 years,Home Mortgage
ac73d384-dec7-4e35-8b5c-57b49d386f8c,657818,10+ years,Rent
27d77316-3c6e-4017-a27b-73d61b0b4253,1372769,6 years,Home Mortgage
72dc2a5e-8528-4847-87ca-7df09004b4c6,1309917,5 years,Home Mortgage
011ffa4e-966f-4f73-8252-3be1af223f51,1808857,4 years,Home Mortgage
6ce385b7-3bb2-4364-80ae-d67abb87f0e0,625062,10+ years,Own Home
8d6e3256-3c16-44cc-80d2-a312c8a5ae59,2092869,1 year,Home Mortgage
67e0845d-1cb7-4c50-bc96-7771d31c3316,2141965,10+ years,Home Mortgage
01d9b746-0c5e-4ed6-b854-973746b7b638,3961272,10+ years,Home Mortgage
0661803d-b982-48cd-804c-ceca1ff018e8,966150,3 years,Rent
dbbce65c-9b66-4fce-bb75-0bb360b57686,1021592,10+ years,Rent
0ff3dfe3-b83a-4e81-ad58-4156d2e41a23,1002193,10+ years,Home Mortgage
760ada4b-e59d-48e9-854b-f6507eff1cbb,1302716,3 years,Home Mortgage
f6e80126-7da7-4527-b232-899aa0512980,1163142,3 years,Rent
1729d15c-e18a-42cb-8548-b59100f80cff,2150040,8 years,Home Mortgage
62e99e98-220f-4168-9c4b-49c2855780e5,,9 years,Home Mortgage
f4f5eeed-adf7-4b87-88f5-546585127f7f,843106,10+ years,Home Mortgage
59027349-bdbd-41cb-8e6c-29ebd017b137,1784784,10+ years,Home Mortgage
aca8268a-a69d-4df3-a068-8ea2284d593d,1183396,6 years,Own Home
a328d7de-e208-4546-b759-d7fdfc9a6ebb,,5 years,Home Mortgage
a9b48101-bb34-4c29-bc73-68fcd5934c29,2665358,n/a,Home Mortgage
75a9c875-cb07-45ef-bf66-fdba7bd958c7,1898860,10+ years,Rent
9f6bed30-64ae-4510-95e4-a7d40e9c10b4,1243531,2 years,Home Mortgage
ebf41e5e-8d06-42bb-b1eb-38f23769692e,1171882,2 years,Home Mortgage
ca02ed33-497c-4be8-9fdb-b49094ad40c1,719169,3 years,Rent
5841cbcb-b07e-47f0-a48d-ad722589a89f,575928,10+ years,Home Mortgage
77aac5b5-57c2-43fc-b1a3-bf3bf606be81,,10+ years,Home Mortgage
4ef26904-4c33-4548-ab80-e559ac37b27a,,10+ years,Home Mortgage
2d08f48f-be42-4dbc-8f50-ffe0c8966cb2,,6 years,Home Mortgage
1760eca0-c0f3-4372-91a3-38d7838e793f,,n/a,Rent
33d819dc-974d-47f7-a690-2c15d1cdd930,1888790,10+ years,Home Mortgage
16833f2d-be79-408b-b82d-2a8f07e6908d,,2 years,Rent
93972784-52b7-41be-b49c-a82c7b401308,1214879,7 years,Home Mortgage
11cbd0f4-c5a5-4550-99ce-5e491ed65aa6,940405,3 years,Rent
cb9a9c8d-7d84-4d57-b82f-35ea8ec3a287,,1 year,Home Mortgage
de4fbf91-f28b-49a7-9190-b0d101dc6a7b,681492,8 years,Home Mortgage
824777d3-136f-4170-b56b-d3e91d683157,1276439,10+ years,Home Mortgage
255bc2fe-0f5d-42c0-81cb-49340e4ebf9c,538536,< 1 year,Rent
927c0998-2d6c-4681-bed0-d12593830375,,3 years,Home Mortgage
9788e53a-fc3b-48c7-9290-04f89ac333f0,1129968,6 years,Rent
f6417940-3676-46e1-b547-19dd83d3014c,,7 years,HaveMortgage
3c19a47c-a476-47e7-8b4b-f76ed1055a3f,1444380,10+ years,Home Mortgage
8b0a930f-afd6-451d-a874-d57dda178c09,995011,4 years,Rent
9739a8cd-03a8-4e5a-9fa3-6cfecc9c18bc,992446,2 years,Own Home
839e506c-3140-4a2a-8913-bce2c5df5cf3,,< 1 year,HaveMortgage
d081cac0-f6cf-4ee6-96e7-8f537fb2b4d1,6175551,10+ years,Rent
b96b6c6b-1387-4629-8f71-0fd515a2f1ce,,10+ years,Home Mortgage
c25ab1bd-f148-4488-b921-982760e22ec7,,3 years,Rent
74ec8e9a-cea0-4007-aab0-47d608b2b349,2267004,10+ years,Own Home
80ea35ec-b339-4f34-ba99-4bbb975d5b39,,< 1 year,Rent
2aecb855-4ee6-4d02-8e9b-c04acbb355e1,,10+ years,Home Mortgage
239be986-07ef-4c53-95d2-93a97f69c887,7043775,6 years,Home Mortgage
f6676357-3221-4f96-97f7-13309e738dcb,673721,10+ years,Home Mortgage
c17584fd-3db1-49ad-bbcf-0ec680d14847,1081613,10+ years,Home Mortgage
5cec9b54-50df-4d99-83a4-5647fe1ff59a,2084984,10+ years,Own Home
68edb09b-9826-4aa5-b83c-53583f934270,1747107,6 years,Home Mortgage
5f8ceb31-1b5a-4654-9e65-0a729fe95388,,9 years,Home Mortgage
0baa6b44-d50e-4842-959b-8b63961a8f08,1104432,6 years,Home Mortgage
925a1111-3f07-4c96-8f4c-9425c5adedb0,1512020,9 years,Home Mortgage
ddb3640f-7d41-48d2-8ecd-84eb56e3c35a,,1 year,Home Mortgage
ef00e2f1-0cd2-477a-a72d-e170074c7832,1132362,3 years,Home Mortgage
4bb2a7ec-8a10-4b22-9b1d-f9362b17d568,1376759,10+ years,Home Mortgage
830d93f4-ba53-47fc-97ed-726ccdc97c68,3556572,4 years,Rent
acb09a76-abe4-4318-9a78-1e5b51d2896c,596999,2 years,Rent
2dd5b411-c71f-44ba-b24c-9d998298f8ad,,4 years,Rent
917dae2a-70bb-4bb5-9f52-c4205eb8c53e,1121589,10+ years,Rent
94856411-21e0-4648-b203-1c16f36968c5,1259263,2 years,Rent
3bc867cc-8d3c-439f-91d1-02a3b8ab2ad0,,4 years,Rent
aad62086-9ad2-4aa3-a183-49b1154d1326,,8 years,Own Home
15b15c17-c3fe-44e4-9d58-2e245af3c154,1791529,6 years,Rent
07b7be55-bf9a-4256-8bca-69ba02b3f03e,610546,10+ years,Rent
7a51dbaa-cb88-48ab-a141-c05e1ba1eddf,958341,10+ years,Rent
fdf0ac98-e317-4f08-96c3-8d7020e7bba0,1153148,4 years,Rent
aee9d645-d451-49e2-81ac-4a84c3384b74,975346,7 years,Rent
6eec395c-064c-4924-b519-e5f471e665e4,1985766,2 years,Rent
ea9bd02c-6df2-4de2-9822-535bc3c5abba,424137,n/a,Rent
27b9a0f0-deb0-4491-803c-43acf6ebbd2a,2808675,10+ years,Home Mortgage
7be7fa08-c93d-4079-b403-5fd5f15d3a51,951140,8 years,Rent
4a0b30da-337e-49db-bed4-f46b79bf8029,2422576,6 years,Home Mortgage
349513a2-6029-4cf9-9de7-95c7f6a51b16,1210053,5 years,Home Mortgage
a12e9a4a-ae63-4373-b36e-41453a231b1d,864500,10+ years,Rent
7e1ca943-dc0b-4f77-9721-1e74a9028622,456551,10+ years,Rent
bf21db62-a4e1-465c-8832-ab88dbd8c0ff,1064133,5 years,Rent
fce963db-9afd-40bb-9475-f052c6a2c9af,3511846,< 1 year,Home Mortgage
63f54eb8-8926-4231-8e15-845824dd8ffd,,1 year,Home Mortgage
77d16f71-5100-4de2-9575-45c5bb85fe16,3163842,4 years,Home Mortgage
031c218b-2e44-45ca-9c95-b714d0520796,,3 years,Rent
8339945d-657e-4fa1-aa3b-5f262b122dbe,677578,2 years,Own Home
36e94640-ef9b-48cf-8e4b-47858f73c64a,431243,10+ years,Home Mortgage
bc0b424e-d902-43a7-a157-9cf0230ae39b,1438623,3 years,Home Mortgage
ba68c301-7245-41a8-8bff-24d86bee8629,1439250,10+ years,Home Mortgage
dcfd67c4-bae4-4f40-bcb6-c91bb880f9fa,540930,2 years,Home Mortgage
9a7ecd82-1a2d-4f55-989d-b09c584c7b9f,677559,3 years,Rent
a31267a7-9b20-4d17-874c-05fd3a99eb5f,1465546,10+ years,Home Mortgage
b39c896d-665e-4d73-ba11-19abdd23f4e8,659946,< 1 year,Own Home
5165c688-1669-43e9-88b5-db212c72655c,1688720,3 years,Home Mortgage
770e4131-800b-4502-9336-f29b1ed745de,,2 years,Rent
552dcd37-33a5-471a-b3d5-2ce6e685cba1,780767,3 years,Rent
af9dffc9-4bba-491f-97ca-f44125a3b86f,,10+ years,Home Mortgage
c7339301-71fd-4544-93ea-f5a5e75fc75a,1057293,10+ years,Home Mortgage
6c894ef2-5527-4521-803c-8dca1ea6edf2,939759,9 years,Rent
49d6aa8f-2464-4d17-bb61-a9bdb6711d7b,,1 year,Rent
618cc568-65f0-4ce7-8b5c-e083c4a84e1b,468445,2 years,Rent
08db5fba-b70b-44d1-bb40-7099e675d0f1,838242,10+ years,Rent
b1c78b01-9916-4e56-9b9b-eafda22e81b1,700340,< 1 year,Rent
9c328118-1e8a-4fa2-a56b-f19aae40d4b1,781318,7 years,Rent
4b61d79f-c779-46e2-b0a7-8e7f058fcc88,,10+ years,Home Mortgage
e45653d4-660b-4ea8-bd76-03381cc1f555,787626,n/a,Rent
f4b25374-d0f7-4c6f-86cb-74bc4cc1ff92,755288,< 1 year,Home Mortgage
e31f5aba-b99c-49b9-8ec2-b9aac71f04d1,811965,1 year,Rent
ea949d3b-4572-4edb-b8d3-6e8675ff38fa,1127574,2 years,Rent
b40bbd91-cd43-474e-9af6-7b99682e5708,649040,5 years,Own Home
c59ee5ee-def0-4306-a9c1-d307f9f8652b,763040,3 years,Rent
c26bdc09-8f5c-40d3-bee3-64d49209ce0e,1650074,10+ years,Home Mortgage
7e068df8-61ed-4418-9e6f-9d7610f3238f,,n/a,Home Mortgage
755515d5-827b-45b9-9874-57cc866d59ef,,10+ years,Rent
8a1ec64a-475d-484c-a2a0-a5d5dc541f9a,1392092,2 years,Home Mortgage
fe985923-d1d6-4a90-ab62-cfcd9c3f655e,752020,3 years,Rent
bbda5b6d-4402-4f14-9df5-1e32223f798d,979013,4 years,Rent
e02cce1c-0d2b-43e9-8f4f-25e3fcc3a300,1482152,5 years,Home Mortgage
2f21e7d9-9851-4997-a607-f05fb349916e,1268022,n/a,Home Mortgage
0820b109-fc8c-435e-8d1c-ffe5be1b29b8,,10+ years,Home Mortgage
c0aeacfc-8576-4b8e-af0e-422d0d49a7ed,1192934,2 years,Home Mortgage
ff05664c-80ef-4731-b34b-d6267d927947,1238211,7 years,Rent
f1b81764-f0d8-4413-a6b5-e1d605d96267,906072,2 years,Rent
64d66ff3-4f11-45f9-9404-88c322a54915,545300,< 1 year,Own Home
3752a9fb-dd19-4615-9cd3-5d830aac2ce5,1302602,10+ years,Rent
71eac42f-6b87-417c-9be4-0122f9704eb7,1523192,< 1 year,Home Mortgage
ee78cf23-a1d3-4601-bf04-1ac796844045,1587241,10+ years,Rent
36f1bd27-acbf-4bfa-9464-9dd5ea99086f,,7 years,Rent
9e9ca84f-480f-4dee-879e-7cb1c54c218c,768968,3 years,Home Mortgage
c59b499d-5827-4f8d-9418-643bc3d9cec0,1392548,10+ years,Home Mortgage
cc0a1edd-597d-44a9-a6f3-5e717c4d9f4b,2290982,10+ years,Home Mortgage
c28f7fad-7cfa-4202-870d-fe84252ce9e5,749512,5 years,Rent
2c8cc08f-41b3-4569-a8b2-aefb6915576f,612446,3 years,Rent
348647e0-d888-4c69-9542-958e7ba71211,2000396,10+ years,Own Home
af447f8b-55f5-4e18-8985-aad93d8f2662,1021706,5 years,Home Mortgage
6e8424b4-ede1-4e16-8b40-d298b27e4fdb,953591,10+ years,Rent
bde4f2b8-76c4-4b4d-b7eb-46e39d8a93d9,,10+ years,Rent
44a672e4-8c67-4773-8235-0f3fa47aaae3,2299836,10+ years,Rent
67b2ef2a-a73f-4406-bc0e-9b2bd6aabfe9,,10+ years,Own Home
d9d7e2c2-c8f3-45b2-ad65-d32654e135f9,957030,4 years,Rent
7d592a84-c9c5-41ef-9e95-56182f1d657d,1750280,10+ years,Home Mortgage
940a7965-0663-40ae-89f2-6eae5b610d0b,,2 years,Rent
77cc1fec-b135-4a19-a983-73f7afef642a,1636166,5 years,Home Mortgage
6b18370b-963c-4826-b4f3-31b4afe22851,515147,3 years,Rent
dbdd1f55-5548-4bfd-9692-167dbae7b09a,2140844,10+ years,Home Mortgage
a86895fa-17a7-4b73-acb6-b98c53464697,,10+ years,Home Mortgage
7c57525e-28e3-4bf3-8028-9f871190e7a6,7443440,6 years,Home Mortgage
b38ae79c-751e-4239-874f-3bc60b10d6bb,1866750,6 years,Rent
769bc1a0-7a89-46a5-a978-5cc706c001e9,386574,< 1 year,Rent
c549cd39-57eb-4c69-ac98-9455a6156458,,10+ years,Home Mortgage
714e5d1a-a389-4f60-840b-81e4532575ad,9346100,10+ years,Home Mortgage
6ccf170c-c12d-4eee-a5c5-5e6dd699247b,,1 year,Rent
25b450a9-9f1a-4ecb-96bf-5de05da3b9c6,781717,2 years,Home Mortgage
d7170594-66c2-45e5-814f-a80c9a6f7975,,8 years,Rent
75a690b8-be4c-4474-af9f-24126f89fd19,,10+ years,Rent
6ac66231-f084-4033-a814-6b8b853a3d67,894444,3 years,Home Mortgage
51185b45-1179-4b0e-890d-baf068f69e8a,988399,5 years,Home Mortgage
f04c7877-bd0d-4896-b912-0b751e83885a,1205607,2 years,Home Mortgage
aaabd0fb-758b-456c-a4ff-16e7379a72ef,569772,5 years,Rent
61d73336-0f66-473f-8b2c-711bc9ebc4f7,,n/a,Home Mortgage
50059032-f4e5-4a5b-aca4-939306cf3cb2,1341438,< 1 year,Rent
5cee05d4-7668-4f45-ba13-611691625abe,967195,< 1 year,Rent
e49726e2-f3c2-403c-877b-cd5d7d15fc30,,10+ years,Rent
cf2b5336-192d-416d-a441-4068c0cce50b,454746,10+ years,Own Home
b4292bb5-c0e8-4520-8908-7a70c90bf0ce,766536,2 years,Rent
0f2fab9a-adda-47f4-a3ed-a6e36f64a928,1672722,10+ years,Home Mortgage
c86c59f1-7463-4937-9086-4d723398a6ba,,< 1 year,Home Mortgage
faeacbdc-b638-40ba-b836-f318c5d00a3e,1501760,8 years,Own Home
79711a81-26fc-44b2-a816-dd54c5914b1f,,2 years,Rent
637b8993-e8ef-41da-9864-b05812e8de2b,,8 years,Rent
9ec3dd70-2268-4816-b3ad-a9bc4c632269,1175568,10+ years,Rent
2a8fe462-beeb-480e-9cb2-f9438147e8c0,1749501,10+ years,Home Mortgage
5a643161-16a0-4ce6-b7c1-cf187c776d0a,,4 years,Rent
1b742c9f-877f-4572-8ef3-33bbeea383f4,1233765,8 years,Home Mortgage
9393e071-b71c-48c4-97b5-803db738024b,931988,6 years,Rent
01c7357c-e08d-4294-abaa-698fc5bdd0b1,1223277,10+ years,Home Mortgage
4b259507-ce5c-4bd6-8090-4241b8ec6634,870314,10+ years,Home Mortgage
ed961639-77b9-4bfa-a1c7-69dfd5a62ad2,1103425,6 years,Home Mortgage
3781979d-3e4b-478b-9253-f63b5cc2f337,512430,2 years,Rent
9c7190cd-a5ea-47c2-a92c-68b56dc76fee,910537,6 years,Rent
0443f119-05f4-4915-b84e-1b345cbddaa1,,10+ years,Home Mortgage
d1a5148f-66eb-4800-9c41-1f5112d5dd10,573021,5 years,Rent
958bd099-7f1a-4423-8f84-4da79b4a388f,1032783,10+ years,Home Mortgage
49ac01a6-c50c-4cf5-816e-a6eb8fcd5150,956935,10+ years,Own Home
bf7c4f0b-ce81-4026-b964-c6c8e3562f8b,2175006,10+ years,Home Mortgage
7689237c-a625-4fcd-a0f0-ac0934f95734,1487472,5 years,Rent
4ed6e83d-3cf4-45a5-8294-c644dde21cce,1603638,9 years,Home Mortgage
37e004bc-8ea8-4596-a511-0206911b991d,989482,1 year,Rent
56e718a0-92d5-4f8b-8539-89ad35ce7169,,1 year,Rent
ba4f392b-0b36-49f4-9ce1-dd82070363a4,,3 years,Rent
8b3da563-2539-48c0-a95b-eecaef8509fc,,5 years,Home Mortgage
36e27b2a-beaa-4edf-aa0b-3c62ca262a0f,1222707,5 years,Own Home
8bc37ff4-f65b-471d-9ef5-af83cfb2d93a,950380,10+ years,Own Home
0f00f795-9d51-4434-9ff8-7f25d8f6cb32,1533984,1 year,Rent
efbdd096-0393-4270-9694-4da654a7e252,,n/a,Own Home
1784dcd3-8887-4e9e-a6b0-40f54d70e13a,1312577,5 years,Home Mortgage
0ba95a3e-34d5-4cba-9ece-507cfb855f40,1205740,6 years,Home Mortgage
07e793c1-9cbd-43c1-8d51-7813fe15bf4c,1362661,4 years,Home Mortgage
d75a6d9d-d63c-4362-bd2e-8b72e25800c2,1940850,9 years,Rent
a346a4bf-588a-4c2c-9deb-77bb5b0b3779,1308853,1 year,Home Mortgage
58aa41e6-924e-4f43-bbf6-20e3814f3003,771248,7 years,Own Home
b9eef34f-4f8a-4566-950a-a37e0665005b,,8 years,Rent
82fa401f-5f33-415d-b13d-1fcaf1316cd6,673531,10+ years,Rent
54fbcdd5-e09b-4c1e-b492-c6642983fab7,,10+ years,Home Mortgage
c3c0a1c9-5513-4951-933b-eef22f5198a7,1808306,2 years,Rent
525104e9-7441-4f40-a13f-a53f8c7b3dfd,1834602,< 1 year,Home Mortgage
ac8c747a-3906-46d0-bc07-1be3541d3ebb,893665,1 year,Rent
5ad03651-2c49-4d8f-b844-6fab6708dc48,662226,< 1 year,Rent
9de8215e-bb09-4ffe-9ad0-3f2f8c8d354b,1043423,2 years,Rent
2bc11702-0b59-4e20-9cd0-33b0bbd0c736,1931540,1 year,Home Mortgage
d82e6f32-83f1-4a2a-8793-0b57e1fe0090,1764530,10+ years,Home Mortgage
e800b3d9-222f-4c16-bc00-332943e387c1,,8 years,Rent
d7bc6f65-e80f-42d1-963b-6809421b4f1b,869364,8 years,Own Home
be313cb2-f0dc-482a-8233-f95aae620990,6255883,10+ years,Home Mortgage
d31aeb85-b8ff-4148-ada7-c754624f0d60,,10+ years,Home Mortgage
2fa15370-dad3-402b-9176-6638f7a4d9ac,679136,3 years,Own Home
7f6faa80-b531-48f5-a2f3-19053956bf0f,1360590,9 years,Home Mortgage
d2221f47-e19a-4254-a71a-636936fc4127,881087,2 years,Home Mortgage
1b030c6c-5f36-42c1-ad33-15dc7bf7ab80,,10+ years,Own Home
b5bd4b6a-39ed-447c-9d3b-5ac6e52eae7e,1299676,3 years,Rent
7f27b85b-08eb-42fa-bbca-fa728278b8c4,,5 years,Home Mortgage
99f85740-045d-4db4-862c-7601b6e95917,5604810,5 years,Home Mortgage
233ce743-dde3-4eb5-840e-7a777207d28e,1715472,3 years,Rent
7a8ad8cb-84d0-4921-a7c8-c8dc48a1116b,1042511,n/a,Home Mortgage
4c7541de-2646-43de-85e2-5acbb5479da2,1255387,5 years,Own Home
2388c10e-2f3f-4a71-ac5a-615bcc9a9a29,797886,7 years,Home Mortgage
969b2580-ef9b-4faa-bd4e-b97552c464a7,770868,10+ years,Rent
1ecc7790-3c2e-4db6-991a-d01f2ea8c08b,1059326,1 year,Home Mortgage
d0d13748-0423-4fd6-9989-3fed19756a65,1163712,8 years,Rent
5aad472d-7f4e-4bc4-9c19-098f0d3ce452,,10+ years,Home Mortgage
c5d38fd8-9904-4279-a3e6-78d278703c64,,10+ years,Rent
aec10535-805b-450d-986e-cdac7f508a2b,1043442,8 years,Rent
72540770-d99c-487e-afff-1d89533ddef1,1404632,10+ years,Rent
e89cb3be-2ae6-4403-b7b2-21ae7b68be67,1022428,8 years,Own Home
b116ee03-2848-4dfa-ba24-58d8c1818267,989786,8 years,Rent
c8fdef50-aaf0-4997-9589-7dede1b7f6ea,766080,6 years,Rent
c0a0cf47-0674-443f-bec8-7e89aaead285,,5 years,Home Mortgage
98cb9cca-e135-46d0-9bd4-4a682e8eb249,996854,< 1 year,Rent
9f7eb9be-0926-4e91-b2da-b0eceaf6ca4d,1107092,10+ years,Home Mortgage
dbea2286-41ef-4924-9568-42afe94feb04,613016,5 years,Home Mortgage
a318c484-6a43-4cb0-bd36-05b3675c9ace,891290,< 1 year,Rent
bd1846f2-7603-435c-89d4-35a2bbfda9c0,1004207,< 1 year,Home Mortgage
3f1270e4-6e87-468d-bf14-dd6542fe0c48,996018,10+ years,Home Mortgage
7afffac9-ccdb-4be7-ad90-fa05197e2c30,756276,2 years,Rent
7a85c186-0c69-4120-a13b-5acb2a0bde9d,1080283,1 year,Home Mortgage
da0e309d-6ccb-47c4-bc2b-335a99e88600,983250,1 year,Rent
538fc042-ef67-4ae4-9513-627988fa51dc,2653616,2 years,Home Mortgage
36f09cd5-859d-49d5-8368-3254bb66eaf1,1684350,1 year,Rent
fa12104a-7f3d-4dd0-bd92-853241ced02d,557688,7 years,Rent
b4fa18be-8b72-456a-b958-438f0ff5d02a,1482589,10+ years,Home Mortgage
76e8ee54-75f7-45cd-bd67-97a842c03340,,7 years,Home Mortgage
c267ee0d-82a3-4d52-b077-3e1606506f64,1272430,1 year,Rent
00295514-070f-4fb5-958c-dbaf369ce297,712253,6 years,Rent
cb6e8f75-7514-459b-a446-5ab6e2ec546e,547808,10+ years,Rent
f4501c0b-4205-497d-a9f6-2b8487bd5062,519156,< 1 year,Rent
9593f8a8-2ab4-4eae-9933-96c2f6f520b9,1355669,5 years,Rent
9cb1299d-c1fb-4a73-a986-d2d5669e28a8,948575,10+ years,Rent
7f11e0c1-c055-431e-adf6-94f4dff0d8d5,,10+ years,Home Mortgage
d25d0edc-0cbb-4148-99a9-433f56ae85f0,1218850,n/a,Home Mortgage
77101657-8fb7-4142-a774-270d3ed6ad38,610850,7 years,Own Home
20f9cf8d-5613-44d8-bcae-269b9748c795,1743174,8 years,Rent
64e4a549-1f94-4ca6-afa0-e9357d1af19b,,10+ years,Rent
c62ae564-abb3-43a3-b284-6421446a33f0,715160,5 years,Rent
27071707-7f70-48e4-b43e-e4e949f9019d,1517872,4 years,Home Mortgage
4781cad2-5355-4168-923f-ddc6f93eaa46,637127,n/a,Home Mortgage
3cbfd1d7-8685-495b-8722-2d1d3046350b,,10+ years,Home Mortgage
07e896a1-7675-4690-843d-60ca0260dd68,881220,10+ years,Rent
4ef47bbf-97af-43ec-becb-e33927967bdf,1241175,2 years,Home Mortgage
92fe413d-ba7d-4c47-b08b-9a22806c0502,632757,< 1 year,Rent
3c584def-ce54-4ce5-af21-7df232a1c482,609938,10+ years,Own Home
b9da667e-ac39-4b2c-8861-df03f855f089,927960,3 years,Rent
cd095ea0-61a2-4828-9a6b-d0f73979e36d,,6 years,Own Home
b4fd640d-fb47-4554-9524-9afd07129570,2224121,10+ years,Home Mortgage
8b7542ae-9eb3-4a6e-9ffa-18d0daa8e31e,833017,8 years,Rent
16f43427-c403-467d-bce3-a8cdcab84ce0,,6 years,Home Mortgage
6010eeb5-1446-4156-8e41-e88443771fc4,2051126,1 year,Home Mortgage
16e5ed79-a3bc-42f8-a06d-4ba3871c4aee,1286870,2 years,Home Mortgage
a57a0d17-aab8-4ca8-b81d-3e4cab05d407,2739572,10+ years,Own Home
71112c4d-900f-45bd-80d1-566799c1de8d,1532844,5 years,Rent
5616fda7-c82f-4b19-af74-ce9c4d03043c,1877770,10+ years,Rent
f54ccfb8-935e-4de6-9942-831ff6db6b5d,2084984,2 years,Home Mortgage
4fafe616-9e23-4a96-b14e-07d6b8838372,1239826,2 years,Rent
5d7c0556-89ae-4d05-8fb9-e4872364975d,,10+ years,Home Mortgage
1c5d631f-5a80-4f39-a7d7-6e4ba5631e80,1405012,5 years,Rent
c2e7b6dd-6464-49b0-972e-7103392f18cf,1151400,< 1 year,Rent
1f1d70af-c18d-4aa3-8aa1-c232db059182,1399065,< 1 year,Rent
a7fe63d2-19a2-4319-9c31-5575aa9f0374,2394000,3 years,Rent
42622e26-fb4a-42b8-a174-47f1cd978148,1763561,10+ years,Home Mortgage
acd4c964-24e4-469d-b206-0f9f36c7e76a,2604406,3 years,Home Mortgage
bb045418-615f-485f-98dc-103fa784c7b2,667584,6 years,Home Mortgage
878e9dda-e006-4269-a347-7f2c51bd16bb,1049256,< 1 year,Home Mortgage
63c12166-3a83-4fc0-850a-4ce22baeb5bb,,10+ years,Home Mortgage
5cf77c60-4783-442c-96e6-1f2700cad1e8,,10+ years,Own Home
bdf9ec9b-33e3-4be4-beba-be808e773b52,1640859,6 years,Home Mortgage
62c1517a-5cf1-46f2-bd63-78b350ca1260,,5 years,Rent
93a9b243-3eaf-47bf-b736-141f5b52b206,1155504,10+ years,Home Mortgage
d511cc31-1ef7-4d86-8dbb-251ad22a69b7,,1 year,Home Mortgage
709918f5-c104-4e8e-8f04-22e7630525fd,1752750,7 years,Rent
48fba57d-2b0b-4e96-be2e-127a9ea327f5,1660638,5 years,Home Mortgage
593ebc01-9fab-4a61-b25c-950095458913,1617907,3 years,Own Home
e98c4824-8510-4d13-8d09-080e36832d86,1914630,10+ years,Home Mortgage
751e256e-773c-478f-a1bf-97b867f7334a,926041,< 1 year,Rent
384554de-b0a1-41fc-a512-f4a95c19b489,1853260,5 years,Home Mortgage
876e699e-455b-4f4a-9ad7-68ca1a752acd,1137606,10+ years,Home Mortgage
88b6e667-8d9b-446a-ab32-599391e0b654,2390447,6 years,Home Mortgage
79d7fd38-bb76-43f9-bb44-09d7d9d50b17,1892400,2 years,Rent
21303901-98d9-430e-b20d-167211a4821a,849927,10+ years,Rent
f040d683-878a-4422-981c-ec5b78bd3364,802370,10+ years,Home Mortgage
1afda180-aa8d-4e6a-a6d4-6cd302bbea79,1247616,< 1 year,Home Mortgage
60abb0b3-4de4-40de-af7a-fb0903104df9,,8 years,Home Mortgage
20a66a3b-d7fa-4285-9ef3-a84eea34198c,1024727,< 1 year,Home Mortgage
8b83b3ee-9bca-4687-8790-b9362fcacbda,,3 years,Home Mortgage
9db3747f-de15-4953-93cc-33ecdfca1c28,750880,10+ years,Rent
12e80762-65c9-4502-940d-85095cb1dd45,1170115,3 years,Home Mortgage
ce26dfbb-60af-44a0-b3bb-9666c5839957,1186949,9 years,Rent
de6245e3-25e3-4871-9779-bfa4ca118e1e,2369547,3 years,Rent
6fc0e953-9a02-4e02-877c-d02d575393bf,1743858,10+ years,Own Home
32cb3cb7-3a19-444b-90ac-5e64438e4c46,,6 years,Own Home
ee60dc99-bda7-472e-9d7b-b246e5087c85,1175701,1 year,Rent
9d896aad-b8f9-46aa-8a13-2ce2870304cb,2449993,10+ years,Home Mortgage
4835b493-e440-40b3-b052-217cbcd7ba97,1061302,5 years,Rent
4dbaf8d4-46ab-4732-83ff-06917c181296,,6 years,Home Mortgage
3e9dbe2e-3d9e-43b4-ac3b-536b8d366a8c,1464938,1 year,Rent
f37cb975-df29-4506-a093-d62effc5e829,3419316,5 years,Home Mortgage
b7d28a4d-f603-4627-88ed-0932835574f7,520087,2 years,Rent
ded75c39-3b04-4d7b-96d7-0087bf8dfbb6,2109437,9 years,Home Mortgage
8c46b673-c120-48f4-a531-afc879d3fd7f,,10+ years,Rent
35d4125d-c46e-45a8-9492-5e2b82ddf21d,,n/a,Home Mortgage
108399d5-46b8-4409-a689-b1f3bd2ff8ab,1317061,10+ years,Rent
29a7f356-a606-4049-8c2e-0666dae82b9a,,10+ years,Rent
b56e1d2d-921d-4816-ab00-d6b9ac0d8f06,,5 years,Home Mortgage
61f1fe49-826e-47e3-bf6a-cf844fd28435,1719063,10+ years,Home Mortgage
003a70af-e052-4fca-9f58-b5e5ea1197e8,1022618,7 years,Rent
a4ae9c5b-6fd5-45b1-b679-d47b81b79d4b,546326,1 year,Own Home
b0b9a49f-ebf0-4303-a8c6-50a50cd43d7b,1017792,10+ years,Rent
aa51bfdb-be5e-49bc-a0bd-086ccb6af086,1062043,4 years,Home Mortgage
3b41cc7a-aa51-44c2-9a6a-cbdde50f06b3,623808,6 years,Rent
8da0996d-7697-4413-9ae8-4dd30f46c2ec,1543256,2 years,Rent
198a8e39-6c45-4fe3-8f4f-bb8d8d801403,,7 years,Rent
e68efe56-ad60-4bb2-89d7-e43b9b3b245c,1802986,10+ years,Home Mortgage
82ec29b4-041a-4b0f-bb75-3a6949e51142,,10+ years,Home Mortgage
bbd21907-c1b4-4576-afdb-6e75f10b6b2c,576080,1 year,Home Mortgage
106efb19-c48a-4d6f-80a3-fc594c10ebad,1407767,8 years,Home Mortgage
9b0a9eaf-7c83-4bdd-adce-a19dd1f7f44f,873392,10+ years,Rent
89e79ab9-b183-4b95-95b2-64101f47d6eb,1780452,3 years,Rent
cde4b405-e834-48b3-80fc-159f5cbab8e1,1491044,4 years,Home Mortgage
7c0b45f2-9333-41c0-8760-64a3e4def858,1265913,10+ years,Home Mortgage
db87397d-cd84-4f30-abfd-175dd23ee522,181982,2 years,Rent
b728dfc1-f6d5-4cb8-8d69-3480f2f6d5fe,1129284,10+ years,Home Mortgage
e194a00d-5d92-457a-81a7-61e1bddf4a8b,,10+ years,Rent
2679166b-c30e-4dd9-90aa-ebd18a94d6f5,1459922,< 1 year,Home Mortgage
b2ae25d8-6420-413c-b436-1c5b4e86a139,1332470,2 years,Rent
22588cbd-036f-4a72-87a9-3e96cb8bc6c2,1352876,2 years,Rent
08c5b90e-7319-41b4-a0c0-568e70f1b394,1565676,< 1 year,Home Mortgage
b36daa25-4978-4c3a-9a0f-53d7b6cdb04e,1602859,4 years,Own Home
74d3a4a1-18ae-4067-b331-601ed5ba5999,1581902,10+ years,Home Mortgage
59cdd8d2-6077-4cd3-b788-95870debaf3e,742634,6 years,Home Mortgage
317b43d1-7360-4685-ab08-37198ee925d3,566694,3 years,Own Home
476ad454-8fa6-44cc-b9ea-ae8e257e41de,2789998,10+ years,Home Mortgage
1f572db1-d91f-4c77-a2b8-bea404ae594b,932387,2 years,Rent
4fa549a1-2ec8-4189-9e71-59e0e9321810,,2 years,Rent
e5d8f766-8e20-4cb2-83a9-bf0f6bb07c62,799843,3 years,Rent
2eeb93e0-da62-4225-9d8e-cb29be9e66c6,1114692,10+ years,Home Mortgage
eca38fbc-9532-490a-bb48-9d43e96c030d,802180,7 years,Home Mortgage
090d4e15-8244-4b30-9a3b-a169a44b0345,,4 years,Home Mortgage
cfa17632-61e4-4d12-9348-d99b37947c93,1608293,10+ years,Own Home
79a7bfe3-f50e-4210-926a-9ad0132cc4d4,2879070,10+ years,Home Mortgage
c946bf25-daaf-457c-a8b5-6292406647cf,,8 years,Rent
37282350-fddb-448f-b2f7-003d4e2dfd3c,890302,5 years,Home Mortgage
1b6c924f-9cac-4433-8015-a8d9772ccfcc,1140684,3 years,Rent
6ec092cb-f022-4e65-9c7e-1fe4c5ba16ef,,8 years,Home Mortgage
c5c9fb08-b0a4-42b9-aa00-6a4a162f73e0,,< 1 year,Home Mortgage
f9501b17-b0f9-48b6-a1b2-cbc24e441d8f,2268828,6 years,Home Mortgage
03823517-ddea-47de-9622-e72c18c0e02c,1768729,< 1 year,Home Mortgage
cad26ea9-ba7f-4191-adb2-5c6e14d261cb,2524587,< 1 year,Rent
0067d139-582d-4509-a72e-37ffe7de5618,2308652,< 1 year,Rent
1425964c-75ce-4edd-ba6e-9a43c3d805e3,959405,2 years,Rent
b2300013-0850-48fd-a819-fa9698694f68,1053892,5 years,Own Home
942ddaa2-2764-4182-8d33-e76fb783b3c8,761976,2 years,Home Mortgage
0281fe62-1bea-4c39-9345-6c6cbb8f4685,1034759,10+ years,Rent
abb73f47-da40-4095-a1d8-bfa9f4d0455d,1231542,10+ years,Home Mortgage
56abaaf5-0aff-487a-b02b-db683246e6d1,1343034,8 years,Own Home
2bdd36cf-6a02-43f9-8339-5b4d9978a99b,,10+ years,Home Mortgage
26c57e75-4f9d-48ef-8d6f-c672638d99e6,672714,10+ years,Home Mortgage
2f62159a-0a49-440b-b340-880b9305b6e7,1474324,10+ years,Home Mortgage
c95719b5-9bdd-43c4-a2dc-3aea3d8f1512,615904,10+ years,Rent
af5d1321-2ca1-4065-aa6b-90e04a525abd,2004747,10+ years,Home Mortgage
9f8774a3-6574-47ba-829c-e4a0cadac1f4,,8 years,Own Home
90569839-ac75-4dbe-8d9b-babac47db5e8,1321146,7 years,Home Mortgage
f5118161-70a4-4106-9978-47e77708425d,2219523,5 years,Own Home
73d4cffc-8dee-48a5-9c07-6438ec8189f9,952945,2 years,Rent
f03b010a-295d-44a6-9c35-eee996a96055,2425597,4 years,Rent
6fb6f4ec-50a7-4737-ae6a-a0f48f523ad3,592800,4 years,Rent
c74840e7-ca9d-4b49-9742-98022d982152,1750793,10+ years,Rent
d6436993-672f-4bc4-bcd8-27fcaf1615d8,,< 1 year,Rent
73dcf749-040c-4c23-b5ae-e7edcd4866ab,1061264,4 years,Home Mortgage
27f90c43-00bd-4d09-bdec-1a865c679f00,2022930,10+ years,Rent
197bbb9a-65fa-4a6f-b326-328e2831da32,1499024,10+ years,Home Mortgage
d38b98e2-6954-489d-8d19-81d9d73bfd2f,1077566,9 years,Home Mortgage
a8d0f952-93c5-4724-8803-39737e85b0ad,844189,n/a,Own Home
da04591b-95bf-4e1d-9bd4-38cbc7b2cef3,803928,2 years,Rent
daef3dd3-ac49-43e3-a90e-e44f45af8dca,286330,< 1 year,Rent
b95ee3d0-9851-46a8-b802-8e947e4693a3,1488080,5 years,Home Mortgage
a997f9b8-69ab-4cc2-82ff-bcd7216a1377,578702,3 years,Home Mortgage
3414867d-2a2a-4883-88c8-371f44d5253f,1542952,10+ years,Home Mortgage
096d8744-d63d-4f16-a9f8-5b8872f11fc3,805524,10+ years,Own Home
71e57a56-c5c2-4ea0-8748-242c196008b3,,n/a,Home Mortgage
48f72692-a742-4114-ad5f-b4d1a56fd604,,10+ years,Home Mortgage
8fb5a2b4-f7df-48b9-94d1-18293fe11277,1023891,7 years,Rent
1900efb2-a482-4797-98b1-bdbc8e244289,3705760,10+ years,Home Mortgage
f6a12de7-4d24-484c-be08-e63a40e6825c,,3 years,Rent
b4aa3075-d7cc-473f-bb61-1bd9d36cdab4,1431270,4 years,Rent
872c2f7a-571a-48f1-ae76-e177216c8256,2087910,10+ years,Home Mortgage
ac1ca64d-1427-46c3-9464-166f3ffc708a,1252765,9 years,Home Mortgage
fbc16211-0277-4c34-8ad0-eca94a4ff5ba,456057,8 years,Rent
21723224-e5b6-42cf-a796-3b90148d6dfc,,6 years,Home Mortgage
4a8e3d01-fe12-4e3e-b83f-46e74b8b607a,1272107,10+ years,Home Mortgage
e4ba27d8-248e-4065-b63c-e06294c26c01,857052,6 years,Rent
940cc3eb-0f8d-49ac-a1f8-ab7855593ba8,975460,6 years,Home Mortgage
30cc1bef-a2ab-4e7a-82a8-c1c56d5f10ba,2518412,n/a,Rent
0a7fba3c-875c-45a1-be43-da13a3a277aa,381558,6 years,Rent
99cad7dd-5cc6-4584-8218-687d97966b2d,1024518,2 years,Home Mortgage
2b4806be-af98-4ef0-8399-3a2ac90dc67b,1222650,10+ years,Home Mortgage
17189b11-de8f-438a-bf89-a53a25385741,972610,10+ years,Own Home
60ca5a67-6b20-484e-a87a-744665134de6,,7 years,Home Mortgage
0b5b6361-7bbc-497f-9f21-ea0676f425bd,1137492,< 1 year,Home Mortgage
78a13df8-afff-4593-9a26-be83e3a00b46,1568906,10+ years,Rent
e3352ade-bbaf-42e8-8990-10ab9d94e44d,804859,5 years,Rent
abe3797e-164b-460a-a0b7-25e4b4b2c7e7,1505408,7 years,Home Mortgage
f8763468-05fc-49c1-881a-4219603c3742,3305582,< 1 year,Rent
79dac1be-d845-45ad-909b-5690b151e9b7,957885,5 years,Own Home
cf4bccfa-9e69-4677-9ab7-58a327949fb8,1159722,9 years,Home Mortgage
f8a1e53e-ec95-43b0-9de3-c16b8e87a647,1221985,2 years,Rent
611bd5c7-158f-45c1-a52b-72d1469ada40,938695,7 years,Home Mortgage
4adba860-305b-4abb-86e5-dd6019cd6608,1065748,10+ years,Own Home
3b20df02-78af-4d81-9b88-f7cc8ce2d5cc,1697346,10+ years,Home Mortgage
b61acc08-f3a4-4996-9d1f-978ab067dce7,2119887,< 1 year,Home Mortgage
2ece281b-2e7c-45eb-867a-dd9ea09659af,750880,2 years,Rent
d1a16c75-f368-4603-b4f0-33d9a8e4152c,1486864,2 years,Home Mortgage
6386a76e-55f7-4d84-aac7-3eea2119b423,1617945,7 years,Home Mortgage
7dc70f39-8b28-4dfe-9637-aa06f143cc84,304228,2 years,Rent
ad1ede79-ca46-4e75-a035-2cccefef576c,1045209,< 1 year,Rent
96950f71-55b0-48ab-b991-481799ea8edb,,2 years,Home Mortgage
8617a52d-3587-4021-81b9-322c5d211fcf,2696100,1 year,Rent
9b474055-2398-490a-9371-ad7023c40f70,1933440,4 years,Home Mortgage
6967f2ae-3ab1-4ac5-ab20-1468bebc9e36,607639,7 years,Rent
8fc73e55-37b4-4e88-a436-af565401d6f9,968240,2 years,Rent
83390310-74cf-4ece-9fbe-4ea27e5c7256,930601,1 year,Home Mortgage
db4d64b2-e1ee-45b4-b5e7-6fee77d64c6f,643834,< 1 year,Home Mortgage
d58c6f47-1902-4a07-9f1c-d298073bff45,911164,10+ years,Home Mortgage
f29dad45-7f8b-43a2-b57e-8ac47002d0a8,2060854,10+ years,Home Mortgage
10225253-dcd8-4096-a35b-ab9e34a7c686,2129919,1 year,Home Mortgage
b037d903-c6b4-4f74-8354-d08a5124789f,2363049,3 years,Home Mortgage
b26e2c6b-4c4b-4ecc-879d-9a4bd38895ce,805828,n/a,Rent
c2489d6e-85ca-496d-a832-8c6a528e0f30,620654,< 1 year,Own Home
fa7fa104-9839-4b7b-8de2-9f4588e00f40,522652,n/a,Home Mortgage
2a5106e5-ff28-470d-bc6a-b5a2044b40eb,,10+ years,Own Home
db5df731-b9ec-4e73-a676-b462ba3d85b0,1426368,2 years,Home Mortgage
50295276-4733-4266-88a3-dbf88f05888f,1507992,5 years,Rent
20d1ece5-eaae-436c-ad54-f140ccdf889d,2781315,7 years,Home Mortgage
92c065bc-64e5-4cb8-a69b-6020367b7c8a,,10+ years,Rent
f46fd54a-d445-4e4b-ac83-b6922ed9ce22,,8 years,Home Mortgage
7475d043-2a13-4015-87db-6ff57d8e19ee,1955841,7 years,Rent
66720ab5-88b1-47fd-b962-d07f8532fa12,971090,< 1 year,Own Home
d1d21392-4a99-4b37-adc7-bfcf4b9f85ac,,9 years,Rent
b69cbe6e-8637-4b69-89ce-91400021b15e,2761384,10+ years,Home Mortgage
40513c3f-b6ed-4499-b01e-d1c211f8ab9c,,10+ years,Rent
93b0c529-3ae6-4e63-8572-bac1a11a9ca9,,10+ years,Home Mortgage
b7ac4923-66ac-4fd3-b26f-6824c451c529,967765,7 years,Rent
2be3c2e1-57d4-4fb3-9fb0-d1a36bd89f2e,3824700,5 years,Own Home
5a519e38-10b4-4f7c-9614-75285b933d68,1120734,8 years,Home Mortgage
9f6dba05-b32b-49db-b648-475830884b9d,1501760,2 years,Rent
2eeb521f-cbd6-4bab-81d0-7a3d3c7e498e,1241175,10+ years,Home Mortgage
aa5e2a39-980f-4cea-b03b-18f15bd48a74,1837870,3 years,Home Mortgage
8c4c46eb-ac9b-4334-b2f7-6ac5f0808681,946143,10+ years,Rent
807908a6-95b3-4b0f-b2cc-6211fc2605dd,1954264,7 years,Rent
88af1a37-519f-4c2b-8db8-cf80257c8915,1146840,1 year,Home Mortgage
6abb8fe7-7139-43a6-bd75-ac0e06ecd7e8,1136694,n/a,Rent
a803693e-4442-450d-ac27-09eec357695e,,4 years,Home Mortgage
134cdf42-5644-42b2-bb9b-8f62327cc5a9,1062670,6 years,Rent
675638e8-0bd2-4cd9-96fb-2a59d1743ad7,1004549,< 1 year,Rent
672906c8-fa29-4e87-ae51-42cb62b627d4,1130975,3 years,Home Mortgage
9114d209-5185-44d6-9bee-633639356851,,8 years,Home Mortgage
7be04f53-1b89-4275-8b90-5f9f0a505e2e,1944460,3 years,Home Mortgage
a407b423-0690-43f3-912e-140557506084,1542743,2 years,Home Mortgage
bdde79ba-fba4-4d59-a075-e3f23557045f,1989680,10+ years,Rent
37924c8f-8f76-484e-b0e3-bf860bab7eef,877648,10+ years,Rent
4258be58-6d17-420b-a2fc-61f9d680b8dd,1621061,8 years,Rent
d525739f-4de9-470c-a555-247df97c645c,653638,< 1 year,Home Mortgage
ded1a260-1c5c-438c-86e5-61b02d5bb2d6,912665,n/a,Home Mortgage
c8ed633a-36e5-4d58-87ff-6eaa56447c55,902690,10+ years,Rent
d3853d1a-a3ad-454d-bf5c-ca9813020ea4,579462,7 years,Own Home
fc041b0f-5ee3-4962-8c01-1df09cc49b29,3501738,9 years,Home Mortgage
a695cad6-eff7-405b-95c7-71d00bba007b,572451,6 years,Rent
503bcdcb-7892-48c9-b36b-94c71367d744,2035546,2 years,Home Mortgage
f8081db7-47a5-4994-ae27-20de491e4eb0,467134,6 years,Rent
6653729b-0e75-4c41-a9b6-9f458318bdb3,1788432,10+ years,Home Mortgage
c9689152-abbd-456b-8402-3c5a679627c2,448666,6 years,Rent
b6587c7f-fa0f-4ec2-a0ea-057fe4c35a5d,,10+ years,Home Mortgage
5b3fcef1-74c9-4549-b1e0-96b2c435873e,2334720,5 years,Home Mortgage
f59d76c3-611a-4682-8ed5-e213f5fd61c9,485412,< 1 year,Rent
0c830d6f-9b4b-4d33-887f-557441d2b186,1042283,3 years,Home Mortgage
836fca84-0968-45f5-a2ae-fd4e93a934da,1530488,10+ years,Home Mortgage
fddcd9d4-a872-4ba9-9792-0af4ec9d20e8,1891906,< 1 year,Rent
ee73033a-cf98-473c-a943-543de5952814,563844,1 year,Home Mortgage
ba0c8f39-9aa9-4add-813c-8637f11dea95,1830384,7 years,Home Mortgage
acb0bdc2-f3e8-4285-bf51-5281e7730ee3,1895516,< 1 year,Home Mortgage
c9d2c3de-0a19-4000-ac7b-aa1904be91dd,,10+ years,Own Home
60cc0121-c327-4384-9496-5cc461676d06,,10+ years,Home Mortgage
0048d1c1-1cac-4f60-8d0a-940b350e2d69,707047,6 years,Rent
f08af0a6-de9e-4f19-ad7b-db5d93fac182,,4 years,Home Mortgage
beb65bbf-b40b-4d09-b747-abcfd4df73f7,1549887,10+ years,Home Mortgage
f74897ab-881e-4750-b252-8eaab408b7ed,,1 year,Rent
efaf5575-d42e-477a-bd53-40e133cc93e0,3111744,10+ years,Own Home
6e4b8127-fdae-4a12-8c7c-5a0302033b1b,1941610,4 years,Home Mortgage
067d329d-cf6a-477d-b420-c2c1f022ac50,1653285,10+ years,Rent
b2ec1f76-4c8b-4989-b128-5a3697812b5e,872442,10+ years,Home Mortgage
da110e28-ca01-4770-b5c5-26eec1f6f03c,1011522,5 years,Home Mortgage
cd02ab9f-142a-4807-9de8-6923d0a56f22,,10+ years,Rent
185ffa73-db74-4daa-89f9-0afe61562929,944965,2 years,Home Mortgage
083c2441-5cbb-4e5f-9d86-1d7e5cb6ad60,1398077,2 years,Home Mortgage
2feca17a-15b3-42bc-82d3-9278741dab35,1498416,10+ years,Rent
f6d1b28c-82c9-4c92-bf0c-de336f692c85,856083,5 years,Rent
a9140417-51b5-43ae-9d8c-9df1de93608f,,10+ years,Rent
bcc5be99-95f9-4dad-b567-0553284b8b62,2042766,4 years,Home Mortgage
6b2cc610-1be1-4d6d-a1df-24536cea9aaf,428241,< 1 year,Rent
72f430c3-1566-48d2-8747-ac4f68185b1b,1175454,4 years,Own Home
b1af1ac8-e501-4f00-8d0c-c3e44a00474d,,6 years,Home Mortgage
366116aa-d852-4921-bcb9-3587642d1726,2051962,10+ years,Home Mortgage
f7569a62-d582-4f8b-b1b0-1d189bea7895,673151,8 years,Home Mortgage
f43ab2ff-7fc1-42b0-8634-189a0f5c1a8e,1716042,2 years,Own Home
45d4cff3-4e0f-4ca2-869d-26b5487cb013,1184764,n/a,HaveMortgage
e7ae55bb-a5c1-4566-b16a-88eb3b4d60f3,961305,n/a,Home Mortgage
96fc0354-ac4c-436a-99ba-291683ed8aef,2921250,6 years,Home Mortgage
280a4341-a9bb-41aa-a9ab-3d1368d2b535,,10+ years,Home Mortgage
59ec0bcf-8ce0-41bb-b1ea-6c4d00541e45,927580,4 years,Home Mortgage
a9ca5cbb-0222-44c1-b1c0-21b656264347,856976,10+ years,Rent
79bf490c-2bbd-4752-99f6-3a357e00f61b,744192,10+ years,Rent
98587b34-6373-463c-be36-51a8121b6553,1854970,10+ years,Own Home
43a91213-3e06-4f9e-bbe0-788b6d5bbf99,,10+ years,Rent
0d059bd1-ef21-43c9-b42b-902987157ee5,1545992,10+ years,Home Mortgage
60a62cd3-9f45-49a7-8bc0-218d789f7869,1595468,4 years,Home Mortgage
4dd313b9-4c8d-4f11-a353-7dadb88f9186,665209,< 1 year,Rent
72f5cbf7-6c27-4970-bddc-96ea8d4d3acb,1319759,7 years,Home Mortgage
16d3b6fd-4c31-4fe7-8fc6-01e0ead7af93,1689062,2 years,Rent
723f1655-1ff2-4e68-aebb-dd0c55861426,4275171,3 years,Home Mortgage
d329b22d-7096-4221-b312-23f90e2cf290,1239446,10+ years,Home Mortgage
80b7832a-74f8-47f1-8e5d-eb4127ab28ac,1405772,3 years,Rent
ac999cf5-ddde-4cb8-91a0-ef5a82bbf99b,1422929,1 year,Home Mortgage
a9c3d1e4-fa93-49ef-9cba-a5c05cc7d571,,8 years,Rent
3dabe7f3-032c-4a92-8cfc-3c5704c45374,1964486,6 years,Home Mortgage
04ace265-3953-4241-a671-243bfde0f499,1200591,4 years,Rent
453e8354-ed2d-46b3-9202-a895f4fa5704,1269124,10+ years,Home Mortgage
31c6c21a-3221-4ff3-a975-26f580ae8189,,4 years,Rent
fdeb37a2-03ff-479b-b7ae-80bac33a074c,2079873,2 years,Home Mortgage
307f7e12-3cd5-465e-8ead-5e95029bdb45,862296,< 1 year,Rent
3f935170-90ef-4e23-a66e-699b5a188883,928549,10+ years,Home Mortgage
32dde29c-decb-46f7-bcdf-8ac11e7b7233,,1 year,Rent
b858dbc7-4f46-4189-8aad-c94b3dfe0ff0,1747962,10+ years,Rent
410d6877-73f0-4828-a600-1526136f82d5,1216361,10+ years,Rent
df5bbc73-920f-4727-a6cb-93731da0e049,1649922,10+ years,Rent
6445458d-aec8-4a4f-ae82-2001b8b266bf,1026342,< 1 year,Home Mortgage
937c567a-5bcf-4bd5-b7f7-34819eb782ba,1151172,3 years,Home Mortgage
0a0fe08a-2cd9-4bf2-9949-f566b0693f8c,904305,n/a,Home Mortgage
192e7a68-c54d-4bce-b992-a1e2c8722f42,1341039,3 years,Rent
28a364b1-42e1-42f8-beaf-2de6df35894a,,10+ years,Home Mortgage
8b180b7e-573b-4402-9836-a6cfc5d3adec,,< 1 year,Rent
c4666067-22b5-4bc7-8407-4d177c00c458,953895,10+ years,Rent
0981f4f0-cc21-46d8-a222-7f8e3789d3f3,1781364,10+ years,Home Mortgage
1d10ee51-f66a-48a5-a54a-a9ebdbd31484,1957038,10+ years,Rent
bc97bd39-0fdf-4efe-abbe-8b48ad66c8cd,1029021,< 1 year,Home Mortgage
5d48c66e-8a3e-4231-849f-7c1db4b69071,1970870,7 years,Own Home
a175556d-119b-4bb0-afc5-ec0c7613f7af,1107396,9 years,Home Mortgage
c31e2e0c-a555-4e90-8d9f-5d6a45452466,1131659,10+ years,Home Mortgage
73574c98-fa7f-4204-a507-dbf013eba054,1206386,10+ years,Rent
c331c13d-4b81-498c-bd3c-ef9364544330,1515041,6 years,Home Mortgage
52a822b2-5e29-4206-9969-e75de9913b97,845595,3 years,Home Mortgage
761314ea-209f-49a5-a757-50def9c0376f,1423727,5 years,Home Mortgage
25a0d865-3195-4622-bfde-44703cb7fc18,,10+ years,Home Mortgage
9c2d6433-87df-4489-a829-b19eaabfe214,869706,10+ years,Home Mortgage
92013e24-6839-4a31-ac19-b411f20f65f1,1507840,2 years,Own Home
1ce7c9ae-3ad4-42e5-9607-328a154d12c6,,7 years,Rent
d0190856-199c-4887-8f9f-9774a2605833,1482304,6 years,Rent
b052eac1-de9f-418f-8beb-e8e90cf7791c,,10+ years,Home Mortgage
922fcffb-3681-4e7c-ba5b-825d4d4f697f,654303,4 years,Rent
e30fbbff-4921-47db-a326-1a3cd1695158,973275,10+ years,Rent
1b38a50e-111a-4ed8-a4de-9ab8bb32e330,1733940,< 1 year,Rent
e1a9454f-a659-4d76-9870-8fb38ce23bb4,1440181,1 year,Home Mortgage
b769030d-da67-4d33-84ce-12edf57cc333,415074,< 1 year,Home Mortgage
d4d5f62c-2eea-413b-b68b-d72bd8b2f79e,1371458,4 years,Home Mortgage
50ab3942-516e-43b6-bbaf-2000c3de5a10,747460,3 years,Own Home
3b5a80a3-2fc9-44b4-a9c8-8b35ac6848a8,,10+ years,Home Mortgage
82f8b927-ba40-45d5-b221-1a6aca50811e,2741776,10+ years,Home Mortgage
8a0aa664-8656-41b0-a98f-ba6f9b38dfe8,1562332,4 years,Rent
805812ea-5c27-4738-a7e9-370841ba041f,597968,< 1 year,Rent
472b4805-6cdb-4857-b455-de2f2c3391bb,1500791,4 years,Home Mortgage
08051261-cb8a-4c51-bb8e-7d41af86e48c,3632743,8 years,Home Mortgage
cac78cb6-6508-4fe7-bead-55ebee717976,1799946,9 years,Rent
2aa9a3d1-c021-4450-aa38-14becd585dc0,564015,10+ years,Rent
be3fd1d6-cf4d-4f6a-b3a6-20cd70bb7839,1251872,10+ years,Rent
9c6dac56-3eb1-4eba-978f-9827a43dfd25,1112393,9 years,Home Mortgage
092f219b-765f-41e4-922c-b241fbb062c2,450300,7 years,Home Mortgage
0dd54698-f791-4600-aae5-20094c2e90e8,863170,10+ years,Rent
73da230d-46ce-401b-9be7-6196c9b842f3,,10+ years,Home Mortgage
a5e1a112-104c-4187-bd3d-6ca44942ef8c,,10+ years,Rent
6cf3a7d1-44dd-4572-a8e7-56c3eadbf880,989064,< 1 year,Home Mortgage
a5aea8a6-133d-4e2c-9e65-2705c37b28c1,,2 years,Rent
68b380f2-4769-44d5-9735-2ba2652b6709,3086208,5 years,Rent
dc5f3a5d-f29a-4456-8fec-e3f13e56e893,954560,1 year,Rent
8e340018-c7ec-40ff-8a22-1a6463082c9f,4709150,7 years,Home Mortgage
d3a230a0-d9b8-4201-affc-55c72e5e1b23,,2 years,Rent
54c8c3b6-aa4a-4032-8b73-88651b3cc37e,3313695,4 years,Rent
3dbf8899-df01-4889-9b0a-ccddf01fcf38,1488080,10+ years,Home Mortgage
8ffeb156-5c8f-4413-bb0f-f9cbd978da6f,761900,4 years,Rent
cb639256-1db2-4480-b132-2aa81396f7c8,695761,3 years,Home Mortgage
88b58fa3-ad7b-41f7-a22a-a0f189bddfce,973465,2 years,Own Home
8f1e9846-7030-4b25-a32c-5396862181ab,1578178,6 years,Home Mortgage
141e1b12-41d6-4e58-a431-7327a71461aa,764408,9 years,Home Mortgage
bf0dd39c-1718-4f6c-abb6-dc200dc30b0d,867141,< 1 year,Rent
7efc3037-0aac-472b-981b-58bd16364282,1968552,10+ years,Own Home
98670b28-9c7f-47fe-8704-4081d8ae81d8,889922,5 years,Home Mortgage
6fd8432b-3683-4f66-b982-c3370103b7f0,375706,6 years,Rent
5f6b2cb1-76d7-4528-ac35-ee7efad5de64,937935,9 years,Rent
dfaa99b0-53f5-421a-88ee-db43a9aead27,955605,5 years,Rent
52b7b656-22c4-4071-84db-8c40e2341875,568005,7 years,Own Home
a013b7f3-502d-4400-9a2b-5d391ddbcdac,1722141,1 year,Rent
44794664-33a2-45c9-89e7-5a2076afaa6c,1157556,8 years,Home Mortgage
5b43ff7b-94f2-44fe-bb24-00ddb263c01c,451668,2 years,Rent
74d1df26-c1ce-48be-be48-16ba52882f6a,1576088,3 years,Home Mortgage
7baa80f9-b98d-4c53-bf12-36a4fc8e28ab,1188526,10+ years,Home Mortgage
5cab5d58-b256-43a2-80d6-1caede01cc59,1714104,10+ years,Home Mortgage
2a77ea34-2350-483d-a390-c76268532c1c,808317,8 years,Home Mortgage
5f4b3ac2-e79b-4deb-9410-8fe9226b58b6,375364,1 year,Rent
9409c786-d206-4b07-a976-80e4b597b634,990926,10+ years,Home Mortgage
09075327-5e85-46fc-b9e5-a7239d13f0c4,890473,2 years,Home Mortgage
d122fc91-2496-4c3c-b703-5dbecc38918d,881790,10+ years,Rent
332f4fb2-32bc-4d74-a928-f444b4978d49,1303134,9 years,Home Mortgage
925fec33-fdcd-41c4-b2c2-e9b810bd5b42,,7 years,Rent
e690eca8-29f6-454c-ae48-4f36c42b3026,1051593,10+ years,Home Mortgage
f5799050-5b11-4416-a620-78c6ae3c8c2e,3538199,4 years,Rent
88e7ee66-7fd5-427c-a0a9-0fee16a15122,1325687,3 years,Home Mortgage
fb626959-3c4a-490d-b2a7-7026a850f05b,2833185,6 years,Home Mortgage
17692b2f-baf4-48df-8ad8-b9c9c59b111e,1089403,7 years,Own Home
09149e20-a0f8-418d-93f5-21fbe93015a5,927694,8 years,Rent
61aa0182-cdbe-42de-9200-ecc8437bf7c5,1612587,10+ years,Home Mortgage
db354748-d757-42d8-a78d-b992d8f81b0e,1310050,7 years,Home Mortgage
e1164476-e9e2-452a-8539-665b1eb6bc21,1455495,9 years,Home Mortgage
5e471d4f-8b63-4ec2-9864-faa9dc2cfd57,1335301,10+ years,Home Mortgage
3da55059-1765-4159-88c0-4cdd2f2e7f81,2233697,3 years,Rent
87db0a28-d638-4e61-b5d4-a74fb1deda77,,9 years,Home Mortgage
f29dce9a-79fc-44af-b71d-53452d90ec3b,749284,< 1 year,Rent
a13bea6b-f43e-46a6-b8c9-3a929927e665,749664,1 year,Home Mortgage
ffe68a57-6661-48ba-bb15-581f95ce860e,1509759,2 years,Rent
f10ae9e7-0c04-40c8-9e4e-016b15b7341e,410343,1 year,Rent
01cb278d-b674-4bfc-8cf9-725c877515a4,,10+ years,Home Mortgage
89f3f52c-e207-4c20-bc12-9b240161b870,,10+ years,Own Home
a7244757-29b4-45c1-9d24-f50e319d8009,,7 years,Home Mortgage
e03c05b4-fe01-4bc3-8934-34517981ced3,1245374,< 1 year,Home Mortgage
a7a4ce8c-4c97-4ba4-8ae8-aa4287201bb3,3654935,2 years,Home Mortgage
e7bfb8bd-2c6c-4ed9-97d0-f78ed79cd932,1548348,10+ years,Home Mortgage
ccf48492-24a3-49a6-a49b-f16f74576b13,1511336,9 years,Home Mortgage
75ced393-1b8b-44c8-a5f3-42be12fd49c8,1635710,10+ years,Home Mortgage
77349364-aa17-4da7-b16b-2b2eba40f2a9,1169203,n/a,Home Mortgage
8c0dea18-e826-4fcc-bf24-ad6863db47a4,1110854,2 years,Rent
2b74e5ac-b063-4bf3-bc1b-ba641e15870a,686812,< 1 year,Rent
f9427e5d-3b60-495d-a80d-273e9f515c1b,1135706,5 years,Rent
ea525fd6-631c-4795-b02a-270d27587ad7,,n/a,Own Home
9a9962a4-4822-4720-a59c-e684d40461ee,711816,n/a,Own Home
c846eb3b-0cef-4656-a64e-069b9b5940a9,,5 years,Rent
e8fa0788-bfe8-43da-8bd3-4999daf87285,686679,2 years,Rent
89ae3273-2547-4296-a83c-1f33fa787f45,,10+ years,Home Mortgage
689570f1-b066-4b83-9f40-36be0ca867ef,,10+ years,Home Mortgage
6bd02a59-8d25-4ce0-a014-ae07b86a8770,,6 years,Rent
2c55fab8-ca5d-4a18-b049-54105539cd68,1687599,6 years,Home Mortgage
b00d7abd-eda8-4085-aea0-2747432b5d78,1060580,5 years,Home Mortgage
5c41fb4b-6ba5-4fb4-85a3-a6dc3685fecf,1136238,10+ years,Rent
4b0ad1aa-c7c6-40fb-ba30-4c19c5fd9508,,4 years,Home Mortgage
1b11f32c-1078-4ef3-9581-fb0be9559665,1414607,2 years,Own Home
c758c2c3-03af-47f2-9a55-671a9e18c0bb,2280912,5 years,Home Mortgage
62ebe617-ee89-41e7-9602-87911a2a7491,612636,n/a,Home Mortgage
e3708c81-7522-45d4-8921-aec8e963d674,677179,2 years,Rent
178fd60f-680c-4a41-9a3f-1016f956f6bb,687971,10+ years,Home Mortgage
34549825-0c1c-49ee-94e4-cc46e311e832,1386601,2 years,Own Home
ac5348ab-66bf-4c63-ac52-a1dcb070845a,1781839,< 1 year,Rent
6e10cbf4-fb42-49cb-890e-c41280cf94b4,742292,2 years,Rent
49eefa91-ab14-46e6-befc-610969fc073f,1216418,1 year,Home Mortgage
1bf150ec-376d-4ef0-bc49-b0fbbe94b41c,1137378,8 years,Rent
e49ca8f2-6b99-410e-ba93-7ffee14f5739,,10+ years,Home Mortgage
08d08cb9-2e05-45a1-bfaf-4532be30fd2f,1263063,10+ years,Home Mortgage
5e46f79f-082a-4c4f-a28e-10eb26a4657a,922678,10+ years,Home Mortgage
ecedcb30-e12f-4c16-88c1-0b7b30847d28,370272,1 year,Rent
2fdb752f-ca66-4762-b648-10c72c08f121,,10+ years,Home Mortgage
a575a58e-9060-4f5c-b753-5ed6dbd5845f,1683666,9 years,Home Mortgage
6d857fe8-6428-4ce4-8a37-15d781e0c0b9,1891830,7 years,Rent
2f60f372-fb26-4751-9d85-c8508ea27f7b,619799,3 years,Rent
9751410e-da62-48d3-8fda-ed6459eb085f,,10+ years,Home Mortgage
8b07719a-4f23-4e50-9abb-dec1929755e3,741228,< 1 year,Rent
825b95b8-6343-456a-97e0-4cf297399c7b,1689480,3 years,Own Home
90ced4f6-1d6e-4449-808f-1cb6cc5a1603,1979439,10+ years,Home Mortgage
ca2030ad-f75f-4e23-84f0-214bd9f42e49,2674725,10+ years,Home Mortgage
ebe48e7f-d40c-4fc3-a016-5e77bafe4e6b,764256,2 years,Rent
b3478794-1fa6-40ee-99ab-7fe75cd1214e,,< 1 year,Home Mortgage
f163efbd-18c7-426b-88de-967916cef347,1975012,10+ years,Home Mortgage
72308204-9dc2-4f20-bcca-7a23faf99726,680162,< 1 year,Rent
2f382cb8-bcf4-45af-ad48-d3564f86c224,,4 years,Home Mortgage
62c78c5b-0c67-4240-a348-1f43b835257d,1144560,1 year,Rent
e1fe61ea-f504-45e1-9e99-159b717c2a64,1730349,5 years,Rent
3a13a3ed-d647-45e6-95f9-b14e78e31202,,2 years,Home Mortgage
d1b75a03-edb0-457e-a996-13a6fb6daf4c,,10+ years,Home Mortgage
00c98c26-2b87-4301-a021-a8535b9a1003,675773,7 years,Home Mortgage
ea77ef60-bf49-48f1-b44f-438eed91b4f3,3409740,4 years,Home Mortgage
51fa8d0c-3fb7-437f-beff-4b2a309e641a,1139316,5 years,Rent
0a148845-c4ab-4944-a410-3cfedf6e3b5a,1282766,10+ years,Home Mortgage
4246823d-fba8-4f43-bcab-fcbd1c288827,,10+ years,Own Home
46dbd4d0-31c7-43f5-8f95-eabc7dcab520,,6 years,Rent
c41a74bd-88d8-47d1-9814-3236511a549b,278274,2 years,Rent
b6784367-0e8e-498c-a87a-90293dd0255e,1998591,5 years,Home Mortgage
0968bf6f-661d-4b22-aea4-a012a026c828,1396215,7 years,Home Mortgage
6e38b22f-0fd2-4e7d-a2f9-b53d5362ebd1,1081917,1 year,Rent
79c15484-04c3-479a-b48c-8287b813ad60,846545,3 years,Rent
5da481f6-8fab-4518-927b-14c7eaf6da82,622896,< 1 year,Rent
bb1b20a2-7aaa-4d1c-8031-05c0318d1005,1351850,4 years,Home Mortgage
0e84a2c7-2696-4f29-a715-16d1971afd52,2090684,10+ years,Home Mortgage
a509c07d-7640-46fa-955a-bf30303fbc52,2328792,2 years,Rent
8d91d3c3-805b-4c0a-a395-514c61fc1e44,865488,10+ years,Own Home
b40c394d-05d5-4faf-9fff-2e2d13ec4104,735927,n/a,Home Mortgage
2c56eb5f-460d-4539-a47b-d4f63ce04ca6,953990,10+ years,Home Mortgage
366fc32a-73a4-4161-b9c0-a967143d1414,1031567,5 years,Rent
e30d41c2-f47c-4e6d-82d7-dcf6bf27990f,,10+ years,Home Mortgage
b4939d0d-db1d-492e-888e-9eb462d2a17a,,5 years,Home Mortgage
af805dec-3fad-45bc-8e11-acfd3168fda2,1252670,n/a,Home Mortgage
576d4981-509f-4ae5-b05d-94c3c440aa6b,993719,2 years,Rent
3343d112-19a9-466a-b61a-f2a01b795e0a,673778,n/a,Home Mortgage
363d489c-7124-4b3b-ac75-89af690fc572,416917,6 years,Rent
de1e8652-e192-4a01-bad4-d3f74ed6257e,,< 1 year,Rent
83b53e49-4706-43b4-9fc2-e76a635b2791,2062336,5 years,Own Home
20a7aa3f-4fad-406c-9df3-cb9fd6b76bd1,1402200,2 years,Home Mortgage
4b33f82c-22a2-4fd5-9267-09ae7c9a7e18,1454792,6 years,Home Mortgage
9a46140c-da85-481d-9ee7-d9894eefb062,981350,8 years,Rent
afbf5e7c-f2b6-4c2f-8a63-722e2b73209b,574902,10+ years,Own Home
9aeade18-9ee3-4d13-8ff0-cc989f9958de,191463,< 1 year,Rent
af039832-6cad-4806-a71b-8775c014c746,,4 years,Home Mortgage
004547d6-7c80-4470-9e56-bff3d661d53d,,10+ years,Home Mortgage
20fc0325-74f3-4a92-99b2-496aa7840c7e,816468,10+ years,Rent
0d3b8dcb-f735-4d4f-b660-683290b235a3,1288789,2 years,Rent
d69aeece-4a14-4e15-939d-0f94c1a2f363,1010097,< 1 year,Rent
d83334d7-18ea-4f3c-b163-a393f3d54c78,4320315,2 years,Rent
8fc8d958-016a-47fd-9ba7-ecf7d214d844,438463,3 years,Own Home
efbff97f-9ea4-467f-8b47-f2fda5d0c53d,,< 1 year,Rent
911a3fb9-e12e-4583-af21-7d44a8b572fa,2082894,< 1 year,Own Home
0e2d3f79-2b4f-496d-a3d1-4657fae9d7b6,2379750,10+ years,Home Mortgage
a05e2849-997e-431b-a0c5-0aa0600563c6,986119,9 years,Home Mortgage
9c1dfe87-8a79-4872-87d4-4216b1720465,468977,< 1 year,Rent
beee8cbc-fc36-4177-aa31-c65c839339d8,1697175,4 years,Rent
fae38f6e-26c9-4d07-9650-b9d2a24cab49,1632936,2 years,Rent
200955bf-9a55-4a74-b8d4-44a7dda7e36b,1538088,8 years,Home Mortgage
d42c04ef-35a7-4d6f-b30c-6c25b8a75b4d,1213511,10+ years,Own Home
3f50c778-3ac6-4d26-a4c0-fd079cee197f,,10+ years,Home Mortgage
763bb6cf-0640-4d1e-91f9-0a142f30c823,2511420,< 1 year,Home Mortgage
a151f766-fb87-4807-a69e-33482cca11fe,,1 year,Rent
d974ed02-4136-4adb-aa7d-481424068cb8,,n/a,Home Mortgage
f9827b6a-82c6-43af-a330-7355049890a1,1229794,10+ years,Home Mortgage
6ee7d1d4-9293-4b55-8910-9bfd50022dde,979108,9 years,Home Mortgage
3b01c1f7-34c9-4327-a67b-694ea9794ed8,1259833,7 years,Home Mortgage
be079da1-5500-4fde-834d-cd4b7e6a30af,279623,< 1 year,Rent
1c16addf-8d7a-4593-8a88-c49bd0e028cd,3031488,10+ years,Home Mortgage
7a86000f-23f4-4a78-aaa1-e40758858a15,1358994,6 years,Rent
aa1456bb-cf2c-4615-a297-8942c10325b9,1124040,< 1 year,Rent
146cb0a9-f95f-470b-9eb0-337831d57278,,1 year,Home Mortgage
4159f1c7-4cd4-45f1-ab4c-f21fb096a373,1273779,4 years,Rent
ac4bec58-0263-40a1-8d60-1024d1f4188b,1673577,10+ years,Home Mortgage
f10c92f2-9ced-44be-974b-4dd019e287b1,871169,2 years,Rent
f5b7efb7-a2c4-486c-b5b0-adaf9fa41015,1162002,8 years,Rent
9cf84588-01fe-4f87-b138-f0180672372c,,9 years,Rent
7096a65b-d993-4ee9-84f0-ec938b944d9f,982927,5 years,Rent
d92b3dfb-7087-4161-9d09-bdc31fc554ec,1140228,6 years,Home Mortgage
c70e59e0-ebea-41da-a758-ba6552cbf066,1826964,1 year,Home Mortgage
ac809130-d4d8-4428-9933-15c4312ce7de,2055895,10+ years,Home Mortgage
e07b3e8b-4ac0-44c8-8e31-4246910655df,855152,10+ years,Home Mortgage
13ad4480-0cd9-4389-a25e-7d6c5fc16023,2003721,2 years,Own Home
e7fba191-6ec6-4769-a85a-2c9dd43856cf,1428002,10+ years,Rent
d8ac4dc6-78bc-48c3-8911-d86481c8bb0c,1118340,4 years,Home Mortgage
d263185d-53c6-43c6-ad27-d77b1a083f30,1155276,n/a,Own Home
06ffccfb-5875-4260-bda6-55de339cb5cf,2082324,8 years,Home Mortgage
83fcb29d-4c09-4913-b960-58cff246efc3,2646966,8 years,Home Mortgage
4ad84d3a-9921-4999-9151-1c44416351b3,3390170,3 years,Home Mortgage
44f037ad-a6e2-400e-9d91-2cdba3354b46,2305574,1 year,Home Mortgage
f96b7254-3872-4d26-b399-c383dd8edf0c,1155618,10+ years,Rent
f94c30b3-1575-406b-96a6-b384ceee68ec,1324015,7 years,Home Mortgage
23449c79-8b80-40c1-86c0-34b7f3c5e4a3,2493712,< 1 year,Rent
53a2764d-6442-4c0b-8389-5530ba85ffb6,584820,4 years,Rent
45b71314-d98e-47c6-b8f5-121ffef62c9d,,< 1 year,Home Mortgage
eca0c6f6-df3b-4c0b-b282-8cf095b29002,2168641,7 years,Own Home
b54974a9-d171-4735-b9ad-be5d2d3f6b0c,,2 years,Rent
ff31f132-82ce-4e77-9a17-6edc0fd65bbb,671650,2 years,Own Home
5558bffb-a2ed-433c-9b9c-a7d11eb171af,2158210,10+ years,Home Mortgage
25da60ac-a20a-4a6d-adc8-c25773318365,,5 years,Home Mortgage
fbd2f08c-013a-4890-a8a2-068824d70869,345078,n/a,Own Home
596e629a-0933-4249-96cf-5d482a965a94,3090806,10+ years,Home Mortgage
2212b760-7f37-4df0-b748-ef6f33f1a997,1168386,10+ years,Home Mortgage
8722701f-f830-4c52-99ad-a3a2ae0bdcab,1954093,10+ years,Own Home
9c65c626-a983-4ac7-8372-2e34c82b0c5f,,4 years,Home Mortgage
0f96c3ee-8767-44b1-8c8d-23b7d14d0dd8,1305053,8 years,Home Mortgage
f103d8eb-af43-4ad9-843d-f0e5f8464fb1,973085,4 years,Own Home
841f511e-8a6d-4c5c-9fa4-aa840a6f898e,1523952,10+ years,Own Home
dc86fe80-57ae-4f4f-875a-1ad17fe4116d,1147068,10+ years,Rent
ea8d3de8-2485-4ced-99a1-b9a26e60f443,1115376,9 years,Rent
dff4c659-3039-42fd-ab56-2588641ce77f,2025685,10+ years,Home Mortgage
7fcac99b-cc8f-45ff-a152-43e39670576d,699865,10+ years,Rent
ab0ec694-185f-4fb4-955b-eca91657f3f7,867445,5 years,Rent
617903ed-b043-4319-a235-3d407961f800,,3 years,Rent
1dffcd05-e20f-4b9d-907f-a112c18fb833,3373887,9 years,Home Mortgage
42ef8f09-73c0-4aa9-9df3-658e67da2049,5601960,2 years,Home Mortgage
0e5ebee8-3d67-455b-954c-caf7b7e255f3,,5 years,Home Mortgage
a09c4a8a-05e5-41a2-8f06-aefc2c7547b8,2099405,10+ years,Home Mortgage
91e56dca-d8f8-49a0-9e34-4737861aaa4f,423776,4 years,Rent
8803e519-b139-4734-a4d7-49cc6a7dfbb8,1669188,10+ years,Home Mortgage
ac4fdf33-364b-4d46-9e6d-3a020080bcfa,1351413,10+ years,Rent
d9ecdbd1-8cf3-4df9-aa34-b9d42e6ecf89,938980,1 year,Home Mortgage
e7cf1cf3-7fef-4a97-a0df-09ed3a6aad2e,1597729,10+ years,Rent
9a314b83-8e29-4275-89f6-78f46339a033,,9 years,Home Mortgage
069163a3-1a0b-448e-b283-4e7ff17c2a8a,1861430,10+ years,Home Mortgage
9490a7cf-01a8-45bb-9959-32b623db43c5,1344782,7 years,Rent
4a52595d-713f-4740-b49d-ac68789d2756,2034102,2 years,Rent
fcdc8083-d5f5-4df3-94fc-510902de28a6,964345,3 years,Rent
5feff591-d9c8-401d-871b-b18cdcf397e9,650370,10+ years,Own Home
7ee599a8-86e4-47fb-b0e5-a1f07db8613e,1365701,10+ years,Home Mortgage
20663927-d4f4-44b1-9050-f8844a50187c,1048800,10+ years,Home Mortgage
7f4a6c97-f6d3-4df2-9152-3d5fa6e2ec19,655044,< 1 year,Rent
a21e6d3a-5586-40ce-8dfb-617544e43483,,5 years,Home Mortgage
9b1b736e-520e-4c6b-a6ee-a0fc3be4af23,1806444,< 1 year,Rent
19b48f1e-cc8f-4423-8ca0-e122026f7d52,1243094,3 years,Home Mortgage
581526a6-9a38-486b-b7b5-35673389877c,808640,5 years,Rent
6c90a693-3380-4461-98af-87c02151ae5d,459192,5 years,Home Mortgage
c21eea77-db4d-4a00-9540-2a8e17070db7,1048040,1 year,Rent
222f02dc-7779-457f-98c7-b348aa104f68,2107252,10+ years,Home Mortgage
8709ea92-3e75-435c-afba-f33d80fae4a0,806132,2 years,Rent
52128c72-027a-4669-b5e9-ee47c3e12569,1260574,2 years,Home Mortgage
4cf0af35-061b-4f13-ae7a-dfa88116df89,,10+ years,Rent
0e6a231e-9fcf-4b00-ad06-a5bffd1577e3,,6 years,Rent
09ee310f-b60f-4517-9f33-ae41d794394e,1427280,10+ years,Home Mortgage
acf95350-e1e3-4259-8850-225fbb192f73,2349825,< 1 year,Home Mortgage
42103ed1-f260-4443-b560-15eec12c9182,967385,< 1 year,Rent
d51b3f76-ee28-4d2d-b387-50460c10d1a0,3453858,2 years,Home Mortgage
88b581c6-8972-459a-a29d-95450f1b1171,579234,5 years,Home Mortgage
45494f11-ae20-4d02-ab52-73fa1573086a,,4 years,Rent
5f92be37-3a3c-4281-afeb-432649254d88,1892210,< 1 year,Home Mortgage
16f81745-e1ea-4882-8cfe-c65806d5527d,3111136,< 1 year,Rent
5a2a2ff2-001d-4d88-ab8d-f5ca6a2629d8,,6 years,Home Mortgage
23d2776b-4dc7-4de8-b242-ce86bbf7eb41,767372,6 years,Rent
0f663577-aff7-4166-8ae7-9c90fecb8401,2433672,2 years,Home Mortgage
5f451881-df52-4245-ae6c-99dc8ebffc68,3838760,10+ years,Home Mortgage
ea751826-1332-49f6-8910-3741a9c1ce02,614080,3 years,Rent
16beac27-a518-4034-9d7d-0a7e57e3b31d,1172224,6 years,Home Mortgage
e9797eb5-76e3-404e-babe-13074fdd6368,,5 years,Home Mortgage
eda86831-4c28-4f6c-89af-28db99a7f599,,10+ years,Home Mortgage
3e7c2c21-b343-46c7-ab05-3a4c587da998,2047687,10+ years,Rent
4dbe3784-b30b-40b4-a9eb-2982e3aba4d3,1740267,10+ years,Home Mortgage
301d86af-b280-4647-a501-34d58a854923,651377,< 1 year,Rent
2aa6cfb3-eb56-4475-9b63-9a0a0af3d1e3,1053778,10+ years,Own Home
2cea251a-83bf-47e7-b9c1-2d6b59bb1522,1262056,6 years,Rent
cef5b9b8-0ef9-4f93-9264-e444ced83aa0,943825,3 years,Rent
98dad8a6-8851-41fd-926b-ac0554b486fa,928910,10+ years,Rent
9307b4bf-8292-4ada-a195-bde92794fadb,873905,1 year,Home Mortgage
17e1b900-bb8d-4e98-ac6f-df89e3c0c0db,1405468,6 years,Rent
eb57eddc-c58d-4404-b4aa-52281f30ac0c,,10+ years,Home Mortgage
a6a77c69-0087-4bac-8c3d-670166db7fa3,1045209,3 years,Rent
0a7d2e0c-d92a-4351-b389-ca93c9310a4b,1575594,9 years,Rent
25831285-aaf6-498c-af68-7f01f7be8e39,1103957,10+ years,Home Mortgage
4ff571ac-3745-4b49-9c5b-984b21d0d343,3227169,1 year,Rent
2b906bf0-06f0-4436-9fff-3f4b27dc67be,574674,< 1 year,Home Mortgage
f801220a-0001-4b9b-9129-5ecf1e500204,960165,7 years,Rent
dda7610a-6f25-4b64-a3d1-836435f8f16c,1901159,2 years,Rent
0307b5c1-1e78-485f-81ca-5e006bf8c7bc,1081385,10+ years,Rent
dd24c1e8-5224-40cc-b770-7590ba5032e4,,9 years,Rent
d921c99a-d426-412b-9a13-52c317a82b4a,1836597,10+ years,Home Mortgage
00d11b71-9765-4c7a-8f4b-5b2cee514f48,556339,4 years,Rent
2dfbaa2f-4ec6-4418-a775-4eeb3c7d0f99,,< 1 year,Rent
5cd506fb-82d5-4468-be1d-7ebdb826503d,,n/a,Home Mortgage
2da0cf9d-e5af-4157-af5c-b39888357441,468407,2 years,Rent
7cbaa1c4-96f6-44a2-ad05-c749d37960d9,842612,6 years,Home Mortgage
cfba067f-a0cc-4e78-92d7-02193935c3d1,944870,3 years,Rent
a0746723-0f75-45e5-90d1-b69239f47867,765814,2 years,Home Mortgage
78208be8-3dea-4586-bf20-f9bc880b2ee4,1298327,10+ years,Rent
d4d04632-9bed-4f67-8bcf-c72889f34fbf,1654748,4 years,Home Mortgage
c61d9fc9-58c7-4b85-8337-02de98b0e97b,,10+ years,Home Mortgage
31c2d58d-a1ef-4186-aacd-e39bb3934aa3,1814519,10+ years,Rent
e0318225-309d-440b-8590-8f8371267302,,6 years,Rent
43387636-4303-40ff-a3d6-502023581d5a,2650576,10+ years,Rent
189900ef-a8db-4d92-a1ef-3adef48b8331,1031833,7 years,Own Home
516a3ce2-1c5d-4e2c-95ad-0d012e2b5eb0,679421,7 years,Rent
336b3590-1172-4c5a-9dbf-0a0069f02846,1512248,10+ years,Rent
41aeca49-8738-4a52-ada5-a091548400b5,,10+ years,Rent
b7738987-993a-4041-9bfb-1ef606c32f26,601122,3 years,Home Mortgage
5f12be89-4439-494b-bad4-64bea72a5dc7,,< 1 year,Home Mortgage
498edf51-e2ac-477d-92a8-e51bb000ad32,1459922,10+ years,Home Mortgage
05c422a9-7df2-4c0a-8d75-b72088157626,1168386,8 years,Rent
83d3c30a-e842-463d-b3ab-d783bfbe04a2,1651765,10+ years,Home Mortgage
95f9c2be-0f76-415e-8142-bf58ca30b71b,458527,3 years,Own Home
2aa82443-31be-4c67-b40f-81fb9f5bb506,5592270,< 1 year,Home Mortgage
e0072c17-1449-4193-8dc9-a153632eaf34,1058794,1 year,Rent
7c1b1ad1-d809-40cd-be63-6acb07359f06,,10+ years,Rent
ad7a69e6-57c7-4cba-b2b8-ed55dd463ac5,,3 years,Home Mortgage
455bebad-8ba2-4371-a4fa-e5e74a967134,1189305,< 1 year,Rent
da8eda67-2373-410d-b9f8-c6a53b60603e,,10+ years,Rent
36287227-c2a3-4243-a32f-4cf170fc712a,639217,7 years,Rent
19e1b66c-6404-4134-abbd-3913bc8995bb,1161432,2 years,Home Mortgage
8fb8511a-57bc-47e9-91bb-13268320443a,,10+ years,Home Mortgage
9fb6282f-48b9-48ad-921c-3f3d901b913f,947055,1 year,Home Mortgage
aff88497-86bc-4881-a679-427ac7d5fc31,1546296,10+ years,Rent
e47742b0-2afa-4550-972e-c67950d5cf95,,7 years,Home Mortgage
91501492-4882-4605-a90f-2491fa59f69c,860985,10+ years,Rent
6c46f24c-371c-47c6-88ff-b87967c3d8d5,599678,7 years,Home Mortgage
1e8313b1-ccb9-4926-969a-2e3908884d6d,959120,6 years,Own Home
b6c8dba0-06c9-4cfd-9eb5-d75f0cb018f4,1736334,10+ years,Home Mortgage
66f9378e-1bd2-4255-8f1b-6fe7100afccf,1129607,5 years,Home Mortgage
48be8fdc-a941-4e70-99a8-9c04785c3b39,,1 year,Home Mortgage
33372055-b104-4167-86e4-ca0254a76fc5,730835,6 years,Rent
ba9da7e0-812a-4f5a-8476-936c67610555,874760,7 years,Rent
ed7c1a72-0690-417f-8ef1-eb8decb25ac7,855475,3 years,Home Mortgage
702a7ce2-23f2-44d1-a613-f49cdfbef270,554078,2 years,Rent
5f4d0bc1-3cb4-4be7-bf7f-eed29882cedc,853803,6 years,Own Home
4d713551-6388-4195-8b82-9bc029e965ee,1182142,10+ years,Rent
6a8762eb-b93c-4fb2-bf52-f9f8c1e7f2b3,309757,n/a,Own Home
650f3f76-4aa2-41ab-89da-1e4a5b7820bf,470212,4 years,Rent
715a7ed6-70ec-4b60-a0a8-cf00a975eb18,5651360,10+ years,Home Mortgage
6169513c-7ebd-41b0-88d9-7696951ca452,1112469,10+ years,Home Mortgage
cdf35288-facf-432a-8170-08242689e308,1138518,8 years,Home Mortgage
61d6be7e-9012-454c-9958-b7a2d84ae297,2237003,10+ years,Rent
e7d3095c-1868-4b5f-95df-41ac8ff576a4,992009,n/a,Own Home
8a4fc49c-ca10-4955-b7bc-cc647a2e83ff,,4 years,Home Mortgage
6fe3d421-3bf9-4a2b-be37-00dbe15f7b57,938942,< 1 year,Rent
d402bb7c-3d77-4d89-9056-dcb18ead27ba,284221,n/a,Own Home
df8ca6ff-78ca-42bb-a54e-589cc4ced630,637412,1 year,Home Mortgage
a05aed5b-158f-4119-8726-64eea3c78ce7,,10+ years,Home Mortgage
055fa51b-ad3d-48ea-86ed-e1c5c6d8f28b,908086,6 years,Rent
a8eff9c6-11ab-4f2f-b09e-4495a49cd8aa,1062898,2 years,Home Mortgage
2f282b00-1f36-427f-8177-f4b7c69e42ed,1156758,10+ years,Rent
0eb41709-2df7-450e-aebf-24c196464e52,1592979,10+ years,Rent
286de4bf-26f4-4fd3-a6e6-f712e374e6f3,1133388,3 years,Rent
ff09fd6a-e2ca-4502-9285-35ba92d71300,,10+ years,Home Mortgage
64463c0e-df1a-40b5-b40b-0ccfdc443b89,,1 year,Rent
9de48365-9078-4601-96a1-dcbf42dc010f,928245,10+ years,Home Mortgage
b330c777-2144-452d-93e0-b3eebe72d05a,,6 years,Home Mortgage
f53e7663-59a3-4787-a6dd-a65167c6211e,,7 years,Rent
bc61ae3b-8714-4d30-93a1-d3ef0060ac2f,1541641,10+ years,Home Mortgage
86a6d28c-c9f2-4e25-b17e-0105a9459d7d,424764,4 years,Rent
6723f8c4-b0db-4f5f-a7eb-f796709ed74d,,10+ years,Rent
0524c091-4c45-4d8e-aeb2-fdf2359c921e,1671259,< 1 year,Rent
bd681387-14cd-41ac-baae-fb134d33ce03,1209046,10+ years,Rent
a85bfc1a-766d-4125-bae1-6d91b2de0a64,1307181,4 years,Rent
5dd954da-9e21-4786-a2ac-1a31794e676f,,10+ years,Rent
f163ffa9-3ccf-4432-bc81-55e0c8b63712,1196392,n/a,Home Mortgage
13e3ebf5-8390-4a45-acde-97834197a4b3,,3 years,Home Mortgage
5e5bf8d0-e515-4126-9442-5cf487bb7cdf,1024119,9 years,Home Mortgage
0111615c-ea12-41b6-ae07-1170aa5af744,543856,10+ years,Home Mortgage
0c1ed830-7fe1-402b-af4a-ab7e722c2a49,761900,< 1 year,Rent
ab6e5301-df36-44bd-bcad-063ef8b3546f,699124,10+ years,Rent
6264f9aa-8faa-41ea-851b-5225786df8e9,2053026,8 years,Home Mortgage
38f46055-e092-4bfe-9f41-e18a6278f7f5,1335852,8 years,Home Mortgage
2181132d-f94d-401f-81fa-c2e838697764,1240073,< 1 year,Home Mortgage
468ed001-529a-40b6-bc1c-ea9602a5408f,1120050,< 1 year,Rent
68dd7b30-9b9d-4491-a3ec-99553576d74e,1035595,2 years,Rent
3a01a86b-8d84-4961-a9a7-58ecba9330c7,1445501,10+ years,Home Mortgage
11675b8e-ee76-4d27-9631-a91bf0195f0f,986518,10+ years,Home Mortgage
29fad14f-214d-424e-a6cd-1ba8c50da7d9,,7 years,Rent
09e694ab-ef90-49a4-8c1a-93a90c54a921,659338,9 years,Rent
33737066-d2ee-4136-b626-cbdf0d1ab059,2140160,10+ years,Home Mortgage
72fe5632-85bd-413a-9d14-ce75744c989a,1158240,10+ years,Home Mortgage
6e048998-5300-4cd0-997e-7c78d682f618,1452075,n/a,Rent
c4871364-fd61-4346-98ff-19108e0bcb9e,1264127,10+ years,Rent
45a96056-f2cf-4a9b-bab9-e40367dfb231,748068,10+ years,Home Mortgage
ffb97e8e-b3c3-484f-88d5-1be6de0d4df2,1528968,3 years,Rent
25ffecd6-72b1-4b25-b473-b54ce43f648f,1546600,6 years,Own Home
1d9a47d4-35cd-4840-b44e-8663d62b485e,564699,1 year,Rent
c718c519-0381-4ab9-9e02-180140dc08b0,954180,10+ years,Home Mortgage
bafd4c2c-342e-4bcc-a461-312b9254841e,857052,3 years,Home Mortgage
4a2d9095-f24b-4186-95eb-9406fb175b8a,,10+ years,Home Mortgage
a6bfb5ff-6956-4ab5-8d8f-144e34477064,,10+ years,Rent
5d3b8eb5-5357-4f0c-9b1d-99ec8ba6f805,1124838,2 years,Home Mortgage
10f47d35-0b9d-439f-8769-15158230012b,1111614,1 year,Home Mortgage
eab4631a-4d88-47f3-b4f7-2d6ba10a83a8,778202,5 years,Own Home
c41070e0-36aa-4b9c-97be-40c3678bcb59,1016367,5 years,Home Mortgage
af993e84-0b42-44b4-823d-257d28540371,774516,10+ years,Home Mortgage
a04c44c7-f84c-4625-94f8-296b383a466d,673379,< 1 year,Own Home
a56ddabc-5d3f-4e18-9bca-036aa3603e6a,1598698,7 years,Rent
dbb6919d-2583-4acd-b948-6df6b2d316e6,1126567,2 years,Rent
a333a238-5af4-4945-9457-cffcdfc9bf22,,1 year,Rent
1fb4ad91-d1d3-44eb-ac5c-0a5af587fa0d,2310590,10+ years,Home Mortgage
9ad693c1-35d6-42cf-a2b4-26df3cfac9b7,1408641,2 years,Home Mortgage
f2ac88e3-8243-4587-a7f3-c107e0369dc4,2261532,2 years,Rent
85bdae7f-6942-4458-8eb6-3867eaf64c18,,5 years,Home Mortgage
1923c539-7027-467c-aa90-903860343f07,1816324,3 years,Home Mortgage
aca024c4-9945-4b4a-b798-10998b47170a,,10+ years,Rent
508fe683-6016-42cb-bd45-c779dec6ec66,957600,10+ years,Own Home
d9d116aa-7348-4819-b397-6bfb7c159b80,678167,6 years,Own Home
88514e7a-3d47-4c8e-8c92-baf353797b7b,,7 years,Rent
ce7e0cfd-fe51-46c7-9109-fe92fe4104e3,1614335,4 years,Own Home
b47342ad-9bcf-4b6c-ab97-a5b734123d2c,1028869,3 years,Home Mortgage
771d511a-21a2-490e-8aad-3a998ef63fa4,1629744,< 1 year,Rent
55e57bce-70ea-482f-b2a1-c9d75f9cb6af,1258047,3 years,Rent
1dd26f74-8b87-40fc-b6dc-c928c515d105,1139316,10+ years,Home Mortgage
107623c5-1812-4d5f-916c-92464233891c,723596,< 1 year,Rent
d08bd82d-efd3-40fc-a0b8-b75e9f4c9e26,787474,< 1 year,Rent
f36808af-ffb7-44c7-a6e5-a3e58712bab6,1044696,2 years,Rent
91378b9c-ca3a-4c12-a0dc-1394d30be104,950855,10+ years,Rent
e9cf36b1-b164-433e-a9e9-ed5d4f6534bc,4310910,5 years,Rent
8873a12a-e1af-4685-ae0c-f27818f564de,1542192,1 year,Rent
fb02e7d2-f062-491c-b8e3-4c7efbe23306,1160862,10+ years,Rent
badbb5dc-9aef-4f7b-8d66-5233a296a5e7,4975568,2 years,Rent
2167587f-9159-4b05-a922-af2292f3ee6a,1058471,1 year,Rent
e332764d-81a1-4bdb-ba3c-8254076d9792,1226355,5 years,Home Mortgage
4d8ee791-8dfc-4d5e-ae90-1d4ef7be986f,1009071,3 years,Home Mortgage
00544c75-ec84-447e-b44b-a06528d84e65,853290,6 years,HaveMortgage
d32320ab-1fa5-4d21-9967-a5e49a35599c,433979,2 years,Home Mortgage
e57d9191-5078-4bbb-b072-cd35cac8c51d,1215886,6 years,Home Mortgage
47cb0c34-168a-4256-b59b-3d598c48663e,1540368,4 years,Home Mortgage
323ecbbd-9bd8-4cda-9983-27c2e813146c,787303,3 years,Rent
3c1467bf-861c-4d08-bac0-d471dc513800,1347157,10+ years,Home Mortgage
231dfce6-071f-4aa8-9cbb-c32447f96de7,,8 years,Rent
30e1857f-9849-4a97-ab4f-7930415219fc,,< 1 year,Home Mortgage
2853a31e-68a7-46f0-afc1-8f0389186419,598082,6 years,Own Home
d1055a4e-04f2-4054-946b-12999e44635a,1900399,8 years,Home Mortgage
df80bc8e-d8fe-4ef3-b31d-ce38a91fce7d,1821796,10+ years,Home Mortgage
d40e32dd-5f7c-4c09-9026-5a61df928c2c,1404879,1 year,Home Mortgage
32040f1f-5630-458e-898a-5b2ba1115a81,,n/a,Rent
d7ba9039-326b-4b9c-aeab-ba67114377cc,2455674,1 year,Home Mortgage
9a931c87-2b28-49b9-a580-d7e226100dc1,807025,8 years,Home Mortgage
d14ffc9f-112b-45ea-8c38-b581c5c6a0ec,1832303,2 years,Home Mortgage
8ecadb50-0870-4fbd-9709-4d89bc128070,,10+ years,Home Mortgage
96ed34c7-0f48-4119-a612-eab05a9af2dd,1258959,10+ years,Home Mortgage
d53a7d11-e4e8-477f-b32c-579ec301ef32,1060162,10+ years,Home Mortgage
c71392e7-f086-4ecf-a35c-520138efb8c5,570057,1 year,Rent
6671a41d-3d79-48cd-bcb6-05c9e3127124,1209939,10+ years,Rent
c1e3eba1-10c0-4b01-9fac-6e7232332d67,1350843,< 1 year,Home Mortgage
7b8a6ea7-b7da-4842-a11a-cd76a21bc0d6,735072,1 year,Rent
ccad74b5-0a58-4e8c-9fbe-0eba908ee457,564718,10+ years,Home Mortgage
cf36af28-8d54-42f9-9cc2-64329d3084d1,,2 years,Own Home
6f887dd6-be32-4c8a-ad9e-8af91e696fb1,722532,8 years,Rent
2b7f79c1-8488-467b-95d3-d61508ca817d,1183415,10+ years,Own Home
cb427a4d-20d2-4834-9d59-90f30f297c86,1875870,2 years,Rent
a8ba3b54-99d7-40bd-961f-530f3f15eac8,1637781,10+ years,Home Mortgage
eda8e9e7-e152-4a80-9c18-370064e3226e,966055,10+ years,Home Mortgage
8832fd06-6b5e-4c35-9678-ee41b636122f,,5 years,Rent
a16587f9-339f-4003-b7b8-925b726d84c0,,10+ years,Home Mortgage
3ffba32a-149b-4346-b433-a9fedfb2fb4c,968202,1 year,Rent
f5173e91-21af-43f4-885f-45d6877876f7,1311380,2 years,Home Mortgage
fa805bf2-3f0a-42be-9373-50691fef48af,,n/a,Rent
045fc7f3-b368-4359-9e3c-f045ef140925,,10+ years,Home Mortgage
8fed6582-54e5-4db5-846d-79af7075aec3,,< 1 year,Home Mortgage
99bbbefa-dc4d-4c47-a4d7-323e1dbbdaec,1452797,< 1 year,Rent
5163e051-c00e-44f5-9677-acda92fd0d54,2682800,5 years,Rent
f210b676-be43-4977-9784-4b4cad4e62fa,1449377,9 years,Home Mortgage
9eeb8b21-59fd-4234-b4a1-e1819107cb8a,1486864,2 years,Home Mortgage
f762d15c-2ffe-4cde-bc49-2ae3814ce554,2005184,1 year,Rent
fe8b8153-34e7-4d24-b6ab-a91933e3e194,1455495,< 1 year,Home Mortgage
3e660ee9-2ece-4c91-9a93-3b7bf384a03e,3380860,7 years,Rent
d2d00c40-2f29-47e4-9c61-6f2850d742e3,2136189,< 1 year,Home Mortgage
32587178-7f10-47e5-972c-de66e6852010,1533528,9 years,Home Mortgage
65470b30-8786-4270-aed6-b7e62b890fec,661808,1 year,Rent
74e27aa9-1613-41c9-a6b0-3f7770a7b6de,1541432,2 years,Rent
8f66eadd-a708-4119-ac22-20a62169fceb,2788440,10+ years,Home Mortgage
0d116b2c-676f-4d99-89b2-2b50b36b4c3b,774516,4 years,Rent
9bd225be-f5eb-4390-8e94-4939111a9a03,729790,10+ years,Rent
1d2a9685-e421-4bc5-9099-93ccf828c7ed,841415,1 year,Rent
6923ae13-a617-40f9-a3ea-551b9d456d2b,1457490,10+ years,Home Mortgage
9e74175a-ede7-4c1e-9b68-aeff45871e5d,499605,6 years,Home Mortgage
590888c2-1d6a-4606-91a1-793ded972d4e,,3 years,Rent
ee9924f5-17b5-4f7a-8c6f-c08fee981337,938790,4 years,Rent
3ec7a3b4-9cd6-43b0-a164-87c8199ef8b1,3281110,5 years,Rent
3d5fe58a-48aa-4e9d-a74e-dd1d64fd1abc,1358994,6 years,Home Mortgage
c94e7a1a-28d4-49a8-a793-2b28b0a60f4d,568062,2 years,Rent
277ee033-f62b-4065-9cb4-488b92476c68,724546,6 years,Home Mortgage
ebc8fcef-9986-4216-ac26-0c3cf9010c04,465690,10+ years,Own Home
bfcc5bc0-978b-4410-9968-7412c33d3a3c,,5 years,Home Mortgage
e077252d-85c5-4675-982d-67b51dc5ed39,1244880,10+ years,Rent
0b264f8e-685c-458b-88cf-a0e50808e5e3,1122444,< 1 year,Home Mortgage
ec53ade5-c44b-4c79-8d4d-188d4df9201a,481745,3 years,Rent
82e27888-4b8c-4571-b4cb-e3025c5e37cd,1513008,< 1 year,Home Mortgage
dc992712-194c-4fca-b0d8-20143903a068,1361198,3 years,Home Mortgage
dc996881-3920-4b3c-b5be-c7f25a0460d8,671783,3 years,Rent
d3e9c284-ad2c-41c4-ab1f-a51bb75d390b,,10+ years,Own Home
1b904f2a-62e4-4008-acff-c572d61262f8,,4 years,Home Mortgage
9eb9305f-e52b-40da-b5fb-ceb7aee99552,714305,10+ years,Own Home
89f2a538-79f0-4445-8b91-51547a50139c,805182,10+ years,Home Mortgage
05cc1dd5-92f3-4408-a496-5591363e9623,,4 years,Rent
18c57378-0932-4cb5-ae9a-4d6aa88a032c,,10+ years,Rent
b898797f-afd2-4645-b8ce-3155c7485747,,6 years,Own Home
87e7327a-d401-4209-a68a-4be54f422972,,3 years,Home Mortgage
f765923a-6cbf-4cd3-94e8-842297745e44,,10+ years,Home Mortgage
97371a97-2ac2-43f0-ad69-2456e4fe26b1,1806273,7 years,Home Mortgage
0fe49b00-6d0f-437b-a14a-735cdfaa5555,1890690,7 years,Home Mortgage
2fc71e0b-5172-4714-84e2-25cee3f993c2,995144,10+ years,Rent
6e94c2e6-5b10-4675-bd5e-a6f3bd730e95,1669473,10+ years,Home Mortgage
02f95ad0-9453-4055-bf0d-86642d27a8bb,831953,10+ years,Home Mortgage
567cdbbc-826a-4ed7-b359-3662a0be50a1,371735,< 1 year,Rent
1976ae43-cdad-4bfb-9591-582792905879,735566,6 years,Home Mortgage
4773feaa-36a3-495e-a452-25da5570bd16,2181295,2 years,Home Mortgage
0d58dc49-dd92-4887-8117-0094d2e8ea56,999172,10+ years,Rent
282e6526-47d2-4981-bf5c-666d4c37ee2a,739404,3 years,Rent
6094adf7-95b8-4c6e-bdd9-6ab6c7e0b171,909986,10+ years,Home Mortgage
94aeffdd-814e-4c63-9b24-646b98f51935,2078087,4 years,Rent
52a526e4-a56a-409a-8543-7b011ad00d38,2092090,< 1 year,Home Mortgage
afed1f55-fc27-48bd-a8da-04478c263c06,963490,10+ years,Rent
bb4ba07c-aa50-4db4-9a80-6f5f4ff56348,1485553,10+ years,Home Mortgage
a6eef579-0c3b-48e5-986f-11879b7fbb91,2598611,< 1 year,Rent
936fd7ee-b4cf-4b0d-a3b0-a9ce5670a4c5,1074317,10+ years,Rent
24b60445-6d9c-45da-b913-c25b077278e1,845690,10+ years,Rent
3f120228-d98d-4980-864a-f7c983dc5a28,,2 years,Rent
f13f7eee-da8c-48a9-987f-4a8bbf71c7a6,2427250,5 years,Home Mortgage
504e10f5-4d32-4679-aec6-4d0100659a27,,5 years,Home Mortgage
154a22be-edd3-4516-8715-9541293eecdb,838337,10+ years,Rent
c554e6ea-9900-4a67-929a-81c3b0f64208,601502,6 years,Rent
92bfbeec-be41-4b7c-893a-ee3d677afd8f,1458440,5 years,Rent
c29b7ab0-26bc-4f27-9410-4edc4441be26,1701089,10+ years,Home Mortgage
6dbdc720-ea59-41b3-ab60-f60ba36e26f9,2290260,6 years,Rent
cbdf1032-4e62-4ee0-b83d-67da1cb24741,1152654,10+ years,Home Mortgage
0e7ffa55-940a-48ee-8aa7-d1e368ebe179,1029534,< 1 year,Rent
7ec81172-c54a-41fa-ab9c-0432c98127dc,1088909,8 years,Home Mortgage
d7bd83a7-a27c-4358-b20d-a2fb3c2ae5dd,1592067,10+ years,Own Home
8ef999fb-4e78-471c-b531-02e2712e111a,932710,2 years,Rent
a78e6f34-9f66-45fb-bbf6-3d03b9a24497,,3 years,Home Mortgage
6e43a9fd-5c79-402a-823f-ddbc7d267333,,6 years,Home Mortgage
bf42a501-e5f7-4d9a-942d-8ebde1ea91e0,1334256,< 1 year,Home Mortgage
4d861166-4588-489a-bf48-fcbf34211fcc,873297,9 years,Rent
3378cc3c-d0e7-4619-a5ef-d1b050ff0d5e,,1 year,Rent
5af41412-52e0-498d-b68b-5c6ef419d259,632396,2 years,Rent
1e7cbdfe-d3a9-41a4-8416-3a23b08ef27b,3182519,4 years,Home Mortgage
0c7d45a9-ff22-489c-82c0-073d74c46fd0,913824,3 years,Rent
add5361a-e612-4c58-bd7d-414543250ebc,2183043,6 years,Home Mortgage
879d5bf4-6597-4f2b-ae7c-9deb68537c88,1234088,< 1 year,Rent
6dc5fa63-93f4-43a9-8192-2df57548287b,1528968,7 years,Home Mortgage
8ee2002b-8fb6-4af0-ab74-25a1c23e7647,1514376,6 years,Rent
6c306306-f5c2-4db5-b74a-af2895123ecb,763192,4 years,Home Mortgage
cc94e25e-1060-4465-b603-194e122f0239,,n/a,Rent
f90cf410-a34b-49e7-8af9-2b405e17b827,972097,10+ years,Home Mortgage
f1838fa9-7ad9-44d5-97a6-7a6d3f3529d7,1079960,6 years,Home Mortgage